Code;Date;Precipitation;MaxTemp;MinTemp;Insolation;Year;Month;Day;Latitude;Longitude;Altitude;Humidity0;Humidity12;Humidity18;Pressure0;Pressure12;Pressure18;WindDirection0;WindDirection12;WindDirection18;WindSpeed0;WindSpeed12;WindSpeed18;Cloudiness0;Cloudiness12;Cloudiness18;AvgHumidity;AvgPressure;AvgCloudiness;AvgWindSpeed;WindDirection
83075;1983-01-11;19.8;28.3;16.1;2.8;1983;1;11;-23.43;-46.46;735;88.0;90.0;87.0;928.1;925.5;930.7;7;3;1;0.5;0.5;2.6;10.0;5.0;10.0;88.33333333333333;928.1;8.333333333333334;1.2;7
83075;1983-01-12;0.1;29.6;17.5;6;1983;1;12;-23.43;-46.46;735;81.0;66.0;91.0;927.8;927.1;926.5;2;1;7;0.5;0.5;1.5;5.0;1.0;10.0;79.33333333333333;927.1333333333333;5.333333333333333;0.8333333333333334;2
83075;1983-02-10;43.5;19.2;15.5;0;1983;2;10;-23.43;-46.46;735;90.0;92.0;90.0;930.7;932.4;932.4;3;3;3;1.5;1.5;2.1;10.0;10.0;10.0;90.66666666666667;931.8333333333334;10.0;1.7;3
83075;1983-02-11;3.5;24.8;16.3;2.7;1983;2;11;-23.43;-46.46;735;87.0;74.0;93.0;930.7;928.9;928.1;1;1;2;2.6;0.5;1.5;10.0;4.0;5.0;84.66666666666667;929.2333333333332;6.333333333333333;1.5333333333333332;1
83075;1983-02-12;19;23.4;18.3;0;1983;2;12;-23.43;-46.46;735;91.0;85.0;84.0;926.5;926.4;926.7;7;2;3;1.5;1.0;3.1;10.0;10.0;9.0;86.66666666666667;926.5333333333334;9.666666666666666;1.8666666666666665;7
83075;1983-03-10;0.2;20.4;15;0;1983;3;10;-23.43;-46.46;735;90.0;89.0;88.0;932.4;932.3;931.1;3;3;3;2.1;2.1;2.1;10.0;10.0;9.0;89.0;931.9333333333333;9.666666666666666;2.1;3
83075;1983-03-11;10.2;26.8;17.3;4.9;1983;3;11;-23.43;-46.46;735;93.0;81.0;86.0;928.1;926.3;926.4;2;7;3;1.5;2.6;0.5;5.0;9.0;2.0;86.66666666666667;926.9333333333334;5.333333333333333;1.5333333333333332;2
83075;1983-03-12;0;28.6;17.1;0.9;1983;3;12;-23.43;-46.46;735;84.0;84.0;82.0;926.7;926.6;926.7;3;3;3;3.1;2.6;4.6;9.0;10.0;1.0;83.33333333333333;926.6666666666666;6.666666666666667;3.4333333333333336;3
83075;1983-04-10;0;24.4;10.9;5.6;1983;4;10;-23.43;-46.46;735;88.0;70.0;86.0;931.1;930.7;930.9;3;3;3;2.1;0.5;3.1;9.0;10.0;10.0;81.33333333333333;930.9000000000001;9.666666666666666;1.9000000000000001;3
83075;1983-04-11;0;24;17.1;0;1983;4;11;-23.43;-46.46;735;86.0;74.0;84.0;926.4;924.7;925.6;3;3;3;0.5;1.0;0.5;2.0;10.0;0.0;81.33333333333333;925.5666666666666;4.0;0.6666666666666666;3
83075;1983-04-12;0;25.6;15.3;10.9;1983;4;12;-23.43;-46.46;735;82.0;58.0;90.0;926.7;926.4;926.8;3;2;3;4.6;4.1;2.6;1.0;3.0;3.0;76.66666666666667;926.6333333333332;2.3333333333333335;3.766666666666666;3
83075;1983-05-10;0;25.2;16.7;2.8;1983;5;10;-23.43;-46.46;735;86.0;75.0;86.0;930.9;930.2;931.4;3;3;3;3.1;3.1;3.1;10.0;9.0;10.0;82.33333333333333;930.8333333333334;9.666666666666666;3.1;3
83075;1983-05-11;1.9;26.6;15.1;7.5;1983;5;11;-23.43;-46.46;735;84.0;66.0;74.0;925.6;925.0;925.1;3;7;7;0.5;2.1;0.5;0.0;5.0;4.0;74.66666666666667;925.2333333333332;3.0;1.0333333333333334;3
83075;1983-05-12;0;26.4;15.7;8.1;1983;5;12;-23.43;-46.46;735;90.0;78.0;81.0;926.8;926.4;925.3;3;3;3;2.6;2.6;2.6;3.0;9.0;8.0;83.0;926.1666666666666;6.666666666666667;2.6;3
83075;1983-06-10;0;24.8;16.7;0.3;1983;6;10;-23.43;-46.46;735;86.0;80.0;85.0;931.4;931.9;930.7;3;2;3;3.1;1.5;1.5;10.0;10.0;9.0;83.66666666666667;931.3333333333334;9.666666666666666;2.033333333333333;3
83075;1983-06-11;0;28.2;15.7;9.8;1983;6;11;-23.43;-46.46;735;74.0;54.0;96.0;925.1;924.7;926.1;7;7;3;0.5;1.0;1.5;4.0;0.0;5.0;74.66666666666667;925.3000000000001;3.0;1.0;7
83075;1983-06-12;0;25.8;17.5;2.4;1983;6;12;-23.43;-46.46;735;81.0;68.0;86.0;925.3;925.0;924.0;3;2;8;2.6;1.0;0.0;8.0;9.0;10.0;78.33333333333333;924.7666666666668;9.0;1.2;3
83075;1983-07-10;0;27.4;15.3;3.5;1983;7;10;-23.43;-46.46;735;85.0;82.0;85.0;930.7;929.9;930.5;3;3;8;1.5;1.0;0.0;9.0;10.0;5.0;84.0;930.3666666666667;8.0;0.8333333333333334;3
83075;1983-07-11;0;28.4;15.9;9.2;1983;7;11;-23.43;-46.46;735;96.0;76.0;82.0;926.1;926.3;926.7;3;3;3;1.5;1.5;2.6;5.0;1.0;0.0;84.66666666666667;926.3666666666668;2.0;1.8666666666666665;3
83075;1983-07-12;11.6;28.8;16.9;7;1983;7;12;-23.43;-46.46;735;86.0;76.0;83.0;924.0;923.5;925.1;8;8;3;0.0;0.0;1.5;10.0;9.0;6.0;81.66666666666667;924.1999999999999;8.333333333333334;0.5;3
83075;1983-08-10;0;29.2;15.5;10.2;1983;8;10;-23.43;-46.46;735;85.0;64.0;71.0;930.5;926.9;923.5;8;1;0;0.0;0.5;0.5;5.0;0.0;0.0;73.33333333333333;926.9666666666667;1.6666666666666667;0.3333333333333333;1
83075;1983-08-11;0;32.4;16.5;9.4;1983;8;11;-23.43;-46.46;735;82.0;70.0;64.0;926.7;926.1;920.6;3;2;2;2.6;1.0;0.5;0.0;2.0;0.0;72.0;924.4666666666667;0.6666666666666666;1.3666666666666665;3
83075;1983-08-12;0;29.8;16.7;6.5;1983;8;12;-23.43;-46.46;735;83.0;75.0;77.0;925.1;924.8;923.7;3;2;3;1.5;1.5;1.0;6.0;5.0;0.0;78.33333333333333;924.5333333333334;3.6666666666666665;1.3333333333333333;3
83075;1983-09-10;0;30.4;20.5;9.8;1983;9;10;-23.43;-46.46;735;71.0;61.0;71.0;923.5;923.2;920.7;0;7;8;0.5;4.6;0.0;0.0;8.0;0.0;67.66666666666667;922.4666666666667;2.6666666666666665;1.7;0
83075;1983-09-11;0;29;18.1;6.3;1983;9;11;-23.43;-46.46;735;64.0;71.0;77.0;920.6;925.4;927.8;2;3;3;0.5;0.5;1.5;0.0;9.0;0.0;70.66666666666667;924.6;3.0;0.8333333333333334;2
83075;1983-09-12;0;25;18.5;0.1;1983;9;12;-23.43;-46.46;735;77.0;70.0;77.0;923.7;924.7;924.9;3;7;8;1.0;3.1;0.0;0.0;10.0;9.0;74.66666666666667;924.4333333333334;6.333333333333333;1.3666666666666665;3
83075;1983-10-10;0;30.4;16.7;0.8;1983;10;10;-23.43;-46.46;735;71.0;80.0;83.0;920.7;924.7;926.9;8;3;3;0.0;3.1;3.6;0.0;10.0;8.0;78.0;924.1;6.0;2.2333333333333334;3
83075;1983-10-11;0;28.6;18.1;2.3;1983;10;11;-23.43;-46.46;735;77.0;71.0;88.0;927.8;927.4;927.8;3;3;2;1.5;2.6;0.5;0.0;9.0;9.0;78.66666666666667;927.6666666666666;6.0;1.5333333333333332;3
83075;1983-10-12;1.6;28.4;18.5;3.2;1983;10;12;-23.43;-46.46;735;77.0;63.0;94.0;924.9;924.0;924.5;8;2;8;0.0;1.0;0.0;9.0;7.0;10.0;78.0;924.4666666666667;8.666666666666666;0.3333333333333333;2
83075;1983-10-13;0;20;15.9;0;1983;10;13;-23.43;-46.46;735;92.0;84.0;92.0;929.6;928.1;928.2;3;3;3;3.1;3.1;3.1;10.0;10.0;5.0;89.33333333333333;928.6333333333333;8.333333333333334;3.1;3
83075;1983-10-14;9.1;19.2;15.5;0;1983;10;14;-23.43;-46.46;735;92.0;92.0;94.0;928.2;925.7;925.4;3;3;8;3.1;2.6;0.0;5.0;10.0;10.0;92.66666666666667;926.4333333333334;8.333333333333334;1.9000000000000001;3
83075;1983-10-15;15;25.4;15.9;5.3;1983;10;15;-23.43;-46.46;735;94.0;83.0;87.0;925.4;922.5;924.0;8;7;3;0.0;2.1;0.5;10.0;9.0;7.0;88.0;923.9666666666667;8.666666666666666;0.8666666666666667;7
83075;1983-10-16;0;29.8;13.7;8.7;1983;10;16;-23.43;-46.46;735;87.0;82.0;67.0;924.0;924.1;919.5;3;3;7;0.5;0.5;0.5;7.0;3.0;0.0;78.66666666666667;922.5333333333333;3.3333333333333335;0.5;3
83075;1983-10-17;0;29.8;17.3;0.7;1983;10;17;-23.43;-46.46;735;67.0;67.0;75.0;919.5;921.2;919.3;7;3;3;0.5;1.0;1.5;0.0;9.0;4.0;69.66666666666667;920.0;4.333333333333333;1.0;7
83075;1983-10-18;30;24.6;15.1;0.1;1983;10;18;-23.43;-46.46;735;75.0;87.0;93.0;919.3;922.5;925.9;3;7;3;1.5;1.0;0.5;4.0;9.0;10.0;85.0;922.5666666666666;7.666666666666667;1.0;3
83075;1983-10-19;23;18.6;14.5;0;1983;10;19;-23.43;-46.46;735;93.0;88.0;84.0;925.9;928.4;928.6;3;3;3;0.5;2.1;2.6;10.0;10.0;8.0;88.33333333333333;927.6333333333333;9.333333333333334;1.7333333333333334;3
83075;1983-10-20;0;22.2;14.3;0.4;1983;10;20;-23.43;-46.46;735;84.0;86.0;88.0;928.6;928.3;926.9;3;3;3;2.6;2.1;1.5;8.0;9.0;8.0;86.0;927.9333333333334;8.333333333333334;2.066666666666667;3
83075;1983-10-21;0;30.6;16.7;8.1;1983;10;21;-23.43;-46.46;735;88.0;77.0;99.0;926.9;919.6;922.2;3;3;8;1.5;3.1;0.0;8.0;4.0;0.0;88.0;922.9;4.0;1.5333333333333332;3
83075;1983-10-22;12.2;24.8;17.5;1.4;1983;10;22;-23.43;-46.46;735;99.0;98.0;100.0;922.2;922.8;922.5;8;7;7;0.0;2.6;6.2;0.0;10.0;10.0;99.0;922.5;6.666666666666667;2.9333333333333336;7
83075;1983-10-23;0.3;20.8;12.5;0;1983;10;23;-23.43;-46.46;735;100.0;78.0;89.0;922.5;925.2;932.3;7;7;3;6.2;2.1;3.6;10.0;10.0;10.0;89.0;926.6666666666666;10.0;3.966666666666667;7
83075;1983-10-24;16;19.2;9.9;0;1983;10;24;-23.43;-46.46;735;89.0;97.0;80.0;932.3;933.4;934.5;3;3;3;3.6;4.6;1.5;10.0;10.0;9.0;88.66666666666667;933.4;9.666666666666666;3.233333333333333;3
83075;1983-10-25;0.3;17.8;10.1;3.2;1983;10;25;-23.43;-46.46;735;80.0;65.0;75.0;934.5;932.5;932.7;3;3;3;1.5;4.6;1.5;9.0;7.0;10.0;73.33333333333333;933.2333333333332;8.666666666666666;2.533333333333333;3
83075;1983-10-26;0;20.2;11.9;3.1;1983;10;26;-23.43;-46.46;735;75.0;72.0;81.0;932.7;933.8;932.7;3;3;3;1.5;0.5;3.1;10.0;10.0;3.0;76.0;933.0666666666666;7.666666666666667;1.7;3
83075;1983-10-27;0;23.2;11.9;6.9;1983;10;27;-23.43;-46.46;735;81.0;74.0;91.0;932.7;933.6;933.9;3;2;3;3.1;3.1;2.6;3.0;7.0;1.0;82.0;933.4000000000001;3.6666666666666665;2.9333333333333336;3
83075;1983-10-28;0;25.4;13.7;6.8;1983;10;28;-23.43;-46.46;735;91.0;77.0;83.0;933.9;934.8;933.5;3;2;3;2.6;3.6;2.6;1.0;10.0;10.0;83.66666666666667;934.0666666666666;7.0;2.9333333333333336;3
83075;1983-10-29;0;26;15.5;4.9;1983;10;29;-23.43;-46.46;735;83.0;74.0;80.0;933.5;932.0;929.4;3;3;3;2.6;5.1;3.1;10.0;10.0;9.0;79.0;931.6333333333333;9.666666666666666;3.5999999999999996;3
83075;1983-10-30;0;29.2;15.5;5.5;1983;10;30;-23.43;-46.46;735;80.0;78.0;86.0;929.4;929.2;926.6;3;3;3;3.1;1.5;1.5;9.0;9.0;10.0;81.33333333333333;928.4;9.333333333333334;2.033333333333333;3
83075;1983-10-31;0;28.6;15.9;4.5;1983;10;31;-23.43;-46.46;735;86.0;70.0;88.0;926.6;926.2;928.1;3;2;7;1.5;0.5;0.5;10.0;5.0;10.0;81.33333333333333;926.9666666666667;8.333333333333334;0.8333333333333334;3
83075;1983-11-10;0;20;15.3;0;1983;11;10;-23.43;-46.46;735;83.0;78.0;86.0;926.9;926.7;928.2;3;3;3;3.6;3.1;2.6;8.0;10.0;9.0;82.33333333333333;927.2666666666668;9.0;3.1;3
83075;1983-11-11;17.5;25.4;20.3;0;1983;11;11;-23.43;-46.46;735;88.0;79.0;91.0;927.8;927.0;925.1;2;2;2;0.5;2.1;1.0;9.0;10.0;10.0;86.0;926.6333333333333;9.666666666666666;1.2;2
83075;1983-11-12;1.6;22.6;18.9;0;1983;11;12;-23.43;-46.46;735;94.0;87.0;93.0;924.5;924.5;924.0;8;3;2;0.0;2.6;1.5;10.0;10.0;10.0;91.33333333333333;924.3333333333334;10.0;1.3666666666666665;3
83075;1983-11-13;0.4;27.8;20.9;3.6;1983;11;13;-23.43;-46.46;735;82.0;60.0;70.0;920.8;920.0;920.8;7;7;7;1.5;3.1;1.5;2.0;10.0;5.0;70.66666666666667;920.5333333333333;5.666666666666667;2.033333333333333;7
83075;1983-11-14;0;29.4;19.1;9.9;1983;11;14;-23.43;-46.46;735;70.0;65.0;83.0;920.8;922.6;923.7;7;7;3;1.5;3.6;2.1;5.0;3.0;10.0;72.66666666666667;922.3666666666668;6.0;2.4;7
83075;1983-11-20;18.2;28.5;18.5;3.8;1983;11;20;-23.43;-46.46;735;92.0;74.0;88.0;925.2;923.5;926.6;3;7;3;2.1;3.6;2.1;10.0;9.0;10.0;84.66666666666667;925.1;9.666666666666666;2.6;3
83075;1983-11-21;0;30.2;18.7;7;1983;11;21;-23.43;-46.46;735;88.0;72.0;94.0;926.6;925.3;922.2;3;2;2;2.1;1.5;2.1;10.0;7.0;10.0;84.66666666666667;924.7000000000002;9.0;1.9000000000000001;3
83075;1983-11-22;30.8;22.4;15.7;0;1983;11;22;-23.43;-46.46;735;94.0;81.0;84.0;922.2;921.1;921.7;2;7;3;2.1;2.1;2.6;10.0;10.0;7.0;86.33333333333333;921.6666666666666;9.0;2.266666666666667;2
83075;1983-11-23;1;24.6;13.7;8.4;1983;11;23;-23.43;-46.46;735;84.0;58.0;78.0;921.7;928.0;928.2;3;3;2;2.6;1.5;2.1;7.0;7.0;10.0;73.33333333333333;925.9666666666667;8.0;2.0666666666666664;3
83075;1983-11-24;0;28;16.1;5.8;1983;11;24;-23.43;-46.46;735;78.0;75.0;90.0;928.2;927.8;927.7;2;3;3;2.1;4.1;0.5;10.0;7.0;1.0;81.0;927.9;6.0;2.233333333333333;2
83075;1983-11-25;0;30;16.9;10.7;1983;11;25;-23.43;-46.46;735;90.0;66.0;78.0;927.7;927.8;930.4;3;3;2;0.5;2.1;2.6;1.0;5.0;0.0;78.0;928.6333333333333;2.0;1.7333333333333334;3
83075;1983-11-26;0;28;13.9;11.4;1983;11;26;-23.43;-46.46;735;78.0;50.0;72.0;930.4;928.7;929.3;2;2;3;2.6;2.1;2.1;0.0;0.0;9.0;66.66666666666667;929.4666666666666;3.0;2.266666666666667;2
83075;1983-11-27;0;26.7;14.5;10.3;1983;11;27;-23.43;-46.46;735;72.0;71.0;88.0;929.3;929.2;930.4;3;3;3;2.1;1.5;2.1;9.0;5.0;7.0;77.0;929.6333333333333;7.0;1.9000000000000001;3
83075;1983-11-28;0;26.6;14.7;8.7;1983;11;28;-23.43;-46.46;735;88.0;69.0;68.0;930.4;927.9;928.9;3;3;3;2.1;2.6;2.1;7.0;6.0;5.0;75.0;929.0666666666666;6.0;2.266666666666667;3
83075;1983-11-29;0;26.8;15.3;4.7;1983;11;29;-23.43;-46.46;735;68.0;63.0;83.0;928.9;929.0;928.2;3;1;2;2.1;1.5;1.5;5.0;7.0;4.0;71.33333333333333;928.7000000000002;5.333333333333333;1.7;3
83075;1983-11-30;2;28.2;15.1;6.3;1983;11;30;-23.43;-46.46;735;83.0;69.0;81.0;928.2;929.0;927.8;2;2;2;1.5;0.5;0.5;4.0;1.0;5.0;77.66666666666667;928.3333333333334;3.3333333333333335;0.8333333333333334;2
83075;1983-12-10;0;23;16.3;0.3;1983;12;10;-23.43;-46.46;735;86.0;77.0;92.0;928.2;929.3;929.6;3;3;3;2.6;2.6;3.1;9.0;10.0;10.0;85.0;929.0333333333333;9.666666666666666;2.766666666666667;3
83075;1983-12-11;5.1;26.8;19.9;5.8;1983;12;11;-23.43;-46.46;735;91.0;83.0;82.0;925.1;922.9;920.8;2;7;7;1.0;3.1;1.5;10.0;9.0;2.0;85.33333333333333;922.9333333333334;7.0;1.8666666666666665;2
83075;1983-12-12;7.2;28.8;18.3;7.1;1983;12;12;-23.43;-46.46;735;93.0;81.0;97.0;924.0;923.6;922.8;2;6;3;1.5;3.1;1.5;10.0;10.0;0.0;90.33333333333333;923.4666666666666;6.666666666666667;2.033333333333333;2
83075;1983-12-13;0.2;27.2;20.1;2.2;1983;12;13;-23.43;-46.46;735;97.0;75.0;83.0;922.8;923.4;923.7;3;7;1;1.5;3.6;2.1;0.0;10.0;9.0;85.0;923.2999999999998;6.333333333333333;2.4;3
83075;1983-12-14;1.1;25;19.7;0.8;1983;12;14;-23.43;-46.46;735;83.0;78.0;85.0;923.7;923.4;923.8;1;1;8;2.1;1.0;0.0;9.0;10.0;7.0;82.0;923.6333333333332;8.666666666666666;1.0333333333333334;1
83075;1983-12-15;10.2;27.4;18.3;5.3;1983;12;15;-23.43;-46.46;735;85.0;77.0;84.0;923.8;924.9;926.6;8;7;8;0.0;1.5;0.0;7.0;10.0;5.0;82.0;925.0999999999999;7.333333333333333;0.5;7
83075;1983-12-16;1.3;29;17.1;8.1;1983;12;16;-23.43;-46.46;735;84.0;62.0;87.0;926.6;925.8;925.3;8;0;7;0.0;1.5;0.5;5.0;8.0;3.0;77.66666666666667;925.9;5.333333333333333;0.6666666666666666;0
83075;1983-12-17;11.2;28.8;17.3;5.2;1983;12;17;-23.43;-46.46;735;87.0;77.0;85.0;925.3;926.1;926.4;7;3;1;0.5;1.5;2.1;3.0;6.0;8.0;83.0;925.9333333333334;5.666666666666667;1.3666666666666665;7
83075;1983-12-18;0;29.6;19.3;6.2;1983;12;18;-23.43;-46.46;735;85.0;69.0;84.0;926.4;925.3;924.8;1;7;7;2.1;5.7;0.5;8.0;9.0;10.0;79.33333333333333;925.5;9.0;2.766666666666667;1
83075;1983-12-21;10.7;29.4;19.5;7.3;1983;12;21;-23.43;-46.46;735;84.0;75.0;69.0;925.7;925.2;923.1;7;7;0;3.1;3.6;0.5;7.0;9.0;7.0;76.0;924.6666666666666;7.666666666666667;2.4;7
83075;1983-12-22;0;28.2;19.9;2.4;1983;12;22;-23.43;-46.46;735;69.0;75.0;96.0;923.1;925.4;923.8;0;7;7;0.5;0.5;4.0;7.0;9.0;7.0;80.0;924.1;7.666666666666667;1.6666666666666667;0
83075;1983-12-23;23.1;26.6;18.7;2.9;1983;12;23;-23.43;-46.46;735;96.0;83.0;82.0;923.8;925.0;926.4;7;7;8;4.0;3.1;0.0;7.0;9.0;4.0;87.0;925.0666666666666;6.666666666666667;2.3666666666666667;7
83075;1983-12-26;0;22.8;17.5;0;1983;12;26;-23.43;-46.46;735;79.0;77.0;94.0;930.6;931.2;930.9;3;3;3;2.6;2.1;2.1;10.0;10.0;10.0;83.33333333333333;930.9000000000001;10.0;2.266666666666667;3
83075;1983-12-27;13.6;25.2;17.1;0.1;1983;12;27;-23.43;-46.46;735;94.0;83.0;95.0;930.9;929.0;929.3;3;3;3;2.1;2.1;0.5;10.0;10.0;10.0;90.66666666666667;929.7333333333332;10.0;1.5666666666666667;3
83075;1983-12-28;15.7;28;18.1;1.6;1983;12;28;-23.43;-46.46;735;95.0;69.0;87.0;929.3;928.2;927.6;3;7;2;0.5;1.0;0.5;10.0;9.0;6.0;83.66666666666667;928.3666666666667;8.333333333333334;0.6666666666666666;3
83075;1983-12-29;3.5;30.2;18.5;2.9;1983;12;29;-23.43;-46.46;735;87.0;79.0;91.0;927.6;927.5;926.4;2;7;8;0.5;0.5;0.0;6.0;7.0;10.0;85.66666666666667;927.1666666666666;7.666666666666667;0.3333333333333333;2
83075;1984-01-01;0;31;17.7;7.2;1984;1;1;-23.43;-46.46;735;72.0;83.0;95.0;927.8;928.3;927.6;8;4;2;0.0;1.0;1.0;0.0;7.0;0.0;83.33333333333333;927.9;2.3333333333333335;0.6666666666666666;4
83075;1984-01-03;0;34;20.9;3.6;1984;1;3;-23.43;-46.46;735;88.0;73.0;86.0;924.5;925.9;925.3;8;4;2;0.0;1.0;1.0;0.0;10.0;0.0;82.33333333333333;925.2333333333332;3.3333333333333335;0.6666666666666666;4
83075;1984-01-04;0;24;15.2;7.7;1984;1;4;-23.43;-46.46;735;77.0;72.0;77.0;929.1;928.2;925.4;2;3;3;1.0;3.0;1.0;4.0;3.0;5.0;75.33333333333333;927.5666666666667;4.0;1.6666666666666667;2
83075;1984-01-07;0;22.4;11.5;4.9;1984;1;7;-23.43;-46.46;735;84.0;83.0;78.0;932.9;932.8;929.7;2;3;3;3.0;3.0;1.0;7.0;10.0;0.0;81.66666666666667;931.7999999999998;5.666666666666667;2.3333333333333335;2
83075;1984-01-10;0;25.8;10.5;8.3;1984;1;10;-23.43;-46.46;735;81.0;71.0;83.0;932.9;931.2;931.3;3;3;3;7.0;4.0;1.0;8.0;8.0;0.0;78.33333333333333;931.7999999999998;5.333333333333333;4.0;3
83075;1984-01-13;0;33.8;19.3;11.8;1984;1;13;-23.43;-46.46;735;62.0;42.0;53.0;922.8;923.9;923.4;2;0;0;1.0;3.0;1.0;1.0;0.0;0.0;52.333333333333336;923.3666666666667;0.3333333333333333;1.6666666666666667;2
83075;1984-01-14;0;33.8;20.5;7.1;1984;1;14;-23.43;-46.46;735;53.0;49.0;78.0;923.4;923.9;924.8;0;8;8;1.0;0.0;0.0;0.0;0.0;0.0;60.0;924.0333333333333;0.0;0.3333333333333333;0
83075;1984-01-15;0;35;19.7;10.2;1984;1;15;-23.43;-46.46;735;78.0;69.0;83.0;924.8;924.0;921.4;8;2;6;0.0;1.0;1.0;0.0;5.0;0.0;76.66666666666667;923.4;1.6666666666666667;0.6666666666666666;2
83075;1984-01-16;0;34.8;21.8;9.1;1984;1;16;-23.43;-46.46;735;83.0;59.0;60.0;921.4;923.9;924.1;6;0;6;1.0;1.0;3.0;0.0;1.0;5.0;67.33333333333333;923.1333333333333;2.0;1.6666666666666667;6
83075;1984-01-17;0;31.2;22.5;10.7;1984;1;17;-23.43;-46.46;735;60.0;68.0;78.0;924.1;925.4;927.4;6;2;2;3.0;1.0;3.0;5.0;7.0;4.0;68.66666666666667;925.6333333333333;5.333333333333333;2.3333333333333335;6
83075;1984-01-18;0;31.2;21.5;10.2;1984;1;18;-23.43;-46.46;735;78.0;63.0;77.0;927.4;927.0;926.6;2;2;2;3.0;5.0;1.0;4.0;6.0;0.0;72.66666666666667;927.0;3.3333333333333335;3.0;2
83075;1984-01-19;0;34;19.7;10.8;1984;1;19;-23.43;-46.46;735;77.0;68.0;83.0;926.6;923.8;920.4;2;2;2;1.0;1.0;3.0;0.0;0.0;6.0;76.0;923.6;2.0;1.6666666666666667;2
83075;1984-01-20;0;32.2;20.7;8.1;1984;1;20;-23.43;-46.46;735;83.0;68.0;88.0;920.4;921.8;922.0;2;4;2;3.0;1.0;2.0;6.0;0.0;10.0;79.66666666666667;921.4;5.333333333333333;2.0;2
83075;1984-01-21;23.6;27.8;18.1;2.8;1984;1;21;-23.43;-46.46;735;88.0;73.0;88.0;922.0;923.5;923.6;2;8;1;2.0;0.0;1.0;10.0;8.0;10.0;83.0;923.0333333333333;9.333333333333334;1.0;2
83075;1984-01-22;11.2;29.2;18.1;0;1984;1;22;-23.43;-46.46;735;88.0;88.0;88.0;923.6;925.1;925.2;1;2;2;1.0;1.0;1.0;10.0;10.0;10.0;88.0;924.6333333333333;10.0;1.0;1
83075;1984-01-23;9.7;24.6;18.5;3.3;1984;1;23;-23.43;-46.46;735;88.0;79.0;77.0;925.2;925.0;925.9;2;2;2;1.0;3.0;1.0;10.0;7.0;9.0;81.33333333333333;925.3666666666667;8.666666666666666;1.6666666666666667;2
83075;1984-01-24;0;26.2;17.7;3.4;1984;1;24;-23.43;-46.46;735;77.0;70.0;89.0;925.9;924.8;924.2;2;2;4;1.0;5.0;1.0;9.0;7.0;10.0;78.66666666666667;924.9666666666666;8.666666666666666;2.3333333333333335;2
83075;1984-01-25;9.3;25;16.8;0.6;1984;1;25;-23.43;-46.46;735;89.0;84.0;93.0;924.2;924.5;925.4;4;2;2;1.0;1.0;1.0;10.0;9.0;10.0;88.66666666666667;924.6999999999999;9.666666666666666;1.0;4
83075;1984-01-26;14;25.4;17.7;3.1;1984;1;26;-23.43;-46.46;735;93.0;79.0;93.0;925.4;924.1;922.3;2;0;2;1.0;5.0;1.0;10.0;9.0;7.0;88.33333333333333;923.9333333333334;8.666666666666666;2.3333333333333335;2
83075;1984-01-27;22.1;25.6;18.7;0.4;1984;1;27;-23.43;-46.46;735;93.0;80.0;88.0;922.3;922.4;922.4;2;0;0;1.0;5.0;1.0;7.0;10.0;10.0;87.0;922.3666666666667;9.0;2.3333333333333335;2
83075;1984-01-28;6.1;27.8;19.7;4.2;1984;1;28;-23.43;-46.46;735;88.0;81.0;93.0;922.4;923.6;923.8;0;0;2;1.0;5.0;1.0;10.0;10.0;10.0;87.33333333333333;923.2666666666668;10.0;2.3333333333333335;0
83075;1984-01-29;9.5;29.2;19.5;2.1;1984;1;29;-23.43;-46.46;735;93.0;81.0;98.0;923.8;924.8;925.0;2;0;8;1.0;3.0;0.0;10.0;10.0;7.0;90.66666666666667;924.5333333333333;9.0;1.3333333333333333;2
83075;1984-01-30;4;32;19.4;7.2;1984;1;30;-23.43;-46.46;735;98.0;73.0;65.0;925.0;924.4;926.0;8;6;2;0.0;1.0;2.0;7.0;7.0;7.0;78.66666666666667;925.1333333333333;7.0;1.0;6
83075;1984-01-31;0;33.6;19.7;10.5;1984;1;31;-23.43;-46.46;735;65.0;68.0;71.0;926.0;925.0;922.9;2;0;8;2.0;1.0;0.0;7.0;5.0;0.0;68.0;924.6333333333333;4.0;1.0;2
83075;1984-02-01;0;30.8;16.7;8;1984;2;1;-23.43;-46.46;735;95.0;68.0;86.0;927.6;928.6;926.5;2;4;2;1.0;1.0;2.0;0.0;1.0;7.0;83.0;927.5666666666666;2.6666666666666665;1.3333333333333333;2
83075;1984-02-02;0.1;34.3;19.1;9.2;1984;2;2;-23.43;-46.46;735;76.0;77.0;72.0;924.7;925.8;922.8;0;3;3;3.0;1.0;1.0;0.0;0.0;0.0;75.0;924.4333333333334;0.0;1.6666666666666667;0
83075;1984-02-03;0;33.4;20.7;5.3;1984;2;3;-23.43;-46.46;735;86.0;80.0;85.0;925.3;926.0;927.5;2;4;2;1.0;1.0;1.0;0.0;10.0;9.0;83.66666666666667;926.2666666666668;6.333333333333333;1.0;2
83075;1984-02-04;0;27;15.2;6.5;1984;2;4;-23.43;-46.46;735;77.0;74.0;73.0;925.4;923.9;922.0;3;3;7;1.0;3.0;1.0;5.0;5.0;7.0;74.66666666666667;923.7666666666668;5.666666666666667;1.6666666666666667;3
83075;1984-02-06;0;25.9;13.1;6.6;1984;2;6;-23.43;-46.46;735;84.0;94.0;85.0;933.4;933.9;933.3;3;2;8;1.0;5.0;0.0;0.0;10.0;1.0;87.66666666666667;933.5333333333333;3.6666666666666665;2.0;3
83075;1984-02-07;0;26;12.9;8;1984;2;7;-23.43;-46.46;735;78.0;87.0;65.0;929.7;931.2;928.7;3;2;7;1.0;1.0;3.0;0.0;4.0;0.0;76.66666666666667;929.8666666666668;1.3333333333333333;1.6666666666666667;3
83075;1984-02-08;0;26.7;12.7;3.7;1984;2;8;-23.43;-46.46;735;61.0;52.0;97.0;926.9;926.4;928.6;8;7;7;0.0;5.0;1.0;0.0;9.0;10.0;70.0;927.3000000000001;6.333333333333333;2.0;7
83075;1984-02-09;0;25.6;12.8;7.8;1984;2;9;-23.43;-46.46;735;81.0;79.0;91.0;934.9;933.8;933.5;3;1;8;1.0;1.0;0.0;8.0;4.0;0.0;83.66666666666667;934.0666666666666;4.0;0.6666666666666666;3
83075;1984-02-10;0;26.8;13.3;7.5;1984;2;10;-23.43;-46.46;735;83.0;71.0;88.0;931.3;930.7;929.7;3;3;8;1.0;3.0;0.0;0.0;8.0;10.0;80.66666666666667;930.5666666666666;6.0;1.3333333333333333;3
83075;1984-02-11;0;31;19;10.5;1984;2;11;-23.43;-46.46;735;87.0;57.0;73.0;921.3;916.2;918.3;3;8;5;1.0;0.0;1.0;6.0;1.0;10.0;72.33333333333333;918.6;5.666666666666667;0.6666666666666666;3
83075;1984-02-13;0;32.4;19.4;7.1;1984;2;13;-23.43;-46.46;735;83.0;81.0;75.0;923.4;925.3;924.6;3;3;3;2.0;2.0;3.0;4.0;6.0;0.0;79.66666666666667;924.4333333333333;3.3333333333333335;2.3333333333333335;3
83075;1984-02-14;0;33;20.7;5.5;1984;2;14;-23.43;-46.46;735;75.0;73.0;84.0;924.6;925.0;924.7;3;1;3;3.0;1.0;3.0;0.0;2.0;0.0;77.33333333333333;924.7666666666668;0.6666666666666666;2.3333333333333335;3
83075;1984-02-15;0.8;31.6;19.7;5;1984;2;15;-23.43;-46.46;735;84.0;75.0;81.0;924.7;924.6;924.7;3;1;5;3.0;1.0;3.0;0.0;7.0;6.0;80.0;924.6666666666666;4.333333333333333;2.3333333333333335;3
83075;1984-02-16;0;33.6;20.5;6.8;1984;2;16;-23.43;-46.46;735;81.0;70.0;80.0;924.7;925.7;924.7;5;2;8;3.0;3.0;0.0;6.0;1.0;6.0;77.0;925.0333333333334;4.333333333333333;2.0;5
83075;1984-02-17;0.1;30.2;20.9;5;1984;2;17;-23.43;-46.46;735;80.0;75.0;75.0;924.7;923.8;924.7;8;3;2;0.0;2.0;1.0;6.0;6.0;7.0;76.66666666666667;924.4;6.333333333333333;1.0;3
83075;1984-02-18;0;31;18.7;5.2;1984;2;18;-23.43;-46.46;735;75.0;81.0;82.0;924.7;924.9;927.8;2;3;1;1.0;3.0;1.0;7.0;10.0;0.0;79.33333333333333;925.7999999999998;5.666666666666667;1.6666666666666667;2
83075;1984-02-19;0;31;18.1;9.4;1984;2;19;-23.43;-46.46;735;82.0;77.0;92.0;927.8;926.1;925.8;1;2;2;1.0;7.0;3.0;0.0;7.0;0.0;83.66666666666667;926.5666666666666;2.3333333333333335;3.6666666666666665;1
83075;1984-02-20;0;33;19.7;6.8;1984;2;20;-23.43;-46.46;735;92.0;72.0;81.0;925.8;926.6;925.4;2;1;3;3.0;2.0;1.0;0.0;1.0;0.0;81.66666666666667;925.9333333333334;0.3333333333333333;2.0;2
83075;1984-02-21;29.9;32;19.5;7.6;1984;2;21;-23.43;-46.46;735;81.0;79.0;73.0;925.4;925.8;924.5;3;3;2;1.0;1.0;1.0;0.0;0.0;5.0;77.66666666666667;925.2333333333332;1.6666666666666667;1.0;3
83075;1984-02-22;0;33.8;19.7;7.5;1984;2;22;-23.43;-46.46;735;73.0;69.0;96.0;924.5;925.7;926.0;2;8;6;1.0;0.0;1.0;5.0;0.0;0.0;79.33333333333333;925.4;1.6666666666666667;0.6666666666666666;2
83075;1984-02-23;7.6;31.2;18.1;8.7;1984;2;23;-23.43;-46.46;735;96.0;79.0;80.0;926.0;926.1;925.0;6;3;4;1.0;1.0;1.0;0.0;6.0;7.0;85.0;925.6999999999999;4.333333333333333;1.0;6
83075;1984-02-24;0;33.8;17.9;7.5;1984;2;24;-23.43;-46.46;735;80.0;78.0;78.0;925.0;925.6;922.0;4;0;3;1.0;1.0;1.0;7.0;10.0;7.0;78.66666666666667;924.1999999999999;8.0;1.0;4
83075;1984-02-25;0.1;32.6;19.7;9;1984;2;25;-23.43;-46.46;735;78.0;65.0;76.0;922.0;921.6;922.6;3;3;2;1.0;1.0;1.0;7.0;0.0;3.0;73.0;922.0666666666666;3.3333333333333335;1.0;3
83075;1984-02-26;0;33.2;21.9;8.8;1984;2;26;-23.43;-46.46;735;76.0;54.0;70.0;922.6;923.5;923.7;2;0;3;1.0;3.0;1.0;3.0;5.0;3.0;66.66666666666667;923.2666666666668;3.6666666666666665;1.6666666666666667;2
83075;1984-02-28;0;34.6;20.9;8;1984;2;28;-23.43;-46.46;735;78.0;62.0;85.0;924.4;925.6;925.7;3;4;8;1.0;3.0;0.0;0.0;0.0;0.0;75.0;925.2333333333332;0.0;1.3333333333333333;3
83075;1984-02-29;0;33.8;20.9;6.7;1984;2;29;-23.43;-46.46;735;85.0;71.0;88.0;925.7;926.3;924.5;8;5;8;0.0;3.0;0.0;0.0;0.0;0.0;81.33333333333333;925.5;0.0;1.0;5
83075;1984-03-01;35.1;30;17.9;10.1;1984;3;1;-23.43;-46.46;735;86.0;62.0;77.0;926.5;925.9;927.5;2;0;8;2.0;5.0;0.0;7.0;3.0;4.0;75.0;926.6333333333333;4.666666666666667;2.3333333333333335;2
83075;1984-03-02;0;35.2;20.5;11.2;1984;3;2;-23.43;-46.46;735;72.0;69.0;80.0;922.8;924.9;922.3;3;2;4;1.0;2.0;1.0;0.0;0.0;0.0;73.66666666666667;923.3333333333334;0.0;1.3333333333333333;3
83075;1984-03-03;0;31.4;18.9;6.7;1984;3;3;-23.43;-46.46;735;85.0;80.0;75.0;927.5;927.6;927.5;2;2;2;1.0;1.0;4.0;9.0;9.0;4.0;80.0;927.5333333333333;7.333333333333333;2.0;2
83075;1984-03-06;0;26.4;10.5;7.9;1984;3;6;-23.43;-46.46;735;85.0;95.0;83.0;933.3;932.6;929.4;8;3;8;0.0;1.0;0.0;1.0;4.0;2.0;87.66666666666667;931.7666666666668;2.3333333333333335;0.3333333333333333;3
83075;1984-03-07;0.1;27;12.5;8.1;1984;3;7;-23.43;-46.46;735;65.0;93.0;50.0;928.7;930.0;925.1;7;3;7;3.0;1.0;1.0;0.0;4.0;0.0;69.33333333333333;927.9333333333334;1.3333333333333333;1.6666666666666667;7
83075;1984-03-08;29.3;18.6;14.5;3.5;1984;3;8;-23.43;-46.46;735;97.0;86.0;80.0;928.6;926.4;927.3;7;7;7;1.0;7.0;7.0;10.0;10.0;4.0;87.66666666666667;927.4333333333334;8.0;5.0;7
83075;1984-03-09;0;25.4;12.7;7.9;1984;3;9;-23.43;-46.46;735;91.0;76.0;50.0;933.5;933.7;934.9;8;8;3;0.0;0.0;1.0;0.0;5.0;0.0;72.33333333333333;934.0333333333333;1.6666666666666667;0.3333333333333333;3
83075;1984-03-10;0;30.8;14.5;8.6;1984;3;10;-23.43;-46.46;735;88.0;77.0;67.0;929.7;929.3;927.4;8;3;8;0.0;1.0;0.0;10.0;2.0;0.0;77.33333333333333;928.8000000000001;4.0;0.3333333333333333;3
83075;1984-03-11;2.9;33.6;18.9;8.9;1984;3;11;-23.43;-46.46;735;73.0;48.0;83.0;918.3;916.2;922.3;5;7;3;1.0;3.0;1.0;10.0;6.0;0.0;68.0;918.9333333333334;5.333333333333333;1.6666666666666667;5
83075;1984-03-13;0;22.5;16.5;4;1984;3;13;-23.43;-46.46;735;75.0;73.0;87.0;928.0;929.2;928.0;2;2;2;3.0;1.0;5.0;9.0;9.0;9.0;78.33333333333333;928.4;9.0;3.0;2
83075;1984-03-14;0.5;23;16.7;2;1984;3;14;-23.43;-46.46;735;87.0;84.0;86.0;928.0;928.7;928.0;2;2;4;5.0;3.0;1.0;9.0;10.0;7.0;85.66666666666667;928.2333333333332;8.666666666666666;3.0;2
83075;1984-03-15;0;25;17.7;5.6;1984;3;15;-23.43;-46.46;735;86.0;69.0;82.0;928.0;926.3;927.8;4;2;2;1.0;3.0;1.0;7.0;5.0;0.0;79.0;927.3666666666667;4.0;1.6666666666666667;4
83075;1984-03-16;0.2;27;17.3;7.3;1984;3;16;-23.43;-46.46;735;82.0;74.0;82.0;927.8;926.2;927.9;2;2;2;1.0;3.0;1.0;0.0;3.0;0.0;79.33333333333333;927.3000000000001;1.0;1.6666666666666667;2
83075;1984-03-17;0;28;15.7;4.9;1984;3;17;-23.43;-46.46;735;82.0;90.0;94.0;927.9;928.2;926.6;2;2;2;1.0;1.0;1.0;0.0;10.0;10.0;88.66666666666667;927.5666666666666;6.666666666666667;1.0;2
83075;1984-03-18;0;28.6;16.7;6.2;1984;3;18;-23.43;-46.46;735;94.0;86.0;81.0;926.6;926.6;927.2;2;2;2;1.0;1.0;5.0;10.0;10.0;10.0;87.0;926.8000000000001;10.0;2.3333333333333335;2
83075;1984-03-19;0;28.5;18.3;1;1984;3;19;-23.43;-46.46;735;81.0;78.0;88.0;927.2;926.3;925.8;2;2;2;5.0;1.0;1.0;10.0;10.0;7.0;82.33333333333333;926.4333333333334;9.0;2.3333333333333335;2
83075;1984-03-20;6.7;29;19.5;4.4;1984;3;20;-23.43;-46.46;735;88.0;76.0;88.0;925.8;924.7;925.1;2;2;4;1.0;1.0;1.0;7.0;6.0;10.0;84.0;925.1999999999999;7.666666666666667;1.0;2
83075;1984-03-21;6.4;25;18.9;1.4;1984;3;21;-23.43;-46.46;735;88.0;72.0;86.0;925.1;923.2;925.3;4;7;2;1.0;3.0;1.0;10.0;10.0;7.0;82.0;924.5333333333334;9.0;1.6666666666666667;4
83075;1984-03-22;2.8;24.5;17.3;1.8;1984;3;22;-23.43;-46.46;735;86.0;83.0;83.0;925.3;926.6;928.0;2;2;2;1.0;1.0;3.0;7.0;10.0;9.0;84.0;926.6333333333333;8.666666666666666;1.6666666666666667;2
83075;1984-03-23;0;26;15.5;7.6;1984;3;23;-23.43;-46.46;735;83.0;68.0;75.0;928.0;927.8;928.2;2;2;2;3.0;3.0;3.0;9.0;6.0;2.0;75.33333333333333;928.0;5.666666666666667;3.0;2
83075;1984-03-24;0;27.8;14.3;8.9;1984;3;24;-23.43;-46.46;735;75.0;73.0;84.0;928.2;928.1;926.0;2;7;2;3.0;1.0;1.0;2.0;2.0;0.0;77.33333333333333;927.4333333333334;1.3333333333333333;1.6666666666666667;2
83075;1984-03-25;0;30;16.1;8.8;1984;3;25;-23.43;-46.46;735;84.0;80.0;77.0;926.0;926.5;924.8;2;2;8;1.0;2.0;0.0;0.0;2.0;0.0;80.33333333333333;925.7666666666668;0.6666666666666666;1.0;2
83075;1984-03-26;0;27;18.1;3.4;1984;3;26;-23.43;-46.46;735;77.0;75.0;81.0;924.8;925.5;926.6;8;2;2;0.0;1.0;1.0;0.0;7.0;9.0;77.66666666666667;925.6333333333333;5.333333333333333;0.6666666666666666;2
83075;1984-03-27;2.1;23.5;18.1;0;1984;3;27;-23.43;-46.46;735;81.0;85.0;80.0;926.6;928.0;927.2;2;2;2;1.0;1.0;1.0;9.0;10.0;10.0;82.0;927.2666666666668;9.666666666666666;1.0;2
83075;1984-03-28;0;26.8;18.5;2.1;1984;3;28;-23.43;-46.46;735;80.0;80.0;97.0;927.2;926.4;925.0;2;2;4;1.0;3.0;1.0;10.0;10.0;6.0;85.66666666666667;926.1999999999999;8.666666666666666;1.6666666666666667;2
83075;1984-03-29;0;30;18.3;6.3;1984;3;29;-23.43;-46.46;735;97.0;70.0;93.0;925.0;925.1;924.9;4;8;4;1.0;0.0;1.0;6.0;9.0;10.0;86.66666666666667;925.0;8.333333333333334;0.6666666666666666;4
83075;1984-03-30;14.2;22.6;16.8;0;1984;3;30;-23.43;-46.46;735;93.0;90.0;88.0;924.9;929.3;929.7;4;2;2;1.0;1.0;5.0;10.0;10.0;7.0;90.33333333333333;927.9666666666666;9.0;2.3333333333333335;4
83075;1984-03-31;3.1;21;14.8;0.2;1984;3;31;-23.43;-46.46;735;88.0;76.0;77.0;929.7;929.6;929.1;2;2;2;5.0;3.0;1.0;7.0;9.0;4.0;80.33333333333333;929.4666666666667;6.666666666666667;3.0;2
83075;1984-04-01;2;30.4;16.5;6.5;1984;4;1;-23.43;-46.46;735;77.0;68.0;72.0;927.5;928.4;926.7;8;2;0;0.0;5.0;3.0;4.0;4.0;5.0;72.33333333333333;927.5333333333334;4.333333333333333;2.6666666666666665;2
83075;1984-04-02;0;34.6;20.9;10.4;1984;4;2;-23.43;-46.46;735;80.0;73.0;93.0;922.3;924.3;921.4;4;2;3;1.0;1.0;3.0;0.0;0.0;0.0;82.0;922.6666666666666;0.0;1.6666666666666667;4
83075;1984-04-03;0;32;18.7;6.4;1984;4;3;-23.43;-46.46;735;75.0;72.0;93.0;927.5;927.3;925.0;2;2;2;4.0;1.0;3.0;4.0;1.0;10.0;80.0;926.6;5.0;2.6666666666666665;2
83075;1984-04-04;54.7;20;16.3;0;1984;4;4;-23.43;-46.46;735;93.0;93.0;89.0;924.2;922.6;924.4;8;8;7;0.0;0.0;1.0;10.0;10.0;7.0;91.66666666666667;923.7333333333335;9.0;0.3333333333333333;7
83075;1984-04-05;2.5;28.4;16.3;5.8;1984;4;5;-23.43;-46.46;735;91.0;93.0;78.0;929.4;929.5;929.1;8;0;3;0.0;1.0;1.0;10.0;10.0;6.0;87.33333333333333;929.3333333333334;8.666666666666666;0.6666666666666666;0
83075;1984-04-06;0;25.9;13.3;6.3;1984;4;6;-23.43;-46.46;735;83.0;80.0;79.0;929.4;930.3;929.4;8;8;7;0.0;0.0;1.0;2.0;1.0;0.0;80.66666666666667;929.6999999999999;1.0;0.3333333333333333;7
83075;1984-04-07;17;26.4;13.7;7.7;1984;4;7;-23.43;-46.46;735;50.0;83.0;79.0;925.1;929.7;926.7;7;2;8;1.0;1.0;0.0;0.0;6.0;0.0;70.66666666666667;927.1666666666666;2.0;0.6666666666666666;7
83075;1984-04-08;2;19.8;10.5;8.4;1984;4;8;-23.43;-46.46;735;80.0;81.0;84.0;927.3;930.0;931.5;7;8;8;7.0;0.0;0.0;4.0;0.0;0.0;81.66666666666667;929.6;1.3333333333333333;2.3333333333333335;7
83075;1984-04-09;0;25.4;9.9;9;1984;4;9;-23.43;-46.46;735;50.0;65.0;62.0;934.9;934.4;930.9;3;3;8;1.0;1.0;0.0;0.0;10.0;0.0;59.0;933.4;3.3333333333333335;0.6666666666666666;3
83075;1984-04-10;0;32.6;16.3;8;1984;4;10;-23.43;-46.46;735;67.0;62.0;54.0;927.4;927.3;925.9;8;3;8;0.0;1.0;0.0;0.0;1.0;0.0;61.0;926.8666666666667;0.3333333333333333;0.3333333333333333;3
83075;1984-04-11;0;29;18.3;5.8;1984;4;11;-23.43;-46.46;735;83.0;70.0;94.0;922.3;919.4;922.7;3;3;3;1.0;3.0;3.0;0.0;8.0;10.0;82.33333333333333;921.4666666666666;6.0;2.3333333333333335;3
83075;1984-04-14;0;27.7;15.7;4.9;1984;4;14;-23.43;-46.46;735;85.0;78.0;85.0;930.7;929.4;927.7;8;3;8;0.0;3.0;0.0;1.0;7.0;10.0;82.66666666666667;929.2666666666668;6.0;1.0;3
83075;1984-04-15;22.4;26.8;17.3;0;1984;4;15;-23.43;-46.46;735;85.0;81.0;87.0;927.7;927.9;926.3;8;3;3;0.0;1.0;1.0;10.0;7.0;10.0;84.33333333333333;927.2999999999998;9.0;0.6666666666666666;3
83075;1984-04-16;0.4;27.7;17.4;4.4;1984;4;16;-23.43;-46.46;735;87.0;77.0;83.0;926.3;927.7;926.5;3;7;7;1.0;1.0;3.0;10.0;9.0;9.0;82.33333333333333;926.8333333333334;9.333333333333334;1.6666666666666667;3
83075;1984-04-17;0;28.4;16.9;10.2;1984;4;17;-23.43;-46.46;735;83.0;70.0;83.0;926.5;925.4;925.0;7;5;5;3.0;1.0;1.0;9.0;0.0;0.0;78.66666666666667;925.6333333333333;3.0;1.6666666666666667;7
83075;1984-04-18;0.5;29;17.1;6.6;1984;4;18;-23.43;-46.46;735;83.0;82.0;97.0;925.0;928.3;927.8;5;8;8;1.0;0.0;0.0;0.0;7.0;10.0;87.33333333333333;927.0333333333333;5.666666666666667;0.3333333333333333;5
83075;1984-04-19;9;29.8;18.3;2.5;1984;4;19;-23.43;-46.46;735;97.0;68.0;92.0;927.8;927.6;927.8;8;2;3;0.0;1.0;1.0;10.0;10.0;10.0;85.66666666666667;927.7333333333332;10.0;0.6666666666666666;2
83075;1984-04-20;0;29.2;17.9;6.9;1984;4;20;-23.43;-46.46;735;92.0;84.0;87.0;927.8;927.9;927.7;3;3;3;1.0;2.0;1.0;10.0;5.0;7.0;87.66666666666667;927.7999999999998;7.333333333333333;1.3333333333333333;3
83075;1984-04-21;0;26;16.9;4.2;1984;4;21;-23.43;-46.46;735;87.0;93.0;76.0;927.7;928.0;927.6;3;4;3;1.0;1.0;5.0;7.0;6.0;9.0;85.33333333333333;927.7666666666668;7.333333333333333;2.3333333333333335;3
83075;1984-04-22;0;26.6;16.6;6.4;1984;4;22;-23.43;-46.46;735;76.0;89.0;91.0;927.6;929.2;927.8;3;2;3;5.0;1.0;1.0;9.0;10.0;10.0;85.33333333333333;928.2000000000002;9.666666666666666;2.3333333333333335;3
83075;1984-04-23;0;29.7;17.2;8.3;1984;4;23;-23.43;-46.46;735;91.0;83.0;77.0;927.8;927.7;925.3;3;2;3;1.0;1.0;1.0;10.0;1.0;9.0;83.66666666666667;926.9333333333334;6.666666666666667;1.0;3
83075;1984-04-24;7;29.4;18.1;0;1984;4;24;-23.43;-46.46;735;77.0;92.0;89.0;925.3;929.1;929.4;3;4;4;1.0;1.0;1.0;9.0;10.0;10.0;86.0;927.9333333333334;9.666666666666666;1.0;3
83075;1984-04-25;25.3;18.2;13.9;0;1984;4;25;-23.43;-46.46;735;89.0;85.0;80.0;929.4;932.6;931.4;4;3;3;1.0;3.0;3.0;10.0;9.0;10.0;84.66666666666667;931.1333333333333;9.666666666666666;2.3333333333333335;4
83075;1984-04-27;0;23.4;15.1;0.9;1984;4;27;-23.43;-46.46;735;94.0;88.0;88.0;928.4;928.2;928.8;3;3;3;1.0;1.0;2.0;10.0;10.0;10.0;90.0;928.4666666666666;10.0;1.3333333333333333;3
83075;1984-04-28;0.7;22;17.1;0.1;1984;4;28;-23.43;-46.46;735;88.0;87.0;88.0;928.8;929.4;929.8;3;3;3;2.0;1.0;7.0;10.0;10.0;7.0;87.66666666666667;929.3333333333334;9.0;3.3333333333333335;3
83075;1984-04-29;0;22.8;17.9;0;1984;4;29;-23.43;-46.46;735;88.0;95.0;89.0;929.8;929.3;928.1;3;2;8;7.0;1.0;0.0;7.0;10.0;10.0;90.66666666666667;929.0666666666666;9.0;2.6666666666666665;3
83075;1984-04-30;2.4;23.2;15.9;1.2;1984;4;30;-23.43;-46.46;735;89.0;78.0;87.0;928.1;928.4;929.4;8;4;3;0.0;1.0;1.0;10.0;6.0;10.0;84.66666666666667;928.6333333333333;8.666666666666666;0.6666666666666666;4
83075;1984-05-01;0;31;21.3;7.9;1984;5;1;-23.43;-46.46;735;72.0;76.0;87.0;926.7;925.9;924.7;0;0;0;3.0;1.0;3.0;5.0;7.0;2.0;78.33333333333333;925.7666666666668;4.666666666666667;2.3333333333333335;0
83075;1984-05-02;0;34.6;19.9;8.2;1984;5;2;-23.43;-46.46;735;93.0;52.0;82.0;921.4;923.9;920.1;3;7;3;3.0;3.0;1.0;0.0;0.0;0.0;75.66666666666667;921.8000000000001;0.0;2.3333333333333335;3
83075;1984-05-03;3.1;30.8;19.1;4.3;1984;5;3;-23.43;-46.46;735;93.0;76.0;86.0;925.0;924.1;924.2;2;7;2;3.0;1.0;1.0;10.0;6.0;3.0;85.0;924.4333333333334;6.333333333333333;1.6666666666666667;2
83075;1984-05-04;7.4;23.8;13.3;9.1;1984;5;4;-23.43;-46.46;735;89.0;73.0;89.0;924.4;925.4;928.3;7;7;3;1.0;1.0;1.0;7.0;1.0;0.0;83.66666666666667;926.0333333333333;2.6666666666666665;1.0;7
83075;1984-05-05;0;28.7;15.5;5.9;1984;5;5;-23.43;-46.46;735;78.0;92.0;83.0;929.1;929.6;927.8;3;5;8;1.0;1.0;0.0;6.0;9.0;0.0;84.33333333333333;928.8333333333334;5.0;0.6666666666666666;3
83075;1984-05-06;0;26.8;16.1;6.7;1984;5;6;-23.43;-46.46;735;79.0;81.0;81.0;929.4;931.1;930.0;7;1;8;1.0;1.0;0.0;0.0;10.0;0.0;80.33333333333333;930.1666666666666;3.3333333333333335;0.6666666666666666;7
83075;1984-05-07;0;28.6;13.9;7.9;1984;5;7;-23.43;-46.46;735;79.0;75.0;60.0;926.7;926.8;923.0;8;3;0;0.0;1.0;5.0;0.0;0.0;0.0;71.33333333333333;925.5;0.0;2.0;3
83075;1984-05-09;0;27.2;11.4;8.7;1984;5;9;-23.43;-46.46;735;62.0;64.0;85.0;930.9;930.9;930.0;8;3;3;0.0;3.0;1.0;0.0;4.0;0.0;70.33333333333333;930.6;1.3333333333333333;1.3333333333333333;3
83075;1984-05-10;0;32.8;17.3;7.1;1984;5;10;-23.43;-46.46;735;54.0;50.0;58.0;925.9;925.6;925.8;8;2;8;0.0;1.0;0.0;0.0;10.0;0.0;54.0;925.7666666666668;3.3333333333333335;0.3333333333333333;2
83075;1984-05-11;0;26.8;18.1;1.9;1984;5;11;-23.43;-46.46;735;94.0;74.0;81.0;922.7;920.8;920.8;3;3;3;3.0;3.0;3.0;10.0;10.0;9.0;83.0;921.4333333333334;9.666666666666666;3.0;3
83075;1984-05-13;3.9;20.4;16.9;0;1984;5;13;-23.43;-46.46;735;87.0;88.0;89.0;926.7;926.7;926.9;8;3;3;0.0;1.0;1.0;10.0;10.0;10.0;88.0;926.7666666666668;10.0;0.6666666666666666;3
83075;1984-05-14;5.2;24.6;16.9;1.8;1984;5;14;-23.43;-46.46;735;89.0;87.0;87.0;926.9;926.7;927.3;3;8;8;1.0;0.0;0.0;10.0;9.0;10.0;87.66666666666667;926.9666666666666;9.666666666666666;0.3333333333333333;3
83075;1984-05-15;10.7;20;14.5;0;1984;5;15;-23.43;-46.46;735;87.0;78.0;94.0;927.3;928.2;928.7;8;3;3;0.0;2.0;3.0;10.0;10.0;10.0;86.33333333333333;928.0666666666666;10.0;1.6666666666666667;3
83075;1984-05-16;0;19;13.9;0;1984;5;16;-23.43;-46.46;735;94.0;87.0;86.0;928.7;927.3;928.4;3;3;3;3.0;1.0;1.0;10.0;10.0;10.0;89.0;928.1333333333333;10.0;1.6666666666666667;3
83075;1984-05-17;0;25.2;14.5;5.2;1984;5;17;-23.43;-46.46;735;86.0;84.0;92.0;928.4;929.3;928.1;3;3;8;1.0;3.0;0.0;10.0;10.0;10.0;87.33333333333333;928.5999999999999;10.0;1.3333333333333333;3
83075;1984-05-18;44.6;25.2;15.5;4.2;1984;5;18;-23.43;-46.46;735;92.0;83.0;88.0;928.1;928.7;929.4;8;8;6;0.0;0.0;1.0;10.0;9.0;0.0;87.66666666666667;928.7333333333335;6.333333333333333;0.3333333333333333;6
83075;1984-05-19;0;28.4;13.9;6.5;1984;5;19;-23.43;-46.46;735;88.0;75.0;85.0;929.4;929.3;929.2;6;8;8;1.0;0.0;0.0;0.0;0.0;1.0;82.66666666666667;929.2999999999998;0.3333333333333333;0.3333333333333333;6
83075;1984-05-20;0;28.4;14.3;7.6;1984;5;20;-23.43;-46.46;735;85.0;86.0;82.0;929.2;929.4;929.3;8;3;6;0.0;1.0;1.0;1.0;5.0;0.0;84.33333333333333;929.2999999999998;2.0;0.6666666666666666;3
83075;1984-05-21;0;28.4;13.7;6.8;1984;5;21;-23.43;-46.46;735;82.0;93.0;85.0;929.3;929.7;929.1;6;8;3;1.0;0.0;1.0;0.0;10.0;0.0;86.66666666666667;929.3666666666667;3.3333333333333335;0.6666666666666666;6
83075;1984-05-25;0;28.2;12.9;8;1984;5;25;-23.43;-46.46;735;82.0;72.0;89.0;928.1;928.2;924.7;8;8;6;0.0;0.0;1.0;0.0;0.0;0.0;81.0;927.0;0.0;0.3333333333333333;6
83075;1984-05-26;0;28.2;13.1;8;1984;5;26;-23.43;-46.46;735;89.0;78.0;78.0;924.7;928.3;928.1;6;3;8;1.0;1.0;0.0;0.0;0.0;3.0;81.66666666666667;927.0333333333333;1.0;0.6666666666666666;6
83075;1984-05-27;0;27.2;12.9;8;1984;5;27;-23.43;-46.46;735;78.0;78.0;76.0;928.1;928.2;928.1;8;3;7;0.0;1.0;1.0;3.0;0.0;0.0;77.33333333333333;928.1333333333333;1.0;0.6666666666666666;3
83075;1984-05-29;0;27.4;20.3;7.7;1984;5;29;-23.43;-46.46;735;83.0;69.0;93.0;926.7;926.5;924.9;8;7;7;0.0;1.0;2.0;0.0;1.0;0.0;81.66666666666667;926.0333333333333;0.3333333333333333;1.0;7
83075;1984-05-30;0;22.9;17.9;0.8;1984;5;30;-23.43;-46.46;735;93.0;57.0;82.0;924.9;926.3;929.4;7;7;7;2.0;1.0;1.0;0.0;7.0;3.0;77.33333333333333;926.8666666666667;3.3333333333333335;1.3333333333333333;7
83075;1984-05-31;0;20.2;11.1;7.4;1984;5;31;-23.43;-46.46;735;82.0;77.0;83.0;929.4;932.0;932.7;7;3;3;1.0;3.0;3.0;3.0;5.0;10.0;80.66666666666667;931.3666666666668;6.0;2.3333333333333335;7
83075;1984-06-01;1.4;30;20.7;6.8;1984;6;1;-23.43;-46.46;735;87.0;69.0;69.0;924.7;929.8;924.7;0;0;8;3.0;3.0;0.0;2.0;0.0;4.0;75.0;926.4;2.0;2.0;0
83075;1984-06-02;0;32.4;19.5;8.3;1984;6;2;-23.43;-46.46;735;82.0;73.0;77.0;920.1;925.9;924.7;3;3;3;1.0;1.0;3.0;0.0;9.0;6.0;77.33333333333333;923.5666666666666;5.0;1.6666666666666667;3
83075;1984-06-03;0;26;19.9;0.1;1984;6;3;-23.43;-46.46;735;86.0;76.0;88.0;924.2;924.8;925.0;2;8;2;1.0;0.0;1.0;3.0;10.0;10.0;83.33333333333333;924.6666666666666;7.666666666666667;0.6666666666666666;2
83075;1984-06-04;0;23;13.1;4.6;1984;6;4;-23.43;-46.46;735;89.0;72.0;78.0;928.3;929.6;931.0;3;3;2;1.0;1.0;1.0;0.0;9.0;10.0;79.66666666666667;929.6333333333333;6.333333333333333;1.0;3
83075;1984-06-05;0;28.2;14.9;8.1;1984;6;5;-23.43;-46.46;735;83.0;79.0;84.0;927.8;927.9;926.4;8;3;7;0.0;1.0;1.0;0.0;0.0;0.0;82.0;927.3666666666667;0.0;0.6666666666666666;3
83075;1984-06-06;0;26.8;12.7;7.2;1984;6;6;-23.43;-46.46;735;81.0;92.0;75.0;930.0;930.7;929.4;8;3;8;0.0;1.0;0.0;0.0;7.0;0.0;82.66666666666667;930.0333333333333;2.3333333333333335;0.3333333333333333;3
83075;1984-06-07;0;28.2;15.9;7.6;1984;6;7;-23.43;-46.46;735;60.0;61.0;61.0;923.0;927.1;927.7;0;0;7;5.0;5.0;1.0;0.0;7.0;0.0;60.666666666666664;925.9333333333334;2.3333333333333335;3.6666666666666665;0
83075;1984-06-08;0;30.4;16.1;4.3;1984;6;8;-23.43;-46.46;735;71.0;49.0;48.0;926.6;924.6;924.5;8;0;7;0.0;3.0;1.0;2.0;6.0;0.0;56.0;925.2333333333332;2.6666666666666665;1.3333333333333333;0
83075;1984-06-09;0;27;12.3;2.9;1984;6;9;-23.43;-46.46;735;85.0;82.0;85.0;930.0;928.7;929.9;3;3;5;1.0;1.0;1.0;0.0;10.0;10.0;84.0;929.5333333333333;6.666666666666667;1.0;3
83075;1984-06-10;0;31.4;19.5;1.5;1984;6;10;-23.43;-46.46;735;58.0;49.0;72.0;925.8;920.2;929.1;8;8;2;0.0;0.0;1.0;0.0;9.0;6.0;59.666666666666664;925.0333333333333;5.0;0.3333333333333333;2
83075;1984-06-11;0;28;19.5;3;1984;6;11;-23.43;-46.46;735;81.0;74.0;81.0;920.8;921.5;922.3;3;3;3;3.0;4.0;4.0;9.0;10.0;9.0;78.66666666666667;921.5333333333333;9.333333333333334;3.6666666666666665;3
83075;1984-06-13;0;24.6;14.5;4;1984;6;13;-23.43;-46.46;735;74.0;86.0;90.0;924.0;929.6;929.6;7;3;3;1.0;3.0;3.0;0.0;10.0;10.0;83.33333333333333;927.7333333333332;6.666666666666667;2.3333333333333335;7
83075;1984-06-14;0;21.8;15.1;0.1;1984;6;14;-23.43;-46.46;735;90.0;89.0;91.0;929.6;929.6;928.3;3;3;8;3.0;1.0;0.0;10.0;10.0;0.0;90.0;929.1666666666666;6.666666666666667;1.3333333333333333;3
83075;1984-06-16;0;27.2;14.1;6.6;1984;6;16;-23.43;-46.46;735;86.0;84.0;73.0;930.1;931.1;929.3;8;2;6;0.0;1.0;1.0;1.0;10.0;7.0;81.0;930.1666666666666;6.0;0.6666666666666666;2
83075;1984-06-17;0;25.2;13.9;4.4;1984;6;17;-23.43;-46.46;735;73.0;91.0;84.0;929.3;929.9;929.6;6;8;7;1.0;0.0;1.0;7.0;0.0;1.0;82.66666666666667;929.5999999999999;2.6666666666666665;0.6666666666666666;6
83075;1984-06-18;0;25;14.7;5.8;1984;6;18;-23.43;-46.46;735;84.0;78.0;80.0;929.6;932.3;930.8;7;2;8;1.0;2.0;0.0;1.0;10.0;0.0;80.66666666666667;930.9;3.6666666666666665;1.0;7
83075;1984-06-23;0;26.2;10.9;6.7;1984;6;23;-23.43;-46.46;735;69.0;74.0;87.0;930.9;932.7;933.1;8;8;3;0.0;0.0;1.0;0.0;0.0;0.0;76.66666666666667;932.2333333333332;0.0;0.3333333333333333;3
83075;1984-06-24;0;26;11.9;6.6;1984;6;24;-23.43;-46.46;735;87.0;82.0;81.0;933.1;933.4;932.2;3;3;7;1.0;1.0;1.0;0.0;2.0;1.0;83.33333333333333;932.9;1.0;1.0;3
83075;1984-06-25;0;26;11.9;7.4;1984;6;25;-23.43;-46.46;735;81.0;79.0;76.0;932.2;932.5;928.2;7;8;7;1.0;0.0;2.0;1.0;0.0;0.0;78.66666666666667;930.9666666666667;0.3333333333333333;1.0;7
83075;1984-06-26;0;26.8;12.5;7.6;1984;6;26;-23.43;-46.46;735;76.0;53.0;64.0;928.2;927.8;928.0;7;8;7;2.0;0.0;1.0;0.0;2.0;0.0;64.33333333333333;928.0;0.6666666666666666;1.0;7
83075;1984-06-27;0;20.6;10.7;0;1984;6;27;-23.43;-46.46;735;64.0;80.0;90.0;928.0;929.6;931.9;7;3;3;1.0;3.0;3.0;0.0;9.0;10.0;78.0;929.8333333333334;6.333333333333333;2.3333333333333335;7
83075;1984-06-28;0;12.8;9.7;0;1984;6;28;-23.43;-46.46;735;90.0;92.0;90.0;931.9;934.6;934.5;3;3;3;3.0;3.0;3.0;10.0;10.0;10.0;90.66666666666667;933.6666666666666;10.0;3.0;3
83075;1984-06-29;0;13.2;10.5;0;1984;6;29;-23.43;-46.46;735;90.0;87.0;88.0;934.5;934.4;934.5;3;3;3;3.0;5.0;1.0;10.0;10.0;10.0;88.33333333333333;934.4666666666667;10.0;3.0;3
83075;1984-06-30;0.2;16.6;10.5;0;1984;6;30;-23.43;-46.46;735;88.0;87.0;84.0;934.5;934.4;932.9;3;3;2;1.0;3.0;3.0;10.0;10.0;7.0;86.33333333333333;933.9333333333334;9.0;2.3333333333333335;3
83075;1984-07-01;0;29.8;19.9;8.6;1984;7;1;-23.43;-46.46;735;69.0;70.0;81.0;924.7;925.9;926.2;8;2;2;0.0;2.0;1.0;4.0;6.0;0.0;73.33333333333333;925.6;3.3333333333333335;1.0;2
83075;1984-07-02;0;27.2;20.7;0.5;1984;7;2;-23.43;-46.46;735;77.0;82.0;90.0;924.7;926.1;927.7;3;3;3;3.0;1.0;5.0;6.0;10.0;4.0;83.0;926.1666666666666;6.666666666666667;3.0;3
83075;1984-07-03;0;28.8;20.1;2.8;1984;7;3;-23.43;-46.46;735;88.0;79.0;91.0;925.0;924.1;921.0;2;7;7;1.0;2.0;1.0;10.0;10.0;7.0;86.0;923.3666666666667;9.0;1.3333333333333333;2
83075;1984-07-04;0;20;16.3;0;1984;7;4;-23.43;-46.46;735;78.0;77.0;87.0;931.0;930.7;932.9;2;3;3;1.0;3.0;5.0;10.0;10.0;10.0;80.66666666666667;931.5333333333333;10.0;3.0;2
83075;1984-07-05;0;28.4;15.7;7.9;1984;7;5;-23.43;-46.46;735;84.0;81.0;82.0;926.4;927.9;927.6;7;2;6;1.0;1.0;1.0;0.0;9.0;6.0;82.33333333333333;927.3000000000001;5.0;1.0;7
83075;1984-07-06;0;25.4;14.1;5.8;1984;7;6;-23.43;-46.46;735;75.0;54.0;73.0;929.4;928.4;928.1;8;7;7;0.0;3.0;2.0;0.0;10.0;0.0;67.33333333333333;928.6333333333333;3.3333333333333335;1.6666666666666667;7
83075;1984-07-07;0;24;14.9;0.7;1984;7;7;-23.43;-46.46;735;61.0;83.0;84.0;927.7;930.8;932.4;7;3;4;1.0;1.0;3.0;0.0;9.0;10.0;76.0;930.3000000000001;6.333333333333333;1.6666666666666667;7
83075;1984-07-08;0;24.8;14.9;0.4;1984;7;8;-23.43;-46.46;735;48.0;82.0;94.0;924.5;930.2;932.6;7;2;3;1.0;1.0;1.0;0.0;10.0;10.0;74.66666666666667;929.1;6.666666666666667;1.0;7
83075;1984-07-09;2.1;18.9;14.4;0;1984;7;9;-23.43;-46.46;735;85.0;88.0;94.0;929.9;929.8;929.8;5;3;8;1.0;3.0;0.0;10.0;10.0;10.0;89.0;929.8333333333334;10.0;1.3333333333333333;5
83075;1984-07-10;0;21;16.1;0;1984;7;10;-23.43;-46.46;735;72.0;82.0;89.0;929.1;931.6;924.3;2;3;3;1.0;5.0;7.0;6.0;10.0;10.0;81.0;928.3333333333334;8.666666666666666;4.333333333333333;2
83075;1984-07-11;0;29.2;18.9;4.2;1984;7;11;-23.43;-46.46;735;81.0;65.0;87.0;922.3;915.2;922.5;3;8;3;4.0;0.0;3.0;9.0;8.0;9.0;77.66666666666667;920.0;8.666666666666666;2.3333333333333335;3
83075;1984-07-13;0;21.2;15.1;3.5;1984;7;13;-23.43;-46.46;735;70.0;83.0;81.0;928.6;930.9;932.4;8;3;3;0.0;5.0;1.0;0.0;10.0;10.0;78.0;930.6333333333333;6.666666666666667;2.0;3
83075;1984-07-14;0;16.8;14.3;0;1984;7;14;-23.43;-46.46;735;81.0;87.0;87.0;932.4;933.9;931.3;3;3;3;1.0;3.0;3.0;10.0;10.0;10.0;85.0;932.5333333333333;10.0;2.3333333333333335;3
83075;1984-07-15;0;28;14.5;7.6;1984;7;15;-23.43;-46.46;735;87.0;83.0;77.0;931.3;931.0;929.2;3;3;8;3.0;3.0;0.0;10.0;4.0;5.0;82.33333333333333;930.5;6.333333333333333;2.0;3
83075;1984-07-17;0;25.2;13.3;5.2;1984;7;17;-23.43;-46.46;735;94.0;92.0;89.0;932.5;932.6;932.1;8;2;8;0.0;3.0;0.0;10.0;10.0;0.0;91.66666666666667;932.4;6.666666666666667;1.0;2
83075;1984-07-18;0;26.9;13.8;5.1;1984;7;18;-23.43;-46.46;735;89.0;95.0;72.0;932.1;933.3;932.2;8;8;7;0.0;0.0;1.0;0.0;10.0;0.0;85.33333333333333;932.5333333333334;3.3333333333333335;0.3333333333333333;7
83075;1984-07-19;0;27.9;10.9;8.1;1984;7;19;-23.43;-46.46;735;72.0;67.0;64.0;932.2;932.6;931.6;7;8;7;1.0;0.0;1.0;0.0;0.0;0.0;67.66666666666667;932.1333333333333;0.0;0.6666666666666666;7
83075;1984-07-20;0;26.6;11.1;6.4;1984;7;20;-23.43;-46.46;735;64.0;69.0;73.0;931.6;931.3;929.6;7;8;8;1.0;0.0;0.0;0.0;0.0;0.0;68.66666666666667;930.8333333333334;0.0;0.3333333333333333;7
83075;1984-07-21;0;26.5;12.3;6.2;1984;7;21;-23.43;-46.46;735;73.0;72.0;84.0;929.6;927.1;927.5;8;8;3;0.0;0.0;5.0;0.0;0.0;8.0;76.33333333333333;928.0666666666666;2.6666666666666665;1.6666666666666667;3
83075;1984-07-22;0;14.4;8.9;1;1984;7;22;-23.43;-46.46;735;84.0;86.0;82.0;927.5;929.4;932.1;3;3;3;5.0;5.0;1.0;8.0;10.0;10.0;84.0;929.6666666666666;9.333333333333334;3.6666666666666665;3
83075;1984-07-23;0.5;14;8.7;0.1;1984;7;23;-23.43;-46.46;735;82.0;92.0;92.0;932.1;932.6;933.2;3;3;3;1.0;3.0;3.0;10.0;10.0;9.0;88.66666666666667;932.6333333333333;9.666666666666666;2.3333333333333335;3
83075;1984-07-24;0.3;19.6;9.7;4;1984;7;24;-23.43;-46.46;735;92.0;88.0;86.0;933.2;933.2;932.9;3;3;3;3.0;3.0;1.0;9.0;10.0;10.0;88.66666666666667;933.1;9.666666666666666;2.3333333333333335;3
83075;1984-07-25;0;25.6;10.9;5.3;1984;7;25;-23.43;-46.46;735;86.0;84.0;89.0;932.9;932.7;932.7;3;2;3;1.0;3.0;3.0;10.0;9.0;10.0;86.33333333333333;932.7666666666668;9.666666666666666;2.3333333333333335;3
83075;1984-07-26;0.2;16.8;10.9;0;1984;7;26;-23.43;-46.46;735;89.0;77.0;87.0;932.7;934.2;932.8;3;2;3;3.0;1.0;5.0;10.0;10.0;9.0;84.33333333333333;933.2333333333332;9.666666666666666;3.0;3
83075;1984-07-27;0;25.8;12.9;7.1;1984;7;27;-23.43;-46.46;735;87.0;83.0;92.0;932.8;931.9;932.6;3;2;7;5.0;3.0;1.0;9.0;9.0;10.0;87.33333333333333;932.4333333333333;9.333333333333334;3.0;3
83075;1984-07-28;5;18.4;12.9;1.5;1984;7;28;-23.43;-46.46;735;92.0;90.0;87.0;932.6;932.7;934.1;7;3;3;1.0;1.0;3.0;10.0;5.0;8.0;89.66666666666667;933.1333333333333;7.666666666666667;1.6666666666666667;7
83075;1984-07-29;0;15.8;12.1;0.1;1984;7;29;-23.43;-46.46;735;87.0;96.0;86.0;934.1;934.8;935.6;3;3;3;3.0;3.0;5.0;8.0;9.0;9.0;89.66666666666667;934.8333333333334;8.666666666666666;3.6666666666666665;3
83075;1984-07-30;0;20.2;11.3;6.7;1984;7;30;-23.43;-46.46;735;86.0;80.0;88.0;935.6;936.9;934.3;3;3;3;5.0;5.0;1.0;9.0;8.0;8.0;84.66666666666667;935.6;8.333333333333334;3.6666666666666665;3
83075;1984-07-31;0;24;10.7;8.1;1984;7;31;-23.43;-46.46;735;88.0;87.0;71.0;934.3;934.5;931.0;3;8;8;1.0;0.0;0.0;8.0;6.0;0.0;82.0;933.2666666666668;4.666666666666667;0.3333333333333333;3
83075;1984-08-01;0;27;20.2;10.1;1984;8;1;-23.43;-46.46;735;81.0;67.0;96.0;926.2;926.2;926.4;2;2;2;1.0;3.0;4.0;0.0;4.0;0.0;81.33333333333333;926.2666666666668;1.3333333333333333;2.6666666666666665;2
83075;1984-08-02;0;28.4;19.5;0;1984;8;2;-23.43;-46.46;735;90.0;74.0;81.0;927.7;928.7;929.0;3;3;5;5.0;3.0;3.0;4.0;7.0;7.0;81.66666666666667;928.4666666666667;6.0;3.6666666666666665;3
83075;1984-08-03;2.5;29.4;18.7;7.3;1984;8;3;-23.43;-46.46;735;91.0;74.0;80.0;921.0;923.3;924.4;7;4;2;1.0;1.0;3.0;7.0;9.0;7.0;81.66666666666667;922.9;7.666666666666667;1.6666666666666667;7
83075;1984-08-05;0;30.2;17.1;6.9;1984;8;5;-23.43;-46.46;735;82.0;79.0;85.0;927.6;928.2;929.0;6;2;3;1.0;1.0;1.0;6.0;1.0;9.0;82.0;928.2666666666668;5.333333333333333;1.0;6
83075;1984-08-06;0;20.8;14.1;1.7;1984;8;6;-23.43;-46.46;735;73.0;84.0;89.0;928.1;928.5;928.7;7;4;8;2.0;3.0;0.0;0.0;10.0;10.0;82.0;928.4333333333334;6.666666666666667;1.6666666666666667;7
83075;1984-08-07;0;25;14.9;7.3;1984;8;7;-23.43;-46.46;735;84.0;73.0;91.0;932.4;930.8;931.0;4;3;3;3.0;5.0;1.0;10.0;9.0;0.0;82.66666666666667;931.4;6.333333333333333;3.0;4
83075;1984-08-08;0;26;13.9;3.4;1984;8;8;-23.43;-46.46;735;94.0;87.0;92.0;932.6;933.2;932.4;3;3;3;1.0;1.0;1.0;10.0;10.0;0.0;91.0;932.7333333333335;6.666666666666667;1.0;3
83075;1984-08-09;9.9;16.8;14.3;0;1984;8;9;-23.43;-46.46;735;94.0;94.0;87.0;929.8;929.9;928.7;8;8;4;0.0;0.0;1.0;10.0;10.0;10.0;91.66666666666667;929.4666666666666;10.0;0.3333333333333333;4
83075;1984-08-10;0;22;10.7;0;1984;8;10;-23.43;-46.46;735;89.0;86.0;88.0;924.3;924.8;921.6;3;3;3;7.0;3.0;1.0;10.0;10.0;9.0;87.66666666666667;923.5666666666666;9.666666666666666;3.6666666666666665;3
83075;1984-08-11;0.5;33;18.5;10.2;1984;8;11;-23.43;-46.46;735;87.0;70.0;67.0;922.5;920.5;916.8;3;1;1;3.0;1.0;1.0;9.0;6.0;5.0;74.66666666666667;919.9333333333334;6.666666666666667;1.6666666666666667;3
83075;1984-08-13;0;21.2;13.5;0.4;1984;8;13;-23.43;-46.46;735;50.0;83.0;75.0;927.7;929.5;928.6;7;3;3;1.0;3.0;5.0;0.0;10.0;10.0;69.33333333333333;928.6;6.666666666666667;3.0;7
83075;1984-08-14;0;17.9;13.3;0;1984;8;14;-23.43;-46.46;735;75.0;72.0;80.0;928.6;929.7;931.4;3;3;4;5.0;1.0;1.0;10.0;10.0;9.0;75.66666666666667;929.9000000000001;9.666666666666666;2.3333333333333335;3
83075;1984-08-15;0.2;15.3;11.9;0;1984;8;15;-23.43;-46.46;735;80.0;86.0;84.0;931.4;932.9;931.7;4;3;3;1.0;1.0;1.0;9.0;10.0;10.0;83.33333333333333;932.0;9.666666666666666;1.0;4
83075;1984-08-16;0;13;11.1;0;1984;8;16;-23.43;-46.46;735;84.0;86.0;85.0;931.7;931.0;933.1;3;3;4;1.0;3.0;1.0;10.0;10.0;10.0;85.0;931.9333333333334;10.0;1.6666666666666667;3
83075;1984-08-17;0.2;15.5;10.9;0;1984;8;17;-23.43;-46.46;735;85.0;78.0;87.0;933.1;932.9;934.3;4;3;3;1.0;6.0;3.0;10.0;10.0;10.0;83.33333333333333;933.4333333333334;10.0;3.3333333333333335;4
83075;1984-08-18;0.5;18;10.5;2.7;1984;8;18;-23.43;-46.46;735;87.0;84.0;68.0;934.3;935.6;935.5;3;2;3;3.0;7.0;1.0;10.0;9.0;9.0;79.66666666666667;935.1333333333333;9.333333333333334;3.6666666666666665;3
83075;1984-08-19;0;18.6;10;2;1984;8;19;-23.43;-46.46;735;68.0;71.0;85.0;935.5;935.5;934.1;3;2;2;1.0;5.0;3.0;9.0;9.0;10.0;74.66666666666667;935.0333333333333;9.333333333333334;3.0;3
83075;1984-08-20;1.1;22;11.5;0;1984;8;20;-23.43;-46.46;735;85.0;86.0;87.0;934.1;932.9;931.3;2;8;8;3.0;0.0;0.0;10.0;10.0;10.0;86.0;932.7666666666668;10.0;1.0;2
83075;1984-08-22;16.1;21.8;14.7;0;1984;8;22;-23.43;-46.46;735;91.0;89.0;94.0;928.5;927.2;926.4;8;2;8;0.0;1.0;0.0;0.0;10.0;10.0;91.33333333333333;927.3666666666667;6.666666666666667;0.3333333333333333;2
83075;1984-08-25;5;19;7.7;0;1984;8;25;-23.43;-46.46;735;78.0;91.0;85.0;926.7;930.1;931.7;8;3;3;0.0;3.0;1.0;0.0;10.0;10.0;84.66666666666667;929.5;6.666666666666667;1.3333333333333333;3
83075;1984-08-26;7.1;11.6;5.6;5.3;1984;8;26;-23.43;-46.46;735;85.0;77.0;75.0;931.7;932.6;932.7;3;3;3;1.0;3.0;3.0;10.0;10.0;0.0;79.0;932.3333333333334;6.666666666666667;2.3333333333333335;3
83075;1984-08-27;0;13.8;2.8;3.5;1984;8;27;-23.43;-46.46;735;75.0;73.0;84.0;932.7;932.3;932.2;3;3;3;3.0;5.0;3.0;0.0;8.0;10.0;77.33333333333333;932.4;6.0;3.6666666666666665;3
83075;1984-08-28;0;13.2;8.1;0;1984;8;28;-23.43;-46.46;735;84.0;80.0;84.0;932.2;933.3;934.7;3;3;3;3.0;6.0;3.0;10.0;10.0;10.0;82.66666666666667;933.4;10.0;4.0;3
83075;1984-08-29;0.1;16.4;8.9;0;1984;8;29;-23.43;-46.46;735;84.0;84.0;85.0;934.7;934.3;934.2;3;2;3;3.0;2.0;1.0;10.0;10.0;10.0;84.33333333333333;934.4;10.0;2.0;3
83075;1984-08-30;0;18;11.7;2.4;1984;8;30;-23.43;-46.46;735;85.0;79.0;88.0;934.2;933.9;933.8;3;2;3;1.0;4.0;1.0;10.0;10.0;10.0;84.0;933.9666666666666;10.0;2.0;3
83075;1984-08-31;0;22.4;13.7;4.3;1984;8;31;-23.43;-46.46;735;88.0;82.0;83.0;933.8;933.8;932.5;3;2;3;1.0;3.0;1.0;10.0;10.0;10.0;84.33333333333333;933.3666666666667;10.0;1.6666666666666667;3
83075;1984-09-01;0;30.5;18.3;5.7;1984;9;1;-23.43;-46.46;735;96.0;69.0;91.0;926.4;924.6;924.9;2;2;2;4.0;4.0;1.0;0.0;1.0;8.0;85.33333333333333;925.3000000000001;3.0;3.0;2
83075;1984-09-02;0;31;18.1;10.9;1984;9;2;-23.43;-46.46;735;81.0;66.0;76.0;929.0;929.2;928.9;5;2;3;3.0;3.0;3.0;7.0;4.0;1.0;74.33333333333333;929.0333333333333;4.0;3.0;5
83075;1984-09-03;0;29;17.9;6.7;1984;9;3;-23.43;-46.46;735;80.0;73.0;90.0;924.4;922.8;922.4;2;8;2;3.0;0.0;1.0;7.0;4.0;9.0;81.0;923.1999999999999;6.666666666666667;1.3333333333333333;2
83075;1984-09-05;11.4;29.2;17.8;7.9;1984;9;5;-23.43;-46.46;735;85.0;79.0;76.0;929.0;928.9;927.5;3;2;7;1.0;1.0;1.0;9.0;0.0;8.0;80.0;928.4666666666667;5.666666666666667;1.0;3
83075;1984-09-06;0;26.8;12.7;6.6;1984;9;6;-23.43;-46.46;735;89.0;87.0;65.0;928.7;927.3;923.8;8;3;7;0.0;5.0;2.0;10.0;2.0;6.0;80.33333333333333;926.6;6.0;2.3333333333333335;3
83075;1984-09-07;0;25.8;13.6;8.2;1984;9;7;-23.43;-46.46;735;91.0;81.0;78.0;931.0;932.4;930.9;3;2;8;1.0;1.0;0.0;0.0;0.0;0.0;83.33333333333333;931.4333333333334;0.0;0.6666666666666666;3
83075;1984-09-08;0;26.5;13.7;5;1984;9;8;-23.43;-46.46;735;92.0;95.0;90.0;932.4;933.2;930.7;3;8;8;1.0;0.0;0.0;0.0;10.0;0.0;92.33333333333333;932.1;3.3333333333333335;0.3333333333333333;3
83075;1984-09-09;16.5;20.6;10.9;9.5;1984;9;9;-23.43;-46.46;735;87.0;72.0;57.0;928.7;928.8;930.4;4;3;3;1.0;1.0;3.0;10.0;5.0;2.0;72.0;929.3000000000001;5.666666666666667;1.6666666666666667;4
83075;1984-09-10;0.1;24.4;16.7;0;1984;9;10;-23.43;-46.46;735;88.0;86.0;75.0;921.6;921.3;918.3;3;8;7;1.0;0.0;1.0;9.0;10.0;0.0;83.0;920.4;6.333333333333333;0.6666666666666666;3
83075;1984-09-11;0;33.4;18.3;5;1984;9;11;-23.43;-46.46;735;67.0;34.0;75.0;916.8;913.3;914.3;1;7;7;1.0;7.0;3.0;5.0;4.0;9.0;58.666666666666664;914.7999999999998;6.0;3.6666666666666665;1
83075;1984-09-14;0;26.8;12.3;6.5;1984;9;14;-23.43;-46.46;735;55.0;71.0;87.0;926.7;928.3;925.9;8;8;1;0.0;0.0;1.0;0.0;0.0;10.0;71.0;926.9666666666667;3.3333333333333335;0.3333333333333333;1
83075;1984-09-15;0;29.8;13.5;6.3;1984;9;15;-23.43;-46.46;735;87.0;75.0;61.0;925.9;924.3;919.5;1;8;8;1.0;0.0;0.0;10.0;4.0;1.0;74.33333333333333;923.2333333333332;5.0;0.3333333333333333;1
83075;1984-09-16;0;26;11.1;4.6;1984;9;16;-23.43;-46.46;735;61.0;46.0;69.0;919.5;923.6;926.3;8;8;3;0.0;0.0;3.0;1.0;1.0;10.0;58.666666666666664;923.1333333333332;4.0;1.0;3
83075;1984-09-17;0;21.6;14.3;1.7;1984;9;17;-23.43;-46.46;735;69.0;66.0;83.0;926.3;929.7;931.3;3;3;3;3.0;1.0;1.0;10.0;10.0;9.0;72.66666666666667;929.1;9.666666666666666;1.6666666666666667;3
83075;1984-09-18;0;24.6;13.9;5.5;1984;9;18;-23.43;-46.46;735;83.0;71.0;84.0;931.3;931.0;928.4;3;3;3;1.0;5.0;1.0;9.0;6.0;10.0;79.33333333333333;930.2333333333332;8.333333333333334;2.3333333333333335;3
83075;1984-09-19;0;27.8;13.7;8.8;1984;9;19;-23.43;-46.46;735;84.0;74.0;66.0;928.4;925.4;920.4;3;1;7;1.0;1.0;3.0;10.0;0.0;0.0;74.66666666666667;924.7333333333332;3.3333333333333335;1.6666666666666667;3
83075;1984-09-21;30.6;24;13.5;8.8;1984;9;21;-23.43;-46.46;735;86.0;66.0;80.0;920.3;925.6;928.6;7;8;8;3.0;0.0;0.0;10.0;6.0;0.0;77.33333333333333;924.8333333333334;5.333333333333333;1.0;7
83075;1984-09-22;0;24;9.9;10;1984;9;22;-23.43;-46.46;735;80.0;53.0;69.0;928.6;930.8;932.2;8;8;2;0.0;0.0;3.0;0.0;1.0;0.0;67.33333333333333;930.5333333333334;0.3333333333333333;1.0;2
83075;1984-09-23;0;22.8;9.3;9.4;1984;9;23;-23.43;-46.46;735;69.0;57.0;80.0;932.2;931.1;930.5;2;2;3;3.0;7.0;5.0;0.0;0.0;10.0;68.66666666666667;931.2666666666668;3.3333333333333335;5.0;2
83075;1984-09-24;0;24.6;14.7;4;1984;9;24;-23.43;-46.46;735;80.0;80.0;85.0;930.5;929.6;928.3;3;2;3;5.0;2.0;3.0;10.0;10.0;10.0;81.66666666666667;929.4666666666666;10.0;3.3333333333333335;3
83075;1984-09-25;0;29.2;14.9;3.4;1984;9;25;-23.43;-46.46;735;85.0;58.0;86.0;928.3;924.0;923.3;3;0;8;3.0;7.0;0.0;10.0;9.0;9.0;76.33333333333333;925.1999999999999;9.333333333333334;3.3333333333333335;3
83075;1984-09-26;4.7;23.2;16.7;0;1984;9;26;-23.43;-46.46;735;86.0;89.0;92.0;923.3;924.7;924.4;8;8;1;0.0;0.0;1.0;9.0;10.0;5.0;89.0;924.1333333333333;8.0;0.3333333333333333;1
83075;1984-09-27;37.2;21.8;15.5;0;1984;9;27;-23.43;-46.46;735;92.0;87.0;93.0;924.4;925.5;924.2;1;2;8;1.0;1.0;0.0;5.0;10.0;10.0;90.66666666666667;924.7000000000002;8.333333333333334;0.6666666666666666;1
83075;1984-09-28;6.2;21.8;14.5;9;1984;9;28;-23.43;-46.46;735;93.0;63.0;64.0;924.2;927.0;928.6;8;7;8;0.0;7.0;0.0;10.0;4.0;2.0;73.33333333333333;926.6;5.333333333333333;2.3333333333333335;7
83075;1984-09-29;0;21.1;11.1;10;1984;9;29;-23.43;-46.46;735;64.0;60.0;74.0;928.6;928.5;932.3;8;3;3;0.0;1.0;1.0;2.0;4.0;9.0;66.0;929.7999999999998;5.0;0.6666666666666666;3
83075;1984-09-30;0;21.4;10.3;9.3;1984;9;30;-23.43;-46.46;735;74.0;66.0;81.0;932.3;932.5;932.9;3;3;3;1.0;3.0;7.0;9.0;8.0;8.0;73.66666666666667;932.5666666666666;8.333333333333334;3.6666666666666665;3
83075;1984-10-01;18.1;31.2;19.5;7;1984;10;1;-23.43;-46.46;735;91.0;81.0;69.0;924.9;924.7;921.7;2;6;8;1.0;1.0;0.0;8.0;9.0;0.0;80.33333333333333;923.7666666666668;5.666666666666667;0.6666666666666666;2
83075;1984-10-02;0;30.2;18.7;7.6;1984;10;2;-23.43;-46.46;735;76.0;72.0;73.0;928.9;929.3;927.3;3;2;2;3.0;4.0;2.0;1.0;4.0;5.0;73.66666666666667;928.5;3.3333333333333335;3.0;3
83075;1984-10-03;24.6;29.9;18.7;8.3;1984;10;3;-23.43;-46.46;735;90.0;70.0;88.0;922.4;920.6;920.9;2;7;2;1.0;1.0;1.0;9.0;0.0;4.0;82.66666666666667;921.3000000000001;4.333333333333333;1.0;2
83075;1984-10-04;0;21.3;15.2;4.2;1984;10;4;-23.43;-46.46;735;89.0;77.0;75.0;934.9;934.8;936.4;3;3;3;5.0;3.0;3.0;9.0;9.0;0.0;80.33333333333333;935.3666666666667;6.0;3.6666666666666665;3
83075;1984-10-05;0;29.6;17.3;8.1;1984;10;5;-23.43;-46.46;735;76.0;71.0;68.0;927.5;927.5;924.8;7;8;7;1.0;0.0;1.0;8.0;1.0;5.0;71.66666666666667;926.6;4.666666666666667;0.6666666666666666;7
83075;1984-10-06;0.1;21.2;10.3;8.2;1984;10;6;-23.43;-46.46;735;65.0;80.0;88.0;923.8;930.6;931.7;7;7;3;2.0;2.0;2.0;6.0;1.0;10.0;77.66666666666667;928.7000000000002;5.666666666666667;2.0;7
83075;1984-10-07;0;25.8;13.2;8;1984;10;7;-23.43;-46.46;735;78.0;56.0;80.0;930.9;932.1;930.9;8;7;8;0.0;3.0;0.0;0.0;0.0;0.0;71.33333333333333;931.3000000000001;0.0;1.0;7
83075;1984-10-08;0;28.4;13.2;7.6;1984;10;8;-23.43;-46.46;735;90.0;87.0;83.0;930.7;931.0;929.1;8;4;8;0.0;1.0;0.0;0.0;10.0;1.0;86.66666666666667;930.2666666666668;3.6666666666666665;0.3333333333333333;4
83075;1984-10-09;0;19;8.7;7.6;1984;10;9;-23.43;-46.46;735;57.0;78.0;85.0;930.4;931.0;931.8;3;3;8;3.0;1.0;0.0;2.0;9.0;9.0;73.33333333333333;931.0666666666666;6.666666666666667;1.3333333333333333;3
83075;1984-10-10;0;28;17.7;3.4;1984;10;10;-23.43;-46.46;735;75.0;59.0;87.0;918.3;917.9;922.8;7;7;3;1.0;4.0;3.0;0.0;10.0;10.0;73.66666666666667;919.6666666666666;6.666666666666667;2.6666666666666665;7
83075;1984-10-11;2.9;28.4;17.5;3;1984;10;11;-23.43;-46.46;735;75.0;67.0;88.0;914.3;915.4;918.8;7;7;3;3.0;6.0;1.0;9.0;9.0;10.0;76.66666666666667;916.1666666666666;9.333333333333334;3.3333333333333335;7
83075;1984-10-13;0;29.4;13.9;8.1;1984;10;13;-23.43;-46.46;735;75.0;66.0;86.0;924.6;921.5;921.6;3;3;8;7.0;3.0;0.0;9.0;8.0;0.0;75.66666666666667;922.5666666666666;5.666666666666667;3.3333333333333335;3
83075;1984-10-14;0;28.8;14.7;7.6;1984;10;14;-23.43;-46.46;735;86.0;85.0;87.0;921.6;920.3;922.9;8;2;2;0.0;1.0;3.0;0.0;10.0;10.0;86.0;921.6;6.666666666666667;1.3333333333333333;2
83075;1984-10-15;0;21.4;10.8;0.7;1984;10;15;-23.43;-46.46;735;87.0;81.0;82.0;922.9;922.1;922.9;2;3;2;3.0;3.0;3.0;10.0;10.0;8.0;83.33333333333333;922.6333333333333;9.333333333333334;3.0;2
83075;1984-10-16;0;27.6;16.9;5.2;1984;10;16;-23.43;-46.46;735;82.0;77.0;86.0;922.9;922.5;921.3;2;7;3;3.0;1.0;1.0;8.0;9.0;2.0;81.66666666666667;922.2333333333332;6.333333333333333;1.6666666666666667;2
83075;1984-10-17;0;31.6;16.5;9.1;1984;10;17;-23.43;-46.46;735;86.0;76.0;63.0;921.3;920.9;915.2;3;2;8;1.0;2.0;0.0;2.0;10.0;8.0;75.0;919.1333333333332;6.666666666666667;1.0;3
83075;1984-10-18;0;25.4;18.1;0;1984;10;18;-23.43;-46.46;735;63.0;78.0;86.0;915.2;919.6;921.4;8;7;3;0.0;2.0;3.0;8.0;10.0;10.0;75.66666666666667;918.7333333333335;9.333333333333334;1.6666666666666667;7
83075;1984-10-19;20;19.4;14.1;0;1984;10;19;-23.43;-46.46;735;86.0;86.0;87.0;921.4;923.2;924.7;3;4;3;3.0;6.0;5.0;10.0;10.0;6.0;86.33333333333333;923.1;8.666666666666666;4.666666666666667;3
83075;1984-10-20;0;20;13.5;2.4;1984;10;20;-23.43;-46.46;735;87.0;74.0;84.0;924.7;924.6;925.9;3;3;3;5.0;5.0;1.0;6.0;10.0;10.0;81.66666666666667;925.0666666666667;8.666666666666666;3.6666666666666665;3
83075;1984-10-21;0;21.4;14.3;5.2;1984;10;21;-23.43;-46.46;735;84.0;81.0;83.0;925.9;922.9;920.1;3;2;3;1.0;1.0;2.0;10.0;10.0;10.0;82.66666666666667;922.9666666666667;10.0;1.3333333333333333;3
83075;1984-10-22;0;30.2;16.5;9.7;1984;10;22;-23.43;-46.46;735;83.0;73.0;56.0;920.1;918.9;917.0;3;8;8;2.0;0.0;0.0;10.0;1.0;0.0;70.66666666666667;918.6666666666666;3.6666666666666665;0.6666666666666666;3
83075;1984-10-23;0;30.6;14.9;8.4;1984;10;23;-23.43;-46.46;735;56.0;59.0;83.0;917.0;916.8;920.2;8;3;3;0.0;1.0;1.0;0.0;10.0;10.0;66.0;918.0;6.666666666666667;0.6666666666666666;3
83075;1984-10-24;0;26;15.3;3.6;1984;10;24;-23.43;-46.46;735;83.0;76.0;81.0;920.2;920.1;920.1;3;3;3;1.0;3.0;1.0;10.0;10.0;6.0;80.0;920.1333333333333;8.666666666666666;1.6666666666666667;3
83075;1984-10-25;0;25.2;16.3;7.3;1984;10;25;-23.43;-46.46;735;81.0;66.0;77.0;920.1;921.0;922.6;3;2;3;1.0;6.0;3.0;6.0;8.0;9.0;74.66666666666667;921.2333333333332;7.666666666666667;3.3333333333333335;3
83075;1984-10-26;0;27.8;17.5;9.4;1984;10;26;-23.43;-46.46;735;77.0;63.0;74.0;922.6;923.6;922.8;3;3;3;3.0;3.0;3.0;9.0;6.0;4.0;71.33333333333333;923.0;6.333333333333333;3.0;3
83075;1984-10-27;0;31;15.5;10.7;1984;10;27;-23.43;-46.46;735;74.0;63.0;80.0;922.8;921.0;920.9;3;3;3;3.0;3.0;1.0;4.0;0.0;0.0;72.33333333333333;921.5666666666666;1.3333333333333333;2.3333333333333335;3
83075;1984-10-28;0;31.8;14.7;10.5;1984;10;28;-23.43;-46.46;735;80.0;67.0;60.0;920.9;919.7;916.8;3;3;3;1.0;4.0;2.0;0.0;0.0;0.0;69.0;919.1333333333332;0.0;2.3333333333333335;3
83075;1984-10-29;0;32.9;16.9;11;1984;10;29;-23.43;-46.46;735;60.0;52.0;47.0;916.8;916.5;913.8;3;3;8;2.0;1.0;0.0;0.0;10.0;1.0;53.0;915.6999999999999;3.6666666666666665;1.0;3
83075;1984-10-30;0;34.2;18.9;10.5;1984;10;30;-23.43;-46.46;735;47.0;46.0;81.0;913.8;914.8;919.6;8;3;4;0.0;1.0;3.0;1.0;1.0;8.0;58.0;916.0666666666666;3.3333333333333335;1.3333333333333333;3
83075;1984-10-31;0;22.2;17.7;0;1984;10;31;-23.43;-46.46;735;81.0;88.0;84.0;919.6;921.8;924.1;4;3;3;3.0;6.0;4.0;8.0;10.0;9.0;84.33333333333333;921.8333333333334;9.0;4.333333333333333;4
83075;1984-11-01;0;33;20.1;9.8;1984;11;1;-23.43;-46.46;735;69.0;60.0;70.0;921.7;924.2;923.1;8;8;2;0.0;0.0;1.0;0.0;3.0;0.0;66.33333333333333;923.0;1.0;0.3333333333333333;2
83075;1984-11-02;0;31;19.1;6.7;1984;11;2;-23.43;-46.46;735;73.0;79.0;89.0;927.3;927.6;926.2;2;2;3;2.0;1.0;3.0;5.0;10.0;6.0;80.33333333333333;927.0333333333334;7.0;2.0;2
83075;1984-11-03;7.7;27;18.9;7.3;1984;11;3;-23.43;-46.46;735;88.0;67.0;95.0;920.9;923.4;925.8;2;2;2;1.0;2.0;5.0;4.0;3.0;10.0;83.33333333333333;923.3666666666667;5.666666666666667;2.6666666666666665;2
83075;1984-11-04;0;21.9;14.5;2.5;1984;11;4;-23.43;-46.46;735;75.0;82.0;84.0;936.4;936.4;935.8;3;3;2;3.0;3.0;1.0;0.0;10.0;1.0;80.33333333333333;936.1999999999999;3.6666666666666665;2.3333333333333335;3
83075;1984-11-05;0;28;17.7;4.8;1984;11;5;-23.43;-46.46;735;68.0;79.0;88.0;924.8;925.0;923.9;7;3;8;1.0;1.0;0.0;5.0;4.0;7.0;78.33333333333333;924.5666666666666;5.333333333333333;0.6666666666666666;7
83075;1984-11-06;0;26.3;10.5;8.1;1984;11;6;-23.43;-46.46;735;88.0;84.0;76.0;931.7;930.3;935.0;3;2;2;2.0;4.0;1.0;10.0;0.0;0.0;82.66666666666667;932.3333333333334;3.3333333333333335;2.3333333333333335;3
83075;1984-11-07;0;26.2;11.3;7.7;1984;11;7;-23.43;-46.46;735;80.0;72.0;65.0;930.9;929.9;928.1;8;7;8;0.0;1.0;0.0;0.0;0.0;0.0;72.33333333333333;929.6333333333333;0.0;0.3333333333333333;7
83075;1984-11-09;0;21.8;9.4;8.1;1984;11;9;-23.43;-46.46;735;85.0;76.0;83.0;931.8;933.0;930.2;8;3;3;0.0;3.0;1.0;9.0;6.0;10.0;81.33333333333333;931.6666666666666;8.333333333333334;1.3333333333333333;3
83075;1984-11-11;14.4;21.8;16.7;0;1984;11;11;-23.43;-46.46;735;88.0;88.0;92.0;918.8;920.1;917.4;3;3;3;1.0;3.0;1.0;10.0;10.0;10.0;89.33333333333333;918.7666666666668;10.0;1.6666666666666667;3
83075;1984-11-13;11.7;28.4;17;2.1;1984;11;13;-23.43;-46.46;735;92.0;84.0;83.0;918.8;920.1;922.9;8;3;3;0.0;3.0;5.0;10.0;10.0;9.0;86.33333333333333;920.6;9.666666666666666;2.6666666666666665;3
83075;1984-11-14;0;23.4;15.5;4.2;1984;11;14;-23.43;-46.46;735;83.0;72.0;85.0;922.9;919.4;920.5;3;3;3;5.0;3.0;2.0;9.0;9.0;10.0;80.0;920.9333333333334;9.333333333333334;3.3333333333333335;3
83075;1984-11-15;0;21.4;13.7;11.4;1984;11;15;-23.43;-46.46;735;85.0;65.0;94.0;920.5;920.1;919.2;3;3;3;2.0;5.0;1.0;10.0;5.0;1.0;81.33333333333333;919.9333333333334;5.333333333333333;2.6666666666666665;3
83075;1984-11-16;0;28;14.5;7.7;1984;11;16;-23.43;-46.46;735;94.0;72.0;81.0;919.2;917.3;916.2;3;0;3;1.0;1.0;1.0;1.0;6.0;3.0;82.33333333333333;917.5666666666666;3.3333333333333335;1.0;3
83075;1984-11-17;0;29;16.5;4.4;1984;11;17;-23.43;-46.46;735;81.0;62.0;84.0;916.2;915.3;917.4;3;7;3;1.0;0.1;5.0;3.0;8.0;10.0;75.66666666666667;916.3000000000001;7.0;2.033333333333333;3
83075;1984-11-18;1.6;21.4;16.1;0;1984;11;18;-23.43;-46.46;735;84.0;79.0;81.0;917.4;918.8;918.4;3;3;3;5.0;3.0;4.0;10.0;10.0;9.0;81.33333333333333;918.1999999999999;9.666666666666666;4.0;3
83075;1984-11-19;0;23.9;15.1;2.2;1984;11;19;-23.43;-46.46;735;81.0;76.0;84.0;918.4;917.4;916.3;3;3;3;4.0;1.0;3.0;9.0;10.0;8.0;80.33333333333333;917.3666666666667;9.0;2.6666666666666665;3
83075;1984-12-01;0;33.6;20.5;11.5;1984;12;1;-23.43;-46.46;735;70.0;67.0;62.0;923.1;924.8;922.8;2;2;2;1.0;1.0;1.0;0.0;3.0;1.0;66.33333333333333;923.5666666666666;1.3333333333333333;1.0;2
83075;1984-12-02;0;30.8;19.3;6.8;1984;12;2;-23.43;-46.46;735;89.0;71.0;83.0;926.2;926.0;923.4;3;7;3;3.0;2.0;2.0;6.0;5.0;4.0;81.0;925.1999999999999;5.0;2.3333333333333335;3
83075;1984-12-03;0;24.7;18.5;6.5;1984;12;3;-23.43;-46.46;735;95.0;70.0;75.0;925.8;927.7;928.0;2;2;2;5.0;1.0;3.0;10.0;6.0;9.0;80.0;927.1666666666666;8.333333333333334;3.0;2
83075;1984-12-04;0;24.6;12.9;7.5;1984;12;4;-23.43;-46.46;735;84.0;69.0;87.0;935.8;936.2;933.6;2;3;3;1.0;1.0;1.0;1.0;5.0;3.0;80.0;935.1999999999999;3.0;1.0;2
83075;1984-12-06;0;27.2;13;7.6;1984;12;6;-23.43;-46.46;735;76.0;87.0;74.0;935.0;942.0;924.0;2;2;7;1.0;1.0;1.0;0.0;4.0;0.0;79.0;933.6666666666666;1.3333333333333333;1.0;2
83075;1984-12-08;0;30;13.1;8;1984;12;8;-23.43;-46.46;735;67.0;53.0;50.0;924.8;928.6;927.7;8;3;7;0.0;1.0;1.0;0.0;0.0;0.0;56.666666666666664;927.0333333333334;0.0;0.6666666666666666;3
83075;1984-12-09;0;26.2;9.9;7.7;1984;12;9;-23.43;-46.46;735;83.0;86.0;59.0;930.2;930.4;928.2;3;8;8;1.0;0.0;0.0;10.0;10.0;0.0;76.0;929.6;6.666666666666667;0.3333333333333333;3
83075;1984-12-11;71.2;26.4;17.5;3.1;1984;12;11;-23.43;-46.46;735;92.0;72.0;92.0;917.4;916.8;918.8;3;7;8;1.0;4.0;0.0;10.0;8.0;10.0;85.33333333333333;917.6666666666666;9.333333333333334;1.6666666666666667;3
83075;1984-12-17;7.2;28.3;14.7;4;1984;12;17;-23.43;-46.46;735;87.0;86.0;91.0;923.8;923.8;922.5;3;8;7;2.0;0.0;3.0;8.0;10.0;10.0;88.0;923.3666666666667;9.333333333333334;1.6666666666666667;3
83075;1984-12-18;8.9;23.4;15.5;1.8;1984;12;18;-23.43;-46.46;735;91.0;76.0;85.0;922.5;926.4;929.8;7;8;3;3.0;0.0;3.0;10.0;10.0;9.0;84.0;926.2333333333332;9.666666666666666;2.0;7
83075;1984-12-19;0;22.8;13.7;6;1984;12;19;-23.43;-46.46;735;85.0;68.0;85.0;929.8;929.4;929.7;3;3;3;3.0;6.0;1.0;9.0;9.0;8.0;79.33333333333333;929.6333333333332;8.666666666666666;3.3333333333333335;3
83075;1984-12-20;0;25.8;13.1;9.4;1984;12;20;-23.43;-46.46;735;85.0;72.0;86.0;929.7;929.3;928.7;3;3;2;1.0;3.0;1.0;8.0;8.0;0.0;81.0;929.2333333333332;5.333333333333333;1.6666666666666667;3
83075;1984-12-21;0;29.8;14.9;9.7;1984;12;21;-23.43;-46.46;735;86.0;78.0;80.0;928.7;925.1;925.9;2;8;3;1.0;0.0;1.0;0.0;0.0;8.0;81.33333333333333;926.5666666666667;2.6666666666666665;0.6666666666666666;2
83075;1984-12-22;0;26.6;17.1;9.9;1984;12;22;-23.43;-46.46;735;80.0;65.0;68.0;925.9;926.3;926.8;3;3;2;1.0;1.0;3.0;8.0;6.0;0.0;71.0;926.3333333333334;4.666666666666667;1.6666666666666667;3
83075;1984-12-23;0;26;13.9;8.7;1984;12;23;-23.43;-46.46;735;68.0;62.0;84.0;926.8;926.5;928.1;2;2;2;3.0;1.0;5.0;0.0;2.0;0.0;71.33333333333333;927.1333333333333;0.6666666666666666;3.0;2
83075;1984-12-25;0;28.8;18.6;2.2;1984;12;25;-23.43;-46.46;735;78.0;73.0;86.0;927.8;928.0;929.1;3;2;2;3.0;1.0;1.0;6.0;9.0;9.0;79.0;928.3000000000001;8.0;1.6666666666666667;3
83075;1984-12-26;0.3;27;18.7;2;1984;12;26;-23.43;-46.46;735;86.0;69.0;84.0;929.1;928.6;930.6;2;8;2;1.0;0.0;3.0;9.0;8.0;8.0;79.66666666666667;929.4333333333334;8.333333333333334;1.3333333333333333;2
83075;1984-12-27;3.7;21.4;17.7;0.6;1984;12;27;-23.43;-46.46;735;84.0;79.0;86.0;930.6;930.3;929.4;2;8;8;3.0;0.0;0.0;8.0;10.0;0.0;83.0;930.1;6.0;1.0;2
83075;1984-12-28;0;23.6;18.3;0;1984;12;28;-23.43;-46.46;735;86.0;78.0;87.0;929.4;931.8;930.6;8;3;2;0.0;5.0;1.0;0.0;10.0;9.0;83.66666666666667;930.5999999999999;6.333333333333333;2.0;3
83075;1984-12-29;0;26.2;18.3;0.4;1984;12;29;-23.43;-46.46;735;87.0;77.0;83.0;930.6;931.5;930.5;2;8;3;1.0;0.0;1.0;9.0;10.0;10.0;82.33333333333333;930.8666666666667;9.666666666666666;0.6666666666666666;2
83075;1984-12-30;13.2;27.2;18.7;2.4;1984;12;30;-23.43;-46.46;735;83.0;78.0;86.0;930.5;925.1;925.3;3;8;8;1.0;0.0;0.0;10.0;5.0;4.0;82.33333333333333;926.9666666666666;6.333333333333333;0.3333333333333333;3
83075;1984-12-31;2;23.6;17.5;0.4;1984;12;31;-23.43;-46.46;735;86.0;80.0;89.0;925.3;925.1;925.1;8;7;8;0.0;1.0;0.0;4.0;10.0;0.0;85.0;925.1666666666666;4.666666666666667;0.3333333333333333;7
83075;1986-01-02;0;33;19.9;11;1986;1;2;-23.43;-46.46;735;62.0;51.0;37.0;929.6;932.1;926.0;8;7;7;0.0;1.0;3.0;0.0;0.0;4.0;50.0;929.2333333333332;1.3333333333333333;1.3333333333333333;7
83075;1986-01-03;6.3;25.5;18.5;0.5;1986;1;3;-23.43;-46.46;735;84.0;80.0;90.0;934.0;935.6;932.3;8;8;3;0.0;0.0;3.0;10.0;10.0;10.0;84.66666666666667;933.9666666666666;10.0;1.0;3
83075;1986-01-04;0;28;17.7;6.5;1986;1;4;-23.43;-46.46;735;79.0;80.0;51.0;934.2;935.7;929.4;1;8;2;3.0;0.0;3.0;9.0;10.0;10.0;70.0;933.1;9.666666666666666;2.0;1
83075;1986-01-05;0;26.4;14.3;8.5;1986;1;5;-23.43;-46.46;735;86.0;83.0;40.0;939.0;939.0;933.0;8;3;7;0.0;1.0;5.0;9.0;1.0;0.0;69.66666666666667;937.0;3.3333333333333335;2.0;3
83075;1986-01-06;0;20;8.9;8.1;1986;1;6;-23.43;-46.46;735;89.0;81.0;37.0;936.8;938.4;936.0;3;8;8;1.0;0.0;0.0;10.0;10.0;10.0;69.0;937.0666666666666;10.0;0.3333333333333333;3
83075;1986-01-07;0;23.2;13.9;0.6;1986;1;7;-23.43;-46.46;735;71.0;60.0;55.0;934.6;934.6;934.1;8;7;7;0.0;3.0;2.0;2.0;8.0;9.0;62.0;934.4333333333334;6.333333333333333;1.6666666666666667;7
83075;1986-01-08;7.7;24;12.9;7.1;1986;1;8;-23.43;-46.46;735;89.0;94.0;51.0;938.0;938.0;932.7;8;7;8;0.0;1.0;0.0;10.0;10.0;2.0;78.0;936.2333333333332;7.333333333333333;0.3333333333333333;7
83075;1986-01-09;0;19.6;10.5;7.7;1986;1;9;-23.43;-46.46;735;83.0;67.0;50.0;940.9;941.8;938.7;3;3;3;1.0;5.0;5.0;8.0;8.0;8.0;66.66666666666667;940.4666666666666;8.0;3.6666666666666665;3
83075;1986-01-10;0;25;13.5;8.6;1986;1;10;-23.43;-46.46;735;81.0;67.0;59.0;941.3;939.3;936.9;8;2;3;0.0;3.0;5.0;2.0;5.0;10.0;69.0;939.1666666666666;5.666666666666667;2.6666666666666665;2
83075;1986-01-13;0;31.4;19.7;7.7;1986;1;13;-23.43;-46.46;735;86.0;72.0;47.0;931.3;931.1;923.6;8;7;8;0.0;1.0;0.0;5.0;8.0;6.0;68.33333333333333;928.6666666666666;6.333333333333333;0.3333333333333333;7
83075;1986-01-14;0;28.6;19.1;4.5;1986;1;14;-23.43;-46.46;735;80.0;77.0;82.0;934.0;931.7;929.7;3;3;3;2.0;3.0;8.0;4.0;9.0;8.0;79.66666666666667;931.8000000000001;7.0;4.333333333333333;3
83075;1986-01-15;0;29.8;17.5;2.5;1986;1;15;-23.43;-46.46;735;82.0;76.0;60.0;932.3;933.0;926.5;2;3;3;1.0;3.0;2.0;2.0;9.0;8.0;72.66666666666667;930.6;6.333333333333333;2.0;2
83075;1986-01-16;40.5;31.4;18.9;11;1986;1;16;-23.43;-46.46;735;85.0;79.0;51.0;932.8;932.5;923.8;8;8;7;0.0;0.0;5.0;8.0;6.0;6.0;71.66666666666667;929.6999999999999;6.666666666666667;1.6666666666666667;7
83075;1986-01-17;0;32;21.5;11.9;1986;1;17;-23.43;-46.46;735;77.0;58.0;45.0;931.2;929.5;923.6;3;7;7;3.0;5.0;3.0;9.0;2.0;5.0;60.0;928.1;5.333333333333333;3.6666666666666665;3
83075;1986-01-18;0;31;21.9;8.7;1986;1;18;-23.43;-46.46;735;67.0;53.0;50.0;928.3;930.0;927.6;7;7;7;1.0;5.0;5.0;1.0;6.0;8.0;56.666666666666664;928.6333333333333;5.0;3.6666666666666665;7
83075;1986-01-19;0;32.4;22.5;10.2;1986;1;19;-23.43;-46.46;735;71.0;61.0;41.0;929.5;930.7;925.8;8;7;7;0.0;5.0;5.0;8.0;10.0;6.0;57.666666666666664;928.6666666666666;8.0;3.3333333333333335;7
83075;1986-01-20;0;26.8;20.5;1.4;1986;1;20;-23.43;-46.46;735;60.0;88.0;75.0;930.9;934.7;933.9;8;3;3;0.0;3.0;3.0;5.0;10.0;9.0;74.33333333333333;933.1666666666666;8.0;2.0;3
83075;1986-01-21;0;29.4;19.1;2.1;1986;1;21;-23.43;-46.46;735;83.0;77.0;73.0;936.3;935.4;933.3;3;3;3;3.0;3.0;6.0;9.0;10.0;10.0;77.66666666666667;935.0;9.666666666666666;4.0;3
83075;1986-01-22;19.1;31;18.3;5.2;1986;1;22;-23.43;-46.46;735;86.0;75.0;63.0;935.9;935.3;929.3;8;3;3;0.0;1.0;6.0;10.0;6.0;10.0;74.66666666666667;933.5;8.666666666666666;2.3333333333333335;3
83075;1986-01-23;16.4;30;18.1;4.7;1986;1;23;-23.43;-46.46;735;87.0;73.0;53.0;935.8;933.7;929.8;8;8;7;0.0;0.0;5.0;8.0;5.0;10.0;71.0;933.1;7.666666666666667;1.6666666666666667;7
83075;1986-01-24;30.2;30.6;18.4;6.4;1986;1;24;-23.43;-46.46;735;92.0;80.0;75.0;937.0;934.6;934.6;8;8;3;0.0;0.0;3.0;10.0;4.0;10.0;82.33333333333333;935.4;8.0;1.0;3
83075;1986-01-27;57.3;30.8;16.3;7.9;1986;1;27;-23.43;-46.46;735;89.0;85.0;37.0;934.7;935.6;928.3;8;8;7;0.0;0.0;3.0;5.0;5.0;8.0;70.33333333333333;932.8666666666668;6.0;1.0;7
83075;1986-01-28;0;31;17.5;8;1986;1;28;-23.43;-46.46;735;84.0;60.0;36.0;936.8;932.4;926.3;8;7;8;0.0;3.0;0.0;2.0;9.0;10.0;60.0;931.8333333333334;7.0;1.0;7
83075;1986-01-29;0;31;17.5;7;1986;1;29;-23.43;-46.46;735;77.0;64.0;38.0;931.3;931.8;926.3;8;8;3;0.0;0.0;1.0;0.0;4.0;8.0;59.666666666666664;929.7999999999998;4.0;0.3333333333333333;3
83075;1986-01-30;28.9;32;16.9;11;1986;1;30;-23.43;-46.46;735;87.0;65.0;41.0;931.4;931.7;926.1;8;8;7;0.0;0.0;3.0;8.0;9.0;6.0;64.33333333333333;929.7333333333332;7.666666666666667;1.0;7
83075;1986-01-31;0;31.2;19.7;10.4;1986;1;31;-23.43;-46.46;735;78.0;60.0;42.0;929.6;931.9;926.2;8;7;7;0.0;3.0;3.0;0.0;9.0;6.0;60.0;929.2333333333332;5.0;2.0;7
83075;1986-02-01;16;27.2;17.1;3.4;1986;2;1;-23.43;-46.46;735;81.0;93.0;65.0;931.4;931.1;925.7;3;8;3;1.0;0.0;3.0;10.0;10.0;9.0;79.66666666666667;929.4;9.666666666666666;1.3333333333333333;3
83075;1986-02-03;29.5;22.8;18.3;0;1986;2;3;-23.43;-46.46;735;89.0;94.0;78.0;934.6;934.6;931.5;8;8;3;0.0;0.0;3.0;10.0;10.0;10.0;87.0;933.5666666666666;10.0;1.0;3
83075;1986-02-04;0;30;18.7;7.8;1986;2;4;-23.43;-46.46;735;81.0;76.0;44.0;934.4;934.1;927.8;8;8;7;0.0;0.0;4.6;9.0;10.0;8.0;67.0;932.1;9.0;1.5333333333333332;7
83075;1986-02-06;0;19.3;7.7;7.7;1986;2;6;-23.43;-46.46;735;83.0;83.0;47.0;939.7;940.6;937.8;3;8;3;1.0;0.0;1.0;0.0;8.0;10.0;71.0;939.3666666666668;6.0;0.6666666666666666;3
83075;1986-02-07;2;18.8;14.1;0;1986;2;7;-23.43;-46.46;735;67.0;89.0;77.0;937.4;941.1;941.8;8;4;8;0.0;1.0;0.0;10.0;10.0;8.0;77.66666666666667;940.1;9.333333333333334;0.3333333333333333;4
83075;1986-02-09;0;20.6;8.5;7.3;1986;2;9;-23.43;-46.46;735;84.0;66.0;44.0;942.4;942.7;938.6;3;2;8;3.0;3.0;0.0;4.0;6.0;9.0;64.66666666666667;941.2333333333332;6.333333333333333;2.0;3
83075;1986-02-10;0;28.8;13.3;9.1;1986;2;10;-23.43;-46.46;735;78.0;68.0;40.0;939.1;938.0;932.0;2;3;8;1.0;2.0;0.0;9.0;0.0;8.0;62.0;936.3666666666667;5.666666666666667;1.0;2
83075;1986-02-11;0;34.2;18.3;9.6;1986;2;11;-23.43;-46.46;735;60.0;61.0;31.0;932.6;932.3;922.6;7;8;8;1.0;0.0;0.0;4.0;10.0;8.0;50.666666666666664;929.1666666666666;7.333333333333333;0.3333333333333333;7
83075;1986-02-12;59.9;26.4;19.1;1.9;1986;2;12;-23.43;-46.46;735;97.0;86.0;72.0;931.6;931.7;929.8;8;1;0;0.0;5.0;3.0;10.0;10.0;10.0;85.0;931.0333333333334;10.0;2.6666666666666665;1
83075;1986-03-01;0.3;27.6;15.5;11.7;1986;3;1;-23.43;-46.46;735;81.0;61.0;43.0;931.2;931.0;926.1;3;8;3;3.0;0.0;3.0;9.0;4.0;2.0;61.666666666666664;929.4333333333334;5.0;2.0;3
83075;1986-03-03;2.3;29.2;17.9;4.3;1986;3;3;-23.43;-46.46;735;90.0;77.0;68.0;934.6;935.6;931.6;3;8;3;3.0;0.0;5.0;10.0;9.0;9.0;78.33333333333333;933.9333333333334;9.333333333333334;2.6666666666666665;3
83075;1986-03-05;0;28;12.7;8.6;1986;3;5;-23.43;-46.46;735;80.0;80.0;41.0;937.3;939.0;932.2;8;8;7;0.0;0.0;3.0;9.0;10.0;0.0;67.0;936.1666666666666;6.333333333333333;1.0;7
83075;1986-03-06;0;20;10.3;7.7;1986;3;6;-23.43;-46.46;735;82.0;75.0;47.0;941.0;942.2;939.4;8;3;3;0.0;3.0;5.0;0.0;0.0;4.0;68.0;940.8666666666667;1.3333333333333333;2.6666666666666665;3
83075;1986-03-07;0;19.4;14.1;0.2;1986;3;7;-23.43;-46.46;735;88.0;85.0;80.0;942.0;943.2;941.1;1;3;3;1.0;5.0;3.0;10.0;10.0;10.0;84.33333333333333;942.1;10.0;3.0;1
83075;1986-03-08;0;28.8;11.7;8.5;1986;3;8;-23.43;-46.46;735;79.0;78.0;28.0;937.6;939.0;931.7;8;8;7;0.0;0.0;2.0;0.0;0.0;1.0;61.666666666666664;936.1;0.3333333333333333;0.6666666666666666;7
83075;1986-03-09;0;23.2;10.5;5.2;1986;3;9;-23.43;-46.46;735;82.0;70.0;45.0;940.7;940.8;935.4;3;8;3;1.0;0.0;1.0;4.0;9.0;10.0;65.66666666666667;938.9666666666667;7.666666666666667;0.6666666666666666;3
83075;1986-03-10;0;30;14.1;8.2;1986;3;10;-23.43;-46.46;735;80.0;64.0;40.0;937.3;937.7;930.5;8;2;8;0.0;2.0;0.0;4.0;10.0;10.0;61.333333333333336;935.1666666666666;8.0;0.6666666666666666;2
83075;1986-03-11;0;30.8;13.1;4.4;1986;3;11;-23.43;-46.46;735;65.0;62.0;91.0;932.2;932.4;934.0;8;8;2;0.0;0.0;2.0;10.0;6.0;10.0;72.66666666666667;932.8666666666667;8.666666666666666;0.6666666666666666;2
83075;1986-03-12;4.7;28.2;19.7;1.2;1986;3;12;-23.43;-46.46;735;89.0;76.0;67.0;933.1;933.9;930.8;3;8;7;1.0;0.0;3.0;10.0;10.0;10.0;77.33333333333333;932.6;10.0;1.3333333333333333;3
83075;1986-03-13;4.5;29.2;18.7;6.1;1986;3;13;-23.43;-46.46;735;88.0;82.0;59.0;936.3;936.9;930.7;8;8;3;0.0;0.0;4.0;8.0;8.0;8.0;76.33333333333333;934.6333333333332;8.0;1.3333333333333333;3
83075;1986-03-14;0;31.8;17.9;8.6;1986;3;14;-23.43;-46.46;735;84.0;82.0;45.0;935.6;935.6;926.3;8;8;7;0.0;0.0;3.0;2.0;6.0;6.0;70.33333333333333;932.5;4.666666666666667;1.0;7
83075;1986-03-15;0;33.2;19.9;7.3;1986;3;15;-23.43;-46.46;735;81.0;83.0;38.0;932.5;932.6;922.7;8;8;1;0.0;0.0;1.0;2.0;10.0;5.0;67.33333333333333;929.2666666666668;5.666666666666667;0.3333333333333333;1
83075;1986-03-16;0;32.2;19.7;8.6;1986;3;16;-23.43;-46.46;735;76.0;75.0;47.0;932.7;932.6;925.0;8;8;7;0.0;0.0;3.0;10.0;4.0;8.0;66.0;930.1;7.333333333333333;1.0;7
83075;1986-03-17;1;32.5;19.3;9.4;1986;3;17;-23.43;-46.46;735;79.0;63.0;50.0;931.4;932.3;925.0;8;0;7;0.0;3.0;3.0;9.0;1.0;5.0;64.0;929.5666666666666;5.0;2.0;0
83075;1986-03-18;0;33;19.7;10.1;1986;3;18;-23.43;-46.46;735;68.0;71.0;40.0;933.9;932.4;927.3;3;0;7;1.0;1.0;3.0;9.0;1.0;5.0;59.666666666666664;931.1999999999999;5.0;1.6666666666666667;3
83075;1986-03-19;0;24.3;20.7;0;1986;3;19;-23.43;-46.46;735;71.0;74.0;80.0;933.3;934.0;933.5;7;8;3;1.0;0.0;2.0;5.0;10.0;10.0;75.0;933.6;8.333333333333334;1.0;7
83075;1986-03-20;0;22.8;17.1;0.8;1986;3;20;-23.43;-46.46;735;76.0;63.0;66.0;935.7;937.5;935.7;0;3;3;3.0;5.0;3.0;10.0;9.0;10.0;68.33333333333333;936.3000000000001;9.666666666666666;3.6666666666666665;0
83075;1986-03-21;0;23;16.1;3;1986;3;21;-23.43;-46.46;735;72.0;66.0;61.0;937.3;937.7;932.7;3;3;3;3.0;3.0;1.0;10.0;8.0;10.0;66.33333333333333;935.9;9.333333333333334;2.3333333333333335;3
83075;1986-03-22;0;27.5;13.9;6.1;1986;3;22;-23.43;-46.46;735;75.0;72.0;56.0;936.1;935.7;930.8;3;3;8;3.0;5.0;0.0;10.0;8.0;8.0;67.66666666666667;934.2000000000002;8.666666666666666;2.6666666666666665;3
83075;1986-03-23;0;24;17.9;0.8;1986;3;23;-23.43;-46.46;735;81.0;85.0;79.0;935.1;935.7;932.7;8;3;8;0.0;3.0;0.0;10.0;8.0;10.0;81.66666666666667;934.5;9.333333333333334;1.0;3
83075;1986-03-24;24.3;26;17.3;2.9;1986;3;24;-23.43;-46.46;735;91.0;84.0;76.0;936.1;936.8;932.6;8;8;3;0.0;0.0;5.0;10.0;10.0;8.0;83.66666666666667;935.1666666666666;9.333333333333334;1.6666666666666667;3
83075;1986-03-25;2.7;31;17.7;7.8;1986;3;25;-23.43;-46.46;735;90.0;83.0;48.0;935.6;934.8;927.4;8;8;7;0.0;0.0;3.0;2.0;2.0;6.0;73.66666666666667;932.6;3.3333333333333335;1.0;7
83075;1986-03-26;0;28;18.7;2.5;1986;3;26;-23.43;-46.46;735;83.0;72.0;77.0;934.0;933.3;933.8;8;8;3;0.0;0.0;3.0;1.0;10.0;10.0;77.33333333333333;933.6999999999999;7.0;1.0;3
83075;1986-03-27;26.3;26.2;16.7;5.5;1986;3;27;-23.43;-46.46;735;93.0;82.0;66.0;934.7;936.0;932.6;8;8;3;0.0;0.0;5.0;10.0;9.0;6.0;80.33333333333333;934.4333333333334;8.333333333333334;1.6666666666666667;3
83075;1986-03-29;0;29;17.3;6.4;1986;3;29;-23.43;-46.46;735;84.0;78.0;59.0;938.7;940.6;934.7;3;8;8;1.0;0.0;0.0;10.0;8.0;4.0;73.66666666666667;938.0;7.333333333333333;0.3333333333333333;3
83075;1986-03-30;22.9;28.5;17.5;8.6;1986;3;30;-23.43;-46.46;735;86.0;74.0;52.0;939.6;936.9;933.3;8;8;7;0.0;0.0;5.0;10.0;5.0;6.0;70.66666666666667;936.6;7.0;1.6666666666666667;7
83075;1986-03-31;0;29.5;18.9;7.4;1986;3;31;-23.43;-46.46;735;75.0;71.0;65.0;934.2;933.8;929.5;7;8;3;1.0;0.0;3.0;0.0;8.0;8.0;70.33333333333333;932.5;5.333333333333333;1.3333333333333333;7
83075;1986-04-01;0;32.4;15.3;9.8;1986;4;1;-23.43;-46.46;735;77.0;65.0;34.0;930.0;930.1;920.1;3;8;7;3.0;0.0;5.0;0.0;4.0;4.0;58.666666666666664;926.7333333333332;2.6666666666666665;2.6666666666666665;3
83075;1986-04-03;2.2;26.5;18.9;1.5;1986;4;3;-23.43;-46.46;735;91.0;83.0;75.0;936.4;938.3;935.2;3;8;3;1.0;0.0;3.0;10.0;10.0;9.0;83.0;936.6333333333332;9.666666666666666;1.3333333333333333;3
83075;1986-04-04;0;31.2;18.3;7.2;1986;4;4;-23.43;-46.46;735;85.0;77.0;40.0;934.1;935.4;925.6;3;8;8;1.0;0.0;0.0;6.0;10.0;5.0;67.33333333333333;931.6999999999999;7.0;0.3333333333333333;3
83075;1986-04-06;0;19;10.1;5.9;1986;4;6;-23.43;-46.46;735;86.0;71.0;56.0;941.0;941.5;940.2;3;2;3;1.0;3.0;3.0;0.0;9.0;8.0;71.0;940.9;5.666666666666667;2.3333333333333335;3
83075;1986-04-07;0;21.6;14.1;3.6;1986;4;7;-23.43;-46.46;735;85.0;87.0;59.0;941.9;941.9;938.3;3;8;3;1.0;0.0;5.0;10.0;10.0;8.0;77.0;940.6999999999999;9.333333333333334;2.0;3
83075;1986-04-08;0;28.6;14.1;6.7;1986;4;8;-23.43;-46.46;735;64.0;68.0;32.0;937.9;939.3;932.6;7;8;3;1.0;0.0;3.0;5.0;10.0;10.0;54.666666666666664;936.5999999999999;8.333333333333334;1.3333333333333333;7
83075;1986-04-09;0;22.4;11.1;0.5;1986;4;9;-23.43;-46.46;735;64.0;73.0;55.0;937.6;939.2;935.6;8;2;8;0.0;2.0;0.0;2.0;10.0;10.0;64.0;937.4666666666667;7.333333333333333;0.6666666666666666;2
83075;1986-04-10;0;31;12.9;7.6;1986;4;10;-23.43;-46.46;735;58.0;59.0;26.0;936.3;937.1;928.4;8;8;4;0.0;0.0;1.0;5.0;8.0;8.0;47.666666666666664;933.9333333333334;7.0;0.3333333333333333;4
83075;1986-04-11;72.3;32;12.9;7.6;1986;4;11;-23.43;-46.46;735;90.0;76.0;40.0;934.6;934.1;923.7;8;2;6;0.0;2.0;2.0;8.0;8.0;8.0;68.66666666666667;930.8000000000001;8.0;1.3333333333333333;2
83075;1986-04-13;0;31.8;21.3;9.8;1986;4;13;-23.43;-46.46;735;86.0;73.0;45.0;932.9;931.9;926.2;3;8;7;3.0;0.0;7.0;10.0;0.0;4.0;68.0;930.3333333333334;4.666666666666667;3.3333333333333335;3
83075;1986-04-15;18;24.3;16.5;1.1;1986;4;15;-23.43;-46.46;735;83.0;79.0;91.0;930.3;932.8;932.8;8;7;8;0.0;5.0;0.0;6.0;10.0;10.0;84.33333333333333;931.9666666666666;8.666666666666666;1.6666666666666667;7
83075;1986-04-16;29.9;20;14.7;0;1986;4;16;-23.43;-46.46;735;89.0;84.0;72.0;936.4;940.4;938.7;2;3;3;3.0;5.0;5.0;10.0;10.0;10.0;81.66666666666667;938.5;10.0;4.333333333333333;2
83075;1986-04-17;0.4;19.5;14.3;1.5;1986;4;17;-23.43;-46.46;735;83.0;80.0;73.0;941.2;941.0;938.8;3;3;3;4.0;3.0;5.0;10.0;9.0;9.0;78.66666666666667;940.3333333333334;9.333333333333334;4.0;3
83075;1986-04-18;0;23.2;12.1;8.6;1986;4;18;-23.43;-46.46;735;80.0;72.0;49.0;938.8;939.0;934.0;3;2;8;3.0;1.0;0.0;9.0;2.0;6.0;67.0;937.2666666666668;5.666666666666667;1.3333333333333333;3
83075;1986-04-19;0;24.9;13.7;6.6;1986;4;19;-23.43;-46.46;735;84.0;83.0;56.0;937.6;937.6;932.6;3;3;8;1.0;3.0;0.0;2.0;10.0;6.0;74.33333333333333;935.9333333333334;6.0;1.3333333333333333;3
83075;1986-04-22;2.8;29;17.9;8.9;1986;4;22;-23.43;-46.46;735;83.0;67.0;46.0;934.3;934.0;929.3;8;7;3;0.0;3.0;4.0;9.0;5.0;6.0;65.33333333333333;932.5333333333333;6.666666666666667;2.3333333333333335;7
83075;1986-04-23;0;23;17.3;1.4;1986;4;23;-23.43;-46.46;735;81.0;76.0;74.0;935.9;935.7;933.5;8;3;3;0.0;1.0;4.0;8.0;6.0;10.0;77.0;935.0333333333333;8.0;1.6666666666666667;3
83075;1986-04-24;0.6;26;16.7;7.2;1986;4;24;-23.43;-46.46;735;87.0;85.0;59.0;936.0;936.0;929.7;8;8;3;0.0;0.0;1.0;9.0;8.0;5.0;77.0;933.9;7.333333333333333;0.3333333333333333;3
83075;1986-04-25;0;28.6;18.1;7;1986;4;25;-23.43;-46.46;735;83.0;76.0;51.0;935.1;934.2;928.0;3;3;8;1.0;3.0;0.0;10.0;4.0;6.0;70.0;932.4333333333334;6.666666666666667;1.3333333333333333;3
83075;1986-04-26;1.7;29;18.9;8.7;1986;4;26;-23.43;-46.46;735;78.0;70.0;55.0;932.7;932.5;925.9;8;8;6;0.0;0.0;3.0;6.0;2.0;2.0;67.66666666666667;930.3666666666667;3.3333333333333335;1.0;6
83075;1986-04-28;1.7;22;15.5;4.5;1986;4;28;-23.43;-46.46;735;82.0;80.0;63.0;936.2;934.9;937.8;3;3;3;1.0;5.0;5.0;9.0;8.0;9.0;75.0;936.2999999999998;8.666666666666666;3.6666666666666665;3
83075;1986-04-29;0;22;13.5;7.4;1986;4;29;-23.43;-46.46;735;81.0;82.0;59.0;940.1;940.4;938.4;3;8;3;1.0;0.0;5.0;10.0;10.0;8.0;74.0;939.6333333333333;9.333333333333334;2.0;3
83075;1986-04-30;0;23.5;13.1;8.8;1986;4;30;-23.43;-46.46;735;86.0;74.0;49.0;940.4;939.9;936.0;3;8;8;3.0;0.0;0.0;6.0;5.0;5.0;69.66666666666667;938.7666666666668;5.333333333333333;1.0;3
83075;1986-05-01;0.5;26.8;20.1;1.2;1986;5;1;-23.43;-46.46;735;54.0;77.0;78.0;927.0;931.4;930.0;3;7;3;1.0;3.0;5.0;4.0;10.0;10.0;69.66666666666667;929.4666666666667;8.0;3.0;3
83075;1986-05-03;21.4;27;18.7;1.7;1986;5;3;-23.43;-46.46;735;92.0;81.0;57.0;936.0;935.3;930.2;3;3;7;1.0;3.0;2.0;10.0;9.0;8.0;76.66666666666667;933.8333333333334;9.0;2.0;3
83075;1986-05-04;0;31;18.1;6.4;1986;5;4;-23.43;-46.46;735;81.0;79.0;40.0;932.6;932.8;930.3;8;3;7;0.0;1.0;3.0;0.0;1.0;9.0;66.66666666666667;931.9;3.3333333333333335;1.3333333333333333;3
83075;1986-05-05;0;28;13.7;6.3;1986;5;5;-23.43;-46.46;735;86.0;89.0;35.0;936.1;937.8;930.1;8;8;7;0.0;0.0;1.0;0.0;8.0;8.0;70.0;934.6666666666666;5.333333333333333;0.3333333333333333;7
83075;1986-05-06;0;19.8;9.9;6;1986;5;6;-23.43;-46.46;735;84.0;85.0;50.0;940.2;941.2;938.4;8;2;8;0.0;3.0;0.0;1.0;10.0;10.0;73.0;939.9333333333334;7.0;1.0;2
83075;1986-05-07;0;22.4;13.9;5.1;1986;5;7;-23.43;-46.46;735;83.0;76.0;57.0;940.4;941.7;938.3;3;8;3;3.0;0.0;3.0;10.0;8.0;4.0;72.0;940.1333333333332;7.333333333333333;2.0;3
83075;1986-05-08;0;29;13.5;7.9;1986;5;8;-23.43;-46.46;735;68.0;70.0;26.0;938.1;940.0;933.4;8;3;3;0.0;1.0;1.0;6.0;10.0;10.0;54.666666666666664;937.1666666666666;8.666666666666666;0.6666666666666666;3
83075;1986-05-09;0.3;19.2;12.9;0;1986;5;9;-23.43;-46.46;735;71.0;87.0;81.0;936.3;937.9;938.2;8;0;3;0.0;1.0;3.0;10.0;10.0;10.0;79.66666666666667;937.4666666666666;10.0;1.3333333333333333;0
83075;1986-05-10;0;28.6;17.3;8.5;1986;5;10;-23.43;-46.46;735;72.0;69.0;46.0;935.7;937.1;929.4;3;8;3;1.0;0.0;3.0;10.0;10.0;10.0;62.333333333333336;934.0666666666667;10.0;1.3333333333333333;3
83075;1986-05-11;0;34;18.7;8.8;1986;5;11;-23.43;-46.46;735;71.0;52.0;40.0;930.7;928.2;920.6;2;7;7;3.0;4.0;5.0;0.0;2.0;8.0;54.333333333333336;926.5;3.3333333333333335;4.0;2
83075;1986-05-12;31.4;29.2;19.9;4.4;1986;5;12;-23.43;-46.46;735;94.0;73.0;72.0;935.7;934.3;933.2;8;5;5;0.0;1.0;3.0;10.0;10.0;10.0;79.66666666666667;934.4;10.0;1.3333333333333333;5
83075;1986-05-13;16.8;20.5;16.3;0.4;1986;5;13;-23.43;-46.46;735;80.0;72.0;71.0;929.5;933.4;930.6;7;7;7;3.0;3.0;3.0;6.0;10.0;10.0;74.33333333333333;931.1666666666666;8.666666666666666;3.0;7
83075;1986-05-14;0;19;15.9;0;1986;5;14;-23.43;-46.46;735;83.0;81.0;86.0;933.4;936.0;937.7;8;7;3;0.0;2.0;1.0;10.0;10.0;10.0;83.33333333333333;935.7000000000002;10.0;1.0;7
83075;1986-05-15;0.1;25;14.9;4.8;1986;5;15;-23.43;-46.46;735;87.0;85.0;64.0;938.5;939.6;935.2;3;8;8;1.0;0.0;0.0;10.0;10.0;5.0;78.66666666666667;937.7666666666668;8.333333333333334;0.3333333333333333;3
83075;1986-05-16;0;27.6;16.5;0;1986;5;16;-23.43;-46.46;735;84.0;84.0;60.0;938.1;938.6;933.5;3;8;3;3.0;0.0;1.0;10.0;9.0;8.0;76.0;936.7333333333332;9.0;1.3333333333333333;3
83075;1986-05-17;0;28.5;16.3;4.4;1986;5;17;-23.43;-46.46;735;89.0;90.0;51.0;936.2;936.7;929.2;3;8;7;1.0;0.0;5.0;9.0;9.0;8.0;76.66666666666667;934.0333333333334;8.666666666666666;2.0;3
83075;1986-05-18;0;25.2;16.7;0.8;1986;5;18;-23.43;-46.46;735;78.0;68.0;93.0;933.1;932.9;934.1;8;7;8;0.0;5.0;0.0;8.0;8.0;10.0;79.66666666666667;933.3666666666667;8.666666666666666;1.6666666666666667;7
83075;1986-05-20;0;29;16.1;6.3;1986;5;20;-23.43;-46.46;735;90.0;89.0;55.0;935.7;936.0;928.5;8;8;7;0.0;0.0;3.0;0.0;0.0;5.0;78.0;933.4;1.6666666666666667;1.0;7
83075;1986-05-21;0.6;22.5;16.9;1.3;1986;5;21;-23.43;-46.46;735;71.0;77.0;66.0;933.1;934.7;932.9;7;6;7;1.0;3.0;5.0;10.0;10.0;9.0;71.33333333333333;933.5666666666667;9.666666666666666;3.0;7
83075;1986-05-22;0;18;15.2;0;1986;5;22;-23.43;-46.46;735;85.0;82.0;80.0;936.6;938.7;937.7;8;5;3;0.0;2.0;5.0;10.0;10.0;10.0;82.33333333333333;937.6666666666666;10.0;2.3333333333333335;5
83075;1986-05-23;0;20.8;14.3;1.2;1986;5;23;-23.43;-46.46;735;83.0;79.0;72.0;939.1;940.9;937.7;3;8;2;3.0;0.0;3.0;10.0;10.0;9.0;78.0;939.2333333333332;9.666666666666666;2.0;3
83075;1986-05-24;0;26;15.3;7.1;1986;5;24;-23.43;-46.46;735;86.0;89.0;62.0;938.8;939.1;933.8;8;3;8;0.0;3.0;0.0;2.0;10.0;5.0;79.0;937.2333333333332;5.666666666666667;1.0;3
83075;1986-05-25;0;27.8;15.7;5.9;1986;5;25;-23.43;-46.46;735;79.0;78.0;50.0;936.0;938.3;933.3;8;8;7;0.0;0.0;3.0;2.0;10.0;5.0;69.0;935.8666666666667;5.666666666666667;1.0;7
83075;1986-05-26;0;22;16.7;0.2;1986;5;26;-23.43;-46.46;735;81.0;85.0;76.0;935.8;937.5;935.7;8;1;3;0.0;3.0;1.0;2.0;10.0;8.0;80.66666666666667;936.3333333333334;6.666666666666667;1.3333333333333333;1
83075;1986-05-27;28.6;27.5;15.5;6.2;1986;5;27;-23.43;-46.46;735;90.0;88.0;55.0;939.0;937.3;931.3;8;3;7;0.0;1.0;3.0;10.0;10.0;6.0;77.66666666666667;935.8666666666667;8.666666666666666;1.3333333333333333;3
83075;1986-05-28;0;28;15.7;7.9;1986;5;28;-23.43;-46.46;735;90.0;93.0;43.0;935.9;937.3;930.9;8;8;7;0.0;0.0;1.0;8.0;9.0;5.0;75.33333333333333;934.6999999999999;7.333333333333333;0.3333333333333333;7
83075;1986-05-29;0;27.8;14.7;8.2;1986;5;29;-23.43;-46.46;735;79.0;80.0;44.0;934.6;936.7;930.6;8;3;7;0.0;1.0;4.0;0.0;10.0;6.0;67.66666666666667;933.9666666666667;5.333333333333333;1.6666666666666667;3
83075;1986-05-30;0;28;14.5;5.5;1986;5;30;-23.43;-46.46;735;66.0;62.0;49.0;933.1;932.9;928.2;7;0;7;1.0;2.0;5.0;5.0;2.0;9.0;59.0;931.4;5.333333333333333;2.6666666666666665;7
83075;1986-05-31;10.8;20.9;13.7;6.7;1986;5;31;-23.43;-46.46;735;82.0;84.0;42.0;934.6;935.0;933.1;8;4;7;0.0;1.0;3.0;6.0;10.0;4.0;69.33333333333333;934.2333333333332;6.666666666666667;1.3333333333333333;4
83075;1986-06-01;0.4;25.4;16.5;11.6;1986;6;1;-23.43;-46.46;735;83.0;62.0;55.0;933.1;934.9;931.2;3;3;3;3.0;3.0;3.0;10.0;5.0;4.0;66.66666666666667;933.0666666666666;6.333333333333333;3.0;3
83075;1986-06-03;9.8;26.5;18.1;1.5;1986;6;3;-23.43;-46.46;735;93.0;75.0;90.0;932.9;932.6;931.6;8;7;7;0.0;5.0;3.0;10.0;10.0;10.0;86.0;932.3666666666667;10.0;2.6666666666666665;7
83075;1986-06-04;0;31;18.9;6.2;1986;6;4;-23.43;-46.46;735;74.0;71.0;76.0;931.1;933.2;931.9;8;8;1;0.0;0.0;3.0;10.0;10.0;9.0;73.66666666666667;932.0666666666667;9.666666666666666;1.0;1
83075;1986-06-05;0;29.1;14.3;5.6;1986;6;5;-23.43;-46.46;735;72.0;72.0;42.0;936.5;935.9;930.2;8;8;7;0.0;0.0;3.0;10.0;5.0;9.0;62.0;934.2000000000002;8.0;1.0;7
83075;1986-06-06;0;24.5;9.1;8;1986;6;6;-23.43;-46.46;735;86.0;92.0;32.0;938.9;939.4;934.0;8;8;7;0.0;0.0;5.0;8.0;10.0;8.0;70.0;937.4333333333334;8.666666666666666;1.6666666666666667;7
83075;1986-06-07;3.9;16.5;13.5;0.9;1986;6;7;-23.43;-46.46;735;87.0;91.0;70.0;941.8;943.3;942.2;3;3;3;3.0;3.0;5.0;10.0;10.0;10.0;82.66666666666667;942.4333333333334;10.0;3.6666666666666665;3
83075;1986-06-08;0;28;12.5;8.2;1986;6;8;-23.43;-46.46;735;65.0;65.0;43.0;938.6;941.1;936.3;8;8;3;0.0;0.0;3.0;9.0;10.0;10.0;57.666666666666664;938.6666666666666;9.666666666666666;1.0;3
83075;1986-06-09;0;21;12.1;0.7;1986;6;9;-23.43;-46.46;735;86.0;83.0;71.0;939.6;941.9;939.9;3;3;3;3.0;5.0;5.0;10.0;10.0;10.0;80.0;940.4666666666667;10.0;4.333333333333333;3
83075;1986-06-10;0;33.2;14.1;8.4;1986;6;10;-23.43;-46.46;735;87.0;75.0;25.0;934.8;935.0;922.6;3;3;7;3.0;2.0;1.0;8.0;0.0;2.0;62.333333333333336;930.8000000000001;3.3333333333333335;2.0;3
83075;1986-06-11;13.8;26;19.1;0;1986;6;11;-23.43;-46.46;735;92.0;86.0;71.0;931.8;935.7;932.4;7;6;8;5.0;4.0;0.0;10.0;10.0;10.0;83.0;933.3000000000001;10.0;3.0;7
83075;1986-06-12;4.5;31.2;18.3;2.7;1986;6;12;-23.43;-46.46;735;83.0;71.0;53.0;935.6;934.6;926.4;8;8;7;0.0;0.0;3.0;9.0;10.0;10.0;69.0;932.1999999999999;9.666666666666666;1.0;7
83075;1986-06-13;0;22.8;15.9;0.5;1986;6;13;-23.43;-46.46;735;83.0;84.0;68.0;939.0;940.3;936.9;3;2;3;3.0;2.0;1.0;6.0;10.0;8.0;78.33333333333333;938.7333333333332;8.0;2.0;3
83075;1986-06-14;0;26.6;14.3;7.9;1986;6;14;-23.43;-46.46;735;80.0;85.0;40.0;937.8;939.7;934.9;8;8;7;0.0;0.0;3.0;10.0;4.0;2.0;68.33333333333333;937.4666666666667;5.333333333333333;1.0;7
83075;1986-06-16;0;25.2;12.1;6.9;1986;6;16;-23.43;-46.46;735;84.0;89.0;41.0;940.2;940.7;936.9;8;8;3;0.0;0.0;3.0;2.0;10.0;10.0;71.33333333333333;939.2666666666668;7.333333333333333;1.0;3
83075;1986-06-17;0;24;11.3;5.2;1986;6;17;-23.43;-46.46;735;80.0;93.0;51.0;938.9;942.1;936.6;8;2;3;0.0;4.0;1.0;4.0;10.0;10.0;74.66666666666667;939.1999999999999;8.0;1.6666666666666667;2
83075;1986-06-18;0;26.6;11.7;7.8;1986;6;18;-23.43;-46.46;735;83.0;83.0;40.0;940.3;941.6;936.3;8;8;7;0.0;0.0;1.0;0.0;10.0;9.0;68.66666666666667;939.4;6.333333333333333;0.3333333333333333;7
83075;1986-06-20;0;24.2;10.9;5.8;1986;6;20;-23.43;-46.46;735;81.0;95.0;44.0;941.6;942.1;938.6;8;8;3;0.0;0.0;2.0;4.0;10.0;9.0;73.33333333333333;940.7666666666668;7.666666666666667;0.6666666666666666;3
83075;1986-06-21;0;23.4;11.9;7;1986;6;21;-23.43;-46.46;735;79.0;84.0;48.0;941.7;942.4;938.2;2;3;3;3.0;3.0;3.0;10.0;10.0;10.0;70.33333333333333;940.7666666666668;10.0;3.0;2
83075;1986-06-22;0;22.4;11.5;8;1986;6;22;-23.43;-46.46;735;86.0;89.0;48.0;941.6;943.4;938.2;8;8;7;0.0;0.0;1.0;9.0;10.0;1.0;74.33333333333333;941.0666666666666;6.666666666666667;0.3333333333333333;7
83075;1986-06-23;0;23;10.7;2.9;1986;6;23;-23.43;-46.46;735;81.0;81.0;54.0;941.8;942.0;938.6;8;8;4;0.0;0.0;3.0;0.0;9.0;10.0;72.0;940.8000000000001;6.333333333333333;1.0;4
83075;1986-06-25;0;23;11.9;2.2;1986;6;25;-23.43;-46.46;735;75.0;74.0;56.0;937.5;937.9;935.6;8;3;7;0.0;1.0;3.0;5.0;10.0;10.0;68.33333333333333;937.0;8.333333333333334;1.3333333333333333;3
83075;1986-06-26;1;21.2;14.5;6;1986;6;26;-23.43;-46.46;735;73.0;82.0;61.0;938.3;939.0;937.2;7;3;3;1.0;2.0;3.0;9.0;8.0;9.0;72.0;938.1666666666666;8.666666666666666;2.0;7
83075;1986-06-27;0.5;20.3;13.3;4.1;1986;6;27;-23.43;-46.46;735;82.0;89.0;58.0;938.6;939.4;935.9;8;3;8;0.0;1.0;0.0;10.0;10.0;10.0;76.33333333333333;937.9666666666667;10.0;0.3333333333333333;3
83075;1986-06-28;0;21.8;9.5;5.1;1986;6;28;-23.43;-46.46;735;87.0;94.0;60.0;940.8;937.3;934.4;8;8;7;0.0;0.0;1.0;9.0;10.0;10.0;80.33333333333333;937.5;9.666666666666666;0.3333333333333333;7
83075;1986-06-30;0;26.4;10.1;5.4;1986;6;30;-23.43;-46.46;735;70.0;85.0;32.0;935.1;936.1;932.0;8;8;7;0.0;0.0;5.0;5.0;10.0;9.0;62.333333333333336;934.4;8.0;1.6666666666666667;7
83075;1986-07-01;0;28.6;15.5;8.4;1986;7;1;-23.43;-46.46;735;80.0;71.0;47.0;934.8;933.7;926.6;8;8;3;0.0;0.0;3.0;2.0;8.0;8.0;66.0;931.6999999999999;6.0;1.0;3
83075;1986-07-03;12.2;25.8;19.1;0.6;1986;7;3;-23.43;-46.46;735;91.0;80.0;90.0;931.7;932.8;930.8;8;8;3;0.0;0.0;3.0;9.0;10.0;10.0;87.0;931.7666666666668;9.666666666666666;1.0;3
83075;1986-07-04;3.6;27;19.9;3.4;1986;7;4;-23.43;-46.46;735;86.0;78.0;67.0;934.2;936.7;933.4;3;3;3;1.0;3.0;4.0;10.0;8.0;8.0;77.0;934.7666666666668;8.666666666666666;2.6666666666666665;3
83075;1986-07-05;7;20.5;17.3;0;1986;7;5;-23.43;-46.46;735;80.0;90.0;84.0;934.7;936.8;934.5;3;8;8;1.0;0.0;0.0;10.0;10.0;10.0;84.66666666666667;935.3333333333334;10.0;0.3333333333333333;3
83075;1986-07-06;0;21.8;10.1;0;1986;7;6;-23.43;-46.46;735;64.0;75.0;67.0;937.1;939.3;937.3;8;8;4;0.0;0.0;3.0;0.0;10.0;10.0;68.66666666666667;937.9;6.666666666666667;1.0;4
83075;1986-07-07;4.6;16.8;11.5;0.7;1986;7;7;-23.43;-46.46;735;85.0;86.0;64.0;943.4;946.3;946.2;3;3;3;1.0;3.0;5.0;10.0;10.0;9.0;78.33333333333333;945.2999999999998;9.666666666666666;3.0;3
83075;1986-07-08;0;24.4;14.7;5.6;1986;7;8;-23.43;-46.46;735;86.0;89.0;35.0;941.8;943.3;937.9;3;3;3;1.0;4.0;3.0;10.0;10.0;4.0;70.0;941.0;8.0;2.6666666666666665;3
83075;1986-07-09;0;24.2;13.3;6.7;1986;7;9;-23.43;-46.46;735;87.0;76.0;50.0;942.5;944.3;937.9;7;3;4;3.0;2.0;3.0;10.0;10.0;6.0;71.0;941.5666666666666;8.666666666666666;2.6666666666666665;7
83075;1986-07-10;0;33.6;17.3;8.1;1986;7;10;-23.43;-46.46;735;70.0;47.0;24.0;931.2;931.1;925.3;8;8;7;0.0;0.0;3.0;5.0;10.0;8.0;47.0;929.2000000000002;7.666666666666667;1.0;7
83075;1986-07-11;5.3;21.9;16.9;0;1986;7;11;-23.43;-46.46;735;86.0;80.0;80.0;936.9;938.4;938.5;3;3;3;3.0;1.0;3.0;9.0;10.0;10.0;82.0;937.9333333333334;9.666666666666666;2.3333333333333335;3
83075;1986-07-12;14.6;31;18.7;2.3;1986;7;12;-23.43;-46.46;735;88.0;72.0;79.0;933.7;931.3;928.7;0;8;3;1.0;0.0;3.0;10.0;10.0;10.0;79.66666666666667;931.2333333333332;10.0;1.3333333333333333;0
83075;1986-07-13;0;22.6;8.5;8.1;1986;7;13;-23.43;-46.46;735;77.0;78.0;41.0;940.8;942.5;938.9;8;8;3;0.0;0.0;3.0;0.0;4.0;0.0;65.33333333333333;940.7333333333332;1.3333333333333333;1.0;3
83075;1986-07-14;0;23.8;8.1;8.2;1986;7;14;-23.43;-46.46;735;69.0;72.0;35.0;942.0;942.4;938.0;8;8;0;0.0;0.0;3.0;0.0;10.0;10.0;58.666666666666664;940.8000000000001;6.666666666666667;1.0;0
83075;1986-07-15;0;25.4;9.3;7.7;1986;7;15;-23.43;-46.46;735;72.0;73.0;32.0;939.2;939.5;933.8;8;3;8;0.0;1.0;0.0;5.0;10.0;8.0;59.0;937.5;7.666666666666667;0.3333333333333333;3
83075;1986-07-20;0;28.8;13.9;4.8;1986;7;20;-23.43;-46.46;735;85.0;76.0;27.0;936.3;936.2;928.0;3;8;7;3.0;0.0;5.0;10.0;9.0;5.0;62.666666666666664;933.5;8.0;2.6666666666666665;3
83075;1986-07-21;0.5;29.6;12.5;0;1986;7;21;-23.43;-46.46;735;40.0;91.0;65.0;933.5;939.0;934.2;7;8;8;1.0;0.0;0.0;8.0;10.0;10.0;65.33333333333333;935.5666666666666;9.333333333333334;0.3333333333333333;7
83075;1986-07-22;0.4;13.4;11.1;0;1986;7;22;-23.43;-46.46;735;88.0;75.0;91.0;943.7;944.7;944.3;3;2;5;5.0;3.0;3.0;10.0;10.0;10.0;84.66666666666667;944.2333333333332;10.0;3.6666666666666665;3
83075;1986-07-23;11.1;17.2;11.7;1.5;1986;7;23;-23.43;-46.46;735;93.0;88.0;68.0;943.0;942.3;939.3;8;3;7;0.0;1.0;3.0;10.0;10.0;10.0;83.0;941.5333333333333;10.0;1.3333333333333333;3
83075;1986-07-24;0;22.4;11.9;5.2;1986;7;24;-23.43;-46.46;735;88.0;86.0;53.0;940.7;940.9;936.3;8;3;3;0.0;2.0;1.0;9.0;10.0;10.0;75.66666666666667;939.2999999999998;9.666666666666666;1.0;3
83075;1986-07-26;0;25.2;9.1;8.1;1986;7;26;-23.43;-46.46;735;84.0;77.0;35.0;939.2;939.3;932.5;8;8;0;0.0;0.0;3.0;1.0;6.0;0.0;65.33333333333333;937.0;2.3333333333333335;1.0;0
83075;1986-07-27;0;24;8.7;8.2;1986;7;27;-23.43;-46.46;735;74.0;70.0;33.0;936.3;935.9;932.7;8;8;1;0.0;0.0;3.0;0.0;5.0;2.0;59.0;934.9666666666666;2.3333333333333335;1.0;1
83075;1986-07-28;0;19.8;12.5;5;1986;7;28;-23.43;-46.46;735;81.0;79.0;64.0;936.6;938.9;938.2;3;3;3;1.0;5.0;3.0;5.0;8.0;8.0;74.66666666666667;937.9;7.0;3.0;3
83075;1986-07-29;0;22.2;11.3;7.6;1986;7;29;-23.43;-46.46;735;79.0;78.0;52.0;939.7;940.8;936.1;3;7;8;3.0;1.0;0.0;9.0;9.0;10.0;69.66666666666667;938.8666666666667;9.333333333333334;1.3333333333333333;3
83075;1986-07-30;0;27.4;9.5;7.6;1986;7;30;-23.43;-46.46;735;83.0;88.0;33.0;938.0;938.5;930.8;8;8;7;0.0;0.0;5.0;4.0;10.0;10.0;68.0;935.7666666666668;8.0;1.6666666666666667;7
83075;1986-08-03;4.4;26.5;19.3;3.7;1986;8;3;-23.43;-46.46;735;89.0;81.0;68.0;934.4;934.7;931.0;8;8;3;0.0;0.0;5.0;10.0;10.0;8.0;79.33333333333333;933.3666666666667;9.333333333333334;1.6666666666666667;3
83075;1986-08-04;0.3;26.5;19.5;2.6;1986;8;4;-23.43;-46.46;735;83.0;84.0;71.0;936.3;937.6;932.4;3;8;3;1.0;0.0;5.0;10.0;10.0;8.0;79.33333333333333;935.4333333333334;9.333333333333334;2.0;3
83075;1986-08-05;2.3;25.1;18.3;0.6;1986;8;5;-23.43;-46.46;735;87.0;87.0;66.0;935.3;936.0;929.9;8;3;7;0.0;3.0;3.0;10.0;10.0;9.0;80.0;933.7333333333332;9.666666666666666;2.0;3
83075;1986-08-06;0.1;24.9;14.7;7.9;1986;8;6;-23.43;-46.46;735;92.0;82.0;38.0;940.4;941.6;936.7;3;3;7;3.0;3.0;1.0;10.0;6.0;2.0;70.66666666666667;939.5666666666666;6.0;2.3333333333333335;3
83075;1986-08-07;0;16.2;10.3;2.4;1986;8;7;-23.43;-46.46;735;79.0;77.0;77.0;947.0;948.9;946.6;3;2;3;5.0;4.0;3.0;8.0;10.0;9.0;77.66666666666667;947.5;9.0;4.0;3
83075;1986-08-08;0;25;11.7;6.8;1986;8;8;-23.43;-46.46;735;81.0;89.0;68.0;941.2;941.5;936.0;8;2;8;0.0;2.0;0.0;8.0;10.0;0.0;79.33333333333333;939.5666666666666;6.0;0.6666666666666666;2
83075;1986-08-09;0;24.2;13.7;6.3;1986;8;9;-23.43;-46.46;735;79.0;71.0;53.0;944.4;944.5;938.5;3;3;7;3.0;1.0;2.0;8.0;8.0;8.0;67.66666666666667;942.4666666666667;8.0;2.0;3
83075;1986-08-10;0;27.4;16.7;4.7;1986;8;10;-23.43;-46.46;735;79.0;76.0;68.0;934.6;935.8;932.7;3;3;3;3.0;2.0;2.0;10.0;10.0;10.0;74.33333333333333;934.3666666666668;10.0;2.3333333333333335;3
83075;1986-08-11;0;23;15.3;0.4;1986;8;11;-23.43;-46.46;735;89.0;83.0;74.0;939.0;937.4;934.2;3;3;3;3.0;1.0;3.0;10.0;10.0;10.0;82.0;936.8666666666668;10.0;2.3333333333333335;3
83075;1986-08-12;14.1;22;18.9;0;1986;8;12;-23.43;-46.46;735;93.0;86.0;91.0;931.9;931.7;931.6;8;1;8;0.0;4.0;0.0;10.0;10.0;10.0;90.0;931.7333333333332;10.0;1.3333333333333333;1
83075;1986-08-13;0.4;25.2;11.9;2.5;1986;8;13;-23.43;-46.46;735;86.0;84.0;62.0;937.5;938.3;931.3;3;8;8;5.0;0.0;0.0;10.0;9.0;10.0;77.33333333333333;935.6999999999999;9.666666666666666;1.6666666666666667;3
83075;1986-08-14;12.8;22.2;14.9;1.8;1986;8;14;-23.43;-46.46;735;92.0;82.0;59.0;936.3;935.5;935.8;5;8;7;1.0;0.0;4.0;10.0;10.0;10.0;77.66666666666667;935.8666666666667;10.0;1.6666666666666667;5
83075;1986-08-15;0;20.6;14.3;0;1986;8;15;-23.43;-46.46;735;70.0;67.0;75.0;934.6;934.8;933.0;7;8;7;1.0;0.0;5.0;10.0;9.0;10.0;70.66666666666667;934.1333333333333;9.666666666666666;2.0;7
83075;1986-08-16;1.5;23.8;14.9;0.1;1986;8;16;-23.43;-46.46;735;87.0;77.0;78.0;935.2;934.1;931.5;8;7;7;0.0;3.0;3.0;9.0;10.0;10.0;80.66666666666667;933.6;9.666666666666666;2.0;7
83075;1986-08-17;2;20.8;15.7;0;1986;8;17;-23.43;-46.46;735;79.0;84.0;77.0;932.4;934.9;933.2;7;1;8;5.0;1.0;0.0;10.0;10.0;10.0;80.0;933.5;10.0;2.0;7
83075;1986-08-18;0.5;20.4;11.9;2;1986;8;18;-23.43;-46.46;735;81.0;80.0;65.0;935.0;935.4;933.5;7;0;7;1.0;1.0;3.0;10.0;10.0;10.0;75.33333333333333;934.6333333333333;10.0;1.6666666666666667;7
83075;1986-08-19;0.1;20.2;12.9;0;1986;8;19;-23.43;-46.46;735;87.0;81.0;66.0;935.3;936.6;933.2;3;8;3;1.0;0.0;1.0;10.0;10.0;10.0;78.0;935.0333333333334;10.0;0.6666666666666666;3
83075;1986-08-20;0;19.4;13.3;0;1986;8;20;-23.43;-46.46;735;87.0;90.0;83.0;935.3;935.3;933.5;8;8;3;0.0;0.0;1.0;10.0;10.0;10.0;86.66666666666667;934.6999999999999;10.0;0.3333333333333333;3
83075;1986-08-22;16.6;23.6;14.1;4.4;1986;8;22;-23.43;-46.46;735;93.0;87.0;61.0;934.5;933.9;929.0;8;8;7;0.0;0.0;3.0;10.0;10.0;10.0;80.33333333333333;932.4666666666667;10.0;1.0;7
83075;1986-08-23;31.4;21.8;14.5;0;1986;8;23;-23.43;-46.46;735;93.0;84.0;63.0;931.8;929.7;928.3;7;7;7;1.0;5.0;5.0;10.0;10.0;10.0;80.0;929.9333333333334;10.0;3.6666666666666665;7
83075;1986-08-24;0;25;15.9;8;1986;8;24;-23.43;-46.46;735;73.0;72.0;58.0;930.1;933.3;934.7;7;6;3;3.0;3.0;5.0;9.0;6.0;8.0;67.66666666666667;932.7000000000002;7.666666666666667;3.6666666666666665;7
83075;1986-08-25;2.6;21;14.3;0;1986;8;25;-23.43;-46.46;735;87.0;95.0;73.0;936.4;936.6;934.4;3;8;3;1.0;0.0;2.0;10.0;10.0;10.0;85.0;935.8000000000001;10.0;1.0;3
83075;1986-08-26;0;24.4;13.3;0.4;1986;8;26;-23.43;-46.46;735;88.0;92.0;68.0;936.4;938.5;935.4;8;8;3;0.0;0.0;2.0;10.0;10.0;10.0;82.66666666666667;936.7666666666668;10.0;0.6666666666666666;3
83075;1986-08-27;0;23.8;12.7;7.2;1986;8;27;-23.43;-46.46;735;87.0;88.0;51.0;937.5;940.7;936.9;8;8;3;0.0;0.0;4.0;8.0;10.0;10.0;75.33333333333333;938.3666666666667;9.333333333333334;1.3333333333333333;3
83075;1986-08-28;0;24.8;11.5;8.2;1986;8;28;-23.43;-46.46;735;80.0;81.0;44.0;941.6;942.5;937.2;3;3;3;3.0;1.0;5.0;5.0;6.0;10.0;68.33333333333333;940.4333333333334;7.0;3.0;3
83075;1986-08-29;0;25.8;10.9;6.4;1986;8;29;-23.43;-46.46;735;86.0;86.0;38.0;940.4;941.1;936.3;8;8;3;0.0;0.0;3.0;8.0;10.0;10.0;70.0;939.2666666666668;9.333333333333334;1.0;3
83075;1986-08-30;0;21.2;12.3;5.3;1986;8;30;-23.43;-46.46;735;86.0;53.0;61.0;941.4;942.0;939.9;3;3;3;3.0;5.0;5.0;9.0;8.0;10.0;66.66666666666667;941.1;9.0;4.333333333333333;3
83075;1986-08-31;0.3;18.6;13.2;1.7;1986;8;31;-23.43;-46.46;735;78.0;83.0;75.0;941.9;942.0;939.8;3;3;3;3.0;5.0;6.0;8.0;10.0;6.0;78.66666666666667;941.2333333333332;8.0;4.666666666666667;3
83075;1986-09-01;7.6;31.4;17.9;8.6;1986;9;1;-23.43;-46.46;735;83.0;66.0;43.0;930.9;929.8;924.9;8;7;7;0.0;5.0;3.0;1.0;5.0;8.0;64.0;928.5333333333333;4.666666666666667;2.6666666666666665;7
83075;1986-09-03;0;27.5;18.7;3.5;1986;9;3;-23.43;-46.46;735;79.0;80.0;63.0;935.7;936.9;930.8;3;8;3;3.0;0.0;3.0;10.0;10.0;9.0;74.0;934.4666666666666;9.666666666666666;2.0;3
83075;1986-09-04;0;29.5;19.7;4.7;1986;9;4;-23.43;-46.46;735;81.0;81.0;55.0;936.3;935.6;928.1;3;8;3;3.0;0.0;3.0;10.0;10.0;10.0;72.33333333333333;933.3333333333334;10.0;2.0;3
83075;1986-09-05;38.4;24.2;18.5;1.5;1986;9;5;-23.43;-46.46;735;88.0;93.0;76.0;934.6;934.7;930.7;8;5;7;0.0;3.0;1.0;10.0;10.0;8.0;85.66666666666667;933.3333333333334;9.333333333333334;1.3333333333333333;5
83075;1986-09-06;0;25;9.9;7.3;1986;9;6;-23.43;-46.46;735;87.0;98.0;44.0;940.4;942.3;936.6;8;8;7;0.0;0.0;1.0;5.0;9.0;4.0;76.33333333333333;939.7666666666665;6.0;0.3333333333333333;7
83075;1986-09-07;0.1;19.4;6.7;6.9;1986;9;7;-23.43;-46.46;735;83.0;89.0;65.0;947.8;948.7;946.8;7;8;3;1.0;0.0;4.0;5.0;10.0;8.0;79.0;947.7666666666668;7.666666666666667;1.6666666666666667;7
83075;1986-09-09;0;24.8;13.3;8.8;1986;9;9;-23.43;-46.46;735;75.0;69.0;35.0;943.0;943.9;937.9;4;2;8;3.0;4.0;0.0;10.0;6.0;2.0;59.666666666666664;941.6;6.0;2.3333333333333335;4
83075;1986-09-10;0;30.2;17.5;5.3;1986;9;10;-23.43;-46.46;735;83.0;73.0;49.0;935.0;931.6;922.4;3;3;3;5.0;1.0;4.0;10.0;10.0;9.0;68.33333333333333;929.6666666666666;9.666666666666666;3.3333333333333335;3
83075;1986-09-12;53.2;22.2;16.1;0;1986;9;12;-23.43;-46.46;735;92.0;88.0;75.0;933.4;933.4;931.6;8;5;3;0.0;1.0;3.0;10.0;10.0;10.0;85.0;932.8000000000001;10.0;1.3333333333333333;5
83075;1986-09-14;0;29.6;11.9;9.6;1986;9;14;-23.43;-46.46;735;56.0;59.0;21.0;935.7;937.1;931.7;8;8;6;0.0;0.0;7.0;4.0;10.0;10.0;45.333333333333336;934.8333333333334;8.0;2.3333333333333335;6
83075;1986-09-15;0;31.4;13.7;8.1;1986;9;15;-23.43;-46.46;735;49.0;47.0;19.0;934.3;935.6;926.8;8;8;7;0.0;0.0;3.0;0.0;10.0;10.0;38.333333333333336;932.2333333333332;6.666666666666667;1.0;7
83075;1986-09-16;0;28.8;16.7;5.3;1986;9;16;-23.43;-46.46;735;48.0;72.0;46.0;934.1;936.6;929.3;8;8;3;0.0;0.0;3.0;9.0;10.0;10.0;55.333333333333336;933.3333333333334;9.666666666666666;1.0;3
83075;1986-09-17;0;32.8;15.5;7.4;1986;9;17;-23.43;-46.46;735;87.0;77.0;25.0;936.1;936.9;924.6;3;8;7;1.0;0.0;3.0;10.0;10.0;10.0;63.0;932.5333333333333;10.0;1.3333333333333333;3
83075;1986-09-18;0;25.8;15.9;0;1986;9;18;-23.43;-46.46;735;57.0;43.0;79.0;933.7;938.8;938.1;8;3;3;0.0;4.0;3.0;8.0;10.0;10.0;59.666666666666664;936.8666666666667;9.333333333333334;2.3333333333333335;3
83075;1986-09-19;0;19.4;15.1;0;1986;9;19;-23.43;-46.46;735;84.0;82.0;86.0;940.5;940.2;938.7;3;8;8;5.0;0.0;0.0;10.0;10.0;10.0;84.0;939.8000000000001;10.0;1.6666666666666667;3
83075;1986-09-20;1.5;26.8;16.3;3.1;1986;9;20;-23.43;-46.46;735;86.0;80.0;52.0;940.9;939.9;932.9;3;3;3;1.0;2.0;3.0;10.0;8.0;10.0;72.66666666666667;937.9;9.333333333333334;2.0;3
83075;1986-09-21;10.9;20.6;14.1;1.2;1986;9;21;-23.43;-46.46;735;81.0;88.0;66.0;941.7;941.6;937.2;3;3;3;3.0;3.0;7.0;9.0;9.0;9.0;78.33333333333333;940.1666666666666;9.0;4.333333333333333;3
83075;1986-09-22;0;25.6;14.5;6.4;1986;9;22;-23.43;-46.46;735;93.0;63.0;46.0;939.2;938.5;931.6;3;3;3;3.0;4.0;1.0;10.0;9.0;4.0;67.33333333333333;936.4333333333334;7.666666666666667;2.6666666666666665;3
83075;1986-09-23;0;30;16.3;7.2;1986;9;23;-23.43;-46.46;735;83.0;68.0;49.0;936.8;935.7;927.3;3;8;8;3.0;0.0;0.0;10.0;9.0;5.0;66.66666666666667;933.2666666666668;8.0;1.0;3
83075;1986-09-24;0;30.8;17.1;5.4;1986;9;24;-23.43;-46.46;735;86.0;61.0;68.0;932.9;932.9;931.3;8;8;3;0.0;0.0;5.0;5.0;10.0;10.0;71.66666666666667;932.3666666666667;8.333333333333334;1.6666666666666667;3
83075;1986-09-25;3;24.8;17.1;1.5;1986;9;25;-23.43;-46.46;735;63.0;87.0;83.0;935.7;936.0;934.4;3;8;3;3.0;0.0;3.0;5.0;10.0;10.0;77.66666666666667;935.3666666666667;8.333333333333334;2.0;3
83075;1986-09-26;4;19.4;15.1;0.2;1986;9;26;-23.43;-46.46;735;84.0;88.0;77.0;938.7;939.0;937.7;3;3;3;2.0;4.0;5.0;10.0;10.0;10.0;83.0;938.4666666666667;10.0;3.6666666666666665;3
83075;1986-09-27;0;19.2;13.1;1.4;1986;9;27;-23.43;-46.46;735;83.0;76.0;58.0;939.9;940.7;938.2;3;3;3;5.0;3.0;7.0;9.0;10.0;10.0;72.33333333333333;939.6;9.666666666666666;5.0;3
83075;1986-09-28;0;17.6;11.3;0.2;1986;9;28;-23.43;-46.46;735;71.0;69.0;76.0;940.7;939.3;937.4;3;2;3;5.0;7.0;5.0;9.0;10.0;10.0;72.0;939.1333333333333;9.666666666666666;5.666666666666667;3
83075;1986-09-29;9.6;18.2;10.5;0;1986;9;29;-23.43;-46.46;735;90.0;87.0;75.0;939.8;939.1;937.8;2;8;3;5.0;0.0;1.0;10.0;10.0;10.0;84.0;938.9;10.0;2.0;2
83075;1986-09-30;0;21.8;13.1;2.4;1986;9;30;-23.43;-46.46;735;84.0;75.0;57.0;939.1;940.6;938.4;3;8;3;1.0;0.0;3.0;10.0;10.0;9.0;72.0;939.3666666666667;9.666666666666666;1.3333333333333333;3
83075;1986-10-01;0;31;17.7;7.2;1986;10;1;-23.43;-46.46;735;76.0;67.0;61.0;931.7;931.1;928.4;8;7;3;0.0;3.0;5.0;4.0;8.0;9.0;68.0;930.4000000000001;7.0;2.6666666666666665;7
83075;1986-10-03;0.2;28;19.1;1.7;1986;10;3;-23.43;-46.46;735;85.0;78.0;69.0;937.0;935.4;931.5;8;2;3;0.0;3.0;3.0;8.0;6.0;10.0;77.33333333333333;934.6333333333333;8.0;2.0;2
83075;1986-10-04;0;30.1;20.3;8.2;1986;10;4;-23.43;-46.46;735;82.0;81.0;51.0;934.1;935.2;926.4;3;8;7;3.0;0.0;2.0;10.0;6.0;6.0;71.33333333333333;931.9000000000001;7.333333333333333;1.6666666666666667;3
83075;1986-10-05;3.3;24;17.7;3.1;1986;10;5;-23.43;-46.46;735;83.0;80.0;74.0;933.2;935.1;932.8;7;8;7;5.0;0.0;1.0;1.0;6.0;10.0;79.0;933.7000000000002;5.666666666666667;2.0;7
83075;1986-10-06;0;26;11.9;6.8;1986;10;6;-23.43;-46.46;735;74.0;85.0;40.0;940.1;940.6;935.1;8;2;7;0.0;2.0;3.0;4.0;0.0;5.0;66.33333333333333;938.6;3.0;1.6666666666666667;2
83075;1986-10-07;0;19.2;8.9;7.1;1986;10;7;-23.43;-46.46;735;83.0;84.0;48.0;948.8;947.7;944.1;8;3;2;0.0;1.0;1.0;9.0;6.0;5.0;71.66666666666667;946.8666666666667;6.666666666666667;0.6666666666666666;3
83075;1986-10-08;0;27.6;11.7;8.5;1986;10;8;-23.43;-46.46;735;72.0;70.0;32.0;936.2;937.6;930.1;8;8;7;0.0;0.0;3.0;1.0;10.0;4.0;58.0;934.6333333333333;5.0;1.0;7
83075;1986-10-09;0;24.6;11.3;8.4;1986;10;9;-23.43;-46.46;735;77.0;76.0;41.0;943.2;943.7;937.9;3;3;3;1.0;1.0;1.0;0.0;9.0;1.0;64.66666666666667;941.6;3.3333333333333335;1.0;3
83075;1986-10-10;0.9;30.2;18.5;0;1986;10;10;-23.43;-46.46;735;83.0;70.0;77.0;929.1;928.0;927.8;3;7;7;1.0;3.0;6.0;10.0;10.0;10.0;76.66666666666667;928.2999999999998;10.0;3.3333333333333335;3
83075;1986-10-11;7.5;25.5;18.1;0;1986;10;11;-23.43;-46.46;735;89.0;76.0;68.0;930.5;930.8;929.2;8;8;7;0.0;0.0;1.0;10.0;10.0;10.0;77.66666666666667;930.1666666666666;10.0;0.3333333333333333;7
83075;1986-10-12;0;30.2;15.1;7.1;1986;10;12;-23.43;-46.46;735;79.0;80.0;49.0;933.4;932.9;925.1;3;0;7;3.0;2.0;1.0;10.0;10.0;8.0;69.33333333333333;930.4666666666667;9.333333333333334;2.0;3
83075;1986-10-13;0;21.6;13.7;3.2;1986;10;13;-23.43;-46.46;735;81.0;71.0;60.0;935.1;936.1;933.2;3;3;3;1.0;2.0;4.0;10.0;10.0;9.0;70.66666666666667;934.8000000000001;9.666666666666666;2.3333333333333335;3
83075;1986-10-14;0;19;14.3;0;1986;10;14;-23.43;-46.46;735;83.0;72.0;81.0;937.8;937.6;935.7;3;3;3;1.0;3.0;5.0;10.0;10.0;10.0;78.66666666666667;937.0333333333334;10.0;3.0;3
83075;1986-10-15;0;22;14.3;0;1986;10;15;-23.43;-46.46;735;83.0;78.0;72.0;937.2;937.6;934.4;3;3;3;5.0;3.0;5.0;10.0;10.0;8.0;77.66666666666667;936.4000000000001;9.333333333333334;4.333333333333333;3
83075;1986-10-16;0;30.2;15.9;8.1;1986;10;16;-23.43;-46.46;735;84.0;74.0;40.0;936.3;936.2;927.0;3;8;7;3.0;0.0;3.0;10.0;2.0;6.0;66.0;933.1666666666666;6.0;2.0;3
83075;1986-10-17;0;32.6;17.5;10.1;1986;10;17;-23.43;-46.46;735;81.0;64.0;35.0;934.4;931.7;923.3;8;8;7;0.0;0.0;5.0;2.0;0.0;5.0;60.0;929.7999999999998;2.3333333333333335;1.6666666666666667;7
83075;1986-10-18;0;26.8;17.5;0.6;1986;10;18;-23.43;-46.46;735;57.0;78.0;70.0;930.9;935.2;933.6;8;3;3;0.0;1.0;5.0;8.0;10.0;10.0;68.33333333333333;933.2333333333332;9.333333333333334;2.0;3
83075;1986-10-19;5;17.8;12.9;0;1986;10;19;-23.43;-46.46;735;82.0;88.0;86.0;936.5;939.4;938.0;3;8;3;3.0;0.0;3.0;10.0;10.0;10.0;85.33333333333333;937.9666666666667;10.0;2.0;3
83075;1986-10-20;4.2;18.8;12.7;0;1986;10;20;-23.43;-46.46;735;89.0;82.0;87.0;939.2;937.8;937.0;3;2;8;3.0;5.0;0.0;10.0;10.0;10.0;86.0;938.0;10.0;2.6666666666666665;3
83075;1986-10-21;8.5;24.8;15.5;0.6;1986;10;21;-23.43;-46.46;735;94.0;76.0;66.0;936.8;936.4;931.9;3;7;8;1.0;2.0;0.0;10.0;10.0;10.0;78.66666666666667;935.0333333333333;10.0;1.0;3
83075;1986-10-22;8.7;24.4;16.7;2.4;1986;10;22;-23.43;-46.46;735;95.0;72.0;91.0;934.7;935.0;933.7;8;7;8;0.0;6.0;0.0;10.0;9.0;10.0;86.0;934.4666666666667;9.666666666666666;2.0;7
83075;1986-10-23;0.6;20.4;12.1;8;1986;10;23;-23.43;-46.46;735;87.0;69.0;67.0;936.0;939.3;937.4;3;3;3;1.0;6.0;5.0;10.0;8.0;8.0;74.33333333333333;937.5666666666666;8.666666666666666;4.0;3
83075;1986-10-24;0;18.6;9.3;9.4;1986;10;24;-23.43;-46.46;735;74.0;53.0;48.0;941.1;940.6;940.2;3;3;3;3.0;5.0;5.0;10.0;6.0;10.0;58.333333333333336;940.6333333333333;8.666666666666666;4.333333333333333;3
83075;1986-10-25;0;23;8.5;9.8;1986;10;25;-23.43;-46.46;735;73.0;60.0;53.0;941.0;940.2;937.0;3;3;3;7.0;5.0;7.0;10.0;10.0;2.0;62.0;939.4;7.333333333333333;6.333333333333333;3
83075;1986-10-26;0;24;13.5;7;1986;10;26;-23.43;-46.46;735;73.0;67.0;59.0;940.6;940.3;937.0;4;3;3;5.0;5.0;5.0;10.0;8.0;10.0;66.33333333333333;939.3000000000001;9.333333333333334;5.0;4
83075;1986-10-27;0;25.2;13.1;6.2;1986;10;27;-23.43;-46.46;735;76.0;71.0;58.0;939.2;939.5;934.0;3;3;3;3.0;3.0;3.0;1.0;10.0;10.0;68.33333333333333;937.5666666666666;7.0;3.0;3
83075;1986-10-28;15.6;28.2;12.1;9.9;1986;10;28;-23.43;-46.46;735;80.0;64.0;37.0;937.5;937.3;929.4;2;3;8;1.0;1.0;0.0;5.0;0.0;2.0;60.333333333333336;934.7333333333332;2.3333333333333335;0.6666666666666666;2
83075;1986-10-29;3.8;30.6;14.3;9.6;1986;10;29;-23.43;-46.46;735;68.0;57.0;30.0;934.5;933.0;925.3;8;8;7;0.0;0.0;5.0;4.0;6.0;8.0;51.666666666666664;930.9333333333334;6.0;1.6666666666666667;7
83075;1986-10-30;0;32.2;16.7;7.7;1986;10;30;-23.43;-46.46;735;61.0;54.0;34.0;932.8;933.8;926.2;8;8;0;0.0;0.0;5.0;9.0;10.0;9.0;49.666666666666664;930.9333333333334;9.333333333333334;1.6666666666666667;0
83075;1986-10-31;0;33.5;18.5;8;1986;10;31;-23.43;-46.46;735;69.0;52.0;31.0;932.9;933.5;924.3;8;3;7;0.0;2.0;4.0;2.0;0.0;8.0;50.666666666666664;930.2333333333332;3.3333333333333335;2.0;3
83075;1986-11-01;1.2;26.4;19.7;0.6;1986;11;1;-23.43;-46.46;735;86.0;85.0;72.0;934.3;934.6;933.7;8;7;8;0.0;5.0;0.0;10.0;10.0;9.0;81.0;934.2000000000002;9.666666666666666;1.6666666666666667;7
83075;1986-11-03;24.1;29.8;18.5;3.2;1986;11;3;-23.43;-46.46;735;90.0;76.0;53.0;935.8;934.6;929.8;2;8;7;1.0;0.0;3.0;6.0;9.0;6.0;73.0;933.4;7.0;1.3333333333333333;2
83075;1986-11-06;0;26.8;11.5;7.9;1986;11;6;-23.43;-46.46;735;73.0;79.0;32.0;938.7;940.4;933.6;8;8;7;0.0;0.0;3.0;6.0;2.0;4.0;61.333333333333336;937.5666666666666;4.0;1.0;7
83075;1986-11-07;0;19.2;8.5;6.7;1986;11;7;-23.43;-46.46;735;84.0;92.0;53.0;944.9;944.1;941.1;3;7;2;1.0;4.0;1.0;9.0;10.0;5.0;76.33333333333333;943.3666666666667;8.0;2.0;3
83075;1986-11-08;0;29.4;13.9;7.3;1986;11;8;-23.43;-46.46;735;68.0;61.0;28.0;934.7;936.0;927.8;8;8;7;0.0;0.0;2.0;0.0;10.0;10.0;52.333333333333336;932.8333333333334;6.666666666666667;0.6666666666666666;7
83075;1986-11-09;0;25.6;8.9;9.3;1986;11;9;-23.43;-46.46;735;77.0;65.0;26.0;942.7;941.9;937.3;3;2;2;1.0;5.0;2.0;2.0;0.0;0.0;56.0;940.6333333333332;0.6666666666666666;2.6666666666666665;3
83075;1986-11-10;22.1;23.6;15.3;3.8;1986;11;10;-23.43;-46.46;735;89.0;79.0;63.0;929.3;935.0;931.8;7;8;3;1.0;0.0;5.0;10.0;10.0;6.0;77.0;932.0333333333333;8.666666666666666;2.0;7
83075;1986-11-11;27.7;15.2;12.3;0;1986;11;11;-23.43;-46.46;735;89.0;91.0;79.0;932.5;939.2;939.3;8;3;3;0.0;3.0;6.0;10.0;10.0;10.0;86.33333333333333;937.0;10.0;3.0;3
83075;1986-11-12;0;28.6;18.5;4.2;1986;11;12;-23.43;-46.46;735;84.0;68.0;86.0;931.5;931.3;931.6;8;5;8;0.0;2.0;0.0;8.0;10.0;10.0;79.33333333333333;931.4666666666667;9.333333333333334;0.6666666666666666;5
83075;1986-11-13;1.7;18.8;10.9;4.3;1986;11;13;-23.43;-46.46;735;84.0;69.0;60.0;942.3;941.9;938.1;3;3;3;3.0;3.0;5.0;10.0;10.0;9.0;71.0;940.7666666666665;9.666666666666666;3.6666666666666665;3
83075;1986-11-14;0;22.5;11.7;9.9;1986;11;14;-23.43;-46.46;735;79.0;55.0;53.0;939.5;938.9;935.6;3;2;3;3.0;2.0;4.0;9.0;4.0;6.0;62.333333333333336;938.0;6.333333333333333;3.0;3
83075;1986-11-15;0;26;12.6;6.8;1986;11;15;-23.43;-46.46;735;78.0;72.0;48.0;937.8;938.9;932.3;3;2;8;3.0;1.0;0.0;6.0;1.0;9.0;66.0;936.3333333333334;5.333333333333333;1.3333333333333333;3
83075;1986-11-16;0;28.7;14.5;6.7;1986;11;16;-23.43;-46.46;735;81.0;72.0;33.0;937.2;937.1;929.3;3;8;8;3.0;0.0;0.0;5.0;10.0;6.0;62.0;934.5333333333334;7.0;1.0;3
83075;1986-11-17;0.8;30;15.1;8;1986;11;17;-23.43;-46.46;735;73.0;57.0;40.0;934.5;935.1;928.9;8;2;8;0.0;2.0;0.0;2.0;0.0;10.0;56.666666666666664;932.8333333333334;4.0;0.6666666666666666;2
83075;1986-11-19;0;32;17.9;7.9;1986;11;19;-23.43;-46.46;735;65.0;59.0;39.0;931.4;930.9;923.6;3;8;8;1.0;0.0;0.0;0.0;10.0;10.0;54.333333333333336;928.6333333333333;6.666666666666667;0.3333333333333333;3
83075;1986-11-20;0.1;33.2;17.5;9.9;1986;11;20;-23.43;-46.46;735;64.0;56.0;52.0;931.2;930.8;922.3;8;8;3;0.0;0.0;3.0;4.0;4.0;2.0;57.333333333333336;928.1;3.3333333333333335;1.0;3
83075;1986-11-21;0;27.8;18.7;7.6;1986;11;21;-23.43;-46.46;735;83.0;64.0;52.0;933.5;935.3;931.2;5;3;3;5.0;3.0;4.0;9.0;10.0;10.0;66.33333333333333;933.3333333333334;9.666666666666666;4.0;5
83075;1986-11-22;0;33.5;17.1;10.5;1986;11;22;-23.43;-46.46;735;80.0;66.0;33.0;934.6;933.8;922.6;3;8;3;3.0;0.0;3.0;8.0;0.0;6.0;59.666666666666664;930.3333333333334;4.666666666666667;2.0;3
83075;1986-11-23;0;29.8;19.3;4.6;1986;11;23;-23.43;-46.46;735;55.0;49.0;65.0;928.2;929.9;931.9;8;8;3;0.0;0.0;7.0;4.0;10.0;10.0;56.333333333333336;930.0;8.0;2.3333333333333335;3
83075;1986-11-24;0.6;25.8;17.5;0.1;1986;11;24;-23.43;-46.46;735;80.0;80.0;66.0;936.0;934.7;928.4;3;8;3;3.0;0.0;3.0;10.0;10.0;10.0;75.33333333333333;933.0333333333333;10.0;2.0;3
83075;1986-11-25;0;33.8;17.5;9.7;1986;11;25;-23.43;-46.46;735;86.0;72.0;32.0;933.1;930.4;920.5;3;8;7;1.0;0.0;3.0;10.0;10.0;9.0;63.333333333333336;928.0;9.666666666666666;1.3333333333333333;3
83075;1986-11-27;15.2;33.8;19.5;3.3;1986;11;27;-23.43;-46.46;735;87.0;86.0;64.0;930.3;932.3;927.1;8;8;0;0.0;0.0;3.0;10.0;10.0;9.0;79.0;929.9;9.666666666666666;1.0;0
83075;1986-11-28;0;30.8;19.5;5.7;1986;11;28;-23.43;-46.46;735;74.0;67.0;51.0;933.9;928.3;925.0;8;8;7;0.0;0.0;5.0;9.0;10.0;8.0;64.0;929.0666666666666;9.0;1.6666666666666667;7
83075;1986-11-29;16.3;28.6;20.1;2.8;1986;11;29;-23.43;-46.46;735;68.0;76.0;55.0;929.1;929.8;925.4;3;7;0;3.0;5.0;1.0;10.0;9.0;10.0;66.33333333333333;928.1;9.666666666666666;3.0;3
83075;1986-11-30;7.4;26;20.1;0;1986;11;30;-23.43;-46.46;735;90.0;82.0;70.0;930.3;930.1;925.8;3;8;8;1.0;0.0;0.0;10.0;10.0;9.0;80.66666666666667;928.7333333333332;9.666666666666666;0.3333333333333333;3
83075;1986-12-03;0;30.5;20.7;1.7;1986;12;3;-23.43;-46.46;735;81.0;75.0;83.0;934.5;935.3;935.6;8;8;3;0.0;0.0;3.0;5.0;10.0;10.0;79.66666666666667;935.1333333333333;8.333333333333334;1.0;3
83075;1986-12-05;0;27.6;17.5;2;1986;12;5;-23.43;-46.46;735;91.0;87.0;84.0;933.9;932.0;926.4;3;3;8;1.0;3.0;0.0;9.0;10.0;10.0;87.33333333333333;930.7666666666668;9.666666666666666;1.3333333333333333;3
83075;1986-12-06;0;25.2;12.3;6.7;1986;12;6;-23.43;-46.46;735;74.0;77.0;68.0;938.9;939.8;937.0;8;8;3;0.0;0.0;7.0;2.0;10.0;5.0;73.0;938.5666666666666;5.666666666666667;2.3333333333333335;3
83075;1986-12-07;0;21.4;8.5;7;1986;12;7;-23.43;-46.46;735;88.0;87.0;45.0;941.6;941.3;937.7;8;2;8;0.0;3.0;0.0;0.0;10.0;0.0;73.33333333333333;940.2000000000002;3.3333333333333335;1.0;2
83075;1986-12-08;0;22.8;12.1;0;1986;12;8;-23.43;-46.46;735;52.0;78.0;77.0;934.0;938.0;935.8;8;3;3;0.0;3.0;5.0;9.0;10.0;10.0;69.0;935.9333333333334;9.666666666666666;2.6666666666666665;3
83075;1986-12-09;0;26.4;10.9;8.7;1986;12;9;-23.43;-46.46;735;64.0;73.0;36.0;939.7;939.9;933.0;3;7;8;3.0;1.0;0.0;2.0;0.0;10.0;57.666666666666664;937.5333333333333;4.0;1.3333333333333333;3
83075;1986-12-10;0;23.6;12.1;6.3;1986;12;10;-23.43;-46.46;735;84.0;77.0;54.0;935.9;936.4;931.2;3;8;8;3.0;0.0;0.0;10.0;10.0;9.0;71.66666666666667;934.5;9.666666666666666;1.0;3
83075;1986-12-11;7.7;15.8;10.7;0;1986;12;11;-23.43;-46.46;735;86.0;70.0;73.0;941.0;942.7;942.0;3;3;3;7.0;6.0;5.0;10.0;10.0;10.0;76.33333333333333;941.9;10.0;6.0;3
83075;1986-12-12;10;29.2;18.5;5.8;1986;12;12;-23.43;-46.46;735;88.0;75.0;52.0;933.1;932.6;925.9;3;6;8;3.0;3.0;0.0;10.0;10.0;10.0;71.66666666666667;930.5333333333333;10.0;2.0;3
83075;1986-12-13;0;30.4;19.7;3.8;1986;12;13;-23.43;-46.46;735;83.0;75.0;65.0;931.5;929.9;924.6;3;8;3;1.0;0.0;5.0;10.0;10.0;10.0;74.33333333333333;928.6666666666666;10.0;2.0;3
83075;1986-12-14;13;27.4;19.3;3.9;1986;12;14;-23.43;-46.46;735;81.0;66.0;62.0;927.7;927.5;923.6;8;7;7;0.0;3.0;3.0;10.0;10.0;10.0;69.66666666666667;926.2666666666668;10.0;2.0;7
83075;1986-12-15;0.2;28.2;20.1;2.8;1986;12;15;-23.43;-46.46;735;81.0;84.0;64.0;925.9;928.8;924.7;8;7;7;0.0;4.0;5.0;9.0;10.0;9.0;76.33333333333333;926.4666666666666;9.333333333333334;3.0;7
83075;1986-12-16;0;28;21.3;0.7;1986;12;16;-23.43;-46.46;735;78.0;76.0;79.0;930.1;931.2;927.6;8;7;8;0.0;3.0;0.0;5.0;10.0;9.0;77.66666666666667;929.6333333333333;8.0;1.0;7
83075;1986-12-17;8.1;29.2;20.3;2.2;1986;12;17;-23.43;-46.46;735;86.0;88.0;56.0;930.6;934.3;927.9;8;8;7;0.0;0.0;4.0;8.0;10.0;8.0;76.66666666666667;930.9333333333334;8.666666666666666;1.3333333333333333;7
83075;1986-12-18;0.5;27.2;19.5;0.1;1986;12;18;-23.43;-46.46;735;80.0;77.0;88.0;932.7;933.9;935.0;8;7;8;0.0;2.0;0.0;9.0;9.0;10.0;81.66666666666667;933.8666666666667;9.333333333333334;0.6666666666666666;7
83075;1986-12-19;56.2;20.6;17.5;0;1986;12;19;-23.43;-46.46;735;90.0;88.0;90.0;938.6;938.9;938.5;8;5;3;0.0;2.0;2.0;10.0;10.0;10.0;89.33333333333333;938.6666666666666;10.0;1.3333333333333333;5
83075;1986-12-20;10.4;26.2;18.1;1.6;1986;12;20;-23.43;-46.46;735;91.0;83.0;68.0;939.4;939.1;935.1;3;3;3;1.0;3.0;1.0;10.0;10.0;6.0;80.66666666666667;937.8666666666667;8.666666666666666;1.6666666666666667;3
83075;1986-12-21;0.3;28.2;19.1;2.8;1986;12;21;-23.43;-46.46;735;80.0;76.0;59.0;937.0;934.0;933.5;3;8;3;3.0;0.0;1.0;9.0;10.0;9.0;71.66666666666667;934.8333333333334;9.333333333333334;1.3333333333333333;3
83075;1986-12-22;0.3;26.2;19.3;1.6;1986;12;22;-23.43;-46.46;735;82.0;71.0;84.0;930.7;928.8;925.2;8;1;3;0.0;5.0;3.0;5.0;10.0;10.0;79.0;928.2333333333332;8.333333333333334;2.6666666666666665;1
83075;1986-12-24;25.6;25.6;15.3;1.8;1986;12;24;-23.43;-46.46;735;84.0;76.0;75.0;925.7;928.9;927.8;8;7;8;0.0;5.0;0.0;10.0;8.0;10.0;78.33333333333333;927.4666666666666;9.333333333333334;1.6666666666666667;7
83075;1986-12-25;16.2;25;15.1;1;1986;12;25;-23.43;-46.46;735;66.0;68.0;70.0;928.6;928.7;926.0;8;8;0;0.0;0.0;3.0;0.0;10.0;8.0;68.0;927.7666666666668;6.0;1.0;0
83075;1986-12-26;8.6;25.4;15.9;1.4;1986;12;26;-23.43;-46.46;735;87.0;80.0;68.0;930.5;930.5;925.9;8;2;3;0.0;1.0;3.0;10.0;10.0;10.0;78.33333333333333;928.9666666666667;10.0;1.3333333333333333;2
83075;1986-12-27;1.7;28.2;17.5;5.4;1986;12;27;-23.43;-46.46;735;89.0;74.0;68.0;929.9;931.4;927.1;8;8;3;0.0;0.0;3.0;10.0;6.0;10.0;77.0;929.4666666666667;8.666666666666666;1.0;3
83075;1986-12-28;22.7;29;17.3;2.5;1986;12;28;-23.43;-46.46;735;91.0;78.0;81.0;931.8;931.5;929.1;8;7;3;0.0;3.0;5.0;10.0;10.0;9.0;83.33333333333333;930.8000000000001;9.666666666666666;2.6666666666666665;7
83075;1986-12-29;26.9;23.6;17.3;1.2;1986;12;29;-23.43;-46.46;735;93.0;73.0;76.0;933.2;933.8;933.1;8;8;3;0.0;0.0;5.0;10.0;10.0;9.0;80.66666666666667;933.3666666666667;9.666666666666666;1.6666666666666667;3
83075;1986-12-30;0.6;23;16.9;0;1986;12;30;-23.43;-46.46;735;85.0;78.0;72.0;934.2;934.0;933.1;8;8;3;0.0;0.0;5.0;8.0;10.0;10.0;78.33333333333333;933.7666666666668;9.333333333333334;1.6666666666666667;3
83075;1986-12-31;0;27.6;16.1;6;1986;12;31;-23.43;-46.46;735;90.0;78.0;69.0;933.5;935.2;932.6;8;8;4;0.0;0.0;1.0;4.0;2.0;9.0;79.0;933.7666666666668;5.0;0.3333333333333333;4
83075;1987-01-01;0.2;30.8;15.9;10.2;1987;1;1;-23.43;-46.46;735;82.0;76.0;41.0;933.2;934.1;926.9;8;8;6;0.0;0.0;5.0;10.0;6.0;6.0;66.33333333333333;931.4000000000001;7.333333333333333;1.6666666666666667;6
83075;1987-01-02;0.9;31.4;18.7;;1987;1;2;-23.43;-46.46;735;82.0;60.0;48.0;932.9;930.5;924.9;8;7;3;0.0;3.0;5.0;8.0;6.0;8.0;63.333333333333336;929.4333333333334;7.333333333333333;2.6666666666666665;7
83075;1987-01-03;0;29.8;18.9;;1987;1;3;-23.43;-46.46;735;74.0;84.0;56.0;934.6;935.7;930.4;5;8;8;1.0;0.0;0.0;10.0;10.0;10.0;71.33333333333333;933.5666666666667;10.0;0.3333333333333333;5
83075;1987-01-04;0;30.6;19.3;;1987;1;4;-23.43;-46.46;735;77.0;60.0;51.0;929.8;930.9;924.8;8;7;7;0.0;6.0;4.0;6.0;10.0;4.0;62.666666666666664;928.5;6.666666666666667;3.3333333333333335;7
83075;1987-01-05;11.1;26.8;15.9;7.2;1987;1;5;-23.43;-46.46;735;89.0;85.0;49.0;935.0;933.5;928.3;8;3;7;0.0;2.0;3.0;10.0;10.0;5.0;74.33333333333333;932.2666666666668;8.333333333333334;1.6666666666666667;3
83075;1987-01-08;0;16.4;8.7;;1987;1;8;-23.43;-46.46;735;83.0;83.0;67.0;937.8;939.8;936.8;8;3;3;0.0;2.0;1.0;9.0;8.0;8.0;77.66666666666667;938.1333333333332;8.333333333333334;1.0;3
83075;1987-01-09;4.1;17.2;11.7;;1987;1;9;-23.43;-46.46;735;88.0;80.0;76.0;940.8;940.7;937.6;5;3;3;3.0;5.0;3.0;10.0;10.0;10.0;81.33333333333333;939.6999999999999;10.0;3.6666666666666665;5
83075;1987-01-12;0;32.4;16.5;10;1987;1;12;-23.43;-46.46;735;61.0;65.0;54.0;926.2;927.0;923.4;4;8;7;1.0;0.0;3.0;0.0;0.0;10.0;60.0;925.5333333333333;3.3333333333333335;1.3333333333333333;4
83075;1987-01-13;7.3;32.6;20.7;8.9;1987;1;13;-23.43;-46.46;735;86.0;77.0;47.0;932.4;932.4;925.8;8;8;7;0.0;0.0;3.0;8.0;9.0;8.0;70.0;930.1999999999999;8.333333333333334;1.0;7
83075;1987-01-14;0;34.2;22.3;5.8;1987;1;14;-23.43;-46.46;735;70.0;70.0;39.0;932.1;933.2;924.8;8;8;7;0.0;0.0;2.0;4.0;10.0;9.0;59.666666666666664;930.0333333333334;7.666666666666667;0.6666666666666666;7
83075;1987-01-15;0;32.2;21.7;8.6;1987;1;15;-23.43;-46.46;735;84.0;69.0;58.0;932.5;933.5;926.6;8;3;3;0.0;1.0;5.0;1.0;5.0;10.0;70.33333333333333;930.8666666666667;5.333333333333333;2.0;3
83075;1987-01-16;0;32.8;21.2;6.7;1987;1;16;-23.43;-46.46;735;80.0;64.0;41.0;933.7;930.5;923.4;8;0;7;0.0;2.0;5.0;10.0;9.0;8.0;61.666666666666664;929.1999999999999;9.0;2.3333333333333335;0
83075;1987-01-17;24.4;29;19.7;3.6;1987;1;17;-23.43;-46.46;735;89.0;73.0;85.0;930.0;930.0;929.1;8;4;8;0.0;3.0;0.0;10.0;9.0;10.0;82.33333333333333;929.6999999999999;9.666666666666666;1.0;4
83075;1987-01-18;18.2;25;18.7;2.6;1987;1;18;-23.43;-46.46;735;81.0;69.0;79.0;931.6;931.3;930.2;4;3;3;1.0;5.0;3.0;9.0;10.0;10.0;76.33333333333333;931.0333333333334;9.666666666666666;3.0;4
83075;1987-01-19;2.5;27.2;17.7;7.4;1987;1;19;-23.43;-46.46;735;86.0;69.0;59.0;933.2;932.8;929.8;3;4;3;1.0;4.0;5.0;8.0;8.0;8.0;71.33333333333333;931.9333333333334;8.0;3.3333333333333335;3
83075;1987-01-20;0;28;16.5;8.9;1987;1;20;-23.43;-46.46;735;83.0;86.0;53.0;933.5;934.5;930.2;3;3;3;3.0;3.0;5.0;8.0;9.0;9.0;74.0;932.7333333333332;8.666666666666666;3.6666666666666665;3
83075;1987-01-21;0;31.2;17.5;10.5;1987;1;21;-23.43;-46.46;735;80.0;71.0;44.0;933.2;931.5;925.8;3;7;7;1.0;2.0;3.0;2.0;10.0;8.0;65.0;930.1666666666666;6.666666666666667;2.0;3
83075;1987-01-22;0;29.8;20.7;4;1987;1;22;-23.43;-46.46;735;75.0;71.0;61.0;928.6;929.7;924.0;8;7;7;0.0;5.0;5.0;5.0;10.0;10.0;69.0;927.4333333333334;8.333333333333334;3.3333333333333335;7
83075;1987-01-23;20.7;26.8;19.3;1.1;1987;1;23;-23.43;-46.46;735;92.0;90.0;71.0;930.6;931.7;927.0;8;1;7;0.0;2.0;3.0;10.0;10.0;10.0;84.33333333333333;929.7666666666668;10.0;1.6666666666666667;1
83075;1987-01-24;40;26.8;18.1;0.1;1987;1;24;-23.43;-46.46;735;92.0;86.0;75.0;931.3;930.5;927.2;8;7;8;0.0;4.0;0.0;10.0;10.0;9.0;84.33333333333333;929.6666666666666;9.666666666666666;1.3333333333333333;7
83075;1987-01-25;11;24.8;20.1;0;1987;1;25;-23.43;-46.46;735;95.0;89.0;89.0;929.7;928.8;927.4;8;7;7;0.0;3.0;3.0;10.0;10.0;10.0;91.0;928.6333333333333;10.0;2.0;7
83075;1987-01-26;112.2;26;18.7;;1987;1;26;-23.43;-46.46;735;94.0;87.0;83.0;930.3;931.6;930.0;8;7;7;0.0;1.0;3.0;10.0;10.0;10.0;88.0;930.6333333333333;10.0;1.3333333333333333;7
83075;1987-01-28;29.4;25.6;20.7;;1987;1;28;-23.43;-46.46;735;90.0;77.0;66.0;934.9;935.9;933.8;8;4;3;0.0;1.0;3.0;10.0;10.0;10.0;77.66666666666667;934.8666666666667;10.0;1.3333333333333333;4
83075;1987-01-29;0;24.2;18.7;;1987;1;29;-23.43;-46.46;735;83.0;78.0;74.0;936.5;935.7;933.4;3;8;8;1.0;0.0;0.0;10.0;10.0;10.0;78.33333333333333;935.1999999999999;10.0;0.3333333333333333;3
83075;1987-01-30;19;25.8;17.7;;1987;1;30;-23.43;-46.46;735;91.0;80.0;72.0;936.0;933.0;930.2;8;1;8;0.0;4.0;0.0;10.0;9.0;10.0;81.0;933.0666666666666;9.666666666666666;1.3333333333333333;1
83075;1987-01-31;6.9;24.2;17.9;;1987;1;31;-23.43;-46.46;735;87.0;85.0;74.0;933.1;934.5;932.1;8;7;8;8.7;1.0;0.0;10.0;10.0;10.0;82.0;933.2333333333332;10.0;3.233333333333333;7
83075;1987-02-01;2.7;29;19.9;3;1987;2;1;-23.43;-46.46;735;68.0;86.0;53.0;931.0;934.4;927.9;8;7;5;0.0;3.0;3.0;1.0;9.0;9.0;69.0;931.1;6.333333333333333;2.0;7
83075;1987-02-02;0;29.8;20.7;;1987;2;2;-23.43;-46.46;735;70.0;70.0;54.0;931.1;932.5;927.8;8;8;7;0.0;0.0;4.0;10.0;10.0;10.0;64.66666666666667;930.4666666666666;10.0;1.3333333333333333;7
83075;1987-02-03;0;30;17.3;;1987;2;3;-23.43;-46.46;735;81.0;71.0;55.0;934.2;935.4;929.2;3;8;3;4.0;0.0;1.0;1.0;1.0;4.0;69.0;932.9333333333334;2.0;1.6666666666666667;3
83075;1987-02-04;0;30.6;21.1;;1987;2;4;-23.43;-46.46;735;68.0;60.0;51.0;929.7;931.6;927.8;8;7;8;0.0;3.0;0.0;6.0;5.0;6.0;59.666666666666664;929.7000000000002;5.666666666666667;1.0;7
83075;1987-02-05;0.4;25.6;14.7;3.4;1987;2;5;-23.43;-46.46;735;85.0;79.0;53.0;932.1;931.3;925.5;8;8;7;0.0;0.0;4.0;4.0;8.0;10.0;72.33333333333333;929.6333333333333;7.333333333333333;1.3333333333333333;7
83075;1987-02-08;0;21.8;9.9;;1987;2;8;-23.43;-46.46;735;78.0;80.0;48.0;938.5;939.7;933.8;4;5;5;1.0;1.0;1.0;9.0;4.0;2.0;68.66666666666667;937.3333333333334;5.0;1.0;4
83075;1987-02-09;0;29.6;13.3;;1987;2;9;-23.43;-46.46;735;84.0;81.0;44.0;938.0;936.4;926.8;3;6;7;3.0;2.0;3.0;10.0;10.0;5.0;69.66666666666667;933.7333333333332;8.333333333333334;2.6666666666666665;3
83075;1987-02-11;0;28;13.3;10;1987;2;11;-23.43;-46.46;735;78.0;68.0;44.0;932.5;932.1;926.0;4;4;4;1.0;4.0;4.0;8.0;6.0;5.0;63.333333333333336;930.1999999999999;6.333333333333333;3.0;4
83075;1987-02-12;0;33;18.7;8.1;1987;2;12;-23.43;-46.46;735;65.0;62.0;48.0;926.0;926.4;920.5;8;8;5;0.0;0.0;5.0;10.0;0.0;10.0;58.333333333333336;924.3000000000001;6.666666666666667;1.6666666666666667;5
83075;1987-02-13;0.5;26.2;17.1;;1987;2;13;-23.43;-46.46;735;84.0;78.0;66.0;937.4;937.2;933.9;5;8;3;1.0;0.0;3.0;9.0;10.0;10.0;76.0;936.1666666666666;9.666666666666666;1.3333333333333333;5
83075;1987-02-14;1.1;28;17.5;;1987;2;14;-23.43;-46.46;735;90.0;77.0;86.0;937.3;937.1;934.9;4;2;3;3.0;1.0;3.0;9.0;10.0;10.0;84.33333333333333;936.4333333333334;9.666666666666666;2.3333333333333335;4
83075;1987-02-15;7.1;26.8;18.1;;1987;2;15;-23.43;-46.46;735;90.0;85.0;97.0;937.2;937.4;934.4;8;8;5;0.0;0.0;3.0;10.0;10.0;10.0;90.66666666666667;936.3333333333334;10.0;1.0;5
83075;1987-02-17;11.6;28.8;17.7;;1987;2;17;-23.43;-46.46;735;91.0;76.0;72.0;935.9;932.8;929.8;8;8;3;0.0;0.0;5.0;10.0;10.0;10.0;79.66666666666667;932.8333333333334;10.0;1.6666666666666667;3
83075;1987-02-18;29.6;27;17.1;;1987;2;18;-23.43;-46.46;735;89.0;90.0;59.0;934.7;934.3;930.8;8;8;7;0.0;0.0;1.0;5.0;4.0;8.0;79.33333333333333;933.2666666666668;5.666666666666667;0.3333333333333333;7
83075;1987-02-22;0;33;19.3;;1987;2;22;-23.43;-46.46;735;78.0;70.0;45.0;933.7;936.3;929.4;8;8;5;0.0;0.0;1.0;9.0;6.0;5.0;64.33333333333333;933.1333333333333;6.666666666666667;0.3333333333333333;5
83075;1987-02-23;0.1;33.4;19.3;;1987;2;23;-23.43;-46.46;735;73.0;69.0;36.0;937.9;936.9;927.6;8;8;3;0.0;0.0;3.0;2.0;10.0;10.0;59.333333333333336;934.1333333333333;7.333333333333333;1.0;3
83075;1987-02-24;0;31.8;19.9;;1987;2;24;-23.43;-46.46;735;78.0;77.0;39.0;936.5;936.6;928.9;3;8;8;3.0;0.0;0.0;10.0;10.0;2.0;64.66666666666667;934.0;7.333333333333333;1.0;3
83075;1987-02-25;0;30.4;18.3;;1987;2;25;-23.43;-46.46;735;79.0;79.0;61.0;935.3;936.5;929.2;3;8;3;3.0;0.0;5.0;10.0;10.0;10.0;73.0;933.6666666666666;10.0;2.6666666666666665;3
83075;1987-03-01;10.4;29.4;19.9;2.2;1987;3;1;-23.43;-46.46;735;90.0;66.0;90.0;935.2;933.9;933.2;5;7;5;1.0;3.0;4.0;10.0;9.0;10.0;82.0;934.1;9.666666666666666;2.6666666666666665;5
83075;1987-03-02;11.7;26.8;19.5;;1987;3;2;-23.43;-46.46;735;79.0;75.0;74.0;932.7;933.8;930.3;3;8;8;1.0;0.0;0.0;10.0;10.0;10.0;76.0;932.2666666666668;10.0;0.3333333333333333;3
83075;1987-03-03;0;29.2;16.7;;1987;3;3;-23.43;-46.46;735;77.0;72.0;52.0;935.7;934.2;930.0;3;8;3;1.0;0.0;4.0;5.0;2.0;10.0;67.0;933.3000000000001;5.666666666666667;1.6666666666666667;3
83075;1987-03-04;2.1;23;17.5;;1987;3;4;-23.43;-46.46;735;82.0;84.0;80.0;935.4;935.1;937.2;4;3;3;1.0;3.0;4.0;10.0;10.0;10.0;82.0;935.9;10.0;2.6666666666666665;4
83075;1987-03-05;0;28;17.1;5.8;1987;3;5;-23.43;-46.46;735;84.0;78.0;49.0;929.0;930.3;925.4;8;8;0;0.0;0.0;3.0;10.0;6.0;5.0;70.33333333333333;928.2333333333332;7.0;1.0;0
83075;1987-03-08;0;19.4;9.6;;1987;3;8;-23.43;-46.46;735;87.0;87.0;53.0;937.0;938.0;934.8;5;3;4;1.0;1.0;3.0;10.0;8.0;9.0;75.66666666666667;936.6;9.0;1.6666666666666667;5
83075;1987-03-09;0;23.4;13.3;;1987;3;9;-23.43;-46.46;735;44.0;70.0;60.0;930.1;933.2;934.6;8;7;4;0.0;3.0;3.0;8.0;10.0;10.0;58.0;932.6333333333333;9.333333333333334;2.0;7
83075;1987-03-11;0;29.6;13.3;10.3;1987;3;11;-23.43;-46.46;735;81.0;74.0;34.0;931.0;930.2;924.6;3;8;5;3.0;0.0;3.0;8.0;0.0;0.0;63.0;928.6;2.6666666666666665;2.0;3
83075;1987-03-12;0.1;32.2;20.1;8.6;1987;3;12;-23.43;-46.46;735;77.0;63.0;59.0;923.2;923.5;916.8;8;7;8;0.0;3.0;0.0;4.0;10.0;9.0;66.33333333333333;921.1666666666666;7.666666666666667;1.0;7
83075;1987-03-13;0;25.6;15.9;;1987;3;13;-23.43;-46.46;735;78.0;76.0;64.0;934.8;934.7;932.0;3;8;3;1.0;0.0;4.0;8.0;10.0;10.0;72.66666666666667;933.8333333333334;9.333333333333334;1.6666666666666667;3
83075;1987-03-14;0;26;14.9;;1987;3;14;-23.43;-46.46;735;78.0;69.0;68.0;936.1;935.7;933.4;3;3;3;7.0;3.0;5.0;9.0;10.0;10.0;71.66666666666667;935.0666666666667;9.666666666666666;5.0;3
83075;1987-03-15;0;26.2;18.7;;1987;3;15;-23.43;-46.46;735;84.0;81.0;66.0;937.2;938.2;933.7;3;3;3;1.0;3.0;5.0;10.0;7.0;6.0;77.0;936.3666666666668;7.666666666666667;3.0;3
83075;1987-03-16;0;26.4;17.7;;1987;3;16;-23.43;-46.46;735;85.0;77.0;65.0;938.5;938.9;936.2;3;8;3;5.0;0.0;3.0;10.0;4.0;8.0;75.66666666666667;937.8666666666668;7.333333333333333;2.6666666666666665;3
83075;1987-03-17;0;27.6;17.5;;1987;3;17;-23.43;-46.46;735;84.0;76.0;62.0;938.4;938.2;933.6;3;3;3;3.0;3.0;6.0;10.0;10.0;8.0;74.0;936.7333333333332;9.333333333333334;4.0;3
83075;1987-03-18;0;27;16.7;;1987;3;18;-23.43;-46.46;735;85.0;84.0;82.0;937.1;937.2;934.1;3;2;8;1.0;3.0;0.0;10.0;10.0;10.0;83.66666666666667;936.1333333333333;10.0;1.3333333333333333;3
83075;1987-03-19;30;27.4;16.7;;1987;3;19;-23.43;-46.46;735;86.0;80.0;54.0;936.2;938.4;931.7;8;3;3;0.0;2.0;2.0;10.0;10.0;10.0;73.33333333333333;935.4333333333334;10.0;1.3333333333333333;3
83075;1987-03-20;9.8;26.9;16.7;;1987;3;20;-23.43;-46.46;735;87.0;80.0;57.0;937.2;936.4;931.0;8;2;3;0.0;2.0;4.0;8.0;8.0;5.0;74.66666666666667;934.8666666666667;7.0;2.0;2
83075;1987-03-21;0;28.8;17.7;;1987;3;21;-23.43;-46.46;735;82.0;73.0;69.0;933.1;932.8;929.1;3;8;3;3.0;0.0;3.0;10.0;2.0;8.0;74.66666666666667;931.6666666666666;6.666666666666667;2.0;3
83075;1987-03-23;0;28;16.9;;1987;3;23;-23.43;-46.46;735;85.0;87.0;57.0;933.1;934.6;929.5;5;3;3;1.0;1.0;4.0;8.0;10.0;10.0;76.33333333333333;932.4;9.333333333333334;2.0;5
83075;1987-03-24;0;29.8;16.9;;1987;3;24;-23.43;-46.46;735;82.0;76.0;48.0;934.4;934.4;927.8;3;8;3;3.0;0.0;1.0;8.0;6.0;2.0;68.66666666666667;932.1999999999999;5.333333333333333;1.3333333333333333;3
83075;1987-03-25;0;31.4;18.5;;1987;3;25;-23.43;-46.46;735;81.0;76.0;43.0;934.3;934.1;924.9;3;8;7;3.0;0.0;2.0;8.0;10.0;10.0;66.66666666666667;931.1;9.333333333333334;1.6666666666666667;3
83075;1987-03-26;0;31.4;19.1;;1987;3;26;-23.43;-46.46;735;72.0;81.0;44.0;929.8;931.4;923.6;8;8;7;0.0;0.0;2.0;8.0;10.0;6.0;65.66666666666667;928.2666666666665;8.0;0.6666666666666666;7
83075;1987-03-27;0;30.2;20.5;;1987;3;27;-23.43;-46.46;735;78.0;74.0;72.0;930.0;931.9;927.6;8;2;3;0.0;3.0;5.0;9.0;10.0;10.0;74.66666666666667;929.8333333333334;9.666666666666666;2.6666666666666665;2
83075;1987-03-28;5.5;27.2;19.7;;1987;3;28;-23.43;-46.46;735;86.0;78.0;56.0;932.9;934.2;930.1;6;3;3;3.0;3.0;5.0;9.0;10.0;5.0;73.33333333333333;932.4;8.0;3.6666666666666665;6
83075;1987-03-29;0.1;26.4;15.9;;1987;3;29;-23.43;-46.46;735;83.0;80.0;61.0;934.4;934.5;929.7;3;3;3;3.0;1.0;3.0;6.0;10.0;9.0;74.66666666666667;932.8666666666668;8.333333333333334;2.3333333333333335;3
83075;1987-03-30;0;28;17.3;;1987;3;30;-23.43;-46.46;735;81.0;83.0;52.0;933.1;933.8;929.4;3;8;8;3.0;0.0;0.0;9.0;10.0;6.0;72.0;932.1;8.333333333333334;1.0;3
83075;1987-03-31;0;31.4;17.5;;1987;3;31;-23.43;-46.46;735;79.0;78.0;42.0;931.7;932.8;924.9;5;8;7;1.0;0.0;2.0;10.0;10.0;5.0;66.33333333333333;929.8000000000001;8.333333333333334;1.0;5
83075;1987-04-01;6;29.4;18.9;7.2;1987;4;1;-23.43;-46.46;735;84.0;64.0;61.0;934.4;934.1;928.7;8;8;7;0.0;0.0;2.0;8.0;5.0;8.0;69.66666666666667;932.4;7.0;0.6666666666666666;7
83075;1987-04-02;10.7;29.2;18.9;;1987;4;2;-23.43;-46.46;735;92.0;80.0;50.0;934.5;933.6;928.0;8;7;7;0.0;5.0;3.0;10.0;10.0;9.0;74.0;932.0333333333333;9.666666666666666;2.6666666666666665;7
83075;1987-04-03;0;30.6;17.1;;1987;4;3;-23.43;-46.46;735;85.0;86.0;32.0;934.4;934.4;934.3;3;3;3;3.0;3.0;3.0;8.0;10.0;10.0;67.66666666666667;934.3666666666667;9.333333333333334;3.0;3
83075;1987-04-04;14.1;18;14.9;;1987;4;4;-23.43;-46.46;735;91.0;91.0;92.0;938.9;938.9;937.7;4;4;8;2.0;1.0;0.0;10.0;10.0;10.0;91.33333333333333;938.5;10.0;1.0;4
83075;1987-04-05;0;27.8;15.5;5.3;1987;4;5;-23.43;-46.46;735;87.0;91.0;54.0;931.0;933.5;926.9;8;8;7;0.0;0.0;6.0;8.0;10.0;9.0;77.33333333333333;930.4666666666667;9.0;2.0;7
83075;1987-04-08;0;21.4;8.5;;1987;4;8;-23.43;-46.46;735;86.0;81.0;53.0;937.1;936.4;933.7;4;4;3;1.0;2.0;3.0;5.0;10.0;10.0;73.33333333333333;935.7333333333332;8.333333333333334;2.0;4
83075;1987-04-09;0;21.4;6.3;;1987;4;9;-23.43;-46.46;735;83.0;73.0;54.0;936.9;936.6;933.7;8;8;4;0.0;0.0;5.0;6.0;10.0;0.0;70.0;935.7333333333332;5.333333333333333;1.6666666666666667;4
83075;1987-04-11;0;32.4;14.5;8.7;1987;4;11;-23.43;-46.46;735;80.0;78.0;34.0;928.1;928.1;923.5;8;4;5;0.0;2.0;1.0;0.0;10.0;5.0;64.0;926.5666666666666;5.0;1.0;4
83075;1987-04-12;20.9;27.6;17.1;2.1;1987;4;12;-23.43;-46.46;735;77.0;71.0;84.0;921.1;914.1;918.9;8;7;1;0.0;1.0;5.0;8.0;10.0;10.0;77.33333333333333;918.0333333333333;9.333333333333334;2.0;7
83075;1987-04-13;0;31.2;19.7;;1987;4;13;-23.43;-46.46;735;76.0;70.0;49.0;931.2;931.7;926.2;8;8;7;0.0;0.0;3.0;8.0;10.0;10.0;65.0;929.7000000000002;9.333333333333334;1.0;7
83075;1987-04-14;0;30.2;20;;1987;4;14;-23.43;-46.46;735;72.0;75.0;76.0;932.4;933.8;933.0;8;8;3;0.0;0.0;5.0;5.0;8.0;10.0;74.33333333333333;933.0666666666666;7.666666666666667;1.6666666666666667;3
83075;1987-04-15;0;29.8;21.1;;1987;4;15;-23.43;-46.46;735;87.0;83.0;59.0;934.7;938.0;929.8;2;2;3;1.0;1.0;3.0;10.0;8.0;10.0;76.33333333333333;934.1666666666666;9.333333333333334;1.6666666666666667;2
83075;1987-04-16;0;30.2;19.9;7;1987;4;16;-23.43;-46.46;735;85.0;79.0;40.0;936.0;936.8;929.7;3;3;3;3.0;4.0;1.0;10.0;9.0;1.0;68.0;934.1666666666666;6.666666666666667;2.6666666666666665;3
83075;1987-04-17;0;31;17.7;6.6;1987;4;17;-23.43;-46.46;735;83.0;94.0;45.0;936.8;938.0;930.3;8;3;8;0.0;2.0;0.0;8.0;10.0;8.0;74.0;935.0333333333333;8.666666666666666;0.6666666666666666;3
83075;1987-04-19;0;30.2;17.5;9.3;1987;4;19;-23.43;-46.46;735;83.0;80.0;45.0;936.9;935.6;929.0;8;8;7;0.0;0.0;5.0;9.0;5.0;6.0;69.33333333333333;933.8333333333334;6.666666666666667;1.6666666666666667;7
83075;1987-04-22;0.1;28.2;18.3;4.7;1987;4;22;-23.43;-46.46;735;90.0;84.0;54.0;935.0;936.4;930.0;8;8;7;0.0;0.0;3.0;10.0;10.0;8.0;76.0;933.8000000000001;9.333333333333334;1.0;7
83075;1987-04-24;0;25;18.7;5.3;1987;4;24;-23.43;-46.46;735;86.0;73.0;64.0;933.5;934.3;930.9;8;3;8;0.0;1.0;0.0;10.0;9.0;10.0;74.33333333333333;932.9;9.666666666666666;0.3333333333333333;3
83075;1987-04-25;1.5;24.4;16.1;6.2;1987;4;25;-23.43;-46.46;735;79.0;71.0;67.0;934.6;935.8;934.1;8;3;3;0.0;4.0;5.0;8.0;2.0;9.0;72.33333333333333;934.8333333333334;6.333333333333333;3.0;3
83075;1987-04-26;0;23.6;14.5;7.2;1987;4;26;-23.43;-46.46;735;80.0;77.0;62.0;936.2;936.8;933.8;3;3;3;2.0;1.0;3.0;5.0;8.0;8.0;73.0;935.6;7.0;2.0;3
83075;1987-04-27;1.1;22.8;16.1;0.1;1987;4;27;-23.43;-46.46;735;81.0;92.0;70.0;936.2;937.5;934.3;3;3;3;3.0;2.0;3.0;10.0;10.0;10.0;81.0;936.0;10.0;2.6666666666666665;3
83075;1987-04-28;0.2;23.4;15.7;3.7;1987;4;28;-23.43;-46.46;735;83.0;71.0;69.0;937.5;938.6;937.6;3;3;3;3.0;4.0;3.0;10.0;2.0;10.0;74.33333333333333;937.9;7.333333333333333;3.3333333333333335;3
83075;1987-04-29;0;21.8;15.5;0.5;1987;4;29;-23.43;-46.46;735;87.0;76.0;68.0;938.5;939.5;936.4;3;3;5;3.0;1.0;2.0;10.0;10.0;10.0;77.0;938.1333333333333;10.0;2.0;3
83075;1987-04-30;0;24.8;15.7;4.5;1987;4;30;-23.43;-46.46;735;86.0;70.0;56.0;935.5;937.3;931.9;3;8;3;1.0;0.0;2.0;10.0;10.0;10.0;70.66666666666667;934.9;10.0;1.0;3
83075;1987-05-01;24.5;31.4;17.5;7.5;1987;5;1;-23.43;-46.46;735;88.0;76.0;42.0;935.7;935.4;927.7;8;8;7;0.0;0.0;3.0;9.0;10.0;8.0;68.66666666666667;932.9333333333334;9.0;1.0;7
83075;1987-05-02;5.2;30.6;20.3;;1987;5;2;-23.43;-46.46;735;78.0;76.0;51.0;931.4;932.5;926.4;8;7;7;0.0;4.0;1.0;8.0;9.0;9.0;68.33333333333333;930.1;8.666666666666666;1.6666666666666667;7
83075;1987-05-03;0;31.8;15.3;;1987;5;3;-23.43;-46.46;735;80.0;81.0;27.0;934.5;933.3;924.2;3;8;8;3.0;0.0;0.0;8.0;10.0;10.0;62.666666666666664;930.6666666666666;9.333333333333334;1.0;3
83075;1987-05-04;17.3;17;14.5;;1987;5;4;-23.43;-46.46;735;87.0;94.0;89.0;938.0;937.1;935.1;8;3;4;0.0;4.0;5.0;10.0;10.0;10.0;90.0;936.7333333333332;10.0;3.0;3
83075;1987-05-05;16.5;25.8;18.1;2.5;1987;5;5;-23.43;-46.46;735;82.0;83.0;68.0;930.1;934.3;931.2;8;8;6;0.0;0.0;3.0;10.0;10.0;10.0;77.66666666666667;931.8666666666668;10.0;1.0;6
83075;1987-05-11;0;33.2;17.7;6.2;1987;5;11;-23.43;-46.46;735;60.0;48.0;42.0;924.7;923.8;917.5;8;7;7;0.0;1.0;3.0;0.0;4.0;10.0;50.0;922.0;4.666666666666667;1.3333333333333333;7
83075;1987-05-12;18.8;26.4;19.8;0.7;1987;5;12;-23.43;-46.46;735;92.0;79.0;77.0;919.8;921.7;919.1;8;7;1;0.0;3.0;1.0;10.0;10.0;9.0;82.66666666666667;920.1999999999999;9.666666666666666;1.3333333333333333;7
83075;1987-05-13;0;27.8;15.7;7.2;1987;5;13;-23.43;-46.46;735;91.0;89.0;52.0;937.2;936.3;929.4;8;8;7;0.0;0.0;3.0;8.0;10.0;8.0;77.33333333333333;934.3000000000001;8.666666666666666;1.0;7
83075;1987-05-14;0;26.8;17.7;1;1987;5;14;-23.43;-46.46;735;85.0;63.0;53.0;932.0;930.0;925.7;8;7;7;0.0;4.0;7.0;8.0;9.0;10.0;67.0;929.2333333333332;9.0;3.6666666666666665;7
83075;1987-05-15;0;27.4;16.7;3.8;1987;5;15;-23.43;-46.46;735;73.0;89.0;55.0;928.9;934.6;925.1;8;3;7;0.0;3.0;5.0;8.0;10.0;10.0;72.33333333333333;929.5333333333333;9.333333333333334;2.6666666666666665;3
83075;1987-05-16;52.5;17.4;15.1;0;1987;5;16;-23.43;-46.46;735;92.0;89.0;82.0;931.0;935.8;935.0;8;3;3;0.0;1.0;1.0;10.0;10.0;10.0;87.66666666666667;933.9333333333334;10.0;0.6666666666666666;3
83075;1987-05-17;0;19;14.1;0;1987;5;17;-23.43;-46.46;735;87.0;85.0;91.0;937.9;937.7;939.0;1;2;8;3.0;2.0;0.0;10.0;10.0;10.0;87.66666666666667;938.1999999999999;10.0;1.6666666666666667;1
83075;1987-05-18;5.4;20.6;15.7;0;1987;5;18;-23.43;-46.46;735;89.0;85.0;84.0;937.6;937.3;934.3;3;3;3;1.0;1.0;1.0;10.0;10.0;10.0;86.0;936.4;10.0;1.0;3
83075;1987-05-20;16.4;24.6;17.3;0.9;1987;5;20;-23.43;-46.46;735;88.0;89.0;75.0;930.6;929.3;923.3;8;7;7;0.0;1.0;2.0;10.0;10.0;9.0;84.0;927.7333333333332;9.666666666666666;1.0;7
83075;1987-05-21;74.1;23.4;16.3;1.3;1987;5;21;-23.43;-46.46;735;94.0;84.0;80.0;926.1;926.5;927.8;8;1;7;0.0;3.0;9.0;10.0;8.0;10.0;86.0;926.7999999999998;9.333333333333334;4.0;1
83075;1987-05-22;6.7;19.2;11.1;6.6;1987;5;22;-23.43;-46.46;735;78.0;73.0;54.0;929.8;934.3;932.4;2;7;7;7.0;4.0;3.0;10.0;5.0;8.0;68.33333333333333;932.1666666666666;7.666666666666667;4.666666666666667;2
83075;1987-05-23;0;20.6;8.7;6.6;1987;5;23;-23.43;-46.46;735;83.0;92.0;63.0;935.5;935.9;933.2;8;3;3;0.0;1.0;3.0;5.0;10.0;5.0;79.33333333333333;934.8666666666668;6.666666666666667;1.3333333333333333;3
83075;1987-05-24;0;18.2;11.3;0;1987;5;24;-23.43;-46.46;735;87.0;91.0;76.0;936.6;936.5;934.9;8;8;0;0.0;0.0;5.0;10.0;10.0;10.0;84.66666666666667;936.0;10.0;1.6666666666666667;0
83075;1987-05-25;0.4;15.6;10.5;0;1987;5;25;-23.43;-46.46;735;87.0;76.0;85.0;938.2;942.5;941.2;3;3;3;3.0;3.0;3.0;10.0;10.0;10.0;82.66666666666667;940.6333333333333;10.0;3.0;3
83075;1987-05-26;0;17.6;5.6;7.1;1987;5;26;-23.43;-46.46;735;81.0;82.0;56.0;942.7;941.7;939.1;3;3;3;3.0;2.0;4.0;9.0;10.0;5.0;73.0;941.1666666666666;8.0;3.0;3
83075;1987-06-01;0;33.2;17.9;9.2;1987;6;1;-23.43;-46.46;735;87.0;61.0;40.0;934.1;932.1;924.6;8;8;7;0.0;0.0;3.0;2.0;10.0;8.0;62.666666666666664;930.2666666666668;6.666666666666667;1.0;7
83075;1987-06-02;0;31.2;20.7;;1987;6;2;-23.43;-46.46;735;71.0;78.0;53.0;931.1;931.3;926.1;8;7;7;0.0;3.0;3.0;10.0;10.0;9.0;67.33333333333333;929.5;9.666666666666666;2.0;7
83075;1987-06-03;0;32.8;16.9;;1987;6;3;-23.43;-46.46;735;64.0;78.0;36.0;931.3;931.6;922.1;8;8;6;0.0;0.0;3.0;4.0;10.0;8.0;59.333333333333336;928.3333333333334;7.333333333333333;1.0;6
83075;1987-06-04;17.7;24.2;14.9;;1987;6;4;-23.43;-46.46;735;94.0;87.0;72.0;936.5;936.7;933.3;8;8;3;0.0;0.0;1.0;10.0;10.0;10.0;84.33333333333333;935.5;10.0;0.3333333333333333;3
83075;1987-06-05;14.1;25.6;17.5;3.8;1987;6;5;-23.43;-46.46;735;92.0;86.0;64.0;936.0;936.1;929.8;8;8;3;0.0;0.0;2.0;10.0;10.0;10.0;80.66666666666667;933.9666666666666;10.0;0.6666666666666666;3
83075;1987-06-08;0.3;18.6;15.1;;1987;6;8;-23.43;-46.46;735;86.0;88.0;82.0;931.5;933.1;931.0;8;8;7;0.0;0.0;1.0;10.0;10.0;10.0;85.33333333333333;931.8666666666667;10.0;0.3333333333333333;7
83075;1987-06-11;0.2;26;19.9;1.9;1987;6;11;-23.43;-46.46;735;64.0;70.0;80.0;923.5;923.2;922.0;8;7;7;0.0;7.0;2.0;10.0;10.0;10.0;71.33333333333333;922.9;10.0;3.0;7
83075;1987-06-12;0.8;22.6;18.5;0;1987;6;12;-23.43;-46.46;735;88.0;91.0;80.0;922.5;926.4;925.0;7;8;4;1.0;0.0;2.0;9.0;10.0;10.0;86.33333333333333;924.6333333333333;9.666666666666666;1.0;7
83075;1987-06-20;0;20.4;4.8;;1987;6;20;-23.43;-46.46;735;87.0;85.0;45.0;938.5;939.1;935.9;8;8;1;0.0;0.0;0.5;6.0;8.0;5.0;72.33333333333333;937.8333333333334;6.333333333333333;0.16666666666666666;1
83075;1987-06-29;0;24.9;8.7;;1987;6;29;-23.43;-46.46;735;87.0;97.0;49.0;940.9;941.9;936.6;1;8;8;0.0;0.0;0.0;5.0;10.0;4.0;77.66666666666667;939.8000000000001;6.333333333333333;0.0;1
83075;1987-07-01;0;33.4;19.3;11;1987;7;1;-23.43;-46.46;735;74.0;55.0;35.0;931.9;932.0;924.6;8;8;7;0.0;0.0;3.0;2.0;10.0;10.0;54.666666666666664;929.5;7.333333333333333;1.0;7
83075;1987-07-02;0;30.4;20.3;;1987;7;2;-23.43;-46.46;735;75.0;61.0;49.0;932.7;932.5;926.7;8;7;1;0.0;5.0;3.0;9.0;10.0;8.0;61.666666666666664;930.6333333333333;9.0;2.6666666666666665;7
83075;1987-07-03;9.6;32;19.3;;1987;7;3;-23.43;-46.46;735;77.0;72.0;53.0;930.3;931.3;924.1;8;8;7;0.0;0.0;1.0;8.0;10.0;9.0;67.33333333333333;928.5666666666666;9.0;0.3333333333333333;7
83075;1987-07-04;0;29;16.5;;1987;7;4;-23.43;-46.46;735;80.0;84.0;53.0;936.0;937.2;930.6;8;8;7;0.0;0.0;5.0;9.0;8.0;5.0;72.33333333333333;934.6;7.333333333333333;1.6666666666666667;7
83075;1987-07-05;0;26.8;17.7;2;1987;7;5;-23.43;-46.46;735;86.0;65.0;71.0;931.7;931.1;928.5;8;7;7;0.0;4.0;5.0;5.0;10.0;10.0;74.0;930.4333333333334;8.333333333333334;3.0;7
83075;1987-07-08;1.5;16.8;8.7;;1987;7;8;-23.43;-46.46;735;89.0;67.0;45.0;931.8;933.5;931.5;6;7;7;1.0;4.0;8.0;10.0;5.0;10.0;67.0;932.2666666666668;8.333333333333334;4.333333333333333;6
83075;1987-07-11;1.1;25.6;19.3;2.4;1987;7;11;-23.43;-46.46;735;88.0;75.0;71.0;921.0;924.6;923.1;7;7;6;1.0;3.0;3.0;5.0;10.0;9.0;78.0;922.9;8.0;2.3333333333333335;7
83075;1987-07-12;0;27;16.9;3.1;1987;7;12;-23.43;-46.46;735;88.0;79.0;69.0;928.1;927.7;923.8;4;3;4;1.0;4.0;4.0;9.0;10.0;9.0;78.66666666666667;926.5333333333334;9.333333333333334;3.0;4
83075;1987-07-22;0.8;19.8;12.7;;1987;7;22;-23.43;-46.46;735;85.0;91.0;68.0;939.5;938.5;936.7;5;3;4;2.0;1.0;2.0;10.0;10.0;9.0;81.33333333333333;938.2333333333332;9.666666666666666;1.6666666666666667;5
83075;1987-07-23;0;25.2;12.1;;1987;7;23;-23.43;-46.46;735;83.0;78.0;56.0;939.3;938.4;933.3;7;3;8;1.0;4.0;0.0;10.0;5.0;2.0;72.33333333333333;937.0;5.666666666666667;1.6666666666666667;7
83075;1987-07-24;0;25.6;12.3;;1987;7;24;-23.43;-46.46;735;76.0;83.0;47.0;936.8;939.2;933.1;8;8;3;0.0;0.0;3.0;9.0;10.0;0.0;68.66666666666667;936.3666666666667;6.333333333333333;1.0;3
83075;1987-07-25;0;27.2;12.3;;1987;7;25;-23.43;-46.46;735;66.0;76.0;37.0;936.7;934.4;932.5;3;8;8;1.0;0.0;0.0;2.0;2.0;10.0;59.666666666666664;934.5333333333333;4.666666666666667;0.3333333333333333;3
83075;1987-07-26;0;27;11.7;;1987;7;26;-23.43;-46.46;735;76.0;77.0;39.0;936.0;938.0;930.9;8;8;5;0.0;0.0;1.0;0.0;10.0;0.0;64.0;934.9666666666667;3.3333333333333335;0.3333333333333333;5
83075;1987-07-28;0;28;12.9;;1987;7;28;-23.43;-46.46;735;74.0;62.0;38.0;933.6;934.4;927.6;8;8;6;0.0;0.0;1.0;9.0;10.0;4.0;58.0;931.8666666666667;7.666666666666667;0.3333333333333333;6
83075;1987-07-29;0;28.8;13.7;;1987;7;29;-23.43;-46.46;735;68.0;52.0;34.0;932.6;930.1;926.6;8;7;7;0.0;1.0;3.0;2.0;4.0;8.0;51.333333333333336;929.7666666666668;4.666666666666667;1.3333333333333333;7
83075;1987-07-30;0.6;21.4;13.9;;1987;7;30;-23.43;-46.46;735;58.0;79.0;53.0;929.0;930.2;928.1;8;5;7;0.0;7.0;7.0;6.0;10.0;10.0;63.333333333333336;929.1;8.666666666666666;4.666666666666667;5
83075;1987-07-31;8.7;14.2;10.7;;1987;7;31;-23.43;-46.46;735;98.0;73.0;66.0;931.5;935.8;935.5;7;4;4;3.0;4.0;5.0;8.0;8.0;10.0;79.0;934.2666666666668;8.666666666666666;4.0;7
83075;1987-08-01;0;33.2;22.3;11.8;1987;8;1;-23.43;-46.46;735;60.0;54.0;40.0;929.4;930.6;923.4;8;7;7;0.0;3.0;5.0;4.0;10.0;10.0;51.333333333333336;927.8000000000001;8.0;2.6666666666666665;7
83075;1987-08-02;0;32.2;20.7;;1987;8;2;-23.43;-46.46;735;70.0;65.0;44.0;931.1;932.2;924.8;8;8;7;0.0;0.0;3.0;2.0;8.0;8.0;59.666666666666664;929.3666666666668;6.0;1.0;7
83075;1987-08-04;4.2;28.8;17.7;;1987;8;4;-23.43;-46.46;735;92.0;84.0;62.0;935.8;935.6;930.8;8;2;7;0.0;2.0;4.0;9.0;1.0;9.0;79.33333333333333;934.0666666666666;6.333333333333333;2.0;2
83075;1987-08-05;0;28.4;18.1;4.2;1987;8;5;-23.43;-46.46;735;81.0;66.0;62.0;930.8;927.0;924.1;8;7;7;0.0;4.0;7.0;8.0;4.0;9.0;69.66666666666667;927.3000000000001;7.0;3.6666666666666665;7
83075;1987-08-08;0;17;4.8;;1987;8;8;-23.43;-46.46;735;64.0;65.0;44.0;933.6;934.6;933.8;6;7;7;2.0;1.0;2.0;4.0;10.0;5.0;57.666666666666664;934.0;6.333333333333333;1.6666666666666667;6
83075;1987-08-12;0;31.8;17.5;9.4;1987;8;12;-23.43;-46.46;735;81.0;75.0;53.0;925.3;923.7;917.9;4;8;7;1.0;0.0;4.0;1.0;2.0;5.0;69.66666666666667;922.3000000000001;2.6666666666666665;1.6666666666666667;4
83075;1987-08-13;0;32.4;15.9;;1987;8;13;-23.43;-46.46;735;73.0;64.0;34.0;931.6;935.0;928.7;8;3;8;0.0;1.0;0.0;10.0;9.0;10.0;57.0;931.7666666666668;9.666666666666666;0.3333333333333333;3
83075;1987-08-14;0;31.8;15.9;;1987;8;14;-23.43;-46.46;735;63.0;61.0;27.0;932.8;934.3;924.8;8;5;7;0.0;1.0;1.0;9.0;0.0;10.0;50.333333333333336;930.6333333333332;6.333333333333333;0.6666666666666666;5
83075;1987-08-16;0;31.2;15.3;;1987;8;16;-23.43;-46.46;735;57.0;51.0;29.0;931.5;933.1;923.6;8;8;6;0.0;0.0;5.0;0.0;0.0;5.0;45.666666666666664;929.4;1.6666666666666667;1.6666666666666667;6
83075;1987-08-17;3.1;21.6;12.9;;1987;8;17;-23.43;-46.46;735;69.0;91.0;85.0;931.7;935.5;934.9;8;8;4;0.0;0.0;2.0;8.0;10.0;10.0;81.66666666666667;934.0333333333333;9.333333333333334;0.6666666666666666;4
83075;1987-08-18;0;14.6;11.1;;1987;8;18;-23.43;-46.46;735;61.0;68.0;77.0;936.9;939.4;938.2;4;3;0;3.0;1.0;3.0;10.0;10.0;10.0;68.66666666666667;938.1666666666666;10.0;2.3333333333333335;4
83075;1987-08-19;0;15.4;10.5;;1987;8;19;-23.43;-46.46;735;83.0;95.0;89.0;938.4;937.8;935.1;4;4;8;3.0;2.0;0.0;10.0;10.0;10.0;89.0;937.0999999999999;10.0;1.6666666666666667;4
83075;1987-08-20;0.2;20.6;10.3;;1987;8;20;-23.43;-46.46;735;88.0;81.0;59.0;938.2;939.2;935.9;8;8;4;0.0;0.0;4.0;10.0;10.0;6.0;76.0;937.7666666666668;8.666666666666666;1.3333333333333333;4
83075;1987-08-21;0;17.2;7.7;;1987;8;21;-23.43;-46.46;735;77.0;69.0;66.0;940.0;940.5;939.2;4;5;4;1.0;3.0;5.0;3.0;6.0;10.0;70.66666666666667;939.9;6.333333333333333;3.0;4
83075;1987-08-22;0;15.6;9.7;;1987;8;22;-23.43;-46.46;735;83.0;70.0;77.0;941.0;942.3;940.9;4;4;4;3.0;3.0;4.0;10.0;8.0;10.0;76.66666666666667;941.4;9.333333333333334;3.3333333333333335;4
83075;1987-08-23;0;20.6;11.3;;1987;8;23;-23.43;-46.46;735;83.0;71.0;48.0;942.4;940.3;938.8;4;8;3;3.0;0.0;2.0;10.0;4.0;4.0;67.33333333333333;940.5;6.0;1.6666666666666667;4
83075;1987-08-24;0;23.8;7.3;;1987;8;24;-23.43;-46.46;735;81.0;74.0;58.0;942.2;942.2;936.4;3;7;8;5.0;3.0;0.0;10.0;8.0;10.0;71.0;940.2666666666668;9.333333333333334;2.6666666666666665;3
83075;1987-08-26;0;28.7;12.9;;1987;8;26;-23.43;-46.46;735;77.0;73.0;32.0;936.6;937.3;930.6;8;3;7;0.0;2.0;3.0;10.0;0.0;0.0;60.666666666666664;934.8333333333334;3.3333333333333335;1.6666666666666667;3
83075;1987-08-27;0;26.6;13.7;;1987;8;27;-23.43;-46.46;735;91.0;85.0;58.0;937.8;937.8;931.7;5;8;3;1.0;0.0;3.0;10.0;10.0;0.0;78.0;935.7666666666668;6.666666666666667;1.3333333333333333;5
83075;1987-08-29;0;32.8;15.5;;1987;8;29;-23.43;-46.46;735;82.0;73.0;35.0;934.2;934.3;924.7;8;8;1;0.0;0.0;2.0;10.0;10.0;10.0;63.333333333333336;931.0666666666666;10.0;0.6666666666666666;1
83075;1987-08-30;0;28.6;15.3;;1987;8;30;-23.43;-46.46;735;59.0;52.0;56.0;932.8;933.9;935.7;8;8;5;0.0;0.0;6.0;10.0;10.0;10.0;55.666666666666664;934.1333333333332;10.0;2.0;5
83075;1987-08-31;3.9;16.2;12.7;;1987;8;31;-23.43;-46.46;735;86.0;91.0;86.0;939.2;940.0;939.3;5;4;4;1.0;2.0;6.0;10.0;10.0;10.0;87.66666666666667;939.5;10.0;3.0;5
83075;1987-09-01;0;33;21.9;7.9;1987;9;1;-23.43;-46.46;735;54.0;59.0;47.0;928.7;929.3;923.6;8;7;7;0.0;1.0;5.0;0.0;8.0;10.0;53.333333333333336;927.1999999999999;6.0;2.0;7
83075;1987-09-02;3.3;27;15.9;;1987;9;2;-23.43;-46.46;735;60.0;75.0;93.0;930.8;934.1;935.2;8;7;3;0.0;2.0;1.0;10.0;10.0;10.0;76.0;933.3666666666668;10.0;1.0;7
83075;1987-09-04;0;30.8;17.1;;1987;9;4;-23.43;-46.46;735;86.0;80.0;49.0;933.5;934.2;925.0;8;3;6;0.0;1.0;4.0;8.0;10.0;4.0;71.66666666666667;930.9;7.333333333333333;1.6666666666666667;3
83075;1987-09-05;36;18.4;13.5;0.5;1987;9;5;-23.43;-46.46;735;86.0;85.0;78.0;933.5;935.6;936.5;3;3;3;1.0;3.0;3.0;10.0;10.0;10.0;83.0;935.1999999999999;10.0;2.3333333333333335;3
83075;1987-09-08;0;19.2;5.2;;1987;9;8;-23.43;-46.46;735;69.0;63.0;47.0;935.8;936.0;935.4;8;8;4;0.0;0.0;2.0;10.0;10.0;10.0;59.666666666666664;935.7333333333332;10.0;0.6666666666666666;4
83075;1987-09-11;0.9;23.8;17.5;3.1;1987;9;11;-23.43;-46.46;735;89.0;79.0;78.0;923.6;924.7;927.2;5;5;4;1.0;2.0;5.0;10.0;6.0;10.0;82.0;925.1666666666666;8.666666666666666;2.6666666666666665;5
83075;1987-09-12;3;29.6;19.3;3.7;1987;9;12;-23.43;-46.46;735;81.0;42.0;65.0;922.0;921.7;919.9;8;8;7;0.0;0.0;5.0;8.0;10.0;10.0;62.666666666666664;921.1999999999999;9.333333333333334;1.6666666666666667;7
83075;1987-10-01;6.2;31.4;21.1;4.1;1987;10;1;-23.43;-46.46;735;76.0;79.0;90.0;932.8;931.8;933.0;3;3;8;1.0;3.0;0.0;9.0;6.0;10.0;81.66666666666667;932.5333333333333;8.333333333333334;1.3333333333333333;3
83075;1987-10-02;41.9;20.2;14.9;;1987;10;2;-23.43;-46.46;735;91.0;70.0;69.0;938.5;940.2;940.0;8;3;3;0.0;5.0;4.0;10.0;10.0;10.0;76.66666666666667;939.5666666666666;10.0;3.0;3
83075;1987-10-04;3.3;30.2;19.5;;1987;10;4;-23.43;-46.46;735;69.0;79.0;67.0;931.3;932.8;927.4;8;7;7;0.0;2.0;5.0;8.0;8.0;8.0;71.66666666666667;930.5;8.0;2.3333333333333335;7
83075;1987-10-05;0;17.6;11.1;0;1987;10;5;-23.43;-46.46;735;81.0;82.0;72.0;939.5;941.3;939.7;3;3;3;1.0;4.0;3.0;8.0;10.0;10.0;78.33333333333333;940.1666666666666;9.333333333333334;2.6666666666666665;3
83075;1987-10-08;0;24;6;;1987;10;8;-23.43;-46.46;735;82.0;92.0;47.0;939.8;936.7;932.5;5;3;8;1.0;1.0;0.0;10.0;10.0;10.0;73.66666666666667;936.3333333333334;10.0;0.6666666666666666;5
83075;1987-10-11;0;21;15.9;0;1987;10;11;-23.43;-46.46;735;84.0;77.0;82.0;933.6;932.8;931.8;4;3;4;3.0;2.0;4.0;10.0;9.0;10.0;81.0;932.7333333333332;9.666666666666666;3.0;4
83075;1987-10-12;13.1;24.6;19.1;0;1987;10;12;-23.43;-46.46;735;90.0;82.0;80.0;923.7;926.3;924.7;8;5;5;0.0;1.0;5.0;10.0;10.0;10.0;84.0;924.9;10.0;2.0;5
83075;1987-11-01;5.5;31.8;20.3;10.8;1987;11;1;-23.43;-46.46;735;88.0;67.0;49.0;934.2;930.8;923.6;3;7;5;1.0;5.0;3.0;10.0;10.0;5.0;68.0;929.5333333333333;8.333333333333334;3.0;3
83075;1987-11-02;0;22.6;15.3;;1987;11;2;-23.43;-46.46;735;80.0;81.0;72.0;940.9;940.1;939.8;3;3;3;1.0;3.0;3.0;10.0;10.0;10.0;77.66666666666667;940.2666666666668;10.0;2.3333333333333335;3
83075;1987-11-03;24;23.4;11.7;;1987;11;3;-23.43;-46.46;735;85.0;75.0;43.0;932.3;933.0;928.5;8;8;7;0.0;0.0;2.0;10.0;8.0;6.0;67.66666666666667;931.2666666666668;8.0;0.6666666666666666;7
83075;1987-11-04;4.8;30.6;17.5;;1987;11;4;-23.43;-46.46;735;92.0;88.0;51.0;935.8;935.0;926.4;3;8;8;1.0;0.0;0.0;10.0;5.0;2.0;77.0;932.4;5.666666666666667;0.3333333333333333;3
83075;1987-11-05;0;19;10.9;1;1987;11;5;-23.43;-46.46;735;80.0;76.0;81.0;940.7;940.5;937.6;3;3;8;3.0;1.0;0.0;10.0;9.0;10.0;79.0;939.6;9.666666666666666;1.3333333333333333;3
83075;1987-11-08;0;29.8;7.9;;1987;11;8;-23.43;-46.46;735;71.0;68.0;33.0;934.9;934.8;924.9;8;3;5;0.0;1.0;1.0;8.0;10.0;8.0;57.333333333333336;931.5333333333333;8.666666666666666;0.6666666666666666;3
83075;1987-11-11;0;25.4;16.5;2.7;1987;11;11;-23.43;-46.46;735;86.0;77.0;73.0;933.6;932.6;930.6;4;3;4;3.0;3.0;5.0;10.0;10.0;10.0;78.66666666666667;932.2666666666668;10.0;3.6666666666666665;4
83075;1987-11-12;0;30.2;19;7.5;1987;11;12;-23.43;-46.46;735;87.0;74.0;65.0;927.7;926.0;921.2;4;3;5;3.0;1.0;5.0;10.0;5.0;8.0;75.33333333333333;924.9666666666667;7.666666666666667;3.0;4
83075;1987-11-13;0;29.2;17.1;5.8;1987;11;13;-23.43;-46.46;735;83.0;77.0;83.0;929.3;929.0;926.6;3;3;7;3.0;1.0;6.0;10.0;6.0;10.0;81.0;928.3000000000001;8.666666666666666;3.3333333333333335;3
83075;1987-11-14;13.4;27.4;18.3;0;1987;11;14;-23.43;-46.46;735;87.0;76.0;68.0;927.8;928.8;924.4;4;8;7;1.0;0.0;1.0;10.0;10.0;10.0;77.0;927.0;10.0;0.6666666666666666;4
83075;1987-11-15;7;22.6;18.2;0;1987;11;15;-23.43;-46.46;735;78.0;90.0;95.0;924.9;924.4;922.4;8;0;8;0.0;1.0;0.0;10.0;10.0;10.0;87.66666666666667;923.9;10.0;0.3333333333333333;0
83075;1987-11-16;4.7;27.6;19.3;6.4;1987;11;16;-23.43;-46.46;735;91.0;75.0;90.0;922.5;920.8;918.3;8;5;8;0.0;1.0;0.0;10.0;9.0;10.0;85.33333333333333;920.5333333333333;9.666666666666666;0.3333333333333333;5
83075;1987-11-17;6.2;31;15.9;10.2;1987;11;17;-23.43;-46.46;735;76.0;80.0;50.0;922.9;922.9;918.3;8;8;7;0.0;0.0;1.0;10.0;5.0;8.0;68.66666666666667;921.3666666666667;7.666666666666667;0.3333333333333333;7
83075;1987-11-18;0;31.2;16.3;9.2;1987;11;18;-23.43;-46.46;735;73.0;80.0;49.0;921.6;924.7;920.9;8;8;5;0.0;0.0;1.0;0.0;10.0;4.0;67.33333333333333;922.4000000000001;4.666666666666667;0.3333333333333333;5
83075;1987-11-19;0;31;17;9.8;1987;11;19;-23.43;-46.46;735;72.0;57.0;55.0;926.2;925.7;923.4;8;4;4;0.0;3.0;4.0;5.0;10.0;5.0;61.333333333333336;925.1;6.666666666666667;2.3333333333333335;4
83075;1987-11-20;0;30.6;17.1;7.3;1987;11;20;-23.43;-46.46;735;81.0;68.0;60.0;926.4;928.0;924.0;4;3;4;2.0;1.0;6.0;0.0;10.0;10.0;69.66666666666667;926.1333333333333;6.666666666666667;3.0;4
83075;1987-11-21;0;31.4;17.1;8;1987;11;21;-23.43;-46.46;735;82.0;76.0;53.0;927.9;927.5;920.9;4;8;8;1.0;0.0;0.0;9.0;8.0;8.0;70.33333333333333;925.4333333333334;8.333333333333334;0.3333333333333333;4
83075;1987-11-22;0.5;24.6;16.3;1.7;1987;11;22;-23.43;-46.46;735;91.0;78.0;81.0;925.2;926.1;926.5;5;8;5;1.0;0.0;3.0;10.0;10.0;10.0;83.33333333333333;925.9333333333334;10.0;1.3333333333333333;5
83075;1987-11-23;0;22.6;14.7;7.2;1987;11;23;-23.43;-46.46;735;87.0;78.0;71.0;929.8;930.1;927.0;4;4;4;1.0;3.0;3.0;9.0;10.0;10.0;78.66666666666667;928.9666666666667;9.666666666666666;2.3333333333333335;4
83075;1987-11-24;0;28.2;15.3;7.2;1987;11;24;-23.43;-46.46;735;84.0;80.0;62.0;928.4;928.1;921.6;8;4;3;0.0;2.0;3.0;10.0;10.0;10.0;75.33333333333333;926.0333333333333;10.0;1.6666666666666667;4
83075;1987-11-25;20.1;27.4;17.2;4.7;1987;11;25;-23.43;-46.46;735;87.0;92.0;69.0;924.1;922.4;917.6;5;5;7;1.0;1.0;1.0;10.0;10.0;6.0;82.66666666666667;921.3666666666667;8.666666666666666;1.0;5
83075;1987-11-26;56.5;27;19.1;1.1;1987;11;26;-23.43;-46.46;735;88.0;94.0;75.0;920.9;920.9;918.0;8;8;5;0.0;0.0;1.0;9.0;10.0;6.0;85.66666666666667;919.9333333333334;8.333333333333334;0.3333333333333333;5
83075;1987-11-27;18.4;27.4;18.1;0.4;1987;11;27;-23.43;-46.46;735;93.0;84.0;80.0;921.1;923.9;923.3;8;8;4;0.0;0.0;3.0;10.0;10.0;10.0;85.66666666666667;922.7666666666668;10.0;1.0;4
83075;1987-11-28;0;25.6;16.7;3.9;1987;11;28;-23.43;-46.46;735;87.0;80.0;64.0;925.3;926.5;924.5;4;4;4;1.0;1.0;3.0;10.0;10.0;10.0;77.0;925.4333333333334;10.0;1.6666666666666667;4
83075;1987-11-29;0;28.6;16.3;10;1987;11;29;-23.43;-46.46;735;87.0;73.0;55.0;926.7;926.3;922.3;8;8;4;0.0;0.0;3.0;8.0;1.0;4.0;71.66666666666667;925.1;4.333333333333333;1.0;4
83075;1987-11-30;0;31;15.3;8.6;1987;11;30;-23.43;-46.46;735;63.0;66.0;60.0;925.0;926.0;922.4;8;3;3;0.0;2.0;3.0;0.0;1.0;9.0;63.0;924.4666666666667;3.3333333333333335;1.6666666666666667;3
83075;1987-12-01;0;32.6;20.9;8.7;1987;12;1;-23.43;-46.46;735;69.0;64.0;29.0;928.1;930.2;922.7;8;7;7;0.0;3.0;5.0;8.0;6.0;10.0;54.0;927.0;8.0;2.6666666666666665;7
83075;1987-12-02;0;24;15.9;;1987;12;2;-23.43;-46.46;735;78.0;75.0;62.0;940.1;938.6;936.1;3;2;3;5.0;4.0;3.0;2.0;9.0;9.0;71.66666666666667;938.2666666666668;6.666666666666667;4.0;3
83075;1987-12-03;0;25.8;12.9;;1987;12;3;-23.43;-46.46;735;89.0;77.0;38.0;933.6;934.9;929.8;8;0;6;0.0;3.0;4.0;9.0;6.0;4.0;68.0;932.7666666666668;6.333333333333333;2.3333333333333335;0
83075;1987-12-04;27.8;30;18.5;;1987;12;4;-23.43;-46.46;735;93.0;78.0;55.0;934.4;932.6;925.1;8;0;5;0.0;1.0;3.0;10.0;8.0;10.0;75.33333333333333;930.6999999999999;9.333333333333334;1.3333333333333333;0
83075;1987-12-08;0;30.4;15.1;;1987;12;8;-23.43;-46.46;735;69.0;65.0;43.0;933.1;933.8;926.5;8;5;8;0.0;1.0;0.0;10.0;8.0;10.0;59.0;931.1333333333333;9.333333333333334;0.3333333333333333;5
83075;1987-12-11;0;24.8;14.9;3.7;1987;12;11;-23.43;-46.46;735;84.0;78.0;69.0;932.2;931.9;928.2;4;3;4;6.0;4.0;5.0;9.0;10.0;9.0;77.0;930.7666666666668;9.333333333333334;5.0;4
83075;1987-12-12;0;30.4;18.3;6.7;1987;12;12;-23.43;-46.46;735;86.0;69.0;66.0;923.5;921.7;917.3;4;7;6;2.0;1.0;5.0;9.0;4.0;10.0;73.66666666666667;920.8333333333334;7.666666666666667;2.6666666666666665;4
83075;1987-12-13;10.1;22.2;17.9;0;1987;12;13;-23.43;-46.46;735;84.0;96.0;77.0;921.3;926.1;926.5;8;4;4;0.0;3.0;5.0;0.0;10.0;10.0;85.66666666666667;924.6333333333333;6.666666666666667;2.6666666666666665;4
83075;1987-12-14;5.3;24.8;16.7;5.3;1987;12;14;-23.43;-46.46;735;83.0;69.0;74.0;929.5;928.7;926.1;4;4;4;3.0;2.0;3.0;8.0;2.0;8.0;75.33333333333333;928.1;6.0;2.6666666666666665;4
83075;1987-12-15;0;29.4;15.7;10.2;1987;12;15;-23.43;-46.46;735;82.0;79.0;75.0;929.3;928.1;923.6;4;4;4;3.0;2.0;2.0;10.0;2.0;1.0;78.66666666666667;927.0;4.333333333333333;2.3333333333333335;4
83075;1987-12-16;0;32.8;18.1;11.3;1987;12;16;-23.43;-46.46;735;84.0;71.0;53.0;927.7;924.4;919.0;4;4;8;3.0;1.0;0.0;10.0;4.0;5.0;69.33333333333333;923.6999999999999;6.333333333333333;1.3333333333333333;4
83075;1987-12-17;0;30.8;23.1;1.3;1987;12;17;-23.43;-46.46;735;68.0;68.0;63.0;921.5;923.0;917.1;6;8;7;1.0;0.0;6.0;9.0;10.0;10.0;66.33333333333333;920.5333333333333;9.666666666666666;2.3333333333333335;6
83075;1987-12-18;11.2;24.4;19.3;0;1987;12;18;-23.43;-46.46;735;83.0;91.0;88.0;920.6;922.4;921.7;7;8;8;1.0;0.0;0.0;9.0;10.0;10.0;87.33333333333333;921.5666666666666;9.666666666666666;0.3333333333333333;7
83075;1987-12-19;37.2;22.2;17.7;0.8;1987;12;19;-23.43;-46.46;735;93.0;86.0;80.0;923.9;926.6;925.3;4;4;4;2.0;1.0;3.0;10.0;10.0;10.0;86.33333333333333;925.2666666666668;10.0;2.0;4
83075;1987-12-20;0;27.8;16.7;5.1;1987;12;20;-23.43;-46.46;735;85.0;77.0;68.0;925.8;925.4;914.2;4;4;4;1.0;3.0;1.0;9.0;6.0;10.0;76.66666666666667;921.7999999999998;8.333333333333334;1.6666666666666667;4
83075;1987-12-21;0;31.2;17.9;8.6;1987;12;21;-23.43;-46.46;735;86.0;72.0;54.0;925.3;921.9;916.3;4;8;8;3.0;0.0;0.0;10.0;10.0;8.0;70.66666666666667;921.1666666666666;9.333333333333334;1.0;4
83075;1987-12-22;3.4;28.4;16.5;5.9;1987;12;22;-23.43;-46.46;735;85.0;73.0;70.0;920.5;922.5;919.8;4;8;4;2.0;0.0;6.0;9.0;10.0;8.0;76.0;920.9333333333334;9.0;2.6666666666666665;4
83075;1987-12-23;0;25.6;15.3;7.4;1987;12;23;-23.43;-46.46;735;82.0;71.0;67.0;924.1;925.8;924.9;3;5;4;3.0;2.0;5.0;6.0;8.0;8.0;73.33333333333333;924.9333333333334;7.333333333333333;3.3333333333333335;3
83075;1987-12-24;0.1;25.6;15.3;6.7;1987;12;24;-23.43;-46.46;735;83.0;74.0;63.0;926.8;927.9;924.5;4;3;5;2.0;1.0;3.0;9.0;10.0;4.0;73.33333333333333;926.4;7.666666666666667;2.0;4
83075;1987-12-25;0.3;25.6;16.7;4.2;1987;12;25;-23.43;-46.46;735;85.0;77.0;77.0;926.7;927.0;924.4;4;4;4;2.0;1.0;4.0;8.0;8.0;10.0;79.66666666666667;926.0333333333333;8.666666666666666;2.3333333333333335;4
83075;1987-12-26;0;30.6;17.7;6.1;1987;12;26;-23.43;-46.46;735;87.0;77.0;70.0;926.7;925.7;921.9;4;3;4;3.0;2.0;3.0;9.0;8.0;8.0;78.0;924.7666666666668;8.333333333333334;2.6666666666666665;4
83075;1987-12-27;0;31.8;19.5;5.8;1987;12;27;-23.43;-46.46;735;89.0;79.0;55.0;925.1;924.7;919.6;5;8;0;1.0;0.0;2.0;10.0;5.0;8.0;74.33333333333333;923.1333333333333;7.666666666666667;1.0;5
83075;1987-12-28;0;32.4;20.1;7;1987;12;28;-23.43;-46.46;735;86.0;67.0;54.0;923.5;925.6;919.6;8;6;8;0.0;4.0;0.0;10.0;6.0;10.0;69.0;922.9;8.666666666666666;1.3333333333333333;6
83075;1987-12-30;2.1;31.6;22.1;3.8;1987;12;30;-23.43;-46.46;735;90.0;77.0;66.0;922.8;923.8;919.9;8;7;7;0.0;2.0;2.0;10.0;10.0;10.0;77.66666666666667;922.1666666666666;10.0;1.3333333333333333;7
83075;1987-12-31;0;31.6;21.9;3.7;1987;12;31;-23.43;-46.46;735;80.0;74.0;83.0;923.1;921.1;918.3;6;8;7;1.0;0.0;1.0;8.0;10.0;10.0;79.0;920.8333333333334;9.333333333333334;0.6666666666666666;6
83075;1988-01-01;1.7;31.2;20.9;8.9;1988;1;1;-23.43;-46.46;735;89.0;76.0;49.0;919.3;919.4;914.5;7;6;6;1.0;2.0;5.0;10.0;6.0;5.0;71.33333333333333;917.7333333333332;7.0;2.6666666666666665;7
83075;1988-01-02;4.7;24.2;18.7;0;1988;1;2;-23.43;-46.46;735;85.0;84.0;76.0;923.2;924.5;924.4;4;5;4;3.0;4.0;5.0;9.0;10.0;10.0;81.66666666666667;924.0333333333333;9.666666666666666;4.0;4
83075;1988-01-03;35.4;30.4;18.9;3.2;1988;1;3;-23.43;-46.46;735;92.0;83.0;63.0;926.5;924.2;919.6;7;8;4;1.0;0.0;1.0;10.0;10.0;6.0;79.33333333333333;923.4333333333334;8.666666666666666;0.6666666666666666;7
83075;1988-01-04;0;29.8;20.7;3.3;1988;1;4;-23.43;-46.46;735;76.0;72.0;85.0;919.8;921.9;920.8;8;0;4;0.0;4.0;3.0;0.0;9.0;6.0;77.66666666666667;920.8333333333334;5.0;2.3333333333333335;0
83075;1988-01-05;0;25.2;12.7;6.3;1988;1;5;-23.43;-46.46;735;81.0;81.0;64.0;936.4;933.2;927.6;8;2;7;0.0;3.0;3.0;10.0;4.0;9.0;75.33333333333333;932.4;7.666666666666667;2.0;2
83075;1988-01-06;0;14;6;3.5;1988;1;6;-23.43;-46.46;735;87.0;79.0;59.0;933.2;936.2;934.2;8;3;3;0.0;2.0;4.0;10.0;10.0;5.0;75.0;934.5333333333334;8.333333333333334;2.0;3
83075;1988-01-07;0;23.8;11.5;8.7;1988;1;7;-23.43;-46.46;735;77.0;78.0;46.0;930.8;933.2;928.5;8;4;2;0.0;1.0;1.0;0.0;10.0;0.0;67.0;930.8333333333334;3.3333333333333335;0.6666666666666666;4
83075;1988-01-08;0;22;7.3;9;1988;1;8;-23.43;-46.46;735;81.0;73.0;33.0;934.9;936.2;930.6;8;8;3;0.0;0.0;3.0;0.0;5.0;8.0;62.333333333333336;933.9;4.333333333333333;1.0;3
83075;1988-01-09;0;31.8;15.3;8.3;1988;1;9;-23.43;-46.46;735;58.0;55.0;25.0;923.5;927.2;921.1;8;8;7;0.0;0.0;2.0;10.0;0.0;10.0;46.0;923.9333333333334;6.666666666666667;0.6666666666666666;7
83075;1988-01-10;0;28.4;14.9;6.3;1988;1;10;-23.43;-46.46;735;85.0;78.0;42.0;930.2;931.1;925.3;8;2;4;0.0;1.0;3.0;10.0;10.0;10.0;68.33333333333333;928.8666666666668;10.0;1.3333333333333333;2
83075;1988-01-11;35.4;21.2;14.1;0;1988;1;11;-23.43;-46.46;735;89.0;88.0;84.0;925.2;929.3;930.2;8;8;4;0.0;0.0;5.0;10.0;10.0;10.0;87.0;928.2333333333332;10.0;1.6666666666666667;4
83075;1988-01-12;0;27;15.1;2.3;1988;1;12;-23.43;-46.46;735;76.0;66.0;69.0;928.3;927.2;924.0;8;8;3;0.0;0.0;2.0;0.0;10.0;10.0;70.33333333333333;926.5;6.666666666666667;0.6666666666666666;3
83075;1988-01-13;0;31.8;19.5;9.7;1988;1;13;-23.43;-46.46;735;76.0;61.0;54.0;923.2;924.8;922.2;8;6;7;0.0;3.0;3.0;4.0;4.0;5.0;63.666666666666664;923.4;4.333333333333333;2.0;6
83075;1988-01-14;0;32.6;21.9;9.2;1988;1;14;-23.43;-46.46;735;75.0;59.0;52.0;924.6;924.7;920.8;4;7;7;3.0;3.0;3.0;8.0;10.0;6.0;62.0;923.3666666666668;8.0;3.0;4
83075;1988-01-15;0;32.4;22.9;4.9;1988;1;15;-23.43;-46.46;735;68.0;67.0;57.0;924.4;925.5;920.9;8;0;5;0.0;1.0;6.0;8.0;6.0;9.0;64.0;923.6;7.666666666666667;2.3333333333333335;0
83075;1988-01-16;17.2;32.8;20.5;6.9;1988;1;16;-23.43;-46.46;735;92.0;81.0;53.0;926.1;927.3;922.9;8;4;4;0.0;1.0;1.0;10.0;10.0;9.0;75.33333333333333;925.4333333333334;9.666666666666666;0.6666666666666666;4
83075;1988-01-17;0;32.4;22;6.7;1988;1;17;-23.43;-46.46;735;84.0;71.0;68.0;926.0;926.9;923.6;8;8;4;0.0;0.0;1.0;10.0;2.0;10.0;74.33333333333333;925.5;7.333333333333333;0.3333333333333333;4
83075;1988-01-18;0;35;20.3;9.4;1988;1;18;-23.43;-46.46;735;79.0;69.0;45.0;925.7;924.5;919.1;8;6;4;0.0;2.0;1.0;1.0;10.0;9.0;64.33333333333333;923.1;6.666666666666667;1.0;6
83075;1988-01-19;0;35.2;19.7;8;1988;1;19;-23.43;-46.46;735;77.0;67.0;35.0;922.7;925.3;917.7;4;8;5;1.0;0.0;4.0;4.0;10.0;9.0;59.666666666666664;921.9;7.666666666666667;1.6666666666666667;4
83075;1988-01-20;0;34.8;22.9;9.1;1988;1;20;-23.43;-46.46;735;76.0;71.0;45.0;922.8;924.1;917.5;8;8;0;0.0;0.0;1.0;5.0;10.0;4.0;64.0;921.4666666666667;6.333333333333333;0.3333333333333333;0
83075;1988-01-21;0;34.4;21.5;11;1988;1;21;-23.43;-46.46;735;80.0;61.0;49.0;921.9;920.5;915.2;8;0;7;0.0;1.0;5.0;10.0;8.0;8.0;63.333333333333336;919.2000000000002;8.666666666666666;2.0;0
83075;1988-01-22;0;34.8;22.7;7.1;1988;1;22;-23.43;-46.46;735;63.0;63.0;52.0;920.2;921.1;916.6;6;7;4;1.0;1.0;1.0;1.0;0.0;9.0;59.333333333333336;919.3000000000001;3.3333333333333335;1.0;6
83075;1988-01-23;18.1;31.4;20.7;5.1;1988;1;23;-23.43;-46.46;735;83.0;81.0;88.0;921.9;921.9;922.4;8;3;4;0.0;1.0;1.0;8.0;10.0;10.0;84.0;922.0666666666666;9.333333333333334;0.6666666666666666;3
83075;1988-01-24;82.6;27.4;16.7;0.2;1988;1;24;-23.43;-46.46;735;88.0;87.0;67.0;925.9;927.5;924.1;3;8;8;3.0;0.0;0.0;10.0;10.0;10.0;80.66666666666667;925.8333333333334;10.0;1.0;3
83075;1988-01-25;37.8;27.2;19.5;0.6;1988;1;25;-23.43;-46.46;735;91.0;81.0;83.0;927.9;928.1;925.8;8;8;4;0.0;0.0;1.0;9.0;6.0;10.0;85.0;927.2666666666668;8.333333333333334;0.3333333333333333;4
83075;1988-01-26;19.3;30.8;19.9;5.2;1988;1;26;-23.43;-46.46;735;93.0;78.0;64.0;927.8;929.2;923.0;3;8;7;1.0;0.0;1.0;5.0;10.0;10.0;78.33333333333333;926.6666666666666;8.333333333333334;0.6666666666666666;3
83075;1988-01-27;0;32.8;22.2;5.2;1988;1;27;-23.43;-46.46;735;87.0;79.0;52.0;924.7;925.8;919.5;8;7;3;0.0;1.0;1.0;10.0;8.0;9.0;72.66666666666667;923.3333333333334;9.0;0.6666666666666666;7
83075;1988-01-28;0;34;21.5;10;1988;1;28;-23.43;-46.46;735;78.0;70.0;45.0;922.3;921.4;917.6;8;8;7;0.0;0.0;3.0;10.0;8.0;6.0;64.33333333333333;920.4333333333333;8.0;1.0;7
83075;1988-01-29;0.6;32.6;21.5;5.9;1988;1;29;-23.43;-46.46;735;83.0;66.0;63.0;921.7;921.3;918.4;7;5;7;1.0;1.0;2.0;10.0;8.0;8.0;70.66666666666667;920.4666666666667;8.666666666666666;1.3333333333333333;7
83075;1988-01-30;4.5;32.8;20.5;6.5;1988;1;30;-23.43;-46.46;735;88.0;74.0;52.0;923.0;923.0;919.5;6;8;1;1.0;0.0;1.0;10.0;9.0;8.0;71.33333333333333;921.8333333333334;9.0;0.6666666666666666;6
83075;1988-01-31;3.6;32.2;19.7;6.3;1988;1;31;-23.43;-46.46;735;79.0;79.0;50.0;925.2;924.5;918.7;3;8;7;2.0;0.0;3.0;10.0;6.0;8.0;69.33333333333333;922.8000000000001;8.0;1.6666666666666667;3
83075;1988-02-01;0;28;18.9;7.1;1988;2;1;-23.43;-46.46;735;80.0;71.0;67.0;919.7;922.9;919.4;4;4;4;1.0;2.0;4.0;9.0;9.0;6.0;72.66666666666667;920.6666666666666;8.0;2.3333333333333335;4
83075;1988-02-02;0.5;23;16.9;0;1988;2;2;-23.43;-46.46;735;87.0;81.0;77.0;926.7;926.6;924.7;4;3;5;1.0;1.0;3.0;10.0;10.0;10.0;81.66666666666667;926.0;10.0;1.6666666666666667;4
83075;1988-02-03;34.8;27.8;19.9;1.4;1988;2;3;-23.43;-46.46;735;95.0;79.0;72.0;923.8;924.2;920.3;8;7;4;0.0;3.0;3.0;10.0;10.0;10.0;82.0;922.7666666666668;10.0;2.0;7
83075;1988-02-04;10.3;25.4;19.4;0.6;1988;2;4;-23.43;-46.46;735;93.0;82.0;81.0;924.3;924.8;924.9;8;8;4;0.0;0.0;5.0;10.0;10.0;9.0;85.33333333333333;924.6666666666666;9.666666666666666;1.6666666666666667;4
83075;1988-02-06;0;18.2;5.6;7.4;1988;2;6;-23.43;-46.46;735;89.0;84.0;60.0;936.3;934.6;929.6;4;8;3;1.0;0.0;2.0;8.0;10.0;9.0;77.66666666666667;933.5;9.0;1.0;4
83075;1988-02-07;0;25;10.1;8.8;1988;2;7;-23.43;-46.46;735;78.0;63.0;43.0;929.8;931.7;927.2;8;8;7;0.0;0.0;3.0;10.0;0.0;0.0;61.333333333333336;929.5666666666666;3.3333333333333335;1.0;7
83075;1988-02-08;0;23.4;7.9;9.4;1988;2;8;-23.43;-46.46;735;68.0;70.0;39.0;933.8;934.7;929.4;8;8;7;0.0;0.0;5.0;10.0;2.0;10.0;59.0;932.6333333333333;7.333333333333333;1.6666666666666667;7
83075;1988-02-09;0.6;17.6;12.1;0;1988;2;9;-23.43;-46.46;735;80.0;81.0;80.0;931.0;934.2;935.2;4;4;4;4.0;3.0;3.0;10.0;10.0;10.0;80.33333333333333;933.4666666666667;10.0;3.3333333333333335;4
83075;1988-02-10;0;30;16.1;5.8;1988;2;10;-23.43;-46.46;735;84.0;73.0;62.0;930.3;930.4;924.4;3;8;4;3.0;0.0;4.0;10.0;10.0;9.0;73.0;928.3666666666667;9.666666666666666;2.3333333333333335;3
83075;1988-02-11;2.4;16.8;13.5;0;1988;2;11;-23.43;-46.46;735;87.0;80.0;72.0;934.1;935.5;933.9;8;2;3;0.0;4.0;4.0;10.0;10.0;10.0;79.66666666666667;934.5;10.0;2.6666666666666665;2
83075;1988-02-12;17.7;26;15.7;3.2;1988;2;12;-23.43;-46.46;735;88.0;75.0;72.0;927.0;925.7;922.9;8;4;4;0.0;2.0;2.0;10.0;10.0;10.0;78.33333333333333;925.1999999999999;10.0;1.3333333333333333;4
83075;1988-02-13;0;27;15.7;3;1988;2;13;-23.43;-46.46;735;79.0;78.0;73.0;928.4;927.8;923.7;4;3;5;2.0;1.0;4.0;10.0;8.0;9.0;76.66666666666667;926.6333333333332;9.0;2.3333333333333335;4
83075;1988-02-14;1.8;27.6;19.2;0.9;1988;2;14;-23.43;-46.46;735;85.0;91.0;73.0;926.4;926.4;923.0;5;8;1;1.0;0.0;1.0;9.0;10.0;8.0;83.0;925.2666666666668;9.0;0.6666666666666666;5
83075;1988-02-15;13.4;30.4;19.5;6;1988;2;15;-23.43;-46.46;735;96.0;80.0;60.0;925.3;925.8;920.4;8;5;7;0.0;1.0;2.0;10.0;5.0;8.0;78.66666666666667;923.8333333333334;7.666666666666667;1.0;5
83075;1988-02-16;0;29.8;19.5;4.1;1988;2;16;-23.43;-46.46;735;86.0;70.0;58.0;923.3;923.4;919.1;8;7;7;0.0;2.0;3.0;10.0;6.0;8.0;71.33333333333333;921.9333333333333;8.0;1.6666666666666667;7
83075;1988-02-17;37;28.4;20.1;2.1;1988;2;17;-23.43;-46.46;735;96.0;84.0;75.0;921.1;920.0;917.0;8;7;7;0.0;3.0;3.0;10.0;9.0;10.0;85.0;919.3666666666667;9.666666666666666;2.0;7
83075;1988-02-18;12.8;30.4;18.5;5.7;1988;2;18;-23.43;-46.46;735;89.0;88.0;64.0;919.6;921.0;917.2;8;5;5;0.0;1.0;3.0;8.0;10.0;10.0;80.33333333333333;919.2666666666668;9.333333333333334;1.3333333333333333;5
83075;1988-02-19;0;27.2;20.1;1;1988;2;19;-23.43;-46.46;735;88.0;85.0;71.0;923.5;925.5;923.0;8;3;4;0.0;3.0;3.0;10.0;10.0;9.0;81.33333333333333;924.0;9.666666666666666;2.0;3
83075;1988-02-20;1.6;28.4;19.9;1.9;1988;2;20;-23.43;-46.46;735;86.0;85.0;73.0;927.2;928.9;925.7;4;8;8;2.0;0.0;0.0;10.0;10.0;10.0;81.33333333333333;927.2666666666668;10.0;0.6666666666666666;4
83075;1988-02-21;13.3;28.4;18.9;3.3;1988;2;21;-23.43;-46.46;735;90.0;87.0;78.0;929.2;931.6;927.3;8;8;5;0.0;0.0;3.0;10.0;10.0;10.0;85.0;929.3666666666668;10.0;1.0;5
83075;1988-02-22;0;27;18.7;3;1988;2;22;-23.43;-46.46;735;87.0;77.0;73.0;928.0;928.9;927.1;3;8;8;3.0;0.0;0.0;10.0;9.0;9.0;79.0;928.0;9.333333333333334;1.0;3
83075;1988-02-23;0;27.6;18.1;5.7;1988;2;23;-23.43;-46.46;735;83.0;77.0;67.0;927.8;926.3;923.1;4;8;3;3.0;0.0;3.0;9.0;8.0;10.0;75.66666666666667;925.7333333333332;9.0;2.0;4
83075;1988-02-24;0;29;18.3;6.6;1988;2;24;-23.43;-46.46;735;81.0;80.0;59.0;923.8;924.0;918.6;3;2;7;1.0;1.0;1.0;1.0;10.0;9.0;73.33333333333333;922.1333333333333;6.666666666666667;1.0;3
83075;1988-02-25;0;32.2;18.9;5.6;1988;2;25;-23.43;-46.46;735;82.0;82.0;49.0;922.1;921.2;915.8;4;2;8;1.0;2.0;0.0;10.0;10.0;9.0;71.0;919.7000000000002;9.666666666666666;1.0;4
83075;1988-02-26;0;31;20.5;4.8;1988;2;26;-23.43;-46.46;735;82.0;70.0;73.0;920.7;921.9;918.4;8;3;4;0.0;2.0;3.0;10.0;10.0;10.0;75.0;920.3333333333334;10.0;1.6666666666666667;3
83075;1988-02-28;39.2;31.8;19.7;4.6;1988;2;28;-23.43;-46.46;735;86.0;85.0;58.0;924.9;926.5;921.0;8;3;8;0.0;1.0;0.0;10.0;10.0;9.0;76.33333333333333;924.1333333333333;9.666666666666666;0.3333333333333333;3
83075;1988-02-29;0.8;30.4;19.7;2.4;1988;2;29;-23.43;-46.46;735;87.0;79.0;83.0;924.8;924.5;922.3;8;8;3;0.0;0.0;1.0;10.0;10.0;10.0;83.0;923.8666666666667;10.0;0.3333333333333333;3
83075;1988-03-01;0;28.8;17.5;6.8;1988;3;1;-23.43;-46.46;735;83.0;68.0;72.0;922.6;924.5;921.6;3;3;3;1.0;1.0;5.0;0.0;5.0;9.0;74.33333333333333;922.9;4.666666666666667;2.3333333333333335;3
83075;1988-03-02;0;25.4;18.3;1.9;1988;3;2;-23.43;-46.46;735;89.0;79.0;81.0;926.7;926.2;922.6;4;4;3;1.0;1.0;5.0;10.0;8.0;10.0;83.0;925.1666666666666;9.333333333333334;2.3333333333333335;4
83075;1988-03-03;20.8;27;19.7;0.1;1988;3;3;-23.43;-46.46;735;91.0;82.0;71.0;923.5;923.1;920.2;8;7;3;0.0;3.0;3.0;10.0;10.0;10.0;81.33333333333333;922.2666666666668;10.0;2.0;7
83075;1988-03-04;0;22.8;17.7;0.2;1988;3;4;-23.43;-46.46;735;87.0;86.0;75.0;927.3;928.0;926.5;4;2;8;4.0;2.0;0.0;10.0;10.0;10.0;82.66666666666667;927.2666666666668;10.0;2.0;4
83075;1988-03-05;0;29.4;16.5;8.1;1988;3;5;-23.43;-46.46;735;80.0;87.0;53.0;928.3;929.9;924.1;8;8;0;0.0;0.0;2.0;9.0;5.0;4.0;73.33333333333333;927.4333333333333;6.0;0.6666666666666666;0
83075;1988-03-07;0;25.8;11.1;9;1988;3;7;-23.43;-46.46;735;71.0;77.0;61.0;931.6;932.5;928.3;8;8;6;0.0;0.0;1.0;0.0;10.0;2.0;69.66666666666667;930.7999999999998;4.0;0.3333333333333333;6
83075;1988-03-08;0;21;8.9;6.8;1988;3;8;-23.43;-46.46;735;63.0;76.0;55.0;932.9;935.9;931.1;8;4;4;0.0;4.0;4.0;10.0;6.0;10.0;64.66666666666667;933.3000000000001;8.666666666666666;2.6666666666666665;4
83075;1988-03-09;0;20.4;12.1;2;1988;3;9;-23.43;-46.46;735;84.0;77.0;58.0;934.5;935.3;932.6;3;3;4;4.0;3.0;5.0;10.0;10.0;8.0;73.0;934.1333333333333;9.333333333333334;4.0;3
83075;1988-03-10;0;32.2;17.1;7;1988;3;10;-23.43;-46.46;735;76.0;65.0;32.0;927.7;926.6;918.3;8;8;0;0.0;0.0;4.0;10.0;10.0;6.0;57.666666666666664;924.2000000000002;8.666666666666666;1.3333333333333333;0
83075;1988-03-11;0;19.4;11.5;1.6;1988;3;11;-23.43;-46.46;735;72.0;69.0;73.0;935.2;932.9;931.8;3;3;4;3.0;1.0;2.0;10.0;10.0;10.0;71.33333333333333;933.2999999999998;10.0;2.0;3
83075;1988-03-12;0;24.8;14.9;9.7;1988;3;12;-23.43;-46.46;735;78.0;66.0;58.0;925.6;926.7;924.7;4;5;4;2.0;3.0;2.0;9.0;8.0;6.0;67.33333333333333;925.6666666666666;7.666666666666667;2.3333333333333335;4
83075;1988-03-13;0;28.8;15.1;7.7;1988;3;13;-23.43;-46.46;735;85.0;79.0;48.0;928.1;927.0;921.4;3;3;3;1.0;1.0;1.0;0.0;8.0;6.0;70.66666666666667;925.5;4.666666666666667;1.0;3
83075;1988-03-14;0;30.4;17.1;6.1;1988;3;14;-23.43;-46.46;735;86.0;78.0;51.0;924.4;923.7;918.5;6;3;7;0.9;2.0;3.0;5.0;10.0;8.0;71.66666666666667;922.1999999999999;7.666666666666667;1.9666666666666668;6
83075;1988-03-15;0;31;17.5;6.7;1988;3;15;-23.43;-46.46;735;86.0;81.0;63.0;923.0;924.3;920.2;8;3;7;0.0;3.0;4.0;5.0;10.0;9.0;76.66666666666667;922.5;8.0;2.3333333333333335;3
83075;1988-03-16;0.4;31.2;20.3;3.6;1988;3;16;-23.43;-46.46;735;88.0;82.0;64.0;923.6;924.8;920.6;8;3;3;0.0;1.0;4.0;10.0;9.0;10.0;78.0;923.0;9.666666666666666;1.6666666666666667;3
83075;1988-03-17;38.5;23.8;19.1;0;1988;3;17;-23.43;-46.46;735;93.0;95.0;94.0;925.0;924.6;922.2;8;8;0;0.0;0.0;1.0;10.0;10.0;10.0;94.0;923.9333333333334;10.0;0.3333333333333333;0
83075;1988-03-18;46.8;25;19.1;0.2;1988;3;18;-23.43;-46.46;735;92.0;92.0;81.0;923.6;924.4;922.2;8;7;7;0.0;1.0;3.0;10.0;10.0;10.0;88.33333333333333;923.4;10.0;1.3333333333333333;7
83075;1988-03-19;19.3;28.2;19.1;7.1;1988;3;19;-23.43;-46.46;735;94.0;86.0;67.0;923.8;926.0;923.7;8;8;4;0.0;0.0;2.0;10.0;8.0;9.0;82.33333333333333;924.5;9.0;0.6666666666666666;4
83075;1988-03-20;0;25.8;18.1;8.9;1988;3;20;-23.43;-46.46;735;86.0;80.0;53.0;926.4;929.7;927.0;4;4;4;2.0;1.0;3.0;9.0;9.0;4.0;73.0;927.6999999999999;7.333333333333333;2.0;4
83075;1988-03-21;0;26.8;15.3;7.9;1988;3;21;-23.43;-46.46;735;83.0;84.0;50.0;930.6;931.0;926.2;4;8;3;3.0;0.0;2.0;5.0;6.0;0.0;72.33333333333333;929.2666666666668;3.6666666666666665;1.6666666666666667;4
83075;1988-03-22;0;30;16.6;9.4;1988;3;22;-23.43;-46.46;735;87.0;79.0;43.0;929.3;930.6;923.7;4;8;8;1.0;0.0;0.0;10.0;2.0;0.0;69.66666666666667;927.8666666666668;4.0;0.3333333333333333;4
83075;1988-03-24;0;31;16.3;9.5;1988;3;24;-23.43;-46.46;735;72.0;71.0;44.0;927.5;928.9;923.0;8;8;5;0.0;0.0;1.0;0.0;0.0;0.0;62.333333333333336;926.4666666666667;0.0;0.3333333333333333;5
83075;1988-03-27;0;32;15.5;9.8;1988;3;27;-23.43;-46.46;735;82.0;78.0;47.0;926.9;927.5;922.1;8;4;7;0.0;3.0;1.0;0.0;0.0;4.0;69.0;925.5;1.3333333333333333;1.3333333333333333;4
83075;1988-03-28;0;33.4;17.9;9.3;1988;3;28;-23.43;-46.46;735;69.0;73.0;45.0;924.6;925.8;920.9;8;8;7;0.0;0.0;3.0;0.0;0.0;4.0;62.333333333333336;923.7666666666668;1.3333333333333333;1.0;7
83075;1988-03-29;0;30.2;19.1;5;1988;3;29;-23.43;-46.46;735;72.0;77.0;43.0;923.1;926.0;920.5;8;2;5;0.0;1.0;1.0;0.0;10.0;9.0;64.0;923.1999999999999;6.333333333333333;0.6666666666666666;2
83075;1988-03-30;0;31;19.9;6;1988;3;30;-23.43;-46.46;735;82.0;78.0;66.0;924.8;924.8;919.5;5;8;4;1.0;0.0;4.0;10.0;5.0;9.0;75.33333333333333;923.0333333333333;8.0;1.6666666666666667;5
83075;1988-03-31;1.6;32.4;19.5;9.1;1988;3;31;-23.43;-46.46;735;87.0;75.0;45.0;922.4;923.2;916.8;8;8;7;0.0;0.0;4.0;10.0;0.0;5.0;69.0;920.7999999999998;5.0;1.3333333333333333;7
83075;1988-04-01;0;33;19.3;7.4;1988;4;1;-23.43;-46.46;735;82.0;78.0;69.0;924.9;925.9;921.9;4;8;4;2.0;0.0;6.0;10.0;5.0;10.0;76.33333333333333;924.2333333333332;8.333333333333334;2.6666666666666665;4
83075;1988-04-02;0.3;30.8;19.7;5.3;1988;4;2;-23.43;-46.46;735;87.0;80.0;96.0;924.4;922.0;921.0;3;8;8;1.0;0.0;0.0;10.0;8.0;10.0;87.66666666666667;922.4666666666667;9.333333333333334;0.3333333333333333;3
83075;1988-04-03;20.6;26.8;19.7;1.6;1988;4;3;-23.43;-46.46;735;92.0;91.0;71.0;924.7;924.9;921.7;8;3;4;0.0;3.0;6.0;10.0;10.0;9.0;84.66666666666667;923.7666666666668;9.666666666666666;3.0;3
83075;1988-04-04;0;29.2;17.9;7.8;1988;4;4;-23.43;-46.46;735;86.0;82.0;60.0;926.4;925.6;921.3;3;8;0;1.0;0.0;1.0;9.0;8.0;8.0;76.0;924.4333333333334;8.333333333333334;0.6666666666666666;3
83075;1988-04-05;0;23.8;16.7;0.2;1988;4;5;-23.43;-46.46;735;78.0;75.0;83.0;926.9;929.0;928.6;8;7;4;0.0;2.0;4.0;10.0;10.0;10.0;78.66666666666667;928.1666666666666;10.0;2.0;7
83075;1988-04-06;8;18.6;10.3;3.3;1988;4;6;-23.43;-46.46;735;92.0;84.0;68.0;929.8;928.2;928.4;1;7;7;1.0;5.0;5.0;9.0;9.0;4.0;81.33333333333333;928.8000000000001;7.333333333333333;3.6666666666666665;1
83075;1988-04-07;0;25.4;10.9;8.9;1988;4;7;-23.43;-46.46;735;80.0;69.0;41.0;930.9;932.2;927.9;8;8;7;0.0;0.0;3.0;0.0;0.0;2.0;63.333333333333336;930.3333333333334;0.6666666666666666;1.0;7
83075;1988-04-08;0;22.8;8.5;7.7;1988;4;8;-23.43;-46.46;735;64.0;82.0;40.0;934.7;935.7;930.2;4;3;5;3.0;5.0;1.0;10.0;5.0;8.0;62.0;933.5333333333334;7.666666666666667;3.0;4
83075;1988-04-09;0;19.4;12.7;0;1988;4;9;-23.43;-46.46;735;85.0;84.0;63.0;934.8;935.4;932.5;3;3;2;7.0;3.0;1.0;10.0;10.0;10.0;77.33333333333333;934.2333333333332;10.0;3.6666666666666665;3
83075;1988-04-10;6;25.2;17.7;2.3;1988;4;10;-23.43;-46.46;735;78.0;82.0;86.0;923.5;926.0;923.8;4;8;4;5.0;0.0;5.0;10.0;10.0;10.0;82.0;924.4333333333334;10.0;3.3333333333333335;4
83075;1988-04-11;0;19;11.5;2.1;1988;4;11;-23.43;-46.46;735;82.0;77.0;77.0;933.2;934.5;933.2;8;4;4;0.0;4.0;1.0;10.0;10.0;10.0;78.66666666666667;933.6333333333333;10.0;1.6666666666666667;4
83075;1988-04-12;0;28.4;13.9;11.2;1988;4;12;-23.43;-46.46;735;74.0;63.0;48.0;928.1;929.0;924.4;3;3;4;2.0;3.0;5.0;1.0;9.0;1.0;61.666666666666664;927.1666666666666;3.6666666666666665;3.3333333333333335;3
83075;1988-04-13;11.4;24.6;16.1;0.5;1988;4;13;-23.43;-46.46;735;88.0;84.0;93.0;923.8;922.5;921.6;8;0;8;0.0;1.0;0.0;10.0;10.0;10.0;88.33333333333333;922.6333333333333;10.0;0.3333333333333333;0
83075;1988-04-14;37.5;20;15.7;0.1;1988;4;14;-23.43;-46.46;735;87.0;84.0;79.0;922.9;927.2;925.4;7;4;4;1.0;1.0;1.0;10.0;10.0;10.0;83.33333333333333;925.1666666666666;10.0;1.0;7
83075;1988-04-15;0;25.2;13.5;6.9;1988;4;15;-23.43;-46.46;735;89.0;84.0;62.0;929.4;929.4;924.6;8;2;8;0.0;1.0;0.0;10.0;9.0;4.0;78.33333333333333;927.8000000000001;7.666666666666667;0.3333333333333333;2
83075;1988-04-16;0;27.8;16.1;5.7;1988;4;16;-23.43;-46.46;735;85.0;80.0;70.0;927.2;926.3;920.3;4;8;6;1.0;0.0;1.0;10.0;10.0;10.0;78.33333333333333;924.6;10.0;0.6666666666666666;4
83075;1988-04-17;41.9;25.8;18;4.4;1988;4;17;-23.43;-46.46;735;92.0;85.0;80.0;924.1;925.0;923.6;8;6;4;0.0;1.0;1.0;10.0;9.0;9.0;85.66666666666667;924.2333333333332;9.333333333333334;0.6666666666666666;6
83075;1988-04-18;0;22.4;17.3;0.1;1988;4;18;-23.43;-46.46;735;88.0;88.0;83.0;928.1;930.6;927.7;4;3;3;1.0;4.0;3.0;10.0;10.0;10.0;86.33333333333333;928.8000000000001;10.0;2.6666666666666665;4
83075;1988-04-19;11.1;20.6;17.6;0;1988;4;19;-23.43;-46.46;735;88.0;93.0;81.0;930.0;932.3;929.6;3;8;8;1.0;0.0;0.0;9.0;10.0;10.0;87.33333333333333;930.6333333333333;9.666666666666666;0.3333333333333333;3
83075;1988-04-20;28.1;22.2;17.1;0;1988;4;20;-23.43;-46.46;735;88.0;88.0;88.0;929.4;929.3;926.4;8;8;3;0.0;0.0;1.0;10.0;10.0;10.0;88.0;928.3666666666667;10.0;0.3333333333333333;3
83075;1988-04-21;7.9;28.2;18.5;6.5;1988;4;21;-23.43;-46.46;735;93.0;91.0;69.0;926.7;926.4;921.4;8;8;0;0.0;0.0;1.0;10.0;9.0;8.0;84.33333333333333;924.8333333333334;9.0;0.3333333333333333;0
83075;1988-04-22;0;29.6;18.1;5.3;1988;4;22;-23.43;-46.46;735;91.0;84.0;67.0;923.5;924.8;921.2;8;8;7;0.0;0.0;5.0;10.0;0.0;10.0;80.66666666666667;923.1666666666666;6.666666666666667;1.6666666666666667;7
83075;1988-04-24;0;27.2;18.3;5.1;1988;4;24;-23.43;-46.46;735;87.0;91.0;70.0;930.6;931.2;925.7;3;3;3;1.0;1.0;3.0;10.0;10.0;5.0;82.66666666666667;929.1666666666666;8.333333333333334;1.6666666666666667;3
83075;1988-04-25;0;27.4;17.3;0.3;1988;4;25;-23.43;-46.46;735;90.0;90.0;78.0;926.3;927.8;923.7;8;8;4;0.0;0.0;1.0;0.0;9.0;10.0;86.0;925.9333333333334;6.333333333333333;0.3333333333333333;4
83075;1988-04-26;0;30;17.9;6.3;1988;4;26;-23.43;-46.46;735;81.0;85.0;58.0;926.2;927.5;921.8;8;8;0;0.0;0.0;1.0;10.0;8.0;10.0;74.66666666666667;925.1666666666666;9.333333333333334;0.3333333333333333;0
83075;1988-04-27;0;29.6;17.7;4.9;1988;4;27;-23.43;-46.46;735;81.0;91.0;87.0;924.6;927.9;926.1;8;1;8;0.0;2.0;0.0;10.0;1.0;10.0;86.33333333333333;926.1999999999999;7.0;0.6666666666666666;1
83075;1988-04-28;0.2;20.8;14.9;0;1988;4;28;-23.43;-46.46;735;86.0;84.0;86.0;930.3;934.6;933.6;4;3;4;1.0;2.0;4.0;10.0;10.0;10.0;85.33333333333333;932.8333333333334;10.0;2.3333333333333335;4
83075;1988-04-29;2.6;18;13.7;0;1988;4;29;-23.43;-46.46;735;87.0;87.0;81.0;936.4;937.6;934.4;4;8;5;4.0;0.0;4.0;10.0;10.0;10.0;85.0;936.1333333333333;10.0;2.6666666666666665;4
83075;1988-04-30;0;19.2;14.1;0.4;1988;4;30;-23.43;-46.46;735;84.0;80.0;72.0;936.5;936.6;934.1;4;4;4;3.0;3.0;3.0;10.0;9.0;9.0;78.66666666666667;935.7333333333332;9.333333333333334;3.0;4
83075;1988-05-01;0;34.2;20.9;9.7;1988;5;1;-23.43;-46.46;735;85.0;69.0;65.0;924.6;924.6;919.0;4;7;7;1.0;2.0;4.0;10.0;10.0;8.0;73.0;922.7333333333332;9.333333333333334;2.3333333333333335;4
83075;1988-05-02;28.2;23.4;18.5;0.1;1988;5;2;-23.43;-46.46;735;89.0;86.0;86.0;922.5;925.4;926.4;8;4;5;0.0;1.0;3.0;10.0;10.0;10.0;87.0;924.7666666666668;10.0;1.3333333333333333;4
83075;1988-05-03;0;28.6;17.9;5.9;1988;5;3;-23.43;-46.46;735;80.0;78.0;67.0;925.1;925.9;921.4;4;4;4;1.0;4.0;1.0;9.0;8.0;8.0;75.0;924.1333333333333;8.333333333333334;2.0;4
83075;1988-05-04;0;24.2;18.9;0.1;1988;5;4;-23.43;-46.46;735;83.0;93.0;76.0;923.4;926.6;925.6;8;8;1;0.0;0.0;3.0;4.0;10.0;10.0;84.0;925.1999999999999;8.0;1.0;1
83075;1988-05-05;7.5;18.2;15.3;0;1988;5;5;-23.43;-46.46;735;92.0;89.0;88.0;932.4;933.0;931.9;4;3;4;1.0;1.0;2.0;10.0;10.0;10.0;89.66666666666667;932.4333333333334;10.0;1.3333333333333333;4
83075;1988-05-06;0.3;17;4.4;9.2;1988;5;6;-23.43;-46.46;735;64.0;60.0;50.0;932.0;935.7;932.4;7;6;7;4.0;1.0;2.0;6.0;10.0;10.0;58.0;933.3666666666667;8.666666666666666;2.3333333333333335;7
83075;1988-05-07;0;26.2;11.6;8.7;1988;5;7;-23.43;-46.46;735;79.0;80.0;47.0;931.0;931.3;924.4;8;8;7;0.0;0.0;2.0;5.0;0.0;4.0;68.66666666666667;928.9;3.0;0.6666666666666666;7
83075;1988-05-08;0;23.2;10.9;6;1988;5;8;-23.43;-46.46;735;85.0;87.0;41.0;934.1;935.7;930.0;8;8;3;0.0;0.0;1.0;10.0;10.0;1.0;71.0;933.2666666666668;7.0;0.3333333333333333;3
83075;1988-05-09;0;22.8;13.5;4.8;1988;5;9;-23.43;-46.46;735;83.0;74.0;61.0;935.3;936.4;933.9;4;3;4;3.0;3.0;4.0;10.0;10.0;5.0;72.66666666666667;935.1999999999999;8.333333333333334;3.3333333333333335;4
83075;1988-05-10;6.3;21.8;16.5;0;1988;5;10;-23.43;-46.46;735;86.0;77.0;80.0;927.1;928.0;926.7;5;8;4;3.0;0.0;2.0;10.0;10.0;10.0;81.0;927.2666666666668;10.0;1.6666666666666667;5
83075;1988-05-11;0;19.2;11.9;0;1988;5;11;-23.43;-46.46;735;76.0;76.0;88.0;935.1;934.5;933.1;5;3;3;3.0;3.0;2.0;10.0;10.0;10.0;80.0;934.2333333333332;10.0;2.6666666666666665;5
83075;1988-05-12;0;29;14.9;9.7;1988;5;12;-23.43;-46.46;735;78.0;65.0;56.0;929.4;929.9;925.5;3;3;4;3.0;1.0;3.0;8.0;8.0;8.0;66.33333333333333;928.2666666666668;8.0;2.3333333333333335;3
83075;1988-05-13;4.1;25.2;15.1;2.6;1988;5;13;-23.43;-46.46;735;84.0;68.0;61.0;932.2;929.0;924.5;5;7;0;3.0;1.0;2.0;10.0;8.0;9.0;71.0;928.5666666666666;9.0;2.0;5
83075;1988-05-14;7;26.2;15.3;7.1;1988;5;14;-23.43;-46.46;735;87.0;78.0;59.0;927.6;927.7;923.0;8;7;7;0.0;1.0;5.0;10.0;5.0;5.0;74.66666666666667;926.1;6.666666666666667;2.0;7
83075;1988-05-15;0;26.4;15.3;7.8;1988;5;15;-23.43;-46.46;735;88.0;95.0;74.0;926.5;929.6;924.8;8;8;7;0.0;0.0;3.0;4.0;8.0;8.0;85.66666666666667;926.9666666666666;6.666666666666667;1.0;7
83075;1988-05-16;0;28;14.5;7.8;1988;5;16;-23.43;-46.46;735;87.0;92.0;53.0;928.5;931.0;925.4;8;7;7;0.0;3.0;3.0;2.0;4.0;8.0;77.33333333333333;928.3000000000001;4.666666666666667;2.0;7
83075;1988-05-17;11.4;21.6;15.7;0;1988;5;17;-23.43;-46.46;735;81.0;89.0;86.0;927.1;930.5;928.9;8;8;7;0.0;0.0;1.0;10.0;10.0;10.0;85.33333333333333;928.8333333333334;10.0;0.3333333333333333;7
83075;1988-05-19;2.5;25.8;15.7;5.7;1988;5;19;-23.43;-46.46;735;93.0;94.0;66.0;928.3;929.7;925.5;8;8;7;0.0;0.0;1.0;10.0;10.0;8.0;84.33333333333333;927.8333333333334;9.333333333333334;0.3333333333333333;7
83075;1988-05-20;0;25.6;14.9;2.4;1988;5;20;-23.43;-46.46;735;91.0;97.0;74.0;927.9;928.4;925.9;8;8;7;0.0;0.0;2.0;8.0;10.0;10.0;87.33333333333333;927.4;9.333333333333334;0.6666666666666666;7
83075;1988-05-21;0;28;16.1;5.2;1988;5;21;-23.43;-46.46;735;83.0;89.0;54.0;928.8;929.0;922.1;4;4;1;1.0;1.0;1.0;10.0;10.0;10.0;75.33333333333333;926.6333333333333;10.0;1.0;4
83075;1988-05-22;5.6;25.8;15.9;4.3;1988;5;22;-23.43;-46.46;735;88.0;89.0;73.0;928.0;930.8;925.1;2;8;8;1.0;0.0;0.0;10.0;10.0;10.0;83.33333333333333;927.9666666666667;10.0;0.3333333333333333;2
83075;1988-05-24;28.3;18.8;15.1;0;1988;5;24;-23.43;-46.46;735;94.0;94.0;92.0;925.4;927.1;925.8;8;6;6;0.0;2.0;4.0;10.0;10.0;10.0;93.33333333333333;926.1;10.0;2.0;6
83075;1988-05-25;13.7;20.2;14.1;2.6;1988;5;25;-23.43;-46.46;735;92.0;89.0;70.0;928.6;929.8;926.3;8;8;6;0.0;0.0;2.0;10.0;10.0;5.0;83.66666666666667;928.2333333333332;8.333333333333334;0.6666666666666666;6
83075;1988-05-26;0;16.6;12.1;0;1988;5;26;-23.43;-46.46;735;85.0;85.0;75.0;930.6;933.1;929.9;8;6;3;0.0;1.0;3.0;10.0;10.0;10.0;81.66666666666667;931.1999999999999;10.0;1.3333333333333333;6
83075;1988-05-27;0;21.6;12.7;3.1;1988;5;27;-23.43;-46.46;735;76.0;87.0;69.0;931.4;932.3;927.7;8;8;7;0.0;0.0;1.0;10.0;10.0;4.0;77.33333333333333;930.4666666666666;8.0;0.3333333333333333;7
83075;1988-05-29;20.4;18;14.7;0;1988;5;29;-23.43;-46.46;735;91.0;85.0;90.0;928.8;927.9;923.9;8;3;8;0.0;1.0;0.0;10.0;10.0;10.0;88.66666666666667;926.8666666666667;10.0;0.3333333333333333;3
83075;1988-05-30;40.6;17.8;14.1;0.1;1988;5;30;-23.43;-46.46;735;95.0;89.0;89.0;924.9;927.2;925.4;8;8;6;0.0;0.0;2.0;10.0;5.0;10.0;91.0;925.8333333333334;8.333333333333334;0.6666666666666666;6
83075;1988-05-31;4.9;15;11.1;0.9;1988;5;31;-23.43;-46.46;735;89.0;90.0;78.0;929.5;932.4;930.3;4;4;4;2.0;1.0;1.0;10.0;10.0;10.0;85.66666666666667;930.7333333333332;10.0;1.3333333333333333;4
83075;1988-06-01;61;25.8;19.9;0;1988;6;1;-23.43;-46.46;735;74.0;90.0;81.0;921.1;923.7;921.7;8;7;7;0.0;1.0;1.0;5.0;10.0;10.0;81.66666666666667;922.1666666666666;8.333333333333334;0.6666666666666666;7
83075;1988-06-02;0.2;22.2;17.1;0;1988;6;2;-23.43;-46.46;735;83.0;85.0;80.0;928.5;929.2;927.6;3;4;4;2.0;1.0;2.0;10.0;10.0;10.0;82.66666666666667;928.4333333333334;10.0;1.6666666666666667;3
83075;1988-06-03;0;30.6;19.7;4.3;1988;6;3;-23.43;-46.46;735;86.0;83.0;61.0;923.6;926.2;921.2;3;8;3;2.0;0.0;1.0;10.0;8.0;10.0;76.66666666666667;923.6666666666666;9.333333333333334;1.0;3
83075;1988-06-04;3.2;29.8;17.6;5.1;1988;6;4;-23.43;-46.46;735;87.0;82.0;58.0;928.0;928.9;923.9;8;2;7;0.0;1.0;1.0;10.0;9.0;6.0;75.66666666666667;926.9333333333334;8.333333333333334;0.6666666666666666;2
83075;1988-06-05;3.1;19;14.7;0;1988;6;5;-23.43;-46.46;735;94.0;90.0;90.0;934.4;934.4;932.4;8;4;4;0.0;1.0;1.0;10.0;10.0;10.0;91.33333333333333;933.7333333333332;10.0;0.6666666666666666;4
83075;1988-06-06;0;19.6;2.6;8.2;1988;6;6;-23.43;-46.46;735;82.0;85.0;55.0;934.8;935.2;928.3;8;4;5;0.0;1.0;1.0;0.0;0.0;5.0;74.0;932.7666666666668;1.6666666666666667;0.6666666666666666;4
83075;1988-06-07;0;25.4;12.7;7;1988;6;7;-23.43;-46.46;735;77.0;74.0;49.0;927.8;930.4;925.7;8;8;7;0.0;0.0;1.0;4.0;0.0;9.0;66.66666666666667;927.9666666666666;4.333333333333333;0.3333333333333333;7
83075;1988-06-08;0;22.4;11.7;0.9;1988;6;8;-23.43;-46.46;735;85.0;78.0;49.0;934.0;933.9;930.3;8;8;3;0.0;0.0;2.0;10.0;10.0;10.0;70.66666666666667;932.7333333333332;10.0;0.6666666666666666;3
83075;1988-06-09;0;26;12.7;7.4;1988;6;9;-23.43;-46.46;735;79.0;75.0;41.0;936.6;937.4;930.4;3;1;4;5.0;2.0;3.0;10.0;9.0;10.0;65.0;934.8000000000001;9.666666666666666;3.3333333333333335;3
83075;1988-06-10;0;23;15.3;4.9;1988;6;10;-23.43;-46.46;735;86.0;77.0;74.0;929.9;932.1;930.9;8;4;4;0.0;4.0;4.0;10.0;5.0;10.0;79.0;930.9666666666667;8.333333333333334;2.6666666666666665;4
83075;1988-06-11;0.9;20;13.3;0.4;1988;6;11;-23.43;-46.46;735;84.0;83.0;72.0;934.0;934.5;931.4;3;3;4;4.0;2.0;3.0;8.0;10.0;10.0;79.66666666666667;933.3000000000001;9.333333333333334;3.0;3
83075;1988-06-12;0;28.8;14.5;9.4;1988;6;12;-23.43;-46.46;735;80.0;68.0;54.0;930.4;929.1;924.3;8;8;4;0.0;0.0;1.0;9.0;10.0;5.0;67.33333333333333;927.9333333333334;8.0;0.3333333333333333;4
83075;1988-06-13;0;24.8;12.1;6;1988;6;13;-23.43;-46.46;735;88.0;72.0;56.0;931.6;930.9;926.6;8;8;0;0.0;0.0;2.0;4.0;6.0;10.0;72.0;929.6999999999999;6.666666666666667;0.6666666666666666;0
83075;1988-06-15;2.2;13.4;10.6;0.2;1988;6;15;-23.43;-46.46;735;93.0;87.0;84.0;932.4;933.5;931.7;8;3;4;0.0;2.0;3.0;10.0;10.0;10.0;88.0;932.5333333333334;10.0;1.6666666666666667;3
83075;1988-06-16;0;15.2;7.1;3.6;1988;6;16;-23.43;-46.46;735;85.0;83.0;61.0;933.3;934.7;932.7;4;4;4;1.0;2.0;5.0;10.0;10.0;6.0;76.33333333333333;933.5666666666666;8.666666666666666;2.6666666666666665;4
83075;1988-06-17;0;18.6;6.7;8;1988;6;17;-23.43;-46.46;735;88.0;88.0;55.0;935.3;936.1;932.1;8;3;3;0.0;2.0;4.0;2.0;6.0;6.0;77.0;934.5;4.666666666666667;2.0;3
83075;1988-06-18;0;19.4;8.7;7.9;1988;6;18;-23.43;-46.46;735;88.0;61.0;62.0;934.5;933.7;930.7;8;2;8;0.0;4.0;0.0;10.0;2.0;10.0;70.33333333333333;932.9666666666667;7.333333333333333;1.3333333333333333;2
83075;1988-06-19;0;22.2;6.7;7.3;1988;6;19;-23.43;-46.46;735;86.0;89.0;51.0;931.5;930.8;923.7;8;8;0;0.0;0.0;3.0;0.0;6.0;10.0;75.33333333333333;928.6666666666666;5.333333333333333;1.0;0
83075;1988-06-20;0;21;8.7;1;1988;6;20;-23.43;-46.46;735;85.0;64.0;54.0;926.0;924.4;921.2;8;7;0;0.0;2.0;3.0;5.0;10.0;9.0;67.66666666666667;923.8666666666668;8.0;1.6666666666666667;7
83075;1988-06-21;0.7;24.2;13.9;4.8;1988;6;21;-23.43;-46.46;735;69.0;86.0;71.0;923.6;925.7;923.3;0;8;7;3.0;0.0;1.0;2.0;8.0;5.0;75.33333333333333;924.2000000000002;5.0;1.3333333333333333;0
83075;1988-06-22;0;27;13.9;6.9;1988;6;22;-23.43;-46.46;735;82.0;79.0;65.0;926.0;929.2;924.9;8;8;7;0.0;0.0;2.0;10.0;10.0;6.0;75.33333333333333;926.6999999999999;8.666666666666666;0.6666666666666666;7
83075;1988-06-23;0;27.8;14.3;7.2;1988;6;23;-23.43;-46.46;735;89.0;90.0;43.0;927.9;928.6;922.8;8;3;7;0.0;1.0;4.0;0.0;10.0;0.0;74.0;926.4333333333334;3.3333333333333335;1.6666666666666667;3
83075;1988-06-24;0;21.8;13.5;0;1988;6;24;-23.43;-46.46;735;67.0;86.0;79.0;925.7;930.7;928.1;8;4;4;0.0;3.0;1.0;10.0;10.0;10.0;77.33333333333333;928.1666666666666;10.0;1.3333333333333333;4
83075;1988-06-25;12.1;14.8;11.9;0;1988;6;25;-23.43;-46.46;735;90.0;93.0;82.0;930.2;931.6;930.1;8;4;4;0.0;2.0;2.0;10.0;10.0;10.0;88.33333333333333;930.6333333333333;10.0;1.3333333333333333;4
83075;1988-06-26;0;12.8;10.5;0;1988;6;26;-23.43;-46.46;735;86.0;83.0;83.0;932.5;933.8;932.0;4;4;3;2.0;5.0;3.0;10.0;10.0;10.0;84.0;932.7666666666668;10.0;3.3333333333333335;4
83075;1988-06-27;0;18.8;10.7;3.4;1988;6;27;-23.43;-46.46;735;85.0;85.0;71.0;934.5;935.1;931.1;3;2;3;3.0;4.0;1.0;10.0;10.0;2.0;80.33333333333333;933.5666666666666;7.333333333333333;2.6666666666666665;3
83075;1988-06-28;0;25.4;11.9;7.4;1988;6;28;-23.43;-46.46;735;89.0;89.0;59.0;932.6;932.7;927.4;8;8;7;0.0;0.0;4.0;8.0;2.0;4.0;79.0;930.9000000000001;4.666666666666667;1.3333333333333333;7
83075;1988-06-29;0;25.4;12.1;5.3;1988;6;29;-23.43;-46.46;735;80.0;82.0;57.0;928.0;932.2;929.0;8;8;3;0.0;0.0;2.0;10.0;4.0;9.0;73.0;929.7333333333332;7.666666666666667;0.6666666666666666;3
83075;1988-07-01;20.7;21.8;17.3;0;1988;7;1;-23.43;-46.46;735;95.0;84.0;80.0;923.6;927.3;926.4;6;3;4;1.0;3.0;3.0;10.0;10.0;10.0;86.33333333333333;925.7666666666668;10.0;2.3333333333333335;6
83075;1988-07-02;0.6;24.6;18.3;0.1;1988;7;2;-23.43;-46.46;735;88.0;82.0;90.0;928.0;927.8;923.8;4;4;3;1.0;1.0;1.0;10.0;10.0;10.0;86.66666666666667;926.5333333333333;10.0;1.0;4
83075;1988-07-03;3;27.6;20.1;4.4;1988;7;3;-23.43;-46.46;735;87.0;77.0;66.0;924.8;927.3;924.3;3;3;3;2.0;2.0;3.0;10.0;9.0;10.0;76.66666666666667;925.4666666666666;9.666666666666666;2.3333333333333335;3
83075;1988-07-04;0;30.8;16.7;7.5;1988;7;4;-23.43;-46.46;735;90.0;82.0;57.0;926.6;927.5;920.4;8;8;6;0.0;0.0;5.0;10.0;9.0;8.0;76.33333333333333;924.8333333333334;9.0;1.6666666666666667;6
83075;1988-07-06;0;27.8;5.9;8.5;1988;7;6;-23.43;-46.46;735;82.0;76.0;57.0;933.6;934.1;929.3;8;8;3;0.0;0.0;3.0;0.0;4.0;9.0;71.66666666666667;932.3333333333334;4.333333333333333;1.0;3
83075;1988-07-07;0;26.2;12.7;8.2;1988;7;7;-23.43;-46.46;735;80.0;73.0;37.0;928.1;929.9;925.7;8;8;7;0.0;0.0;4.0;10.0;0.0;5.0;63.333333333333336;927.9;5.0;1.3333333333333333;7
83075;1988-07-08;0;26.2;13.5;7.2;1988;7;8;-23.43;-46.46;735;79.0;76.0;77.0;932.1;932.3;925.8;5;8;8;1.0;0.0;0.0;8.0;8.0;10.0;77.33333333333333;930.0666666666666;8.666666666666666;0.3333333333333333;5
83075;1988-07-09;0;28.8;11.1;9.1;1988;7;9;-23.43;-46.46;735;71.0;79.0;30.0;932.1;932.4;926.6;8;8;1;0.0;0.0;1.0;10.0;0.0;10.0;60.0;930.3666666666667;6.666666666666667;0.3333333333333333;1
83075;1988-07-10;0;23.8;14.3;5.2;1988;7;10;-23.43;-46.46;735;79.0;69.0;64.0;935.2;934.8;930.4;3;2;4;2.0;1.0;3.0;10.0;8.0;9.0;70.66666666666667;933.4666666666667;9.0;2.0;3
83075;1988-07-11;0.1;24.4;14.1;4.6;1988;7;11;-23.43;-46.46;735;85.0;72.0;73.0;932.5;931.2;927.7;4;8;4;3.0;0.0;3.0;10.0;8.0;10.0;76.66666666666667;930.4666666666667;9.333333333333334;2.0;4
83075;1988-07-12;0;29.8;15.2;8.4;1988;7;12;-23.43;-46.46;735;70.0;67.0;48.0;927.0;926.5;921.2;3;3;5;1.0;3.0;5.0;8.0;0.0;6.0;61.666666666666664;924.9;4.666666666666667;3.0;3
83075;1988-07-13;0;13.2;5.6;1.1;1988;7;13;-23.43;-46.46;735;83.0;83.0;63.0;941.8;939.9;938.4;8;2;4;0.0;2.0;4.0;8.0;10.0;8.0;76.33333333333333;940.0333333333333;8.666666666666666;2.0;2
83075;1988-07-14;0;15.2;6.9;7.2;1988;7;14;-23.43;-46.46;735;83.0;82.0;56.0;940.9;941.5;938.8;8;3;4;0.0;2.0;4.0;10.0;8.0;6.0;73.66666666666667;940.4;8.0;2.0;3
83075;1988-07-15;0;16;5.6;3.6;1988;7;15;-23.43;-46.46;735;81.0;77.0;55.0;940.2;941.5;936.8;3;3;2;3.0;2.0;3.0;9.0;9.0;10.0;71.0;939.5;9.333333333333334;2.6666666666666665;3
83075;1988-07-16;0;18.2;6.5;6.4;1988;7;16;-23.43;-46.46;735;87.0;82.0;45.0;940.6;942.0;937.5;4;4;4;1.0;1.0;3.0;9.0;10.0;2.0;71.33333333333333;940.0333333333333;7.0;1.6666666666666667;4
83075;1988-07-17;0;17.2;8.1;2.7;1988;7;17;-23.43;-46.46;735;84.0;90.0;68.0;940.9;941.4;937.8;3;4;4;2.0;1.0;3.0;5.0;10.0;9.0;80.66666666666667;940.0333333333333;8.0;2.0;3
83075;1988-07-18;0;19.6;8.7;7.4;1988;7;18;-23.43;-46.46;735;88.0;89.0;43.0;940.3;940.4;936.0;8;2;1;0.0;1.0;3.0;10.0;6.0;2.0;73.33333333333333;938.9;6.0;1.3333333333333333;2
83075;1988-07-19;0;20.6;7.9;3.8;1988;7;19;-23.43;-46.46;735;85.0;87.0;49.0;937.7;937.7;933.9;8;2;3;0.0;1.0;2.0;0.0;10.0;8.0;73.66666666666667;936.4333333333334;6.0;1.0;2
83075;1988-07-20;0;22.2;8.7;6.3;1988;7;20;-23.43;-46.46;735;78.0;73.0;55.0;935.5;936.7;933.3;8;3;4;0.0;2.0;5.0;10.0;0.0;10.0;68.66666666666667;935.1666666666666;6.666666666666667;2.3333333333333335;3
83075;1988-07-21;0;20.8;8.1;6.8;1988;7;21;-23.43;-46.46;735;81.0;87.0;45.0;937.1;936.6;931.8;5;3;3;1.0;2.0;3.0;10.0;10.0;1.0;71.0;935.1666666666666;7.0;2.0;5
83075;1988-07-22;0;24.8;8.9;4.1;1988;7;22;-23.43;-46.46;735;88.0;95.0;37.0;934.2;933.5;927.5;8;8;7;0.0;0.0;5.0;10.0;10.0;8.0;73.33333333333333;931.7333333333332;9.333333333333334;1.6666666666666667;7
83075;1988-07-24;0;17.8;12.1;0;1988;7;24;-23.43;-46.46;735;86.0;85.0;78.0;930.8;930.6;931.5;8;8;7;0.0;0.0;1.0;10.0;8.0;10.0;83.0;930.9666666666667;9.333333333333334;0.3333333333333333;7
83075;1988-07-25;0;14.6;7.7;9.1;1988;7;25;-23.43;-46.46;735;72.0;69.0;52.0;933.7;936.1;934.8;8;5;3;0.0;2.0;3.0;5.0;1.0;6.0;64.33333333333333;934.8666666666668;4.0;1.6666666666666667;5
83075;1988-07-26;0;13.2;5.8;0.7;1988;7;26;-23.43;-46.46;735;76.0;82.0;75.0;937.8;938.8;937.0;8;4;4;0.0;3.0;5.0;10.0;10.0;9.0;77.66666666666667;937.8666666666667;9.666666666666666;2.6666666666666665;4
83075;1988-07-27;0;16.2;8.8;3.8;1988;7;27;-23.43;-46.46;735;85.0;84.0;60.0;938.6;938.8;934.8;3;8;3;3.0;0.0;1.0;6.0;10.0;8.0;76.33333333333333;937.4;8.0;1.3333333333333333;3
83075;1988-07-28;0;18.2;9.1;8.3;1988;7;28;-23.43;-46.46;735;87.0;78.0;47.0;937.3;937.9;933.3;3;3;3;1.0;3.0;1.0;9.0;4.0;0.0;70.66666666666667;936.1666666666666;4.333333333333333;1.6666666666666667;3
83075;1988-07-29;0;20.2;6.7;7.3;1988;7;29;-23.43;-46.46;735;83.0;84.0;49.0;935.8;937.4;933.1;4;2;4;1.0;1.0;3.0;0.0;9.0;1.0;72.0;935.4333333333333;3.3333333333333335;1.6666666666666667;4
83075;1988-07-30;0;20.6;8.5;8;1988;7;30;-23.43;-46.46;735;85.0;75.0;44.0;936.1;937.6;934.4;8;3;3;0.0;1.0;2.0;7.0;8.0;10.0;68.0;936.0333333333333;8.333333333333334;1.0;3
83075;1988-07-31;0;21.2;9.9;7.9;1988;7;31;-23.43;-46.46;735;88.0;83.0;65.0;935.6;937.9;932.4;8;2;8;0.0;3.0;0.0;0.0;10.0;0.0;78.66666666666667;935.3000000000001;3.3333333333333335;1.0;2
83075;1988-08-01;0;23.2;16.9;3.1;1988;8;1;-23.43;-46.46;735;80.0;73.0;88.0;927.4;926.2;925.7;4;0;4;1.0;1.0;2.0;9.0;10.0;10.0;80.33333333333333;926.4333333333334;9.666666666666666;1.3333333333333333;4
83075;1988-08-02;22.5;22.8;17.1;0;1988;8;2;-23.43;-46.46;735;87.0;86.0;95.0;926.7;925.7;923.9;4;3;4;3.0;2.0;1.0;10.0;10.0;10.0;89.33333333333333;925.4333333333334;10.0;2.0;4
83075;1988-08-03;0.1;28.6;17.9;9.9;1988;8;3;-23.43;-46.46;735;84.0;78.0;59.0;927.7;928.1;923.5;3;3;4;1.0;3.0;1.0;5.0;10.0;8.0;73.66666666666667;926.4333333333334;7.666666666666667;1.6666666666666667;3
83075;1988-08-04;11;24.6;18.7;0;1988;8;4;-23.43;-46.46;735;78.0;78.0;70.0;924.8;926.2;924.6;8;7;7;0.0;3.0;3.0;10.0;10.0;10.0;75.33333333333333;925.1999999999999;10.0;2.0;7
83075;1988-08-05;0;25.4;16.4;6;1988;8;5;-23.43;-46.46;735;90.0;85.0;72.0;928.4;927.8;924.6;8;8;4;0.0;0.0;3.0;8.0;5.0;9.0;82.33333333333333;926.9333333333333;7.333333333333333;1.0;4
83075;1988-08-06;0;27.8;11.7;8.3;1988;8;6;-23.43;-46.46;735;87.0;85.0;53.0;932.2;934.3;930.1;8;8;7;0.0;0.0;2.0;10.0;10.0;9.0;75.0;932.1999999999999;9.666666666666666;0.6666666666666666;7
83075;1988-08-07;0;15.6;11.9;0;1988;8;7;-23.43;-46.46;735;93.0;86.0;80.0;931.3;934.3;933.8;4;3;4;5.0;1.0;3.0;10.0;10.0;10.0;86.33333333333333;933.1333333333332;10.0;3.0;4
83075;1988-08-08;0;27.8;13.3;6.1;1988;8;8;-23.43;-46.46;735;73.0;75.0;36.0;930.6;931.4;925.7;8;8;0;0.0;0.0;2.0;9.0;8.0;9.0;61.333333333333336;929.2333333333332;8.666666666666666;0.6666666666666666;0
83075;1988-08-09;0;29.2;13.7;7.8;1988;8;9;-23.43;-46.46;735;61.0;58.0;30.0;929.2;930.7;924.6;8;8;4;0.0;0.0;1.0;0.0;10.0;10.0;49.666666666666664;928.1666666666666;6.666666666666667;0.3333333333333333;4
83075;1988-08-10;0;27;14.7;8.5;1988;8;10;-23.43;-46.46;735;81.0;71.0;49.0;933.6;932.0;926.7;4;8;4;3.0;0.0;2.0;10.0;5.0;10.0;67.0;930.7666666666668;8.333333333333334;1.6666666666666667;4
83075;1988-08-11;19.6;29.2;12.9;10.1;1988;8;11;-23.43;-46.46;735;89.0;65.0;43.0;930.2;928.8;924.5;8;0;0;0.0;3.0;3.0;8.0;0.0;5.0;65.66666666666667;927.8333333333334;4.333333333333333;2.0;0
83075;1988-08-12;0;31;15.3;9.9;1988;8;12;-23.43;-46.46;735;79.0;64.0;27.0;924.7;924.8;919.6;8;2;2;0.0;3.0;2.0;9.0;0.0;4.0;56.666666666666664;923.0333333333333;4.333333333333333;1.6666666666666667;2
83075;1988-08-13;0;21.8;11.9;3.8;1988;8;13;-23.43;-46.46;735;80.0;77.0;58.0;934.8;936.9;933.0;3;2;4;3.0;4.0;2.0;10.0;10.0;4.0;71.66666666666667;934.9;8.0;3.0;3
83075;1988-08-14;0;23;11.5;7.4;1988;8;14;-23.43;-46.46;735;82.0;77.0;52.0;935.6;936.6;931.7;4;3;8;1.0;2.0;0.0;10.0;9.0;10.0;70.33333333333333;934.6333333333333;9.666666666666666;1.0;4
83075;1988-08-15;0;26.6;9.7;9.2;1988;8;15;-23.43;-46.46;735;85.0;71.0;35.0;933.9;935.2;928.6;8;8;6;0.0;0.0;1.0;0.0;0.0;0.0;63.666666666666664;932.5666666666666;0.0;0.3333333333333333;6
83075;1988-08-16;0;25;11.7;5.9;1988;8;16;-23.43;-46.46;735;65.0;63.0;41.0;930.9;933.6;929.8;8;8;4;0.0;0.0;2.0;5.0;8.0;9.0;56.333333333333336;931.4333333333334;7.333333333333333;0.6666666666666666;4
83075;1988-08-17;0;21.6;13.1;5.4;1988;8;17;-23.43;-46.46;735;68.0;78.0;62.0;933.6;936.3;932.2;8;8;3;0.0;0.0;6.0;10.0;9.0;8.0;69.33333333333333;934.0333333333334;9.0;2.0;3
83075;1988-08-18;0;24.6;14.2;7.6;1988;8;18;-23.43;-46.46;735;82.0;72.0;53.0;935.0;936.4;931.5;3;3;3;4.0;4.0;2.0;10.0;6.0;10.0;69.0;934.3000000000001;8.666666666666666;3.3333333333333335;3
83075;1988-08-19;0;25.2;11.9;6.9;1988;8;19;-23.43;-46.46;735;81.0;86.0;37.0;933.8;935.3;929.7;4;8;4;1.0;0.0;5.0;9.0;10.0;1.0;68.0;932.9333333333334;6.666666666666667;2.0;4
83075;1988-08-20;0;28;11.9;9.3;1988;8;20;-23.43;-46.46;735;84.0;69.0;32.0;931.7;930.9;925.1;8;8;7;0.0;0.0;4.0;10.0;10.0;10.0;61.666666666666664;929.2333333333332;10.0;1.3333333333333333;7
83075;1988-08-21;0;28.4;13.5;7.7;1988;8;21;-23.43;-46.46;735;63.0;81.0;31.0;927.9;929.7;924.0;8;8;1;0.0;0.0;5.0;0.0;1.0;2.0;58.333333333333336;927.1999999999999;1.0;1.6666666666666667;1
83075;1988-08-22;1.1;25;12.1;8.3;1988;8;22;-23.43;-46.46;735;88.0;83.0;52.0;929.7;932.6;927.3;3;8;4;3.0;0.0;3.0;10.0;8.0;10.0;74.33333333333333;929.8666666666668;9.333333333333334;2.0;3
83075;1988-08-24;0;29.2;13.7;9.3;1988;8;24;-23.43;-46.46;735;62.0;62.0;26.0;927.9;929.2;922.6;8;8;7;0.0;0.0;5.0;10.0;0.0;0.0;50.0;926.5666666666666;3.3333333333333335;1.6666666666666667;7
83075;1988-08-25;0;29.6;13.1;5.2;1988;8;25;-23.43;-46.46;735;43.0;54.0;26.0;924.0;926.7;919.9;8;8;0;0.0;0.0;4.0;10.0;10.0;10.0;41.0;923.5333333333333;10.0;1.3333333333333333;0
83075;1988-08-26;0;26.6;14.5;4.8;1988;8;26;-23.43;-46.46;735;84.0;79.0;58.0;925.2;928.5;923.1;4;4;4;1.0;1.0;5.0;8.0;10.0;10.0;73.66666666666667;925.6;9.333333333333334;2.3333333333333335;4
83075;1988-08-27;0;28.6;14.5;4.1;1988;8;27;-23.43;-46.46;735;87.0;83.0;49.0;927.1;930.4;924.7;5;4;8;3.0;2.0;0.0;10.0;10.0;10.0;73.0;927.4;10.0;1.6666666666666667;5
83075;1988-08-28;0;29.6;14.6;6.8;1988;8;28;-23.43;-46.46;735;89.0;90.0;33.0;930.6;933.9;927.8;8;3;8;0.0;3.0;0.0;10.0;10.0;0.0;70.66666666666667;930.7666666666668;6.666666666666667;1.0;3
83075;1988-08-29;0;30.2;14.1;5.6;1988;8;29;-23.43;-46.46;735;78.0;87.0;27.0;930.7;931.1;923.6;8;8;3;0.0;0.0;1.0;10.0;10.0;10.0;64.0;928.4666666666667;10.0;0.3333333333333333;3
83075;1988-08-30;0;30.6;14.1;9;1988;8;30;-23.43;-46.46;735;62.0;42.0;28.0;925.2;927.5;921.0;8;8;7;0.0;0.0;1.0;10.0;2.0;10.0;44.0;924.5666666666666;7.333333333333333;0.3333333333333333;7
83075;1988-08-31;0;30.4;13.7;0.1;1988;8;31;-23.43;-46.46;735;53.0;59.0;28.0;923.7;927.2;921.0;8;8;6;0.0;0.0;2.0;0.0;10.0;0.0;46.666666666666664;923.9666666666667;3.3333333333333335;0.6666666666666666;6
83075;1988-09-02;19.9;25.6;18.7;0.1;1988;9;2;-23.43;-46.46;735;93.0;82.0;76.0;925.1;924.3;921.8;4;8;8;1.0;0.0;0.0;10.0;10.0;10.0;83.66666666666667;923.7333333333332;10.0;0.3333333333333333;4
83075;1988-09-03;3.5;24.6;18.7;1.2;1988;9;3;-23.43;-46.46;735;93.0;93.0;71.0;926.5;927.7;923.5;8;3;3;0.0;1.0;3.0;10.0;10.0;10.0;85.66666666666667;925.9;10.0;1.3333333333333333;3
83075;1988-09-04;0;19.6;13.3;0.3;1988;9;4;-23.43;-46.46;735;87.0;87.0;68.0;929.3;934.2;930.7;4;6;2;3.0;1.0;1.0;10.0;10.0;10.0;80.66666666666667;931.4;10.0;1.6666666666666667;4
83075;1988-09-05;8.8;20.6;14.7;3.6;1988;9;5;-23.43;-46.46;735;95.0;79.0;59.0;927.7;929.5;926.6;8;4;4;0.0;3.0;1.0;10.0;10.0;8.0;77.66666666666667;927.9333333333334;9.333333333333334;1.3333333333333333;4
83075;1988-09-06;0;28;14.1;8.4;1988;9;6;-23.43;-46.46;735;88.0;78.0;53.0;933.1;935.2;930.0;8;8;7;0.0;0.0;3.0;9.0;0.0;5.0;73.0;932.7666666666668;4.666666666666667;1.0;7
83075;1988-09-07;0;16.2;11.5;0;1988;9;7;-23.43;-46.46;735;88.0;90.0;83.0;934.3;934.5;933.3;8;2;4;0.0;2.0;2.0;10.0;10.0;10.0;87.0;934.0333333333333;10.0;1.3333333333333333;2
83075;1988-09-08;0;28.2;14.3;7.3;1988;9;8;-23.43;-46.46;735;68.0;47.0;38.0;927.8;925.6;921.4;8;4;5;0.0;4.0;4.0;10.0;5.0;10.0;51.0;924.9333333333334;8.333333333333334;2.6666666666666665;4
83075;1988-09-10;0;28.6;13.1;1.9;1988;9;10;-23.43;-46.46;735;80.0;79.0;38.0;929.1;931.0;925.6;4;8;4;1.0;0.0;2.0;0.0;10.0;10.0;65.66666666666667;928.5666666666666;6.666666666666667;1.0;4
83075;1988-09-12;0;29.4;14.9;7.2;1988;9;12;-23.43;-46.46;735;79.0;72.0;70.0;924.0;925.1;921.7;8;8;4;0.0;0.0;4.0;4.0;5.0;10.0;73.66666666666667;923.6;6.333333333333333;1.3333333333333333;4
83075;1988-09-13;0;34.2;18.3;7;1988;9;13;-23.43;-46.46;735;46.0;43.0;36.0;921.3;922.0;914.6;8;8;7;0.0;0.0;5.0;10.0;2.0;8.0;41.666666666666664;919.3000000000001;6.666666666666667;1.6666666666666667;7
83075;1988-09-14;0;26;14.7;0;1988;9;14;-23.43;-46.46;735;54.0;79.0;75.0;916.4;925.1;924.2;8;3;5;0.0;2.0;4.0;8.0;10.0;10.0;69.33333333333333;921.9;9.333333333333334;2.0;3
83075;1988-09-15;11.4;15.2;12.3;0;1988;9;15;-23.43;-46.46;735;83.0;87.0;78.0;929.2;932.8;931.4;4;4;2;3.0;3.0;4.0;10.0;10.0;10.0;82.66666666666667;931.1333333333333;10.0;3.3333333333333335;4
83075;1988-09-16;5.9;15.6;11.4;0;1988;9;16;-23.43;-46.46;735;89.0;93.0;92.0;934.4;936.0;933.7;3;7;3;3.0;2.0;1.0;10.0;10.0;10.0;91.33333333333333;934.7000000000002;10.0;2.0;3
83075;1988-09-17;3.7;14.8;12.3;0;1988;9;17;-23.43;-46.46;735;89.0;80.0;78.0;934.1;932.8;930.7;4;3;4;3.0;3.0;4.0;8.0;10.0;10.0;82.33333333333333;932.5333333333334;9.333333333333334;3.3333333333333335;4
83075;1988-09-18;5.4;18.4;12.1;0;1988;9;18;-23.43;-46.46;735;91.0;90.0;81.0;933.1;932.6;930.9;3;3;4;1.0;2.0;3.0;10.0;10.0;9.0;87.33333333333333;932.1999999999999;9.666666666666666;2.0;3
83075;1988-09-19;0;23.4;14.2;1.2;1988;9;19;-23.43;-46.46;735;89.0;79.0;71.0;932.4;934.9;931.5;4;2;4;1.0;2.0;3.0;8.0;10.0;9.0;79.66666666666667;932.9333333333334;9.0;2.0;4
83075;1988-09-20;0;27;15.4;6.2;1988;9;20;-23.43;-46.46;735;86.0;75.0;71.0;934.3;934.1;931.1;3;3;3;3.0;2.0;3.0;10.0;5.0;10.0;77.33333333333333;933.1666666666666;8.333333333333334;2.6666666666666665;3
83075;1988-09-21;0;26.8;15.3;2.1;1988;9;21;-23.43;-46.46;735;85.0;76.0;85.0;933.5;932.7;930.7;8;3;4;0.0;2.0;5.0;10.0;5.0;10.0;82.0;932.3000000000001;8.333333333333334;2.3333333333333335;3
83075;1988-09-22;0;31.6;15.3;2.4;1988;9;22;-23.43;-46.46;735;84.0;73.0;35.0;930.8;929.1;924.3;8;8;5;0.0;0.0;2.0;10.0;10.0;10.0;64.0;928.0666666666666;10.0;0.6666666666666666;5
83075;1988-09-23;0;34.2;15.9;8.7;1988;9;23;-23.43;-46.46;735;84.0;71.0;32.0;929.4;929.8;923.3;8;8;6;0.0;0.0;2.0;10.0;0.0;9.0;62.333333333333336;927.5;6.333333333333333;0.6666666666666666;6
83075;1988-09-24;0;34.8;20.3;3;1988;9;24;-23.43;-46.46;735;56.0;57.0;30.0;925.6;926.9;924.4;3;8;0;2.0;0.0;2.0;6.0;10.0;10.0;47.666666666666664;925.6333333333333;8.666666666666666;1.3333333333333333;3
83075;1988-09-25;0;34.8;19.9;1.9;1988;9;25;-23.43;-46.46;735;65.0;77.0;32.0;926.9;928.6;923.1;8;8;4;0.0;0.0;2.0;10.0;10.0;8.0;58.0;926.1999999999999;9.333333333333334;0.6666666666666666;4
83075;1988-09-26;0;35.2;18.3;9.2;1988;9;26;-23.43;-46.46;735;69.0;70.0;26.0;925.7;928.1;919.4;8;4;8;0.0;3.0;0.0;10.0;10.0;10.0;55.0;924.4000000000001;10.0;1.0;4
83075;1988-09-28;0;20;14.3;0;1988;9;28;-23.43;-46.46;735;82.0;99.0;78.0;924.0;927.2;927.6;4;4;4;3.0;5.0;8.0;10.0;10.0;10.0;86.33333333333333;926.2666666666668;10.0;5.333333333333333;4
83075;1988-09-29;0.3;17.8;13;0;1988;9;29;-23.43;-46.46;735;86.0;70.0;76.0;931.7;931.0;930.0;4;4;4;3.0;3.0;2.0;10.0;10.0;10.0;77.33333333333333;930.9;10.0;2.6666666666666665;4
83075;1988-09-30;0;22.2;13.5;1.5;1988;9;30;-23.43;-46.46;735;83.0;79.0;63.0;932.0;931.2;927.4;4;3;3;3.0;3.0;2.0;10.0;10.0;8.0;75.0;930.1999999999999;9.333333333333334;2.6666666666666665;4
83075;1988-10-01;37;26.6;17.5;5.8;1988;10;1;-23.43;-46.46;735;90.0;78.0;60.0;924.1;924.3;921.8;4;8;4;1.0;0.0;3.0;9.0;8.0;8.0;76.0;923.4;8.333333333333334;1.3333333333333333;4
83075;1988-10-02;2.1;24;19.3;0;1988;10;2;-23.43;-46.46;735;88.0;93.0;82.0;923.8;923.1;920.8;5;8;8;1.0;0.0;1.0;10.0;10.0;10.0;87.66666666666667;922.5666666666666;10.0;0.6666666666666666;5
83075;1988-10-03;0;28.8;16.8;6.8;1988;10;3;-23.43;-46.46;735;84.0;77.0;62.0;926.7;927.1;925.5;3;7;8;4.0;1.0;0.0;10.0;6.0;6.0;74.33333333333333;926.4333333333334;7.333333333333333;1.6666666666666667;3
83075;1988-10-04;0;26;14.3;7.8;1988;10;4;-23.43;-46.46;735;79.0;79.0;57.0;932.4;931.6;925.7;2;2;4;5.0;5.0;1.0;10.0;8.0;4.0;71.66666666666667;929.9;7.333333333333333;3.6666666666666665;2
83075;1988-10-05;0;22.8;11.5;3.6;1988;10;5;-23.43;-46.46;735;87.0;85.0;55.0;930.0;930.5;925.5;8;8;7;0.0;0.0;2.0;5.0;10.0;5.0;75.66666666666667;928.6666666666666;6.666666666666667;0.6666666666666666;7
83075;1988-10-06;0;21;15.5;0;1988;10;6;-23.43;-46.46;735;79.0;88.0;81.0;933.4;936.2;934.1;8;8;4;0.0;0.0;2.0;10.0;10.0;10.0;82.66666666666667;934.5666666666666;10.0;0.6666666666666666;4
83075;1988-10-07;0;15;12.3;0;1988;10;7;-23.43;-46.46;735;86.0;87.0;85.0;934.7;934.5;934.1;8;8;3;0.0;0.0;2.0;10.0;10.0;10.0;86.0;934.4333333333334;10.0;0.6666666666666666;3
83075;1988-10-08;0;15.2;9.9;0.7;1988;10;8;-23.43;-46.46;735;71.0;71.0;74.0;928.7;934.5;933.1;4;4;4;1.0;5.0;5.0;5.0;9.0;10.0;72.0;932.1;8.0;3.6666666666666665;4
83075;1988-10-09;0;32.4;15.5;9.2;1988;10;9;-23.43;-46.46;735;59.0;50.0;19.0;926.0;927.5;919.4;8;8;7;0.0;0.0;6.0;10.0;0.0;0.0;42.666666666666664;924.3000000000001;3.3333333333333335;2.0;7
83075;1988-10-10;0;20.6;15.3;0;1988;10;10;-23.43;-46.46;735;76.0;68.0;61.0;930.9;933.4;931.5;4;4;3;3.0;3.0;3.0;10.0;10.0;10.0;68.33333333333333;931.9333333333334;10.0;3.0;4
83075;1988-10-11;0;29.4;17.5;7.4;1988;10;11;-23.43;-46.46;735;61.0;70.0;65.0;925.2;929.7;927.0;8;8;4;0.0;0.0;4.0;8.0;10.0;9.0;65.33333333333333;927.3000000000001;9.0;1.3333333333333333;4
83075;1988-10-12;0;26;16.7;0.5;1988;10;12;-23.43;-46.46;735;76.0;76.0;64.0;925.2;921.2;923.1;5;4;4;1.0;1.0;1.0;9.0;10.0;10.0;72.0;923.1666666666666;9.666666666666666;1.0;5
83075;1988-10-13;7.4;21.6;13.5;6.6;1988;10;13;-23.43;-46.46;735;90.0;75.0;61.0;927.1;925.6;922.5;8;8;4;0.0;0.0;4.0;10.0;8.0;8.0;75.33333333333333;925.0666666666666;8.666666666666666;1.3333333333333333;4
83075;1988-10-14;3.5;25.6;11.3;8.6;1988;10;14;-23.43;-46.46;735;90.0;68.0;63.0;925.0;923.2;920.0;2;8;4;1.0;0.0;4.0;8.0;0.0;10.0;73.66666666666667;922.7333333333332;6.0;1.6666666666666667;2
83075;1988-10-15;0;28.2;11.3;9.1;1988;10;15;-23.43;-46.46;735;83.0;80.0;28.0;923.4;924.8;918.4;8;8;6;0.0;0.0;6.0;10.0;10.0;10.0;63.666666666666664;922.1999999999999;10.0;2.0;6
83075;1988-10-16;0;19.6;13.3;3.9;1988;10;16;-23.43;-46.46;735;58.0;68.0;73.0;923.7;929.5;926.8;8;3;5;0.0;2.0;7.0;0.0;9.0;9.0;66.33333333333333;926.6666666666666;6.0;3.0;3
83075;1988-10-17;19;20.8;14.1;0.9;1988;10;17;-23.43;-46.46;735;81.0;95.0;73.0;931.2;932.3;928.3;5;4;2;3.0;4.0;1.0;10.0;10.0;9.0;83.0;930.6;9.666666666666666;2.6666666666666665;5
83075;1988-10-18;8.8;25.2;14.3;4;1988;10;18;-23.43;-46.46;735;85.0;76.0;75.0;931.6;930.9;926.0;3;5;4;3.0;1.0;4.0;10.0;10.0;10.0;78.66666666666667;929.5;10.0;2.6666666666666665;3
83075;1988-10-19;0;29.6;16.3;5.7;1988;10;19;-23.43;-46.46;735;87.0;72.0;70.0;928.3;926.0;920.3;3;8;5;3.0;0.0;2.0;10.0;9.0;10.0;76.33333333333333;924.8666666666667;9.666666666666666;1.6666666666666667;3
83075;1988-10-20;45.4;25.2;16.1;3.4;1988;10;20;-23.43;-46.46;735;93.0;63.0;67.0;924.9;923.3;923.5;8;7;7;0.0;5.0;2.0;8.0;8.0;10.0;74.33333333333333;923.9;8.666666666666666;2.3333333333333335;7
83075;1988-10-21;0.1;20.6;15.3;0.2;1988;10;21;-23.43;-46.46;735;94.0;73.0;80.0;928.3;930.5;928.2;4;4;4;2.0;2.0;3.0;10.0;10.0;10.0;82.33333333333333;929.0;10.0;2.3333333333333335;4
83075;1988-10-22;0;25;15.5;2.4;1988;10;22;-23.43;-46.46;735;88.0;75.0;64.0;930.2;928.3;923.9;8;2;8;0.0;1.0;0.0;0.0;10.0;10.0;75.66666666666667;927.4666666666667;6.666666666666667;0.3333333333333333;2
83075;1988-10-23;1;21.6;17.6;0.6;1988;10;23;-23.43;-46.46;735;84.0;82.0;70.0;924.3;924.1;922.4;2;0;7;3.0;1.0;5.0;8.0;10.0;9.0;78.66666666666667;923.6;9.0;3.0;2
83075;1988-10-24;0;24.4;14.9;8.3;1988;10;24;-23.43;-46.46;735;86.0;58.0;60.0;924.8;925.4;921.1;8;3;3;0.0;1.0;2.0;0.0;1.0;10.0;68.0;923.7666666666665;3.6666666666666665;1.0;3
83075;1988-10-25;0;22.2;15.7;3.1;1988;10;25;-23.43;-46.46;735;84.0;69.0;80.0;925.1;920.9;920.1;5;8;5;3.0;0.0;4.0;10.0;8.0;10.0;77.66666666666667;922.0333333333333;9.333333333333334;2.3333333333333335;5
83075;1988-10-26;49.2;24.6;15.3;0;1988;10;26;-23.43;-46.46;735;92.0;75.0;84.0;922.1;925.0;926.2;8;8;5;0.0;0.0;4.0;10.0;10.0;10.0;83.66666666666667;924.4333333333334;10.0;1.3333333333333333;5
83075;1988-10-27;2.3;15.6;10.9;0;1988;10;27;-23.43;-46.46;735;90.0;89.0;87.0;931.3;933.0;930.8;8;8;4;0.0;0.0;2.0;10.0;10.0;10.0;88.66666666666667;931.6999999999999;10.0;0.6666666666666666;4
83075;1988-10-28;17.6;19.6;11.5;0;1988;10;28;-23.43;-46.46;735;91.0;76.0;71.0;932.3;931.3;928.0;8;4;3;0.0;4.0;3.0;10.0;10.0;10.0;79.33333333333333;930.5333333333333;10.0;2.3333333333333335;4
83075;1988-10-29;0;27.6;13.9;4.7;1988;10;29;-23.43;-46.46;735;87.0;88.0;60.0;929.5;929.7;925.2;8;3;8;0.0;1.0;0.0;4.0;10.0;8.0;78.33333333333333;928.1333333333333;7.333333333333333;0.3333333333333333;3
83075;1988-10-30;0;27.2;16.3;0.9;1988;10;30;-23.43;-46.46;735;86.0;84.0;65.0;929.3;929.1;924.5;8;8;7;0.0;0.0;1.0;9.0;9.0;10.0;78.33333333333333;927.6333333333333;9.333333333333334;0.3333333333333333;7
83075;1988-10-31;0.8;29.6;19.5;8.8;1988;10;31;-23.43;-46.46;735;83.0;62.0;52.0;925.9;924.4;919.9;8;7;7;0.0;1.0;3.0;10.0;5.0;6.0;65.66666666666667;923.4;7.0;1.3333333333333333;7
83075;1988-11-01;0;28.6;17.5;10.1;1988;11;1;-23.43;-46.46;735;86.0;69.0;55.0;923.2;923.6;920.0;8;6;7;0.0;1.0;1.0;5.0;2.0;9.0;70.0;922.2666666666668;5.333333333333333;0.6666666666666666;6
83075;1988-11-02;14.2;22;17.9;0;1988;11;2;-23.43;-46.46;735;100.0;88.0;88.0;923.1;924.6;923.9;4;8;5;2.0;0.0;3.0;10.0;10.0;10.0;92.0;923.8666666666667;10.0;1.6666666666666667;4
83075;1988-11-03;0;28.2;18.3;8.3;1988;11;3;-23.43;-46.46;735;82.0;74.0;65.0;927.8;928.9;925.6;4;2;4;1.0;2.0;3.0;4.0;8.0;8.0;73.66666666666667;927.4333333333333;6.666666666666667;2.0;4
83075;1988-11-04;0;28.8;15.5;4.6;1988;11;4;-23.43;-46.46;735;87.0;89.0;61.0;928.0;928.9;923.3;3;8;7;1.0;0.0;1.0;0.0;10.0;9.0;79.0;926.7333333333332;6.333333333333333;0.6666666666666666;3
83075;1988-11-05;0;25;11.9;8.1;1988;11;5;-23.43;-46.46;735;89.0;88.0;55.0;929.8;930.0;925.1;8;3;5;0.0;1.0;4.0;5.0;10.0;5.0;77.33333333333333;928.3000000000001;6.666666666666667;1.6666666666666667;3
83075;1988-11-06;0;20;14.3;0;1988;11;6;-23.43;-46.46;735;89.0;87.0;80.0;936.5;935.6;932.1;3;4;5;2.0;1.0;3.0;10.0;10.0;10.0;85.33333333333333;934.7333333333332;10.0;2.0;3
83075;1988-11-07;0;14.8;10.9;0;1988;11;7;-23.43;-46.46;735;89.0;86.0;80.0;935.7;935.6;935.5;8;8;4;0.0;0.0;1.0;10.0;10.0;10.0;85.0;935.6;10.0;0.3333333333333333;4
83075;1988-11-08;0.1;15.6;9.3;0.8;1988;11;8;-23.43;-46.46;735;83.0;78.0;70.0;935.2;935.1;932.8;4;3;4;4.0;4.0;6.0;10.0;9.0;9.0;77.0;934.3666666666668;9.333333333333334;4.666666666666667;4
83075;1988-11-09;0;33.6;15.5;9.4;1988;11;9;-23.43;-46.46;735;43.0;39.0;19.0;922.8;927.5;919.7;8;8;0;0.0;0.0;4.0;0.0;0.0;0.0;33.666666666666664;923.3333333333334;0.0;1.3333333333333333;0
83075;1988-11-10;0;22.2;13.9;2.8;1988;11;10;-23.43;-46.46;735;80.0;65.0;64.0;934.1;933.5;929.2;3;3;4;4.0;1.0;3.0;10.0;4.0;10.0;69.66666666666667;932.2666666666668;8.0;2.6666666666666665;3
83075;1988-11-11;0;24.6;17.9;0.1;1988;11;11;-23.43;-46.46;735;85.0;81.0;73.0;930.6;930.4;926.5;5;4;3;1.0;2.0;2.0;10.0;10.0;10.0;79.66666666666667;929.1666666666666;10.0;1.6666666666666667;5
83075;1988-11-12;0;29;18.7;4.4;1988;11;12;-23.43;-46.46;735;83.0;66.0;65.0;926.5;927.4;924.6;4;3;4;3.0;1.0;2.0;10.0;6.0;10.0;71.33333333333333;926.1666666666666;8.666666666666666;2.0;4
83075;1988-11-13;12.9;28.8;17.3;0.3;1988;11;13;-23.43;-46.46;735;73.0;85.0;50.0;926.3;928.1;923.4;5;8;8;3.0;0.0;0.0;8.0;10.0;10.0;69.33333333333333;925.9333333333334;9.333333333333334;1.0;5
83075;1988-11-15;2.4;24.4;18.5;4.1;1988;11;15;-23.43;-46.46;735;84.0;75.0;71.0;927.9;931.0;930.1;8;4;4;0.0;2.0;6.0;10.0;9.0;10.0;76.66666666666667;929.6666666666666;9.666666666666666;2.6666666666666665;4
83075;1988-11-16;0;25.2;16.3;4.7;1988;11;16;-23.43;-46.46;735;83.0;65.0;66.0;932.6;932.3;930.1;4;1;4;2.0;2.0;4.0;10.0;9.0;9.0;71.33333333333333;931.6666666666666;9.333333333333334;2.6666666666666665;4
83075;1988-11-17;0;26.8;15.7;5.7;1988;11;17;-23.43;-46.46;735;80.0;70.0;61.0;932.0;930.6;926.2;3;8;4;3.0;0.0;4.0;9.0;10.0;9.0;70.33333333333333;929.6;9.333333333333334;2.3333333333333335;3
83075;1988-11-18;0;30.6;14.7;7.1;1988;11;18;-23.43;-46.46;735;75.0;79.0;42.0;931.1;929.4;921.7;8;8;0;0.0;0.0;3.0;10.0;10.0;5.0;65.33333333333333;927.4;8.333333333333334;1.0;0
83075;1988-11-19;0;31.2;17.3;7.7;1988;11;19;-23.43;-46.46;735;82.0;62.0;39.0;925.5;924.5;918.8;8;8;7;0.0;0.0;2.0;10.0;4.0;8.0;61.0;922.9333333333334;7.333333333333333;0.6666666666666666;7
83075;1988-11-20;7.7;27.8;18.5;2.9;1988;11;20;-23.43;-46.46;735;78.0;78.0;58.0;923.6;925.3;921.5;8;8;0;0.0;0.0;4.0;10.0;10.0;6.0;71.33333333333333;923.4666666666667;8.666666666666666;1.3333333333333333;0
83075;1988-11-21;0;27.4;19.5;5.3;1988;11;21;-23.43;-46.46;735;78.0;66.0;62.0;924.2;924.5;923.7;8;8;6;0.0;0.0;4.0;10.0;6.0;10.0;68.66666666666667;924.1333333333333;8.666666666666666;1.3333333333333333;6
83075;1988-11-22;6.7;29.8;17.5;6.2;1988;11;22;-23.43;-46.46;735;85.0;68.0;58.0;923.3;923.0;919.4;8;7;4;0.0;4.0;3.0;10.0;9.0;6.0;70.33333333333333;921.9;8.333333333333334;2.3333333333333335;7
83075;1988-11-23;0;23.4;16.5;2;1988;11;23;-23.43;-46.46;735;84.0;64.0;74.0;923.5;927.4;926.9;7;3;5;2.0;1.0;4.0;9.0;10.0;10.0;74.0;925.9333333333334;9.666666666666666;2.3333333333333335;7
83075;1988-11-24;0;24.6;14.8;10.8;1988;11;24;-23.43;-46.46;735;85.0;63.0;59.0;929.6;930.9;927.9;4;4;4;1.0;1.0;4.0;10.0;6.0;5.0;69.0;929.4666666666667;7.0;2.0;4
83075;1988-11-25;0;25.6;14.9;6.2;1988;11;25;-23.43;-46.46;735;75.0;68.0;55.0;930.9;931.4;926.9;8;3;4;0.0;2.0;4.0;6.0;9.0;4.0;66.0;929.7333333333332;6.333333333333333;2.0;3
83075;1988-11-26;0;30.4;15.5;7.6;1988;11;26;-23.43;-46.46;735;81.0;69.0;39.0;929.5;926.6;921.1;3;8;0;3.0;0.0;3.0;10.0;10.0;9.0;63.0;925.7333333333332;9.666666666666666;2.0;3
83075;1988-11-27;12.1;25.6;15.9;0.7;1988;11;27;-23.43;-46.46;735;77.0;75.0;83.0;922.3;922.2;922.7;8;1;4;0.0;3.0;9.0;10.0;10.0;10.0;78.33333333333333;922.4;10.0;4.0;1
83075;1988-11-28;0.7;20.8;13.9;1.3;1988;11;28;-23.43;-46.46;735;77.0;72.0;61.0;927.2;927.0;925.4;5;8;4;1.0;0.0;5.0;8.0;10.0;9.0;70.0;926.5333333333333;9.0;2.0;5
83075;1988-11-29;0;24;11.1;11;1988;11;29;-23.43;-46.46;735;77.0;51.0;54.0;927.6;928.8;926.1;3;3;4;3.0;4.0;4.0;8.0;1.0;6.0;60.666666666666664;927.5;5.0;3.6666666666666665;3
83075;1988-11-30;0;25.8;14.1;7.3;1988;11;30;-23.43;-46.46;735;80.0;64.0;53.0;929.5;928.9;924.8;8;8;5;0.0;0.0;4.0;10.0;9.0;8.0;65.66666666666667;927.7333333333332;9.0;1.3333333333333333;5
83075;1988-12-01;0.5;30.6;18.5;7.2;1988;12;1;-23.43;-46.46;735;87.0;66.0;51.0;924.8;924.4;920.1;8;0;7;0.0;1.0;5.0;5.0;5.0;8.0;68.0;923.0999999999999;6.0;2.0;0
83075;1988-12-02;1.7;21.8;15.1;0.1;1988;12;2;-23.43;-46.46;735;93.0;88.0;73.0;926.8;928.1;926.1;5;8;5;1.0;0.0;4.0;10.0;10.0;10.0;84.66666666666667;927.0;10.0;1.6666666666666667;5
83075;1988-12-03;0;26.6;16.1;6.4;1988;12;3;-23.43;-46.46;735;84.0;77.0;59.0;929.2;931.5;925.9;4;3;4;3.0;2.0;3.0;6.0;10.0;8.0;73.33333333333333;928.8666666666667;8.0;2.6666666666666665;4
83075;1988-12-04;10.9;28.6;16.3;6.6;1988;12;4;-23.43;-46.46;735;87.0;85.0;53.0;926.3;926.4;921.4;8;3;2;0.0;2.0;1.0;10.0;1.0;8.0;75.0;924.6999999999999;6.333333333333333;1.0;3
83075;1988-12-06;0;24.6;15.1;7.9;1988;12;6;-23.43;-46.46;735;88.0;80.0;60.0;933.5;932.9;927.7;4;3;8;1.0;3.0;0.0;10.0;8.0;5.0;76.0;931.3666666666668;7.666666666666667;1.3333333333333333;4
83075;1988-12-07;0;11.2;6.3;0;1988;12;7;-23.43;-46.46;735;80.0;79.0;83.0;938.6;940.5;940.4;4;4;4;1.0;5.0;2.0;10.0;10.0;10.0;80.66666666666667;939.8333333333334;10.0;2.6666666666666665;4
83075;1988-12-08;0;20.6;10.5;4;1988;12;8;-23.43;-46.46;735;80.0;76.0;54.0;935.9;935.6;930.8;3;3;2;6.0;2.0;1.0;10.0;9.0;5.0;70.0;934.1;8.0;3.0;3
83075;1988-12-09;5.6;33.6;16.3;8.5;1988;12;9;-23.43;-46.46;735;46.0;49.0;24.0;923.4;926.0;918.2;8;8;0;0.0;0.0;3.0;0.0;0.0;10.0;39.666666666666664;922.5333333333334;3.3333333333333335;1.0;0
83075;1988-12-10;3.5;19.4;14.7;1.1;1988;12;10;-23.43;-46.46;735;81.0;92.0;80.0;930.4;929.2;926.7;4;8;3;3.0;0.0;2.0;10.0;10.0;10.0;84.33333333333333;928.7666666666668;10.0;1.6666666666666667;4
83075;1988-12-11;0;33.8;18.1;8.9;1988;12;11;-23.43;-46.46;735;86.0;68.0;57.0;929.1;925.9;919.6;3;4;7;2.0;2.0;6.0;4.0;10.0;6.0;70.33333333333333;924.8666666666667;6.666666666666667;3.3333333333333335;3
83075;1988-12-13;0;32.4;18.9;7.6;1988;12;13;-23.43;-46.46;735;71.0;65.0;66.0;922.0;922.2;919.3;8;0;7;0.0;2.0;4.0;6.0;6.0;10.0;67.33333333333333;921.1666666666666;7.333333333333333;2.0;0
83075;1988-12-14;0;29;20.9;2.9;1988;12;14;-23.43;-46.46;735;73.0;79.0;62.0;921.9;923.4;918.9;8;5;7;0.0;2.0;4.0;10.0;9.0;10.0;71.33333333333333;921.4;9.666666666666666;2.0;5
83075;1988-12-15;4.2;30;19.9;5;1988;12;15;-23.43;-46.46;735;90.0;81.0;52.0;924.4;924.1;919.2;3;8;4;1.0;0.0;4.0;10.0;10.0;6.0;74.33333333333333;922.5666666666666;8.666666666666666;1.6666666666666667;3
83075;1988-12-16;0;29.2;18.3;9.6;1988;12;16;-23.43;-46.46;735;80.0;74.0;52.0;923.7;924.7;920.1;4;8;4;3.0;0.0;6.0;8.0;5.0;8.0;68.66666666666667;922.8333333333334;7.0;3.0;4
83075;1988-12-17;0;32.8;20.7;8.2;1988;12;17;-23.43;-46.46;735;81.0;67.0;34.0;923.8;923.1;917.6;3;8;8;3.0;0.0;0.0;8.0;4.0;8.0;60.666666666666664;921.5;6.666666666666667;1.0;3
83075;1988-12-18;0.6;31.6;19.7;8.2;1988;12;18;-23.43;-46.46;735;78.0;53.0;44.0;922.6;924.2;919.6;3;8;8;2.0;0.0;0.0;8.0;10.0;9.0;58.333333333333336;922.1333333333333;9.0;0.6666666666666666;3
83075;1988-12-19;0;32;21.9;7.6;1988;12;19;-23.43;-46.46;735;68.0;55.0;70.0;924.4;923.5;920.7;8;6;6;0.0;4.0;1.0;10.0;8.0;8.0;64.33333333333333;922.8666666666668;8.666666666666666;1.6666666666666667;6
83075;1988-12-21;95.3;22.2;19.2;0;1988;12;21;-23.43;-46.46;735;92.0;91.0;84.0;925.8;927.5;925.3;8;8;4;0.0;0.0;4.0;10.0;10.0;10.0;89.0;926.1999999999999;10.0;1.3333333333333333;4
83075;1988-12-22;1.9;25.7;17.7;2.5;1988;12;22;-23.43;-46.46;735;90.0;88.0;66.0;927.3;927.9;924.8;4;4;4;2.0;1.0;4.0;10.0;10.0;8.0;81.33333333333333;926.6666666666666;9.333333333333334;2.3333333333333335;4
83075;1988-12-23;0;29.2;17.9;6.1;1988;12;23;-23.43;-46.46;735;88.0;68.0;81.0;926.0;923.9;922.1;8;7;4;0.0;2.0;4.0;10.0;4.0;10.0;79.0;924.0;8.0;2.0;7
83075;1988-12-24;16.8;22.8;17.9;0;1988;12;24;-23.43;-46.46;735;90.0;88.0;78.0;924.3;923.9;923.5;8;6;8;0.0;1.0;0.0;10.0;10.0;10.0;85.33333333333333;923.9;10.0;0.3333333333333333;6
83075;1988-12-26;18.3;25.4;18.5;0.3;1988;12;26;-23.43;-46.46;735;90.0;97.0;88.0;926.5;927.2;927.3;8;8;0;0.0;0.0;3.0;9.0;10.0;10.0;91.66666666666667;927.0;9.666666666666666;1.0;0
83075;1988-12-27;13.4;29.8;18.5;3.4;1988;12;27;-23.43;-46.46;735;88.0;73.0;55.0;927.3;927.2;923.1;8;7;8;0.0;2.0;0.0;10.0;10.0;8.0;72.0;925.8666666666667;9.333333333333334;0.6666666666666666;7
83075;1988-12-28;3.6;30;19.7;4;1988;12;28;-23.43;-46.46;735;77.0;70.0;56.0;923.1;925.9;922.4;8;6;3;0.0;1.0;2.0;10.0;9.0;10.0;67.66666666666667;923.8000000000001;9.666666666666666;1.0;6
83075;1988-12-29;6;30;20.7;3.7;1988;12;29;-23.43;-46.46;735;84.0;71.0;61.0;925.1;926.6;923.8;7;8;4;3.0;0.0;3.0;9.0;9.0;10.0;72.0;925.1666666666666;9.333333333333334;2.0;7
83075;1988-12-30;8.8;22.6;18.3;0;1988;12;30;-23.43;-46.46;735;90.0;83.0;76.0;927.7;927.0;926.2;5;8;4;1.0;0.0;3.0;10.0;10.0;10.0;83.0;926.9666666666667;10.0;1.3333333333333333;5
83075;1988-12-31;0;24.8;18.9;0;1988;12;31;-23.43;-46.46;735;86.0;86.0;71.0;929.2;929.2;926.0;5;8;3;2.0;0.0;3.0;9.0;10.0;10.0;81.0;928.1333333333333;9.666666666666666;1.6666666666666667;5
83075;1989-01-01;0.7;25.4;18.8;0.6;1989;1;1;-23.43;-46.46;735;87.0;78.0;86.0;927.8;928.4;926.2;8;7;8;0.0;1.0;0.0;10.0;10.0;10.0;83.66666666666667;927.4666666666666;10.0;0.3333333333333333;7
83075;1989-01-03;3.2;27.8;19.3;3;1989;1;3;-23.43;-46.46;735;86.0;76.0;77.0;930.8;928.1;925.0;8;3;3;0.0;3.0;3.0;10.0;9.0;10.0;79.66666666666667;927.9666666666667;9.666666666666666;2.0;3
83075;1989-01-04;2.2;30.2;20.3;8.1;1989;1;4;-23.43;-46.46;735;88.0;69.0;51.0;929.5;928.7;922.4;4;8;0;1.0;0.0;4.0;10.0;4.0;8.0;69.33333333333333;926.8666666666667;7.333333333333333;1.6666666666666667;4
83075;1989-01-05;0;27.8;18.5;2.5;1989;1;5;-23.43;-46.46;735;87.0;78.0;88.0;928.5;929.2;926.4;4;8;6;1.0;0.0;3.0;10.0;9.0;10.0;84.33333333333333;928.0333333333333;9.666666666666666;1.3333333333333333;4
83075;1989-01-06;0;22.8;14.1;7.1;1989;1;6;-23.43;-46.46;735;80.0;78.0;57.0;935.1;936.4;932.1;8;4;4;0.0;2.0;1.0;10.0;9.0;9.0;71.66666666666667;934.5333333333333;9.333333333333334;1.0;4
83075;1989-01-08;0;19.6;9.1;7.3;1989;1;8;-23.43;-46.46;735;84.0;94.0;45.0;935.6;937.6;934.4;4;8;3;1.0;0.0;3.0;10.0;10.0;9.0;74.33333333333333;935.8666666666667;9.666666666666666;1.3333333333333333;4
83075;1989-01-09;0.2;23;15.5;0.1;1989;1;9;-23.43;-46.46;735;61.0;75.0;90.0;926.1;928.1;928.1;8;6;4;0.0;3.0;2.0;4.0;9.0;10.0;75.33333333333333;927.4333333333334;7.666666666666667;1.6666666666666667;6
83075;1989-01-10;0;22;12.5;4.2;1989;1;10;-23.43;-46.46;735;81.0;70.0;56.0;937.3;937.1;933.7;4;3;3;3.0;3.0;3.0;10.0;9.0;9.0;69.0;936.0333333333334;9.333333333333334;3.0;4
83075;1989-01-11;0;19.4;11.9;7;1989;1;11;-23.43;-46.46;735;86.0;68.0;58.0;933.1;935.0;932.2;3;3;5;4.0;4.0;5.0;10.0;9.0;8.0;70.66666666666667;933.4333333333334;9.0;4.333333333333333;3
83075;1989-01-12;0;24.4;16.9;4.5;1989;1;12;-23.43;-46.46;735;81.0;72.0;56.0;930.1;930.8;929.0;4;4;4;1.0;2.0;2.0;10.0;10.0;8.0;69.66666666666667;929.9666666666667;9.333333333333334;1.6666666666666667;4
83075;1989-01-13;0;25;18.7;0.9;1989;1;13;-23.43;-46.46;735;91.0;79.0;79.0;927.8;928.1;926.3;3;8;4;1.0;0.0;1.0;10.0;8.0;10.0;83.0;927.4;9.333333333333334;0.6666666666666666;3
83075;1989-01-14;22.2;26.8;18.5;2.2;1989;1;14;-23.43;-46.46;735;93.0;81.0;74.0;927.8;928.8;926.1;4;8;4;1.0;0.0;5.0;10.0;10.0;10.0;82.66666666666667;927.5666666666666;10.0;2.0;4
83075;1989-01-15;0;26.6;18.1;0.9;1989;1;15;-23.43;-46.46;735;85.0;85.0;67.0;929.3;926.4;921.8;3;8;8;3.0;0.0;0.0;10.0;10.0;10.0;79.0;925.8333333333334;10.0;1.0;3
83075;1989-01-16;17.3;27.8;18.3;6.8;1989;1;16;-23.43;-46.46;735;87.0;78.0;62.0;923.2;924.0;921.5;7;7;7;5.0;4.0;2.0;10.0;10.0;5.0;75.66666666666667;922.9;8.333333333333334;3.6666666666666665;7
83075;1989-01-17;0.1;29.8;19.5;5.4;1989;1;17;-23.43;-46.46;735;81.0;74.0;46.0;922.2;925.1;921.2;8;7;7;0.0;2.0;3.0;6.0;10.0;9.0;67.0;922.8333333333334;8.333333333333334;1.6666666666666667;7
83075;1989-01-18;0;28.4;19.5;5.9;1989;1;18;-23.43;-46.46;735;76.0;67.0;70.0;923.5;926.5;923.2;3;8;3;1.0;0.0;1.0;10.0;4.0;10.0;71.0;924.4;8.0;0.6666666666666666;3
83075;1989-01-19;0.4;31.4;18.1;10.6;1989;1;19;-23.43;-46.46;735;88.0;68.0;44.0;927.2;925.8;920.9;3;8;7;3.0;0.0;4.0;10.0;0.0;8.0;66.66666666666667;924.6333333333333;6.0;2.3333333333333335;3
83075;1989-01-20;0;31.6;19.3;11.3;1989;1;20;-23.43;-46.46;735;71.0;49.0;45.0;924.2;924.7;920.0;8;8;7;0.0;0.0;1.0;7.0;0.0;8.0;55.0;922.9666666666667;5.0;0.3333333333333333;7
83075;1989-01-21;0;32;20.3;9.9;1989;1;21;-23.43;-46.46;735;69.0;58.0;45.0;924.7;924.8;920.9;1;6;0;2.0;3.0;1.0;5.0;10.0;6.0;57.333333333333336;923.4666666666667;7.0;2.0;1
83075;1989-01-23;15.5;25.2;19.1;0;1989;1;23;-23.43;-46.46;735;93.0;89.0;82.0;927.8;929.1;928.0;8;8;7;0.0;0.0;1.0;10.0;10.0;10.0;88.0;928.3000000000001;10.0;0.3333333333333333;7
83075;1989-01-25;2.2;32.4;18.7;6.1;1989;1;25;-23.43;-46.46;735;81.0;69.0;42.0;927.5;926.6;921.8;8;4;0;0.0;2.0;1.0;10.0;4.0;8.0;64.0;925.2999999999998;7.333333333333333;1.0;4
83075;1989-01-27;0;31.8;18.1;5.5;1989;1;27;-23.43;-46.46;735;61.0;76.0;58.0;921.5;926.0;920.4;8;8;4;0.0;0.0;4.0;10.0;10.0;8.0;65.0;922.6333333333333;9.333333333333334;1.3333333333333333;4
83075;1989-01-28;66.4;31.8;17.1;8.5;1989;1;28;-23.43;-46.46;735;90.0;69.0;44.0;928.0;928.7;923.6;8;2;8;0.0;1.0;0.0;10.0;1.0;8.0;67.66666666666667;926.7666666666668;6.333333333333333;0.3333333333333333;2
83075;1989-01-29;0;31.6;19.1;8.2;1989;1;29;-23.43;-46.46;735;85.0;65.0;45.0;926.7;929.8;923.5;8;8;7;0.0;0.0;3.0;10.0;5.0;8.0;65.0;926.6666666666666;7.666666666666667;1.0;7
83075;1989-01-30;0;32.4;19.9;8.5;1989;1;30;-23.43;-46.46;735;73.0;66.0;45.0;926.6;927.0;921.5;3;8;8;3.0;0.0;0.0;9.0;1.0;6.0;61.333333333333336;925.0333333333333;5.333333333333333;1.0;3
83075;1989-02-01;15.8;26;18.1;2.8;1989;2;1;-23.43;-46.46;735;85.0;71.0;70.0;928.5;928.2;925.3;3;4;4;3.0;1.0;3.0;9.0;9.0;10.0;75.33333333333333;927.3333333333334;9.333333333333334;2.3333333333333335;3
83075;1989-02-02;0.7;25.2;20.7;0.9;1989;2;2;-23.43;-46.46;735;80.0;76.0;72.0;926.7;925.3;923.2;8;5;3;0.0;1.0;1.0;9.0;10.0;10.0;76.0;925.0666666666666;9.666666666666666;0.6666666666666666;5
83075;1989-02-03;31.1;22;19.3;1.1;1989;2;3;-23.43;-46.46;735;85.0;78.0;79.0;927.1;927.6;924.7;8;8;6;0.0;0.0;2.0;9.0;10.0;10.0;80.66666666666667;926.4666666666667;9.666666666666666;0.6666666666666666;6
83075;1989-02-04;4.4;28.8;18.7;5.9;1989;2;4;-23.43;-46.46;735;80.0;73.0;69.0;928.2;927.4;923.1;4;6;4;1.0;3.0;3.0;10.0;6.0;9.0;74.0;926.2333333333332;8.333333333333334;2.3333333333333335;4
83075;1989-02-05;4.2;27.8;17.5;3.7;1989;2;5;-23.43;-46.46;735;88.0;82.0;69.0;928.6;929.6;925.2;8;8;5;0.0;0.0;2.0;9.0;10.0;10.0;79.66666666666667;927.8000000000001;9.666666666666666;0.6666666666666666;5
83075;1989-02-06;0;24.4;14.2;5.2;1989;2;6;-23.43;-46.46;735;81.0;81.0;54.0;935.0;935.7;930.3;8;3;4;0.0;2.0;3.0;10.0;10.0;10.0;72.0;933.6666666666666;10.0;1.6666666666666667;3
83075;1989-02-07;0;26.4;11.1;2.9;1989;2;7;-23.43;-46.46;735;89.0;95.0;66.0;933.6;935.2;931.0;8;8;7;0.0;0.0;3.0;9.0;10.0;10.0;83.33333333333333;933.2666666666668;9.666666666666666;1.0;7
83075;1989-02-08;0;20.8;9.9;9;1989;2;8;-23.43;-46.46;735;79.0;78.0;46.0;938.3;938.5;934.7;3;2;4;3.0;3.0;1.0;10.0;9.0;5.0;67.66666666666667;937.1666666666666;8.0;2.3333333333333335;3
83075;1989-02-09;5.7;18.6;11.7;5.4;1989;2;9;-23.43;-46.46;735;92.0;73.0;65.0;931.2;931.6;929.5;8;5;4;0.0;3.0;3.0;10.0;9.0;9.0;76.66666666666667;930.7666666666668;9.333333333333334;2.0;5
83075;1989-02-10;0;28.2;14.1;10.3;1989;2;10;-23.43;-46.46;735;84.0;68.0;36.0;935.0;935.4;933.0;8;3;8;0.0;1.0;0.0;10.0;0.0;1.0;62.666666666666664;934.4666666666667;3.6666666666666665;0.3333333333333333;3
83075;1989-02-11;0;21.8;11.1;9.7;1989;2;11;-23.43;-46.46;735;75.0;55.0;54.0;933.1;932.5;927.9;3;4;4;3.0;2.0;3.0;9.0;5.0;2.0;61.333333333333336;931.1666666666666;5.333333333333333;2.6666666666666665;3
83075;1989-02-12;0;23.8;15.1;3.9;1989;2;12;-23.43;-46.46;735;78.0;63.0;67.0;932.1;931.2;927.6;3;2;4;4.0;1.0;3.0;10.0;6.0;10.0;69.33333333333333;930.3000000000001;8.666666666666666;2.6666666666666665;3
83075;1989-02-13;0;29.4;19.1;3.9;1989;2;13;-23.43;-46.46;735;87.0;74.0;54.0;926.4;925.6;921.2;3;7;7;3.0;2.0;2.0;10.0;6.0;8.0;71.66666666666667;924.4;8.0;2.3333333333333335;3
83075;1989-02-14;43.5;27.2;20.1;0.6;1989;2;14;-23.43;-46.46;735;94.0;75.0;92.0;924.7;924.3;922.3;8;2;4;0.0;2.0;2.0;10.0;9.0;10.0;87.0;923.7666666666668;9.666666666666666;1.3333333333333333;2
83075;1989-02-15;28.4;27.8;19.4;1.8;1989;2;15;-23.43;-46.46;735;92.0;81.0;61.0;923.7;923.7;920.6;8;8;7;0.0;0.0;1.0;10.0;10.0;9.0;78.0;922.6666666666666;9.666666666666666;0.3333333333333333;7
83075;1989-02-16;0;30.8;19.1;5.8;1989;2;16;-23.43;-46.46;735;83.0;63.0;56.0;922.4;923.7;920.5;8;4;7;0.0;2.0;5.0;10.0;6.0;9.0;67.33333333333333;922.1999999999999;8.333333333333334;2.3333333333333335;4
83075;1989-02-17;0;30;20.9;3.4;1989;2;17;-23.43;-46.46;735;77.0;84.0;56.0;924.0;928.9;923.6;8;7;7;0.0;4.0;5.0;10.0;10.0;9.0;72.33333333333333;925.5;9.666666666666666;3.0;7
83075;1989-02-18;0.4;29.6;19.3;3;1989;2;18;-23.43;-46.46;735;71.0;79.0;84.0;925.7;929.1;927.4;8;8;4;0.0;0.0;2.0;10.0;10.0;10.0;78.0;927.4000000000001;10.0;0.6666666666666666;4
83075;1989-02-19;2.8;29.6;20.1;5.7;1989;2;19;-23.43;-46.46;735;87.0;73.0;81.0;928.7;928.5;925.1;8;8;4;0.0;0.0;1.0;6.0;10.0;9.0;80.33333333333333;927.4333333333334;8.333333333333334;0.3333333333333333;4
83075;1989-02-20;1.5;32.6;20.1;10.2;1989;2;20;-23.43;-46.46;735;86.0;73.0;44.0;926.8;927.3;920.7;4;8;8;1.0;0.0;0.0;10.0;4.0;8.0;67.66666666666667;924.9333333333334;7.333333333333333;0.3333333333333333;4
83075;1989-02-21;0;31.4;20.3;6.2;1989;2;21;-23.43;-46.46;735;66.0;58.0;42.0;922.9;924.6;919.2;8;8;7;0.0;0.0;7.0;6.0;9.0;10.0;55.333333333333336;922.2333333333332;8.333333333333334;2.3333333333333335;7
83075;1989-02-22;0;30.6;21.3;9.9;1989;2;22;-23.43;-46.46;735;66.0;66.0;37.0;922.5;925.1;919.7;8;0;7;0.0;4.0;4.0;4.0;4.0;6.0;56.333333333333336;922.4333333333334;4.666666666666667;2.6666666666666665;0
83075;1989-02-23;0;29.6;20.9;4.1;1989;2;23;-23.43;-46.46;735;76.0;72.0;54.0;922.4;927.0;922.5;3;7;7;1.0;4.0;1.0;4.0;9.0;8.0;67.33333333333333;923.9666666666667;7.0;2.0;3
83075;1989-02-24;0;31.4;21.3;7;1989;2;24;-23.43;-46.46;735;79.0;66.0;48.0;924.5;925.6;920.2;8;7;7;0.0;2.0;4.0;5.0;5.0;9.0;64.33333333333333;923.4333333333334;6.333333333333333;2.0;7
83075;1989-02-25;12.9;27.2;19.5;1.3;1989;2;25;-23.43;-46.46;735;84.0;81.0;92.0;925.0;926.2;925.4;7;8;6;1.0;0.0;2.0;10.0;10.0;10.0;85.66666666666667;925.5333333333333;10.0;1.0;7
83075;1989-02-26;34.6;29.4;19.1;3.7;1989;2;26;-23.43;-46.46;735;91.0;73.0;58.0;927.1;928.4;925.3;4;8;8;1.0;0.0;0.0;10.0;4.0;6.0;74.0;926.9333333333334;6.666666666666667;0.3333333333333333;4
83075;1989-02-27;0;31.2;19.7;4.9;1989;2;27;-23.43;-46.46;735;87.0;82.0;52.0;927.4;930.8;926.4;8;8;3;0.0;0.0;1.0;9.0;10.0;8.0;73.66666666666667;928.1999999999999;9.0;0.3333333333333333;3
83075;1989-02-28;19;31;18.5;5.4;1989;2;28;-23.43;-46.46;735;87.0;81.0;65.0;930.3;932.0;927.1;5;3;5;1.0;2.0;3.0;10.0;10.0;10.0;77.66666666666667;929.8000000000001;10.0;2.0;5
83075;1989-03-01;0;26.6;18.1;0.9;1989;3;1;-23.43;-46.46;735;84.0;82.0;59.0;927.9;929.6;924.4;4;4;3;1.0;1.0;3.0;2.0;10.0;10.0;75.0;927.3000000000001;7.333333333333333;1.6666666666666667;4
83075;1989-03-02;0.5;28.8;18.5;5.7;1989;3;2;-23.43;-46.46;735;82.0;71.0;57.0;925.0;923.5;919.9;3;7;8;2.0;3.0;0.0;9.0;4.0;8.0;70.0;922.8000000000001;7.0;1.6666666666666667;3
83075;1989-03-03;2.2;30.6;19.1;8.9;1989;3;3;-23.43;-46.46;735;88.0;79.0;55.0;926.1;927.4;926.5;8;7;7;0.0;1.0;3.0;10.0;9.0;5.0;74.0;926.6666666666666;8.0;1.3333333333333333;7
83075;1989-03-04;7.3;29;18.5;7.1;1989;3;4;-23.43;-46.46;735;93.0;82.0;41.0;926.5;928.9;924.0;5;8;6;1.0;0.0;4.0;10.0;8.0;5.0;72.0;926.4666666666667;7.666666666666667;1.6666666666666667;5
83075;1989-03-05;1.5;30;19.3;7.5;1989;3;5;-23.43;-46.46;735;90.0;95.0;50.0;929.1;928.5;920.9;8;8;7;0.0;0.0;1.0;10.0;9.0;8.0;78.33333333333333;926.1666666666666;9.0;0.3333333333333333;7
83075;1989-03-06;0;25.4;14.1;6.1;1989;3;6;-23.43;-46.46;735;82.0;86.0;49.0;932.0;931.1;926.5;8;4;7;0.0;3.0;3.0;10.0;10.0;9.0;72.33333333333333;929.8666666666667;9.666666666666666;2.0;4
83075;1989-03-07;0;18.6;13.7;0;1989;3;7;-23.43;-46.46;735;82.0;86.0;82.0;934.1;937.1;936.6;8;4;4;0.0;3.0;3.0;9.0;10.0;10.0;83.33333333333333;935.9333333333334;9.666666666666666;2.0;4
83075;1989-03-08;0;23;10.7;8.9;1989;3;8;-23.43;-46.46;735;84.0;75.0;44.0;937.3;937.9;933.1;4;4;8;2.0;2.0;0.0;8.0;8.0;10.0;67.66666666666667;936.0999999999999;8.666666666666666;1.3333333333333333;4
83075;1989-03-09;0;18.4;9.1;4.7;1989;3;9;-23.43;-46.46;735;78.0;78.0;65.0;934.2;933.7;930.7;5;4;4;3.0;3.0;7.0;4.0;9.0;4.0;73.66666666666667;932.8666666666668;5.666666666666667;4.333333333333333;5
83075;1989-03-10;0;30.2;14.3;9.4;1989;3;10;-23.43;-46.46;735;62.0;71.0;34.0;933.1;934.3;927.8;4;8;7;1.0;0.0;5.0;5.0;0.0;5.0;55.666666666666664;931.7333333333332;3.3333333333333335;2.0;4
83075;1989-03-11;0;28.2;11.5;2.9;1989;3;11;-23.43;-46.46;735;79.0;73.0;80.0;929.1;925.7;924.3;4;8;1;2.0;0.0;3.0;4.0;10.0;10.0;77.33333333333333;926.3666666666668;8.0;1.6666666666666667;4
83075;1989-03-12;0;28.2;13.9;11.1;1989;3;12;-23.43;-46.46;735;81.0;56.0;41.0;929.5;927.8;922.1;3;2;4;3.0;3.0;5.0;9.0;8.0;5.0;59.333333333333336;926.4666666666667;7.333333333333333;3.6666666666666665;3
83075;1989-03-13;5;22;18.5;0;1989;3;13;-23.43;-46.46;735;83.0;90.0;93.0;926.3;926.5;925.2;4;3;8;1.0;2.0;0.0;10.0;10.0;10.0;88.66666666666667;926.0;10.0;1.0;4
83075;1989-03-14;11.7;25.6;18.1;1.1;1989;3;14;-23.43;-46.46;735;90.0;83.0;73.0;927.3;924.8;921.0;3;8;4;1.0;0.0;3.0;10.0;10.0;10.0;82.0;924.3666666666667;10.0;1.3333333333333333;3
83075;1989-03-15;8;27.6;17.9;3.5;1989;3;15;-23.43;-46.46;735;90.0;83.0;61.0;924.0;922.4;920.2;8;8;7;0.0;0.0;3.0;10.0;8.0;9.0;78.0;922.2000000000002;9.0;1.0;7
83075;1989-03-16;12.6;28.8;18.5;5.8;1989;3;16;-23.43;-46.46;735;88.0;78.0;58.0;925.2;927.0;922.8;8;8;6;0.0;0.0;3.0;10.0;10.0;8.0;74.66666666666667;925.0;9.333333333333334;1.0;6
83075;1989-03-17;0;29.2;19.9;1.5;1989;3;17;-23.43;-46.46;735;85.0;81.0;82.0;926.2;928.1;925.4;8;8;4;0.0;0.0;1.0;9.0;9.0;10.0;82.66666666666667;926.5666666666667;9.333333333333334;0.3333333333333333;4
83075;1989-03-18;1.5;31;18.7;5.5;1989;3;18;-23.43;-46.46;735;83.0;82.0;51.0;929.8;930.8;926.0;4;2;4;1.0;1.0;2.0;9.0;9.0;9.0;72.0;928.8666666666667;9.0;1.3333333333333333;4
83075;1989-03-19;9;29.6;19.9;7.4;1989;3;19;-23.43;-46.46;735;88.0;73.0;64.0;930.2;932.7;926.1;4;4;4;3.0;4.0;2.0;8.0;8.0;9.0;75.0;929.6666666666666;8.333333333333334;3.0;4
83075;1989-03-20;2.8;30;19.9;5.3;1989;3;20;-23.43;-46.46;735;85.0;77.0;54.0;929.1;929.8;925.3;3;8;7;1.0;0.0;2.0;9.0;9.0;10.0;72.0;928.0666666666666;9.333333333333334;1.0;3
83075;1989-03-21;0;28.6;20.1;3.8;1989;3;21;-23.43;-46.46;735;88.0;75.0;58.0;928.9;928.6;925.7;5;8;5;2.0;0.0;2.0;10.0;10.0;10.0;73.66666666666667;927.7333333333332;10.0;1.3333333333333333;5
83075;1989-03-22;0;28.6;20.3;1.6;1989;3;22;-23.43;-46.46;735;87.0;76.0;53.0;928.7;929.1;924.0;4;8;8;3.0;0.0;0.0;9.0;10.0;10.0;72.0;927.2666666666668;9.666666666666666;1.0;4
83075;1989-03-23;25;28.8;18.5;4;1989;3;23;-23.43;-46.46;735;90.0;85.0;72.0;929.1;929.6;926.6;8;8;4;0.0;0.0;3.0;10.0;9.0;9.0;82.33333333333333;928.4333333333334;9.333333333333334;1.0;4
83075;1989-03-24;6.5;29;18.5;7.5;1989;3;24;-23.43;-46.46;735;88.0;83.0;45.0;928.6;930.4;925.6;2;3;8;1.0;2.0;0.0;10.0;4.0;8.0;72.0;928.1999999999999;7.333333333333333;1.0;2
83075;1989-03-25;0;31;19.1;10.1;1989;3;25;-23.43;-46.46;735;75.0;77.0;49.0;927.6;929.1;927.2;8;3;7;0.0;3.0;3.0;9.0;5.0;6.0;67.0;927.9666666666667;6.666666666666667;2.0;3
83075;1989-03-26;13.4;29.4;18.7;4.7;1989;3;26;-23.43;-46.46;735;80.0;86.0;54.0;925.3;929.9;923.9;8;8;7;0.0;0.0;4.0;0.0;9.0;6.0;73.33333333333333;926.3666666666667;5.0;1.3333333333333333;7
83075;1989-03-27;0;26;19.9;1;1989;3;27;-23.43;-46.46;735;75.0;79.0;69.0;928.4;930.3;927.9;8;8;4;0.0;0.0;3.0;6.0;10.0;10.0;74.33333333333333;928.8666666666667;8.666666666666666;1.0;4
83075;1989-03-28;0.7;27.6;19.1;4.4;1989;3;28;-23.43;-46.46;735;84.0;76.0;87.0;931.2;931.9;929.6;7;3;4;2.0;4.0;2.0;5.0;5.0;10.0;82.33333333333333;930.9;6.666666666666667;2.6666666666666665;7
83075;1989-03-29;17.8;28.4;18.9;5.4;1989;3;29;-23.43;-46.46;735;88.0;83.0;54.0;932.9;933.1;927.4;3;8;4;1.0;0.0;2.0;10.0;10.0;5.0;75.0;931.1333333333333;8.333333333333334;1.0;3
83075;1989-03-30;0.1;30.4;20.1;9.7;1989;3;30;-23.43;-46.46;735;83.0;76.0;48.0;930.2;930.3;924.5;4;8;7;1.0;0.0;3.0;10.0;8.0;5.0;69.0;928.3333333333334;7.666666666666667;1.3333333333333333;4
83075;1989-03-31;0;29.4;19.9;4.6;1989;3;31;-23.43;-46.46;735;70.0;70.0;84.0;925.9;928.5;927.0;8;5;5;0.0;2.0;4.0;5.0;10.0;10.0;74.66666666666667;927.1333333333333;8.333333333333334;2.0;5
83075;1989-04-01;9.3;24.4;17.8;0;1989;4;1;-23.43;-46.46;735;91.0;84.0;88.0;927.9;929.4;926.6;8;2;8;0.0;2.0;0.0;10.0;10.0;10.0;87.66666666666667;927.9666666666667;10.0;0.6666666666666666;2
83075;1989-04-02;4.4;24;18.3;0;1989;4;2;-23.43;-46.46;735;83.0;83.0;74.0;922.3;926.4;925.5;8;8;4;0.0;0.0;3.0;10.0;10.0;10.0;80.0;924.7333333333332;10.0;1.0;4
83075;1989-04-03;0;30.8;19.1;7.1;1989;4;3;-23.43;-46.46;735;81.0;69.0;53.0;926.1;926.9;921.0;8;8;0;0.0;0.0;2.0;10.0;4.0;9.0;67.66666666666667;924.6666666666666;7.666666666666667;0.6666666666666666;0
83075;1989-04-04;0;28.2;17.9;6.6;1989;4;4;-23.43;-46.46;735;86.0;83.0;55.0;927.1;930.2;925.4;3;8;4;3.0;0.0;2.0;9.0;10.0;9.0;74.66666666666667;927.5666666666667;9.333333333333334;1.6666666666666667;3
83075;1989-04-05;0.4;25;17.1;0.8;1989;4;5;-23.43;-46.46;735;75.0;72.0;77.0;923.3;926.2;925.1;8;8;4;0.0;0.0;3.0;6.0;10.0;10.0;74.66666666666667;924.8666666666667;8.666666666666666;1.0;4
83075;1989-04-06;1.2;24.8;15.1;6.2;1989;4;6;-23.43;-46.46;735;75.0;84.0;60.0;928.5;933.2;928.7;8;8;4;0.0;0.0;1.0;0.0;10.0;10.0;73.0;930.1333333333333;6.666666666666667;0.3333333333333333;4
83075;1989-04-07;0;24.4;12.7;6.7;1989;4;7;-23.43;-46.46;735;85.0;85.0;55.0;937.1;935.3;930.4;3;3;8;3.0;3.0;0.0;10.0;10.0;8.0;75.0;934.2666666666668;9.333333333333334;2.0;3
83075;1989-04-08;0;25.6;9.5;8.3;1989;4;8;-23.43;-46.46;735;79.0;78.0;38.0;935.8;936.2;930.8;8;8;2;0.0;0.0;1.0;6.0;10.0;8.0;65.0;934.2666666666668;8.0;0.3333333333333333;2
83075;1989-04-09;0;22.4;10.1;6.1;1989;4;9;-23.43;-46.46;735;87.0;70.0;45.0;932.7;932.6;927.9;8;3;3;0.0;2.0;3.0;2.0;10.0;8.0;67.33333333333333;931.0666666666667;6.666666666666667;1.6666666666666667;3
83075;1989-04-10;11.8;18.2;14.3;0;1989;4;10;-23.43;-46.46;735;87.0;92.0;80.0;933.4;935.3;933.8;5;3;4;3.0;2.0;3.0;10.0;10.0;10.0;86.33333333333333;934.1666666666666;10.0;2.6666666666666665;5
83075;1989-04-11;2.7;24.2;16.9;2.2;1989;4;11;-23.43;-46.46;735;84.0;82.0;71.0;924.9;926.7;922.9;1;0;7;1.0;2.0;1.0;6.0;10.0;10.0;79.0;924.8333333333334;8.666666666666666;1.3333333333333333;1
83075;1989-04-12;0;27.4;15.3;8.3;1989;4;12;-23.43;-46.46;735;79.0;73.0;53.0;925.4;925.0;922.9;4;8;4;1.0;0.0;3.0;1.0;4.0;8.0;68.33333333333333;924.4333333333334;4.333333333333333;1.3333333333333333;4
83075;1989-04-13;27.2;26.4;19.1;3.1;1989;4;13;-23.43;-46.46;735;88.0;82.0;68.0;928.7;929.4;925.1;4;8;4;1.0;0.0;5.0;10.0;10.0;10.0;79.33333333333333;927.7333333333332;10.0;2.0;4
83075;1989-04-14;0.4;26.2;19.1;4.1;1989;4;14;-23.43;-46.46;735;86.0;77.0;61.0;928.5;929.5;925.8;8;8;4;0.0;0.0;3.0;10.0;10.0;8.0;74.66666666666667;927.9333333333334;9.333333333333334;1.0;4
83075;1989-04-15;0;26.4;16.3;6.1;1989;4;15;-23.43;-46.46;735;77.0;88.0;62.0;929.7;932.9;928.8;8;8;5;0.0;0.0;2.0;8.0;10.0;9.0;75.66666666666667;930.4666666666666;9.0;0.6666666666666666;5
83075;1989-04-16;0;26.8;16.7;8.4;1989;4;16;-23.43;-46.46;735;84.0;78.0;49.0;931.9;933.2;929.1;3;1;4;3.0;3.0;1.0;8.0;4.0;10.0;70.33333333333333;931.4;7.333333333333333;2.3333333333333335;3
83075;1989-04-17;0;27.6;17.5;5.8;1989;4;17;-23.43;-46.46;735;84.0;77.0;52.0;931.6;931.3;925.5;8;5;8;0.0;3.0;0.0;5.0;6.0;10.0;71.0;929.4666666666667;7.0;1.0;5
83075;1989-04-18;0;28;17.9;0.2;1989;4;18;-23.43;-46.46;735;80.0;86.0;55.0;926.9;927.0;922.7;8;3;6;0.0;1.0;1.0;10.0;10.0;10.0;73.66666666666667;925.5333333333334;10.0;0.6666666666666666;3
83075;1989-04-19;4.3;24;17.1;0;1989;4;19;-23.43;-46.46;735;76.0;84.0;71.0;924.7;928.9;928.4;8;6;7;0.0;2.0;3.0;10.0;10.0;10.0;77.0;927.3333333333334;10.0;1.6666666666666667;6
83075;1989-04-20;2.8;21.2;15.1;4.3;1989;4;20;-23.43;-46.46;735;87.0;85.0;66.0;932.3;932.4;930.0;4;8;4;7.0;0.0;5.0;10.0;8.0;8.0;79.33333333333333;931.5666666666666;8.666666666666666;4.0;4
83075;1989-04-21;0.4;22;13;8.5;1989;4;21;-23.43;-46.46;735;83.0;62.0;54.0;931.6;932.3;929.5;4;4;4;1.0;3.0;5.0;10.0;8.0;8.0;66.33333333333333;931.1333333333333;8.666666666666666;3.0;4
83075;1989-04-22;0;22.4;12.7;6.5;1989;4;22;-23.43;-46.46;735;77.0;83.0;56.0;932.2;933.9;931.0;4;3;4;1.0;2.0;4.0;0.0;10.0;9.0;72.0;932.3666666666667;6.333333333333333;2.3333333333333335;4
83075;1989-04-23;0;24;12.5;8.5;1989;4;23;-23.43;-46.46;735;80.0;72.0;53.0;933.8;934.8;930.7;8;8;3;0.0;0.0;3.0;9.0;10.0;8.0;68.33333333333333;933.1;9.0;1.0;3
83075;1989-04-24;0;23.8;15.1;5.8;1989;4;24;-23.43;-46.46;735;81.0;75.0;55.0;934.6;933.8;930.1;5;3;8;5.0;3.0;0.0;10.0;8.0;10.0;70.33333333333333;932.8333333333334;9.333333333333334;2.6666666666666665;5
83075;1989-04-25;0;25.6;9.9;9.7;1989;4;25;-23.43;-46.46;735;82.0;77.0;42.0;932.2;934.0;928.5;8;6;8;0.0;4.0;0.0;10.0;4.0;0.0;67.0;931.5666666666666;4.666666666666667;1.3333333333333333;6
83075;1989-04-26;0;27.2;16.2;8.3;1989;4;26;-23.43;-46.46;735;84.0;79.0;41.0;932.1;932.2;925.8;8;8;6;0.0;0.0;2.0;10.0;5.0;9.0;68.0;930.0333333333334;8.0;0.6666666666666666;6
83075;1989-04-27;0;27.4;16.5;6.3;1989;4;27;-23.43;-46.46;735;81.0;79.0;43.0;927.7;927.7;921.2;8;8;7;0.0;0.0;3.0;10.0;8.0;8.0;67.66666666666667;925.5333333333334;8.666666666666666;1.0;7
83075;1989-04-28;0;29.6;18.3;8.8;1989;4;28;-23.43;-46.46;735;62.0;60.0;44.0;924.1;926.5;922.4;8;8;7;0.0;0.0;3.0;6.0;6.0;8.0;55.333333333333336;924.3333333333334;6.666666666666667;1.0;7
83075;1989-04-29;0;28.6;18.1;5.8;1989;4;29;-23.43;-46.46;735;83.0;66.0;51.0;925.5;926.1;923.3;8;8;6;0.0;0.0;1.0;10.0;9.0;9.0;66.66666666666667;924.9666666666666;9.333333333333334;0.3333333333333333;6
83075;1989-04-30;0;26.4;17.7;5.2;1989;4;30;-23.43;-46.46;735;70.0;74.0;63.0;925.0;929.6;926.1;6;8;4;1.0;0.0;2.0;6.0;6.0;10.0;69.0;926.9;7.333333333333333;1.0;6
83075;1989-05-01;53.9;26.8;17;1.5;1989;5;1;-23.43;-46.46;735;93.0;80.0;88.0;928.7;927.0;925.4;8;1;8;0.0;3.0;0.0;10.0;10.0;10.0;87.0;927.0333333333333;10.0;1.0;1
83075;1989-05-02;6.1;26.2;18.6;3.5;1989;5;2;-23.43;-46.46;735;95.0;71.0;64.0;927.8;929.1;926.2;8;4;4;0.0;2.0;4.0;10.0;10.0;9.0;76.66666666666667;927.7000000000002;9.666666666666666;2.0;4
83075;1989-05-03;0;30.6;19.7;8.3;1989;5;3;-23.43;-46.46;735;85.0;76.0;42.0;924.8;923.4;919.8;4;8;7;1.0;0.0;3.0;8.0;5.0;8.0;67.66666666666667;922.6666666666666;7.0;1.3333333333333333;4
83075;1989-05-05;1.4;26.4;16.9;3.5;1989;5;5;-23.43;-46.46;735;83.0;89.0;69.0;928.8;929.4;924.3;3;8;8;3.0;0.0;0.0;10.0;8.0;10.0;80.33333333333333;927.5;9.333333333333334;1.0;3
83075;1989-05-06;0;22.4;14.9;5.2;1989;5;6;-23.43;-46.46;735;86.0;78.0;53.0;933.4;934.8;931.1;4;2;4;1.0;3.0;1.0;10.0;4.0;10.0;72.33333333333333;933.0999999999999;8.0;1.6666666666666667;4
83075;1989-05-07;0;24.6;11.3;3.8;1989;5;7;-23.43;-46.46;735;78.0;83.0;86.0;932.2;933.9;933.0;8;8;4;0.0;0.0;3.0;5.0;9.0;10.0;82.33333333333333;933.0333333333333;8.0;1.0;4
83075;1989-05-09;0;23.8;11.9;3.2;1989;5;9;-23.43;-46.46;735;84.0;75.0;75.0;930.3;928.4;925.4;8;3;7;0.0;3.0;4.0;9.0;4.0;10.0;78.0;928.0333333333333;7.666666666666667;2.3333333333333335;3
83075;1989-05-10;0;25;13.5;8.4;1989;5;10;-23.43;-46.46;735;89.0;73.0;64.0;936.2;935.2;932.4;4;4;3;1.0;2.0;5.0;10.0;6.0;10.0;75.33333333333333;934.6;8.666666666666666;2.6666666666666665;4
83075;1989-05-11;0;26.6;15.7;11.2;1989;5;11;-23.43;-46.46;735;81.0;55.0;49.0;924.6;925.4;923.3;7;7;4;1.0;3.0;5.0;9.0;10.0;1.0;61.666666666666664;924.4333333333334;6.666666666666667;3.0;7
83075;1989-05-12;0;27.2;14.3;4.8;1989;5;12;-23.43;-46.46;735;77.0;74.0;64.0;925.4;928.0;925.4;3;3;4;1.0;1.0;5.0;0.0;10.0;10.0;71.66666666666667;926.2666666666668;6.666666666666667;2.3333333333333335;3
83075;1989-05-13;0;27.2;13.1;9;1989;5;13;-23.43;-46.46;735;82.0;80.0;41.0;937.7;938.9;934.1;3;3;3;1.0;3.0;3.0;5.0;4.0;6.0;67.66666666666667;936.9;5.0;2.3333333333333335;3
83075;1989-05-15;0;23.8;11.7;5.3;1989;5;15;-23.43;-46.46;735;85.0;89.0;56.0;936.5;933.0;933.8;3;8;8;3.0;0.0;0.0;10.0;10.0;4.0;76.66666666666667;934.4333333333334;8.0;1.0;3
83075;1989-05-16;0;23.2;13.9;7.5;1989;5;16;-23.43;-46.46;735;82.0;78.0;48.0;936.5;937.9;932.8;3;8;8;3.0;0.0;0.0;10.0;5.0;9.0;69.33333333333333;935.7333333333332;8.0;1.0;3
83075;1989-05-18;0;23.4;13.1;6.7;1989;5;18;-23.43;-46.46;735;81.0;75.0;60.0;938.3;939.6;935.4;8;3;4;0.0;2.0;3.0;10.0;2.0;8.0;72.0;937.7666666666668;6.666666666666667;1.6666666666666667;3
83075;1989-05-19;0;23;12.5;9.1;1989;5;19;-23.43;-46.46;735;84.0;72.0;46.0;937.9;938.8;934.4;8;5;4;0.0;2.0;1.0;9.0;1.0;9.0;67.33333333333333;937.0333333333333;6.333333333333333;1.0;5
83075;1989-05-20;0;23.6;12.1;6.6;1989;5;20;-23.43;-46.46;735;84.0;83.0;49.0;937.7;939.3;934.1;4;4;3;2.0;2.0;2.0;0.0;10.0;10.0;72.0;937.0333333333333;6.666666666666667;2.0;4
83075;1989-05-21;0;24;11.5;7.8;1989;5;21;-23.43;-46.46;735;87.0;81.0;52.0;938.5;939.5;934.7;8;2;8;0.0;3.0;0.0;9.0;10.0;9.0;73.33333333333333;937.5666666666666;9.333333333333334;1.0;2
83075;1989-05-22;0;27;12.9;5.7;1989;5;22;-23.43;-46.46;735;86.0;87.0;64.0;938.4;940.1;934.4;8;4;4;0.0;2.0;1.0;8.0;10.0;6.0;79.0;937.6333333333333;8.0;1.0;4
83075;1989-05-23;0;26;14.5;6;1989;5;23;-23.43;-46.46;735;89.0;87.0;49.0;936.2;936.8;931.1;8;5;8;0.0;2.0;0.0;8.0;10.0;5.0;75.0;934.6999999999999;7.666666666666667;0.6666666666666666;5
83075;1989-05-24;0;26.2;12.1;7.8;1989;5;24;-23.43;-46.46;735;82.0;94.0;41.0;933.4;934.0;927.7;8;8;7;0.0;0.0;3.0;0.0;10.0;10.0;72.33333333333333;931.7000000000002;6.666666666666667;1.0;7
83075;1989-05-26;10.9;17.4;11.5;1.9;1989;5;26;-23.43;-46.46;735;85.0;79.0;73.0;931.6;932.5;933.0;7;8;4;1.0;0.0;2.0;10.0;9.0;10.0;79.0;932.3666666666667;9.666666666666666;1.0;7
83075;1989-05-27;1.4;17.4;10.1;3.4;1989;5;27;-23.43;-46.46;735;69.0;80.0;83.0;935.2;935.4;934.5;8;4;4;0.0;3.0;3.0;10.0;10.0;10.0;77.33333333333333;935.0333333333333;10.0;2.0;4
83075;1989-05-28;0.9;18.6;11.3;5.5;1989;5;28;-23.43;-46.46;735;85.0;80.0;51.0;935.8;936.8;933.5;4;4;4;1.0;1.0;3.0;9.0;9.0;6.0;72.0;935.3666666666667;8.0;1.6666666666666667;4
83075;1989-05-29;0.1;21.2;12.3;6.7;1989;5;29;-23.43;-46.46;735;82.0;80.0;44.0;936.6;935.5;930.4;4;8;5;1.0;0.0;2.0;9.0;10.0;2.0;68.66666666666667;934.1666666666666;7.0;1.0;4
83075;1989-05-30;0;20.6;12.5;4.8;1989;5;30;-23.43;-46.46;735;83.0;71.0;56.0;934.3;934.2;930.4;8;4;4;0.0;2.0;1.0;10.0;9.0;10.0;70.0;932.9666666666667;9.666666666666666;1.0;4
83075;1989-05-31;0;20.4;13.1;4.6;1989;5;31;-23.43;-46.46;735;83.0;81.0;63.0;933.9;935.8;933.2;4;4;4;1.0;1.0;1.0;10.0;10.0;8.0;75.66666666666667;934.2999999999998;9.333333333333334;1.0;4
83075;1989-06-02;0.3;28.4;18.1;7.8;1989;6;2;-23.43;-46.46;735;85.0;76.0;56.0;929.2;928.5;924.0;3;8;4;1.0;0.0;3.0;10.0;5.0;8.0;72.33333333333333;927.2333333333332;7.666666666666667;1.3333333333333333;3
83075;1989-06-03;0;28.6;18.7;7.5;1989;6;3;-23.43;-46.46;735;81.0;74.0;58.0;922.9;922.5;918.9;8;2;5;0.0;2.0;2.0;8.0;10.0;5.0;71.0;921.4333333333334;7.666666666666667;1.3333333333333333;2
83075;1989-06-04;0;30.4;19.1;9.1;1989;6;4;-23.43;-46.46;735;85.0;78.0;60.0;930.2;931.5;927.6;8;3;4;0.0;2.0;5.0;10.0;5.0;9.0;74.33333333333333;929.7666666666668;8.0;2.3333333333333335;3
83075;1989-06-05;5.5;23.6;15.3;1;1989;6;5;-23.43;-46.46;735;82.0;75.0;74.0;926.1;926.9;927.0;7;7;4;1.0;1.0;1.0;6.0;9.0;9.0;77.0;926.6666666666666;8.0;1.0;7
83075;1989-06-06;0;24.8;15.3;6;1989;6;6;-23.43;-46.46;735;88.0;83.0;62.0;933.6;933.3;928.6;8;5;8;0.0;4.0;0.0;9.0;9.0;8.0;77.66666666666667;931.8333333333334;8.666666666666666;1.3333333333333333;5
83075;1989-06-07;3.3;12.2;7.9;0;1989;6;7;-23.43;-46.46;735;90.0;81.0;74.0;938.4;941.0;939.9;4;4;4;5.0;4.0;5.0;10.0;10.0;10.0;81.66666666666667;939.7666666666668;10.0;4.666666666666667;4
83075;1989-06-08;0.2;15.6;11.5;0;1989;6;8;-23.43;-46.46;735;91.0;84.0;80.0;935.7;938.2;935.5;8;5;4;0.0;1.0;1.0;10.0;10.0;10.0;85.0;936.4666666666667;10.0;0.6666666666666666;5
83075;1989-06-09;0.3;25;12.9;3.4;1989;6;9;-23.43;-46.46;735;82.0;69.0;49.0;926.8;926.0;924.8;7;7;6;2.0;3.0;5.0;6.0;6.0;10.0;66.66666666666667;925.8666666666667;7.333333333333333;3.3333333333333335;7
83075;1989-06-10;0;24;12.1;7.3;1989;6;10;-23.43;-46.46;735;78.0;76.0;55.0;935.8;935.1;930.4;5;4;4;1.0;2.0;5.0;10.0;9.0;10.0;69.66666666666667;933.7666666666668;9.666666666666666;2.6666666666666665;5
83075;1989-06-11;0;24.4;12.1;7.8;1989;6;11;-23.43;-46.46;735;81.0;79.0;55.0;927.1;929.3;924.9;3;3;4;1.0;4.0;5.0;2.0;10.0;4.0;71.66666666666667;927.1;5.333333333333333;3.3333333333333335;3
83075;1989-06-12;0;27.2;18.1;5;1989;6;12;-23.43;-46.46;735;80.0;72.0;67.0;927.5;928.9;925.5;4;3;4;1.0;2.0;5.0;6.0;10.0;10.0;73.0;927.3000000000001;8.666666666666666;2.6666666666666665;4
83075;1989-06-13;0;18.4;11.1;7.7;1989;6;13;-23.43;-46.46;735;79.0;76.0;53.0;938.2;938.8;935.9;3;4;4;4.0;2.0;4.0;10.0;4.0;8.0;69.33333333333333;937.6333333333333;7.333333333333333;3.3333333333333335;3
83075;1989-06-14;0.2;16.8;10.7;1.6;1989;6;14;-23.43;-46.46;735;86.0;84.0;61.0;938.3;938.6;935.9;3;8;8;1.0;0.0;0.0;8.0;10.0;9.0;77.0;937.6;9.0;0.3333333333333333;3
83075;1989-06-15;0;19.2;8.1;8.5;1989;6;15;-23.43;-46.46;735;83.0;78.0;45.0;937.5;938.4;934.1;3;8;3;2.0;0.0;5.0;9.0;6.0;6.0;68.66666666666667;936.6666666666666;7.0;2.3333333333333335;3
83075;1989-06-17;0.9;21.6;8.7;4.2;1989;6;17;-23.43;-46.46;735;91.0;90.0;58.0;936.1;937.2;933.1;8;5;7;0.0;1.0;2.0;1.0;10.0;10.0;79.66666666666667;935.4666666666667;7.0;1.0;5
83075;1989-06-18;0;20.4;10.7;2.1;1989;6;18;-23.43;-46.46;735;88.0;86.0;60.0;935.5;936.6;933.2;8;8;3;0.0;0.0;1.0;10.0;10.0;5.0;78.0;935.1;8.333333333333334;0.3333333333333333;3
83075;1989-06-19;0;22.4;13.5;5.9;1989;6;19;-23.43;-46.46;735;85.0;80.0;58.0;935.8;936.6;931.5;3;8;4;1.0;0.0;1.0;10.0;10.0;1.0;74.33333333333333;934.6333333333333;7.0;0.6666666666666666;3
83075;1989-06-20;0;24.2;13.5;6.3;1989;6;20;-23.43;-46.46;735;89.0;90.0;44.0;934.9;937.1;932.4;8;8;6;0.0;0.0;1.0;10.0;9.0;8.0;74.33333333333333;934.8000000000001;9.0;0.3333333333333333;6
83075;1989-06-22;0;24.6;13.7;6.7;1989;6;22;-23.43;-46.46;735;85.0;80.0;48.0;934.9;935.0;929.8;3;8;8;2.0;0.0;0.0;10.0;10.0;9.0;71.0;933.2333333333332;9.666666666666666;0.6666666666666666;3
83075;1989-06-23;0;23.4;13.1;5.6;1989;6;23;-23.43;-46.46;735;84.0;95.0;59.0;932.2;934.8;930.6;8;8;3;0.0;0.0;1.0;9.0;10.0;9.0;79.33333333333333;932.5333333333333;9.333333333333334;0.3333333333333333;3
83075;1989-06-25;22.3;19.8;13.3;3.6;1989;6;25;-23.43;-46.46;735;93.0;81.0;65.0;930.8;929.5;926.6;8;8;7;0.0;0.0;3.0;10.0;8.0;2.0;79.66666666666667;928.9666666666667;6.666666666666667;1.0;7
83075;1989-06-26;1.9;21.2;11.9;5.8;1989;6;26;-23.43;-46.46;735;87.0;85.0;50.0;927.6;928.8;925.1;8;7;6;0.0;1.0;2.0;10.0;9.0;6.0;74.0;927.1666666666666;8.333333333333334;1.0;7
83075;1989-06-27;0;21.2;11.7;4.9;1989;6;27;-23.43;-46.46;735;81.0;90.0;58.0;928.5;930.0;925.5;5;8;6;3.0;0.0;2.0;8.0;10.0;6.0;76.33333333333333;928.0;8.0;1.6666666666666667;5
83075;1989-06-28;0;20.2;11.5;1.9;1989;6;28;-23.43;-46.46;735;78.0;58.0;65.0;928.3;928.5;925.3;8;5;7;0.0;6.0;4.0;9.0;10.0;10.0;67.0;927.3666666666667;9.666666666666666;3.3333333333333335;5
83075;1989-06-29;0;21;11.3;2.2;1989;6;29;-23.43;-46.46;735;80.0;79.0;47.0;928.4;932.4;930.7;6;4;6;1.0;2.0;3.0;10.0;10.0;9.0;68.66666666666667;930.5;9.666666666666666;2.0;6
83075;1989-06-30;0;19.4;8.5;0.5;1989;6;30;-23.43;-46.46;735;83.0;92.0;69.0;934.1;937.2;932.8;8;8;4;0.0;0.0;1.0;10.0;10.0;10.0;81.33333333333333;934.7000000000002;10.0;0.3333333333333333;4
83075;1989-07-01;23.8;28.8;18.9;5.6;1989;7;1;-23.43;-46.46;735;93.0;75.0;60.0;922.5;922.6;918.5;8;7;0;0.0;2.0;4.0;10.0;10.0;10.0;76.0;921.1999999999999;10.0;2.0;7
83075;1989-07-02;0;28;17.7;2.8;1989;7;2;-23.43;-46.46;735;81.0;80.0;80.0;926.3;926.6;923.2;8;8;4;0.0;0.0;1.0;6.0;9.0;10.0;80.33333333333333;925.3666666666668;8.333333333333334;0.3333333333333333;4
83075;1989-07-03;0;28;18.5;6;1989;7;3;-23.43;-46.46;735;80.0;74.0;59.0;922.6;923.8;920.2;8;8;4;0.0;0.0;2.0;10.0;8.0;8.0;71.0;922.2000000000002;8.666666666666666;0.6666666666666666;4
83075;1989-07-04;2.8;28;19.3;3.9;1989;7;4;-23.43;-46.46;735;78.0;82.0;57.0;930.5;931.6;925.8;4;8;4;1.0;0.0;1.0;10.0;10.0;6.0;72.33333333333333;929.2999999999998;8.666666666666666;0.6666666666666666;4
83075;1989-07-05;1;16.6;12.7;0;1989;7;5;-23.43;-46.46;735;74.0;87.0;81.0;932.5;934.2;933.9;5;4;4;3.0;3.0;5.0;6.0;10.0;8.0;80.66666666666667;933.5333333333333;8.0;3.6666666666666665;5
83075;1989-07-07;0;13.2;7.3;0;1989;7;7;-23.43;-46.46;735;80.0;83.0;81.0;941.5;941.0;938.7;4;5;4;3.0;2.0;3.0;10.0;10.0;10.0;81.33333333333333;940.4;10.0;2.6666666666666665;4
83075;1989-07-08;0;20;5.8;7.6;1989;7;8;-23.43;-46.46;735;72.0;91.0;53.0;937.1;936.9;931.9;5;8;4;3.0;0.0;4.0;8.0;10.0;0.0;72.0;935.3000000000001;6.0;2.3333333333333335;5
83075;1989-07-09;0;22.2;16.3;3.4;1989;7;9;-23.43;-46.46;735;68.0;74.0;68.0;925.7;931.4;927.7;7;5;4;2.0;1.0;1.0;10.0;8.0;9.0;70.0;928.2666666666668;9.0;1.3333333333333333;7
83075;1989-07-10;0;26.4;14.9;5.6;1989;7;10;-23.43;-46.46;735;75.0;75.0;65.0;933.5;931.7;926.2;3;3;4;3.0;3.0;5.0;8.0;10.0;10.0;71.66666666666667;930.4666666666667;9.333333333333334;3.6666666666666665;3
83075;1989-07-11;0;23.6;13.7;6.6;1989;7;11;-23.43;-46.46;735;76.0;67.0;67.0;929.2;929.0;925.5;3;3;4;3.0;2.0;3.0;9.0;8.0;10.0;70.0;927.9;9.0;2.6666666666666665;3
83075;1989-07-12;0;29.4;17.5;9.8;1989;7;12;-23.43;-46.46;735;78.0;67.0;58.0;928.9;930.2;926.1;4;8;4;3.0;0.0;5.0;9.0;4.0;2.0;67.66666666666667;928.4;5.0;2.6666666666666665;4
83075;1989-07-13;0;22.8;6.3;7.1;1989;7;13;-23.43;-46.46;735;84.0;96.0;33.0;937.7;937.6;931.5;8;8;7;0.0;0.0;3.0;5.0;10.0;5.0;71.0;935.6;6.666666666666667;1.0;7
83075;1989-07-14;0;23.8;7.9;8.7;1989;7;14;-23.43;-46.46;735;78.0;70.0;32.0;935.5;937.5;933.5;8;8;6;0.0;0.0;3.0;5.0;0.0;2.0;60.0;935.5;2.3333333333333335;1.0;6
83075;1989-07-15;0;19.4;10.5;6.5;1989;7;15;-23.43;-46.46;735;80.0;76.0;53.0;938.1;940.8;937.4;5;8;4;1.0;0.0;1.0;6.0;10.0;10.0;69.66666666666667;938.7666666666668;8.666666666666666;0.6666666666666666;5
83075;1989-07-16;0;17.8;8.5;6.4;1989;7;16;-23.43;-46.46;735;84.0;95.0;56.0;939.4;941.5;937.6;8;8;4;0.0;0.0;3.0;0.0;10.0;4.0;78.33333333333333;939.5;4.666666666666667;1.0;4
83075;1989-07-17;0;21.6;8.3;8.3;1989;7;17;-23.43;-46.46;735;82.0;80.0;47.0;939.7;939.0;934.7;4;1;8;1.0;3.0;0.0;10.0;8.0;0.0;69.66666666666667;937.8000000000001;6.0;1.3333333333333333;4
83075;1989-07-18;0;21.2;6.9;6.9;1989;7;18;-23.43;-46.46;735;85.0;92.0;40.0;937.1;939.8;934.4;8;8;1;0.0;0.0;1.0;0.0;10.0;0.0;72.33333333333333;937.1;3.3333333333333335;0.3333333333333333;1
83075;1989-07-19;0;21.6;7.7;7.8;1989;7;19;-23.43;-46.46;735;88.0;94.0;34.0;938.0;939.2;933.5;8;8;3;0.0;0.0;1.0;8.0;9.0;10.0;72.0;936.9;9.0;0.3333333333333333;3
83075;1989-07-20;0;23.4;7.9;8.9;1989;7;20;-23.43;-46.46;735;76.0;80.0;36.0;935.4;937.0;932.1;8;8;4;0.0;0.0;1.0;6.0;0.0;2.0;64.0;934.8333333333334;2.6666666666666665;0.3333333333333333;4
83075;1989-07-21;0;24.2;11.5;9;1989;7;21;-23.43;-46.46;735;70.0;64.0;30.0;935.4;936.7;931.3;8;8;7;0.0;0.0;3.0;10.0;0.0;0.0;54.666666666666664;934.4666666666666;3.3333333333333335;1.0;7
83075;1989-07-22;0;24.8;10.5;8.8;1989;7;22;-23.43;-46.46;735;60.0;66.0;39.0;933.9;934.8;929.7;8;8;7;0.0;0.0;2.0;0.0;10.0;10.0;55.0;932.7999999999998;6.666666666666667;0.6666666666666666;7
83075;1989-07-23;0;26;8.9;8.7;1989;7;23;-23.43;-46.46;735;72.0;82.0;32.0;931.6;933.1;926.3;8;8;6;0.0;0.0;3.0;0.0;10.0;0.0;62.0;930.3333333333334;3.3333333333333335;1.0;6
83075;1989-07-24;0;26.8;10.7;8.4;1989;7;24;-23.43;-46.46;735;66.0;36.0;23.0;928.5;929.2;923.4;8;7;7;0.0;3.0;5.0;6.0;9.0;8.0;41.666666666666664;927.0333333333333;7.666666666666667;2.6666666666666665;7
83075;1989-07-25;0;23.1;14.1;1.2;1989;7;25;-23.43;-46.46;735;53.0;74.0;55.0;926.7;929.9;928.2;8;8;3;0.0;0.0;1.0;0.0;9.0;10.0;60.666666666666664;928.2666666666668;6.333333333333333;0.3333333333333333;3
83075;1989-07-26;18.4;18.2;13.9;0;1989;7;26;-23.43;-46.46;735;72.0;89.0;92.0;929.4;926.8;927.6;8;3;8;0.0;4.0;0.0;6.0;10.0;10.0;84.33333333333333;927.9333333333333;8.666666666666666;1.3333333333333333;3
83075;1989-07-27;35.4;25.4;13.9;2.8;1989;7;27;-23.43;-46.46;735;91.0;78.0;65.0;927.0;927.1;922.6;8;1;7;0.0;3.0;2.0;10.0;8.0;10.0;78.0;925.5666666666666;9.333333333333334;1.6666666666666667;1
83075;1989-07-28;21.7;22.6;14.7;2.2;1989;7;28;-23.43;-46.46;735;84.0;81.0;75.0;926.0;924.5;922.2;8;8;7;0.0;0.0;5.0;10.0;10.0;10.0;80.0;924.2333333333332;10.0;1.6666666666666667;7
83075;1989-07-29;2;19.4;12.9;1.3;1989;7;29;-23.43;-46.46;735;77.0;80.0;72.0;925.2;929.4;925.5;7;8;0;2.0;0.0;7.2;8.0;10.0;10.0;76.33333333333333;926.6999999999999;9.333333333333334;3.0666666666666664;7
83075;1989-07-30;53.2;18.8;13.3;0;1989;7;30;-23.43;-46.46;735;91.0;89.0;84.0;927.4;924.3;924.5;4;6;6;2.0;2.0;3.0;8.0;10.0;10.0;88.0;925.4;9.333333333333334;2.3333333333333335;4
83075;1989-07-31;26.8;20.6;12.3;6.6;1989;7;31;-23.43;-46.46;735;79.0;84.0;77.0;926.1;932.5;932.0;6;8;4;3.0;0.0;2.0;10.0;6.0;9.0;80.0;930.1999999999999;8.333333333333334;1.6666666666666667;6
83075;1989-08-01;11.6;28.2;19.5;4.5;1989;8;1;-23.43;-46.46;735;84.0;71.0;69.0;920.1;920.4;924.5;8;0;0;0.0;2.0;4.0;10.0;6.0;9.0;74.66666666666667;921.6666666666666;8.333333333333334;2.0;0
83075;1989-08-02;0.7;26.6;19.3;0.8;1989;8;2;-23.43;-46.46;735;85.0;85.0;70.0;924.1;926.1;921.1;8;8;3;0.0;0.0;3.0;10.0;10.0;10.0;80.0;923.7666666666668;10.0;1.0;3
83075;1989-08-03;2.5;26.4;19.1;3.7;1989;8;3;-23.43;-46.46;735;89.0;76.0;80.0;924.3;924.7;922.5;8;8;0;0.0;0.0;3.0;10.0;10.0;10.0;81.66666666666667;923.8333333333334;10.0;1.0;0
83075;1989-08-04;0;29.2;20.1;4.2;1989;8;4;-23.43;-46.46;735;83.0;75.0;67.0;928.6;929.9;924.8;3;7;3;3.0;1.0;3.0;10.0;10.0;10.0;75.0;927.7666666666668;10.0;2.3333333333333335;3
83075;1989-08-05;1.6;20.2;11.5;6.1;1989;8;5;-23.43;-46.46;735;87.0;78.0;60.0;935.8;936.3;933.4;8;8;4;0.0;0.0;4.0;10.0;6.0;8.0;75.0;935.1666666666666;8.0;1.3333333333333333;4
83075;1989-08-06;0.4;22;16.5;3.1;1989;8;6;-23.43;-46.46;735;64.0;75.0;66.0;927.0;929.3;926.8;8;7;7;0.0;1.0;5.0;6.0;10.0;8.0;68.33333333333333;927.6999999999999;8.0;2.0;7
83075;1989-08-07;0;13.6;9.1;0.1;1989;8;7;-23.43;-46.46;735;85.0;82.0;60.0;940.6;941.1;938.2;4;3;4;3.0;2.0;1.0;10.0;10.0;10.0;75.66666666666667;939.9666666666667;10.0;2.0;4
83075;1989-08-08;0;20.8;8.7;4.3;1989;8;8;-23.43;-46.46;735;81.0;82.0;58.0;936.4;935.9;932.5;3;3;4;2.0;2.0;1.0;10.0;10.0;8.0;73.66666666666667;934.9333333333334;9.333333333333334;1.6666666666666667;3
83075;1989-08-09;0.1;27;15.1;4.1;1989;8;9;-23.43;-46.46;735;84.0;80.0;58.0;931.4;930.5;924.2;8;4;3;0.0;3.0;3.0;10.0;9.0;10.0;74.0;928.7000000000002;9.666666666666666;2.0;4
83075;1989-08-10;0;22.6;14.3;2.4;1989;8;10;-23.43;-46.46;735;83.0;80.0;63.0;930.4;930.2;927.8;5;8;4;2.0;0.0;3.0;10.0;10.0;10.0;75.33333333333333;929.4666666666666;10.0;1.6666666666666667;5
83075;1989-08-11;0;28.4;15.7;6.9;1989;8;11;-23.43;-46.46;735;80.0;75.0;65.0;929.4;929.4;925.0;8;3;5;0.0;1.0;3.0;10.0;10.0;10.0;73.33333333333333;927.9333333333334;10.0;1.3333333333333333;3
83075;1989-08-12;0;29.2;15.9;7.9;1989;8;12;-23.43;-46.46;735;77.0;77.0;58.0;929.3;930.3;925.4;4;3;4;4.0;2.0;5.0;2.0;10.0;10.0;70.66666666666667;928.3333333333334;7.333333333333333;3.6666666666666665;4
83075;1989-08-13;0;19.2;9.7;8.2;1989;8;13;-23.43;-46.46;735;83.0;71.0;47.0;938.4;939.6;935.9;8;2;4;0.0;3.0;3.0;10.0;8.0;4.0;67.0;937.9666666666667;7.333333333333333;2.0;2
83075;1989-08-14;0;21;7.9;9.2;1989;8;14;-23.43;-46.46;735;80.0;72.0;37.0;939.4;939.7;934.5;3;3;8;2.0;3.0;0.0;1.0;1.0;1.0;63.0;937.8666666666667;1.0;1.6666666666666667;3
83075;1989-08-15;0;22.4;8.1;7.2;1989;8;15;-23.43;-46.46;735;84.0;85.0;39.0;937.9;938.5;933.6;8;3;8;0.0;1.0;0.0;5.0;10.0;10.0;69.33333333333333;936.6666666666666;8.333333333333334;0.3333333333333333;3
83075;1989-08-16;0;25.6;10;7.6;1989;8;16;-23.43;-46.46;735;83.0;83.0;48.0;936.0;936.7;929.8;8;8;3;0.0;0.0;1.0;2.0;10.0;6.0;71.33333333333333;934.1666666666666;6.0;0.3333333333333333;3
83075;1989-08-17;0;26.8;12.1;9;1989;8;17;-23.43;-46.46;735;76.0;78.0;34.0;933.3;935.0;931.2;8;3;8;0.0;1.0;0.0;8.0;5.0;8.0;62.666666666666664;933.1666666666666;7.0;0.3333333333333333;3
83075;1989-08-18;0;26.6;12.5;8.3;1989;8;18;-23.43;-46.46;735;71.0;74.0;34.0;934.5;935.1;930.2;8;3;3;0.0;3.0;2.0;0.0;0.0;4.0;59.666666666666664;933.2666666666668;1.3333333333333333;1.6666666666666667;3
83075;1989-08-19;0;28.2;13.5;9.8;1989;8;19;-23.43;-46.46;735;75.0;76.0;33.0;933.5;934.7;928.1;3;4;1;3.0;1.0;3.0;5.0;10.0;2.0;61.333333333333336;932.1;5.666666666666667;2.3333333333333335;3
83075;1989-08-20;0;29;13.7;7.7;1989;8;20;-23.43;-46.46;735;54.0;68.0;36.0;930.6;931.3;925.3;8;8;7;0.0;0.0;1.0;0.0;2.0;10.0;52.666666666666664;929.0666666666666;4.0;0.3333333333333333;7
83075;1989-08-21;0;27;16.9;1.2;1989;8;21;-23.43;-46.46;735;66.0;68.0;42.0;928.9;929.7;925.6;8;8;7;0.0;0.0;3.0;5.0;9.0;8.0;58.666666666666664;928.0666666666666;7.333333333333333;1.0;7
83075;1989-08-22;1.9;29;10.1;2.8;1989;8;22;-23.43;-46.46;735;63.0;83.0;47.0;928.6;931.3;923.9;8;8;7;0.0;0.0;2.0;8.0;10.0;10.0;64.33333333333333;927.9333333333334;9.333333333333334;0.6666666666666666;7
83075;1989-08-23;11;24.2;16.7;3.6;1989;8;23;-23.43;-46.46;735;68.0;75.0;53.0;927.5;931.7;929.8;7;8;7;8.0;0.0;3.0;10.0;10.0;8.0;65.33333333333333;929.6666666666666;9.333333333333334;3.6666666666666665;7
83075;1989-08-24;0;29;15.5;9.4;1989;8;24;-23.43;-46.46;735;85.0;75.0;37.0;932.2;932.0;926.1;4;8;8;2.0;0.0;0.0;10.0;8.0;6.0;65.66666666666667;930.1;8.0;0.6666666666666666;4
83075;1989-08-25;0;27;16.7;1.3;1989;8;25;-23.43;-46.46;735;69.0;65.0;84.0;929.0;928.7;930.4;8;3;5;0.0;1.0;1.0;0.0;10.0;9.0;72.66666666666667;929.3666666666667;6.333333333333333;0.6666666666666666;3
83075;1989-08-26;17.9;22;14.3;1.5;1989;8;26;-23.43;-46.46;735;90.0;89.0;76.0;931.0;933.8;930.3;5;3;4;1.0;1.0;1.0;10.0;10.0;10.0;85.0;931.6999999999999;10.0;1.0;5
83075;1989-08-27;0;28.2;14.9;4.8;1989;8;27;-23.43;-46.46;735;86.0;83.0;88.0;932.2;932.3;930.7;8;8;5;0.0;0.0;5.0;9.0;10.0;10.0;85.66666666666667;931.7333333333332;9.666666666666666;1.6666666666666667;5
83075;1989-08-28;6.2;18;11.9;0;1989;8;28;-23.43;-46.46;735;86.0;87.0;80.0;933.9;938.8;938.2;8;4;4;0.0;2.0;4.0;10.0;10.0;10.0;84.33333333333333;936.9666666666666;10.0;2.0;4
83075;1989-08-29;0;20.6;11.3;7.1;1989;8;29;-23.43;-46.46;735;83.0;67.0;57.0;939.1;938.2;934.1;3;3;8;6.0;5.0;0.0;10.0;8.0;1.0;69.0;937.1333333333333;6.333333333333333;3.6666666666666665;3
83075;1989-08-30;0;26.2;12.1;9.6;1989;8;30;-23.43;-46.46;735;77.0;75.0;42.0;937.1;937.0;931.5;3;3;8;3.0;1.0;0.0;8.0;0.0;10.0;64.66666666666667;935.1999999999999;6.0;1.3333333333333333;3
83075;1989-08-31;0;28.6;13.3;9.5;1989;8;31;-23.43;-46.46;735;69.0;72.0;35.0;932.0;932.0;925.2;8;8;7;0.0;0.0;4.0;4.0;8.0;8.0;58.666666666666664;929.7333333333332;6.666666666666667;1.3333333333333333;7
83075;1989-09-01;6.6;26.2;18.2;0.2;1989;9;1;-23.43;-46.46;735;87.0;80.0;67.0;921.1;923.5;921.5;8;7;7;0.0;3.0;2.0;10.0;10.0;9.0;78.0;922.0333333333333;9.666666666666666;1.6666666666666667;7
83075;1989-09-02;61.4;22;17.5;0;1989;9;2;-23.43;-46.46;735;88.0;84.0;81.0;925.1;927.2;925.6;4;8;8;3.0;0.0;0.0;10.0;10.0;10.0;84.33333333333333;925.9666666666667;10.0;1.0;4
83075;1989-09-03;18.6;25.2;19.5;0.5;1989;9;3;-23.43;-46.46;735;91.0;86.0;90.0;923.8;923.6;922.4;8;8;4;0.0;0.0;5.0;10.0;10.0;10.0;89.0;923.2666666666668;10.0;1.6666666666666667;4
83075;1989-09-04;0;31.2;19.1;9;1989;9;4;-23.43;-46.46;735;81.0;84.0;49.0;928.1;929.3;924.3;3;8;6;1.0;0.0;1.0;10.0;10.0;5.0;71.33333333333333;927.2333333333332;8.333333333333334;0.6666666666666666;3
83075;1989-09-05;0;19;12.1;3.3;1989;9;5;-23.43;-46.46;735;82.0;76.0;78.0;936.8;936.8;935.0;3;4;3;1.0;2.0;5.0;5.0;9.0;10.0;78.66666666666667;936.1999999999999;8.0;2.6666666666666665;3
83075;1989-09-06;0;24.5;14.7;5.2;1989;9;6;-23.43;-46.46;735;85.0;79.0;55.0;929.7;931.7;928.3;8;7;6;0.0;1.0;3.0;5.0;9.0;10.0;73.0;929.9;8.0;1.3333333333333333;7
83075;1989-09-07;0;15.4;7.1;6.8;1989;9;7;-23.43;-46.46;735;87.0;82.0;52.0;940.1;941.1;938.2;4;8;4;1.0;0.0;3.0;8.0;10.0;8.0;73.66666666666667;939.8000000000001;8.666666666666666;1.3333333333333333;4
83075;1989-09-08;0;21.8;12.3;0.2;1989;9;8;-23.43;-46.46;735;90.0;83.0;62.0;934.9;933.9;929.2;3;8;8;1.0;0.0;0.0;10.0;10.0;9.0;78.33333333333333;932.6666666666666;9.666666666666666;0.3333333333333333;3
83075;1989-09-09;12.9;25.4;16.9;1.4;1989;9;9;-23.43;-46.46;735;91.0;85.0;59.0;928.1;929.3;925.0;8;4;6;0.0;2.0;4.0;8.0;9.0;10.0;78.33333333333333;927.4666666666667;9.0;2.0;4
83075;1989-09-10;0;18.6;15.1;0;1989;9;10;-23.43;-46.46;735;78.0;83.0;78.0;931.0;932.1;930.9;4;8;4;3.0;0.0;5.0;10.0;10.0;10.0;79.66666666666667;931.3333333333334;10.0;2.6666666666666665;4
83075;1989-09-11;0;26.6;17.5;0.6;1989;9;11;-23.43;-46.46;735;90.0;72.0;75.0;929.5;929.1;927.2;8;8;4;0.0;0.0;3.0;10.0;9.0;10.0;79.0;928.6;9.666666666666666;1.0;4
83075;1989-09-12;0;32;16.5;5.5;1989;9;12;-23.43;-46.46;735;77.0;69.0;47.0;928.8;928.3;923.0;4;2;4;1.0;1.0;4.0;9.0;10.0;10.0;64.33333333333333;926.6999999999999;9.666666666666666;2.0;4
83075;1989-09-13;40.3;27;17.7;3.1;1989;9;13;-23.43;-46.46;735;89.0;89.0;59.0;928.0;928.0;924.3;4;4;5;1.0;1.0;1.0;10.0;10.0;6.0;79.0;926.7666666666668;8.666666666666666;1.0;4
83075;1989-09-15;0.8;22.6;12.1;3.8;1989;9;15;-23.43;-46.46;735;69.0;72.0;51.0;927.4;929.6;927.3;8;8;7;0.0;0.0;3.0;10.0;10.0;5.0;64.0;928.1;8.333333333333334;1.0;7
83075;1989-09-16;0;18.6;11.7;4.1;1989;9;16;-23.43;-46.46;735;84.0;67.0;68.0;930.8;932.3;933.4;4;5;3;1.0;3.0;4.0;5.0;9.0;10.0;73.0;932.1666666666666;8.0;2.6666666666666665;4
83075;1989-09-17;0.1;16.8;9.7;3.4;1989;9;17;-23.43;-46.46;735;72.0;75.0;57.0;937.1;937.0;935.1;4;4;4;3.0;3.0;4.0;6.0;8.0;8.0;68.0;936.4;7.333333333333333;3.3333333333333335;4
83075;1989-09-18;0;19.8;10.5;4.9;1989;9;18;-23.43;-46.46;735;77.0;67.0;54.0;937.0;936.9;933.4;4;3;4;4.0;3.0;5.0;10.0;10.0;6.0;66.0;935.7666666666668;8.666666666666666;4.0;4
83075;1989-09-19;0;23.8;11.3;7.5;1989;9;19;-23.43;-46.46;735;80.0;70.0;50.0;935.7;935.5;930.4;5;3;4;3.0;3.0;3.0;10.0;8.0;0.0;66.66666666666667;933.8666666666667;6.0;3.0;5
83075;1989-09-20;0;23;12.7;3;1989;9;20;-23.43;-46.46;735;77.0;75.0;57.0;933.4;933.7;929.2;4;4;4;1.0;3.0;5.0;8.0;10.0;10.0;69.66666666666667;932.1;9.333333333333334;3.0;4
83075;1989-09-21;0;27.6;12.9;8.4;1989;9;21;-23.43;-46.46;735;79.0;72.0;55.0;932.4;932.1;926.5;3;3;5;2.0;5.0;4.0;10.0;1.0;5.0;68.66666666666667;930.3333333333334;5.333333333333333;3.6666666666666665;3
83075;1989-09-22;0;29.8;15.9;7.5;1989;9;22;-23.43;-46.46;735;82.0;74.0;36.0;931.0;931.5;925.4;3;4;7;2.0;1.0;1.0;10.0;8.0;8.0;64.0;929.3000000000001;8.666666666666666;1.3333333333333333;3
83075;1989-09-23;0;31.8;16.1;5.7;1989;9;23;-23.43;-46.46;735;86.0;62.0;33.0;929.3;929.3;923.5;8;8;0;0.0;0.0;4.0;10.0;6.0;9.0;60.333333333333336;927.3666666666667;8.333333333333334;1.3333333333333333;0
83075;1989-09-24;0;32.2;18.7;8.4;1989;9;24;-23.43;-46.46;735;61.0;41.0;31.0;926.6;926.2;921.0;8;8;7;0.0;0.0;4.0;10.0;10.0;10.0;44.333333333333336;924.6;10.0;1.3333333333333333;7
83075;1989-09-25;3.8;20;13.3;0;1989;9;25;-23.43;-46.46;735;83.0;78.0;87.0;930.0;935.1;934.4;3;4;4;1.0;3.0;3.0;10.0;10.0;10.0;82.66666666666667;933.1666666666666;10.0;2.3333333333333335;3
83075;1989-09-26;0.6;15.8;10.9;0;1989;9;26;-23.43;-46.46;735;81.0;85.0;85.0;935.8;936.9;934.1;5;8;4;3.0;0.0;3.0;10.0;10.0;10.0;83.66666666666667;935.5999999999999;10.0;2.0;5
83075;1989-09-27;2.4;20.2;11.9;1.5;1989;9;27;-23.43;-46.46;735;90.0;80.0;62.0;934.4;934.2;931.4;3;8;4;3.0;0.0;1.0;10.0;10.0;10.0;77.33333333333333;933.3333333333334;10.0;1.3333333333333333;3
83075;1989-09-28;0.3;18.2;13.7;0;1989;9;28;-23.43;-46.46;735;82.0;80.0;79.0;934.0;935.3;932.1;5;3;4;3.0;1.0;2.0;10.0;10.0;10.0;80.33333333333333;933.8000000000001;10.0;2.0;5
83075;1989-09-29;0.4;22.8;13.9;1.3;1989;9;29;-23.43;-46.46;735;83.0;86.0;61.0;934.5;934.6;931.4;3;8;4;2.0;0.0;1.0;10.0;10.0;10.0;76.66666666666667;933.5;10.0;1.0;3
83075;1989-09-30;0.3;19.4;13.7;1.8;1989;9;30;-23.43;-46.46;735;81.0;79.0;67.0;935.2;937.7;934.8;4;4;4;1.0;2.0;4.0;10.0;10.0;9.0;75.66666666666667;935.9;9.666666666666666;2.3333333333333335;4
83075;1989-10-01;57.6;28;17.5;0.5;1989;10;1;-23.43;-46.46;735;88.0;81.0;74.0;925.5;927.6;927.4;8;8;7;0.0;0.0;7.0;10.0;10.0;10.0;81.0;926.8333333333334;10.0;2.3333333333333335;7
83075;1989-10-03;5.4;26;17.1;7;1989;10;3;-23.43;-46.46;735;85.0;92.0;53.0;925.1;928.0;924.2;5;8;4;3.0;0.0;5.0;10.0;10.0;8.0;76.66666666666667;925.7666666666668;9.333333333333334;2.6666666666666665;5
83075;1989-10-04;0;31.2;19.5;9.9;1989;10;4;-23.43;-46.46;735;82.0;62.0;40.0;925.7;927.8;922.3;8;8;7;0.0;0.0;3.0;10.0;0.0;5.0;61.333333333333336;925.2666666666668;5.0;1.0;7
83075;1989-10-05;0;21.6;11.9;8.8;1989;10;5;-23.43;-46.46;735;81.0;78.0;47.0;937.3;938.5;934.3;3;3;4;3.0;2.0;3.0;9.0;6.0;4.0;68.66666666666667;936.6999999999999;6.333333333333333;2.6666666666666665;3
83075;1989-10-06;0;19.4;15.1;0;1989;10;6;-23.43;-46.46;735;82.0;86.0;84.0;930.7;933.6;933.6;8;8;4;0.0;0.0;2.0;9.0;10.0;10.0;84.0;932.6333333333333;9.666666666666666;0.6666666666666666;4
83075;1989-10-07;0;18.2;6.9;8.7;1989;10;7;-23.43;-46.46;735;80.0;82.0;40.0;940.5;941.2;937.3;8;3;4;0.0;1.0;3.0;5.0;1.0;1.0;67.33333333333333;939.6666666666666;2.3333333333333335;1.3333333333333333;3
83075;1989-10-08;0;22.2;13.3;6.7;1989;10;8;-23.43;-46.46;735;84.0;71.0;38.0;930.2;930.1;926.4;8;8;7;0.0;0.0;4.0;10.0;9.0;1.0;64.33333333333333;928.9000000000001;6.666666666666667;1.3333333333333333;7
83075;1989-10-09;26.6;26.4;16.5;1.7;1989;10;9;-23.43;-46.46;735;91.0;87.0;60.0;930.4;930.0;926.5;5;8;4;1.0;0.0;3.0;10.0;10.0;9.0;79.33333333333333;928.9666666666667;9.666666666666666;1.3333333333333333;5
83075;1989-10-10;0;25.8;13.9;6.9;1989;10;10;-23.43;-46.46;735;76.0;71.0;70.0;933.2;932.3;929.0;3;3;4;1.0;5.0;5.0;9.0;8.0;4.0;72.33333333333333;931.5;7.0;3.6666666666666665;3
83075;1989-10-11;4.3;26.6;17.1;1.6;1989;10;11;-23.43;-46.46;735;90.0;84.0;65.0;929.9;929.2;925.2;2;8;4;1.0;0.0;3.0;10.0;10.0;10.0;79.66666666666667;928.1;10.0;1.3333333333333333;2
83075;1989-10-13;0;22.4;13.7;8.2;1989;10;13;-23.43;-46.46;735;79.0;67.0;49.0;924.9;928.1;926.8;7;4;4;2.0;3.0;6.0;6.0;10.0;6.0;65.0;926.6;7.333333333333333;3.6666666666666665;7
83075;1989-10-14;0.4;18.8;11.9;4.4;1989;10;14;-23.43;-46.46;735;70.0;70.0;54.0;933.2;934.1;931.9;4;4;4;5.0;6.0;3.0;8.0;10.0;6.0;64.66666666666667;933.0666666666667;8.0;4.666666666666667;4
83075;1989-10-15;0;15.6;10.7;0;1989;10;15;-23.43;-46.46;735;77.0;77.0;87.0;934.0;933.6;931.3;8;3;4;0.0;1.0;1.0;1.0;10.0;10.0;80.33333333333333;932.9666666666666;7.0;0.6666666666666666;3
83075;1989-10-16;8.7;21.2;13.5;2.1;1989;10;16;-23.43;-46.46;735;93.0;83.0;71.0;932.7;932.5;929.1;8;8;4;0.0;0.0;3.0;10.0;10.0;10.0;82.33333333333333;931.4333333333334;10.0;1.0;4
83075;1989-10-17;0;26.4;12.9;6.7;1989;10;17;-23.43;-46.46;735;81.0;83.0;62.0;930.8;931.1;927.3;3;8;4;1.0;0.0;2.0;8.0;10.0;5.0;75.33333333333333;929.7333333333332;7.666666666666667;1.0;3
83075;1989-10-18;2.9;20.8;12.1;9.8;1989;10;18;-23.43;-46.46;735;83.0;64.0;58.0;933.1;934.9;933.0;4;3;4;3.0;2.0;7.0;9.0;8.0;8.0;68.33333333333333;933.6666666666666;8.333333333333334;4.0;4
83075;1989-10-19;0;21.8;12.1;6.8;1989;10;19;-23.43;-46.46;735;78.0;78.0;55.0;936.1;935.2;931.5;4;3;4;1.0;2.0;5.0;0.0;10.0;8.0;70.33333333333333;934.2666666666668;6.0;2.6666666666666665;4
83075;1989-10-20;0;22.4;12.3;;1989;10;20;-23.43;-46.46;735;81.0;67.0;62.0;934.3;934.1;930.9;3;3;4;1.0;4.0;4.0;8.0;6.0;6.0;70.0;933.1;6.666666666666667;3.0;3
83075;1989-10-21;0;19.6;14.7;0;1989;10;21;-23.43;-46.46;735;81.0;78.0;78.0;933.7;934.9;931.6;4;4;4;1.0;2.0;3.0;10.0;10.0;10.0;79.0;933.4;10.0;2.0;4
83075;1989-10-22;0;19;14.3;0;1989;10;22;-23.43;-46.46;735;85.0;84.0;89.0;933.9;933.8;932.6;4;4;4;7.0;1.0;3.0;10.0;10.0;10.0;86.0;933.4333333333333;10.0;3.6666666666666665;4
83075;1989-10-23;0;22.4;13.4;4.8;1989;10;23;-23.43;-46.46;735;85.0;71.0;60.0;932.9;934.3;931.5;3;3;4;5.0;2.0;5.0;10.0;10.0;10.0;72.0;932.9;10.0;4.0;3
83075;1989-10-24;0;27;14.9;7.2;1989;10;24;-23.43;-46.46;735;81.0;72.0;60.0;933.9;933.4;929.6;3;3;5;2.0;3.0;6.0;10.0;10.0;8.0;71.0;932.3000000000001;9.333333333333334;3.6666666666666665;3
83075;1989-10-25;0;32.6;16.4;10.1;1989;10;25;-23.43;-46.46;735;80.0;69.0;39.0;931.3;929.7;923.1;3;3;7;3.0;2.0;1.0;10.0;6.0;5.0;62.666666666666664;928.0333333333333;7.0;2.0;3
83075;1989-10-26;0;31.2;18.3;6.6;1989;10;26;-23.43;-46.46;735;64.0;58.0;55.0;925.7;928.0;923.3;8;3;8;0.0;2.0;0.0;1.0;9.0;10.0;59.0;925.6666666666666;6.666666666666667;0.6666666666666666;3
83075;1989-10-27;24.5;22.4;13.7;0;1989;10;27;-23.43;-46.46;735;83.0;80.0;85.0;928.0;929.4;932.5;5;6;5;3.0;2.0;3.0;10.0;10.0;10.0;82.66666666666667;929.9666666666667;10.0;2.6666666666666665;5
83075;1989-10-28;5;17.4;12.3;0;1989;10;28;-23.43;-46.46;735;94.0;75.0;68.0;935.8;936.0;934.3;4;4;4;3.0;3.0;3.0;10.0;10.0;10.0;79.0;935.3666666666667;10.0;3.0;4
83075;1989-10-29;0;25.4;12.9;6.7;1989;10;29;-23.43;-46.46;735;85.0;78.0;61.0;934.9;935.0;930.2;4;2;4;3.0;1.0;3.0;10.0;10.0;10.0;74.66666666666667;933.3666666666668;10.0;2.3333333333333335;4
83075;1989-10-30;0;30;14.7;7.4;1989;10;30;-23.43;-46.46;735;86.0;83.0;57.0;933.6;933.9;928.2;3;3;4;1.0;2.0;4.0;10.0;10.0;8.0;75.33333333333333;931.9;9.333333333333334;2.3333333333333335;3
83075;1989-10-31;0;29.4;14.9;6.8;1989;10;31;-23.43;-46.46;735;78.0;60.0;74.0;932.1;931.1;930.4;8;8;5;0.0;0.0;3.0;10.0;1.0;9.0;70.66666666666667;931.1999999999999;6.666666666666667;1.0;5
83075;1989-11-01;0.9;26.6;18.7;2.2;1989;11;1;-23.43;-46.46;735;87.0;84.0;66.0;930.5;931.4;927.7;8;8;4;0.0;0.0;3.0;10.0;10.0;9.0;79.0;929.8666666666668;9.666666666666666;1.0;4
83075;1989-11-02;19.1;25.6;16.9;1.3;1989;11;2;-23.43;-46.46;735;92.0;91.0;77.0;929.6;929.1;924.6;8;8;4;0.0;0.0;3.0;10.0;10.0;9.0;86.66666666666667;927.7666666666668;9.666666666666666;1.0;4
83075;1989-11-03;0;30;13.7;8.3;1989;11;3;-23.43;-46.46;735;79.0;80.0;47.0;926.6;929.3;922.7;4;6;8;1.0;1.0;0.0;0.0;10.0;5.0;68.66666666666667;926.2000000000002;5.0;0.6666666666666666;4
83075;1989-11-04;0;31.2;19.7;7.1;1989;11;4;-23.43;-46.46;735;70.0;57.0;46.0;923.7;925.3;920.4;8;8;0;0.0;0.0;3.0;0.0;0.0;9.0;57.666666666666664;923.1333333333333;3.0;1.0;0
83075;1989-11-05;0;22.6;11.9;7.7;1989;11;5;-23.43;-46.46;735;83.0;78.0;38.0;937.3;937.9;933.7;4;8;4;1.0;0.0;1.0;9.0;2.0;6.0;66.33333333333333;936.2999999999998;5.666666666666667;0.6666666666666666;4
83075;1989-11-06;3;16.2;12.7;0;1989;11;6;-23.43;-46.46;735;81.0;90.0;93.0;935.4;936.9;935.0;4;4;8;3.0;1.0;0.0;10.0;10.0;10.0;88.0;935.7666666666668;10.0;1.3333333333333333;4
83075;1989-11-07;0;17.6;8.9;6.2;1989;11;7;-23.43;-46.46;735;82.0;78.0;46.0;941.2;941.1;937.4;8;3;4;0.0;2.0;3.0;6.0;8.0;9.0;68.66666666666667;939.9000000000001;7.666666666666667;1.6666666666666667;3
83075;1989-11-08;0;21.2;9.7;8.2;1989;11;8;-23.43;-46.46;735;59.0;64.0;36.0;930.1;931.5;928.8;7;8;8;2.0;0.0;0.0;8.0;8.0;4.0;53.0;930.1333333333332;6.666666666666667;0.6666666666666666;7
83075;1989-11-09;0;31.2;16.5;8.6;1989;11;9;-23.43;-46.46;735;90.0;73.0;38.0;930.6;927.6;920.9;5;8;7;2.0;0.0;1.0;5.0;8.0;5.0;67.0;926.3666666666667;6.0;1.0;5
83075;1989-11-10;0;25.2;10.7;0.1;1989;11;10;-23.43;-46.46;735;83.0;77.0;81.0;929.9;929.3;925.6;8;8;5;0.0;0.0;3.0;8.0;9.0;10.0;80.33333333333333;928.2666666666665;9.0;1.0;5
83075;1989-11-11;9.2;27.6;16.9;4.5;1989;11;11;-23.43;-46.46;735;89.0;76.0;83.0;928.2;926.2;924.3;3;4;4;2.0;2.0;2.0;10.0;9.0;10.0;82.66666666666667;926.2333333333332;9.666666666666666;2.0;3
83075;1989-11-12;13.3;29.7;19.1;3.1;1989;11;12;-23.43;-46.46;735;90.0;73.0;68.0;925.1;923.9;919.9;4;1;4;1.0;1.0;1.0;10.0;9.0;9.0;77.0;922.9666666666667;9.333333333333334;1.0;4
83075;1989-11-13;13.4;26.8;17.3;11.3;1989;11;13;-23.43;-46.46;735;87.0;61.0;43.0;919.9;920.5;917.6;7;7;0;3.0;3.0;5.0;9.0;5.0;1.0;63.666666666666664;919.3333333333334;5.0;3.6666666666666665;7
83075;1989-11-14;0;24.2;13.1;8.7;1989;11;14;-23.43;-46.46;735;56.0;55.0;56.0;921.7;925.1;924.9;8;6;4;0.0;1.0;5.0;1.0;2.0;8.0;55.666666666666664;923.9000000000001;3.6666666666666665;2.0;6
83075;1989-11-15;0;25.4;13.9;9.7;1989;11;15;-23.43;-46.46;735;80.0;69.0;55.0;929.1;930.9;927.0;4;1;4;3.0;1.0;3.0;9.0;10.0;6.0;68.0;929.0;8.333333333333334;2.3333333333333335;4
83075;1989-11-16;0;29.2;14.7;8.1;1989;11;16;-23.43;-46.46;735;89.0;63.0;64.0;931.1;930.0;926.5;3;3;4;3.0;2.0;4.0;9.0;6.0;10.0;72.0;929.1999999999999;8.333333333333334;3.0;3
83075;1989-11-17;0;25;17.1;2.7;1989;11;17;-23.43;-46.46;735;83.0;70.0;83.0;930.8;930.2;930.3;5;4;5;1.0;1.0;3.0;10.0;9.0;10.0;78.66666666666667;930.4333333333334;9.666666666666666;1.6666666666666667;5
83075;1989-11-18;0;24.8;17.9;0;1989;11;18;-23.43;-46.46;735;87.0;69.0;71.0;932.2;932.2;928.7;3;4;4;3.0;3.0;1.0;8.0;10.0;10.0;75.66666666666667;931.0333333333334;9.333333333333334;2.3333333333333335;3
83075;1989-11-20;40.7;28.8;18.7;4.4;1989;11;20;-23.43;-46.46;735;91.0;69.0;61.0;929.1;928.7;924.6;8;8;7;0.0;0.0;1.0;10.0;9.0;8.0;73.66666666666667;927.4666666666667;9.0;0.3333333333333333;7
83075;1989-11-21;12;24;18.7;1.7;1989;11;21;-23.43;-46.46;735;89.0;89.0;82.0;927.8;930.8;928.0;8;7;8;0.0;4.0;0.0;6.0;10.0;10.0;86.66666666666667;928.8666666666667;8.666666666666666;1.3333333333333333;7
83075;1989-11-22;4.5;29;18.3;6.9;1989;11;22;-23.43;-46.46;735;89.0;70.0;65.0;930.5;931.1;925.9;8;8;0;0.0;0.0;1.0;2.0;8.0;6.0;74.66666666666667;929.1666666666666;5.333333333333333;0.3333333333333333;0
83075;1989-11-23;0.1;31.2;20.7;5.9;1989;11;23;-23.43;-46.46;735;81.0;68.0;89.0;929.5;928.6;923.1;8;7;8;0.0;2.0;0.0;10.0;8.0;8.0;79.33333333333333;927.0666666666666;8.666666666666666;0.6666666666666666;7
83075;1989-11-24;0.3;32;21.3;10.5;1989;11;24;-23.43;-46.46;735;84.0;59.0;47.0;926.2;924.8;917.9;8;3;6;0.0;4.0;5.0;10.0;9.0;8.0;63.333333333333336;922.9666666666667;9.0;3.0;3
83075;1989-11-25;3.4;24.8;16.7;6.9;1989;11;25;-23.43;-46.46;735;80.0;55.0;58.0;921.4;925.5;924.2;6;4;4;1.0;3.0;1.0;6.0;9.0;8.0;64.33333333333333;923.7000000000002;7.666666666666667;1.6666666666666667;6
83075;1989-11-26;0;27.8;12.7;11.8;1989;11;26;-23.43;-46.46;735;78.0;60.0;38.0;927.1;929.3;924.7;4;4;4;3.0;4.0;2.0;0.0;6.0;4.0;58.666666666666664;927.0333333333334;3.3333333333333335;3.0;4
83075;1989-11-27;0;31.6;14.1;8.2;1989;11;27;-23.43;-46.46;735;74.0;71.0;45.0;928.0;928.4;923.6;8;4;4;0.0;1.0;3.0;0.0;1.0;9.0;63.333333333333336;926.6666666666666;3.3333333333333335;1.3333333333333333;4
83075;1989-11-28;19.7;26.1;16.6;3.4;1989;11;28;-23.43;-46.46;735;90.0;74.0;67.0;931.4;930.3;926.6;8;3;4;0.0;2.0;3.0;10.0;10.0;10.0;77.0;929.4333333333333;10.0;1.6666666666666667;3
83075;1989-11-29;0;22.4;18.3;0;1989;11;29;-23.43;-46.46;735;82.0;78.0;77.0;929.2;929.0;927.4;3;5;4;3.0;3.0;1.0;10.0;10.0;10.0;79.0;928.5333333333333;10.0;2.3333333333333335;3
83075;1989-11-30;0;24;16.1;0.9;1989;11;30;-23.43;-46.46;735;82.0;77.0;67.0;929.4;929.5;927.4;3;7;4;3.0;4.0;5.0;10.0;10.0;9.0;75.33333333333333;928.7666666666668;9.666666666666666;4.0;3
83075;1989-12-01;5.3;25.6;19;0;1989;12;1;-23.43;-46.46;735;93.0;83.0;74.0;930.6;930.4;926.8;3;8;7;1.0;0.0;2.0;10.0;10.0;10.0;83.33333333333333;929.2666666666668;10.0;1.0;3
83075;1989-12-02;44.6;28.4;19.5;1.1;1989;12;2;-23.43;-46.46;735;94.0;83.0;64.0;927.8;929.0;924.8;8;0;7;0.0;4.0;3.0;10.0;10.0;10.0;80.33333333333333;927.1999999999999;10.0;2.3333333333333335;0
83075;1989-12-03;0;31.4;16.9;6.9;1989;12;3;-23.43;-46.46;735;82.0;84.0;42.0;926.4;926.6;922.2;4;8;8;1.0;0.0;0.0;10.0;6.0;5.0;69.33333333333333;925.0666666666666;7.0;0.3333333333333333;4
83075;1989-12-04;42.7;28;18.5;3.1;1989;12;4;-23.43;-46.46;735;93.0;83.0;60.0;926.5;929.0;923.9;4;8;6;1.0;0.0;3.0;6.0;9.0;8.0;78.66666666666667;926.4666666666667;7.666666666666667;1.3333333333333333;4
83075;1989-12-05;0;23.2;11.5;7.9;1989;12;5;-23.43;-46.46;735;84.0;81.0;43.0;936.5;938.4;933.7;4;4;3;1.0;3.0;3.0;0.0;5.0;6.0;69.33333333333333;936.2000000000002;3.6666666666666665;2.3333333333333335;4
83075;1989-12-06;23.6;16.4;11.2;0.1;1989;12;6;-23.43;-46.46;735;91.0;80.0;66.0;937.0;938.0;935.4;3;4;3;1.0;4.0;5.0;10.0;10.0;9.0;79.0;936.8000000000001;9.666666666666666;3.3333333333333335;3
83075;1989-12-07;0;18.8;9.3;4.6;1989;12;7;-23.43;-46.46;735;85.0;78.0;46.0;939.8;940.1;935.3;4;5;4;3.0;2.0;1.0;10.0;10.0;8.0;69.66666666666667;938.4;9.333333333333334;2.0;4
83075;1989-12-08;0.3;16.6;10.9;2.9;1989;12;8;-23.43;-46.46;735;81.0;74.0;64.0;934.9;936.8;935.7;5;4;4;4.0;3.0;3.0;10.0;8.0;8.0;73.0;935.7999999999998;8.666666666666666;3.3333333333333335;5
83075;1989-12-10;0.7;25.2;17.1;2.3;1989;12;10;-23.43;-46.46;735;89.0;79.0;64.0;927.6;926.6;922.1;8;7;7;0.0;4.0;4.0;10.0;10.0;10.0;77.33333333333333;925.4333333333334;10.0;2.6666666666666665;7
83075;1989-12-11;6.4;22.6;17.6;0;1989;12;11;-23.43;-46.46;735;95.0;80.0;88.0;924.3;920.9;918.7;8;7;7;0.0;3.0;4.0;10.0;10.0;10.0;87.66666666666667;921.2999999999998;10.0;2.3333333333333335;7
83075;1989-12-12;0;29.6;19.5;2.2;1989;12;12;-23.43;-46.46;735;85.0;73.0;93.0;924.7;924.3;920.5;8;7;4;0.0;1.0;4.0;10.0;10.0;10.0;83.66666666666667;923.1666666666666;10.0;1.6666666666666667;7
83075;1989-12-13;1.2;28.4;20.5;2.5;1989;12;13;-23.43;-46.46;735;83.0;76.0;69.0;923.8;923.2;921.5;4;8;4;1.0;0.0;3.0;10.0;10.0;9.0;76.0;922.8333333333334;9.666666666666666;1.3333333333333333;4
83075;1989-12-14;0.1;25;20.5;0;1989;12;14;-23.43;-46.46;735;85.0;88.0;78.0;924.9;926.1;924.0;4;7;4;1.0;2.0;4.0;10.0;10.0;10.0;83.66666666666667;925.0;10.0;2.3333333333333335;4
83075;1989-12-15;9.6;24.8;19.7;2.7;1989;12;15;-23.43;-46.46;735;93.0;90.0;72.0;925.5;926.6;925.0;8;4;4;0.0;1.0;5.0;10.0;10.0;10.0;85.0;925.6999999999999;10.0;2.0;4
83075;1989-12-16;16.9;27;18.5;6.8;1989;12;16;-23.43;-46.46;735;95.0;75.0;63.0;927.9;925.6;921.6;4;3;4;3.0;3.0;5.0;6.0;6.0;8.0;77.66666666666667;925.0333333333333;6.666666666666667;3.6666666666666665;4
83075;1989-12-17;0;32;19.5;8.6;1989;12;17;-23.43;-46.46;735;84.0;63.0;49.0;923.5;922.8;919.6;8;8;0;0.0;0.0;1.0;6.0;2.0;10.0;65.33333333333333;921.9666666666667;6.0;0.3333333333333333;0
83075;1989-12-18;0;29.2;19.5;6.4;1989;12;18;-23.43;-46.46;735;66.0;55.0;54.0;920.6;922.0;921.1;8;6;5;0.0;1.0;1.0;2.0;9.0;8.0;58.333333333333336;921.2333333333332;6.333333333333333;0.6666666666666666;6
83075;1989-12-19;12.7;21.6;16.5;0;1989;12;19;-23.43;-46.46;735;81.0;93.0;91.0;924.8;928.1;927.2;3;4;4;2.0;2.0;1.0;10.0;10.0;10.0;88.33333333333333;926.7000000000002;10.0;1.6666666666666667;3
83075;1989-12-20;5.2;21;14.3;3;1989;12;20;-23.43;-46.46;735;91.0;88.0;59.0;928.9;928.1;927.1;4;4;4;1.0;3.0;3.0;10.0;10.0;10.0;79.33333333333333;928.0333333333333;10.0;2.3333333333333335;4
83075;1989-12-21;0;25.6;13.5;7;1989;12;21;-23.43;-46.46;735;79.0;70.0;49.0;929.1;928.7;925.8;4;3;8;3.0;3.0;0.0;8.0;8.0;4.0;66.0;927.8666666666668;6.666666666666667;2.0;4
83075;1989-12-22;0;29.8;14.7;6.6;1989;12;22;-23.43;-46.46;735;75.0;70.0;37.0;928.0;930.4;926.4;8;8;5;0.0;0.0;1.0;10.0;10.0;8.0;60.666666666666664;928.2666666666668;9.333333333333334;0.3333333333333333;5
83075;1989-12-23;0;28.8;17.5;11;1989;12;23;-23.43;-46.46;735;68.0;58.0;77.0;929.5;930.9;928.0;8;4;4;0.0;1.0;3.0;9.0;10.0;6.0;67.66666666666667;929.4666666666667;8.333333333333334;1.3333333333333333;4
83075;1989-12-24;0;26.6;16.5;7.1;1989;12;24;-23.43;-46.46;735;82.0;69.0;55.0;930.6;933.1;928.7;6;4;4;1.0;1.0;3.0;1.0;9.0;10.0;68.66666666666667;930.8000000000001;6.666666666666667;1.6666666666666667;6
83075;1989-12-25;0;27.4;16.1;5.7;1989;12;25;-23.43;-46.46;735;78.0;71.0;59.0;930.6;931.8;928.1;4;8;8;1.0;0.0;0.0;9.0;9.0;8.0;69.33333333333333;930.1666666666666;8.666666666666666;0.3333333333333333;4
83075;1989-12-26;0;26.6;17.7;1.2;1989;12;26;-23.43;-46.46;735;76.0;73.0;81.0;930.5;932.2;929.5;3;3;4;1.0;1.0;4.0;8.0;10.0;10.0;76.66666666666667;930.7333333333332;9.333333333333334;2.0;3
83075;1989-12-27;48.2;23.6;17.5;0.2;1989;12;27;-23.43;-46.46;735;93.0;84.0;86.0;932.1;931.9;929.5;8;3;3;0.0;1.0;1.0;10.0;10.0;10.0;87.66666666666667;931.1666666666666;10.0;0.6666666666666666;3
83075;1989-12-28;11.6;22.6;18.3;0;1989;12;28;-23.43;-46.46;735;91.0;87.0;87.0;929.9;928.6;926.6;8;4;8;0.0;2.0;0.0;10.0;10.0;10.0;88.33333333333333;928.3666666666667;10.0;0.6666666666666666;4
83075;1989-12-29;8.9;23;18.5;0;1989;12;29;-23.43;-46.46;735;90.0;81.0;70.0;927.0;927.7;924.9;4;8;8;1.0;0.0;0.0;10.0;10.0;10.0;80.33333333333333;926.5333333333333;10.0;0.3333333333333333;4
83075;1989-12-31;27.3;28.4;19.7;3.5;1989;12;31;-23.43;-46.46;735;80.0;79.0;61.0;925.5;927.4;924.1;8;7;7;0.0;5.0;3.0;9.0;10.0;9.0;73.33333333333333;925.6666666666666;9.333333333333334;2.6666666666666665;7
83075;1990-01-01;4.5;27.6;20.1;2.4;1990;1;1;-23.43;-46.46;735;85.0;90.0;69.0;926.1;927.9;923.8;8;7;0;0.0;1.0;3.0;9.0;10.0;10.0;81.33333333333333;925.9333333333334;9.666666666666666;1.3333333333333333;7
83075;1990-01-02;0;31.6;20.1;5.5;1990;1;2;-23.43;-46.46;735;68.0;72.0;77.0;927.8;931.8;929.2;3;3;3;3.0;3.0;5.0;5.0;8.0;10.0;72.33333333333333;929.6;7.666666666666667;3.6666666666666665;3
83075;1990-01-03;6.6;31;17.5;8.8;1990;1;3;-23.43;-46.46;735;89.0;78.0;46.0;930.5;932.9;928.9;8;8;0;0.0;0.0;1.0;10.0;9.0;9.0;71.0;930.7666666666668;9.333333333333334;0.3333333333333333;0
83075;1990-01-04;0;27.6;17.9;5.5;1990;1;4;-23.43;-46.46;735;77.0;87.0;58.0;930.2;933.1;928.6;4;3;4;1.0;1.0;3.0;8.0;10.0;8.0;74.0;930.6333333333333;8.666666666666666;1.6666666666666667;4
83075;1990-01-05;17;20;14.7;1.8;1990;1;5;-23.43;-46.46;735;86.0;78.0;73.0;930.4;931.9;928.9;4;4;3;1.0;1.0;4.0;10.0;9.0;9.0;79.0;930.4;9.333333333333334;2.0;4
83075;1990-01-06;0;26.8;15.9;3.4;1990;1;6;-23.43;-46.46;735;69.0;72.0;50.0;932.0;934.9;931.0;8;3;7;0.0;1.0;1.0;10.0;10.0;10.0;63.666666666666664;932.6333333333333;10.0;0.6666666666666666;3
83075;1990-01-07;0;21.2;12.1;2.6;1990;1;7;-23.43;-46.46;735;83.0;83.0;60.0;937.8;937.3;934.1;4;8;4;3.0;0.0;1.0;10.0;10.0;6.0;75.33333333333333;936.4;8.666666666666666;1.3333333333333333;4
83075;1990-01-08;0;15;5.6;2.2;1990;1;8;-23.43;-46.46;735;84.0;77.0;61.0;941.6;941.2;938.0;4;4;4;1.0;1.0;2.0;8.0;4.0;10.0;74.0;940.2666666666668;7.333333333333333;1.3333333333333333;4
83075;1990-01-09;0;24.6;13.5;;1990;1;9;-23.43;-46.46;735;76.0;77.0;86.0;932.1;929.3;926.9;8;8;7;0.0;0.0;1.0;8.0;8.0;10.0;79.66666666666667;929.4333333333334;8.666666666666666;0.3333333333333333;7
83075;1990-01-11;0;32.8;21.5;6.2;1990;1;11;-23.43;-46.46;735;66.0;52.0;40.0;925.7;926.0;921.7;8;8;6;0.0;0.0;2.0;8.0;2.0;9.0;52.666666666666664;924.4666666666667;6.333333333333333;0.6666666666666666;6
83075;1990-01-12;0;31.4;17.7;9.7;1990;1;12;-23.43;-46.46;735;83.0;70.0;47.0;930.7;930.0;926.3;3;8;4;1.0;0.0;4.0;0.0;10.0;8.0;66.66666666666667;929.0;6.0;1.6666666666666667;3
83075;1990-01-14;10.1;33;20.7;8.5;1990;1;14;-23.43;-46.46;735;73.0;60.0;47.0;928.7;928.7;924.3;8;3;4;0.0;3.0;1.0;10.0;9.0;6.0;60.0;927.2333333333332;8.333333333333334;1.3333333333333333;3
83075;1990-01-15;1.5;31.2;21.1;6;1990;1;15;-23.43;-46.46;735;75.0;67.0;81.0;926.2;926.9;924.8;8;2;4;0.0;3.0;3.0;9.0;5.0;10.0;74.33333333333333;925.9666666666666;8.0;2.0;2
83075;1990-01-16;35;32.8;18.9;7.7;1990;1;16;-23.43;-46.46;735;84.0;80.0;41.0;926.6;927.7;921.0;3;8;6;1.0;0.0;1.0;10.0;9.0;6.0;68.33333333333333;925.1;8.333333333333334;0.6666666666666666;3
83075;1990-01-17;0;33.8;20.5;8.8;1990;1;17;-23.43;-46.46;735;70.0;74.0;37.0;922.9;925.0;920.4;8;8;7;0.0;0.0;3.0;5.0;10.0;5.0;60.333333333333336;922.7666666666668;6.666666666666667;1.0;7
83075;1990-01-18;0;33.8;22.5;7.5;1990;1;18;-23.43;-46.46;735;60.0;55.0;66.0;923.5;926.6;922.2;4;8;6;1.0;0.0;5.0;9.0;4.0;9.0;60.333333333333336;924.1;7.333333333333333;2.0;4
83075;1990-01-19;0;27.8;20.7;1.9;1990;1;19;-23.43;-46.46;735;78.0;79.0;63.0;926.7;930.4;927.7;4;4;4;1.0;3.0;5.0;6.0;10.0;9.0;73.33333333333333;928.2666666666668;8.333333333333334;3.0;4
83075;1990-01-20;0.2;32.2;20.1;9.1;1990;1;20;-23.43;-46.46;735;83.0;70.0;40.0;929.9;929.1;923.4;4;8;5;3.0;0.0;1.0;10.0;10.0;10.0;64.33333333333333;927.4666666666667;10.0;1.3333333333333333;4
83075;1990-01-21;0;32.2;20.1;3.3;1990;1;21;-23.43;-46.46;735;80.0;68.0;81.0;926.0;926.2;926.0;4;8;6;1.0;0.0;1.0;4.0;4.0;10.0;76.33333333333333;926.0666666666666;6.0;0.6666666666666666;4
83075;1990-01-22;31.4;32.2;18.1;6.6;1990;1;22;-23.43;-46.46;735;87.0;79.0;43.0;928.0;927.8;922.0;8;8;7;0.0;0.0;5.0;10.0;9.0;8.0;69.66666666666667;925.9333333333334;9.0;1.6666666666666667;7
83075;1990-01-23;38.2;30.6;18.9;7;1990;1;23;-23.43;-46.46;735;88.0;73.0;50.0;927.1;927.0;917.5;8;8;7;0.0;0.0;4.0;10.0;6.0;8.0;70.33333333333333;923.8666666666667;8.0;1.3333333333333333;7
83075;1990-01-24;0;32.2;19.1;9.7;1990;1;24;-23.43;-46.46;735;84.0;64.0;47.0;926.6;926.9;923.0;4;8;7;1.0;0.0;3.0;10.0;6.0;8.0;65.0;925.5;8.0;1.3333333333333333;4
83075;1990-01-25;0;33.4;21.1;8.4;1990;1;25;-23.43;-46.46;735;66.0;62.0;44.0;923.5;926.6;923.3;7;8;0;2.0;0.0;4.0;6.0;8.0;8.0;57.333333333333336;924.4666666666666;7.333333333333333;2.0;7
83075;1990-01-26;0;32;20.7;3.4;1990;1;26;-23.43;-46.46;735;82.0;72.0;49.0;927.4;929.9;926.1;8;8;4;0.0;0.0;1.0;10.0;10.0;5.0;67.66666666666667;927.8000000000001;8.333333333333334;0.3333333333333333;4
83075;1990-01-27;0;30;21.1;7.2;1990;1;27;-23.43;-46.46;735;75.0;72.0;60.0;928.6;931.1;927.2;3;3;4;1.0;3.0;1.0;6.0;10.0;6.0;69.0;928.9666666666667;7.333333333333333;1.6666666666666667;3
83075;1990-01-28;0;31.2;19.5;6.8;1990;1;28;-23.43;-46.46;735;76.0;69.0;44.0;928.7;929.2;926.4;3;8;4;1.0;0.0;5.0;5.0;10.0;8.0;63.0;928.1;7.666666666666667;2.0;3
83075;1990-01-29;1;33.2;19.3;10.9;1990;1;29;-23.43;-46.46;735;78.0;64.0;38.0;927.6;928.8;925.2;4;1;3;1.0;2.0;1.0;6.0;0.0;4.0;60.0;927.2000000000002;3.3333333333333335;1.3333333333333333;4
83075;1990-01-30;0;33.2;20.5;10.4;1990;1;30;-23.43;-46.46;735;68.0;55.0;41.0;927.0;929.6;926.1;4;8;8;2.0;0.0;0.0;0.0;0.0;5.0;54.666666666666664;927.5666666666666;1.6666666666666667;0.6666666666666666;4
83075;1990-01-31;0;33.6;21.1;7.3;1990;1;31;-23.43;-46.46;735;65.0;66.0;23.0;927.8;931.2;925.9;3;8;3;1.0;0.0;3.0;10.0;10.0;10.0;51.333333333333336;928.3000000000001;10.0;1.3333333333333333;3
83075;1990-02-01;33.6;24;19.1;0.2;1990;2;1;-23.43;-46.46;735;93.0;83.0;85.0;926.4;926.9;924.5;3;7;8;1.0;2.0;0.0;10.0;10.0;10.0;87.0;925.9333333333334;10.0;1.0;3
83075;1990-02-02;11.3;30.2;18.7;8.2;1990;2;2;-23.43;-46.46;735;81.0;72.0;30.0;932.9;932.8;928.8;3;8;4;3.0;0.0;3.0;10.0;9.0;5.0;61.0;931.5;8.0;2.0;3
83075;1990-02-03;0;31.2;17.9;6.5;1990;2;3;-23.43;-46.46;735;81.0;74.0;60.0;932.1;933.9;928.9;3;8;8;1.0;0.0;0.0;4.0;0.0;6.0;71.66666666666667;931.6333333333333;3.3333333333333335;0.3333333333333333;3
83075;1990-02-04;0;31;17.5;10.2;1990;2;4;-23.43;-46.46;735;79.0;72.0;43.0;931.3;931.3;925.1;3;8;7;1.0;0.0;3.0;2.0;0.0;5.0;64.66666666666667;929.2333333333332;2.3333333333333335;1.3333333333333333;3
83075;1990-02-05;15.2;21.8;14.1;1.7;1990;2;5;-23.43;-46.46;735;84.0;79.0;68.0;930.5;930.3;927.1;4;8;4;1.0;0.0;3.0;10.0;10.0;8.0;77.0;929.3000000000001;9.333333333333334;1.3333333333333333;4
83075;1990-02-06;0;25.4;16.3;3.4;1990;2;6;-23.43;-46.46;735;76.0;82.0;55.0;933.4;936.1;932.5;8;3;8;0.0;3.0;0.0;5.0;10.0;10.0;71.0;934.0;8.333333333333334;1.0;3
83075;1990-02-07;0;23.6;13.9;6.5;1990;2;7;-23.43;-46.46;735;85.0;81.0;59.0;936.2;937.6;932.8;8;3;8;0.0;3.0;0.0;10.0;10.0;8.0;75.0;935.5333333333334;9.333333333333334;1.0;3
83075;1990-02-08;0;21;9.6;5.5;1990;2;8;-23.43;-46.46;735;78.0;71.0;55.0;940.4;938.3;935.4;4;3;3;1.0;1.0;1.0;10.0;10.0;10.0;68.0;938.0333333333333;10.0;1.0;4
83075;1990-02-09;14.9;18.8;12.7;;1990;2;9;-23.43;-46.46;735;79.0;85.0;84.0;930.1;935.5;935.5;7;4;4;3.0;1.0;3.0;9.0;10.0;10.0;82.66666666666667;933.6999999999999;9.666666666666666;2.3333333333333335;7
83075;1990-02-10;1.6;27.2;15.5;6.1;1990;2;10;-23.43;-46.46;735;88.0;82.0;52.0;934.0;934.5;929.6;8;3;7;0.0;1.0;1.0;10.0;6.0;8.0;74.0;932.6999999999999;8.0;0.6666666666666666;3
83075;1990-02-11;1.4;27.4;18.3;2.7;1990;2;11;-23.43;-46.46;735;79.0;83.0;64.0;929.1;930.6;926.4;4;8;5;2.0;0.0;5.0;10.0;10.0;8.0;75.33333333333333;928.6999999999999;9.333333333333334;2.3333333333333335;4
83075;1990-02-12;0;31.8;19.1;7.9;1990;2;12;-23.43;-46.46;735;75.0;61.0;64.0;929.4;929.7;925.3;4;8;8;3.0;0.0;0.0;8.0;10.0;9.0;66.66666666666667;928.1333333333332;9.0;1.0;4
83075;1990-02-13;2.7;30.8;20.7;5.2;1990;2;13;-23.43;-46.46;735;89.0;77.0;57.0;926.1;927.2;921.7;8;8;7;0.0;0.0;5.0;10.0;10.0;8.0;74.33333333333333;925.0;9.333333333333334;1.6666666666666667;7
83075;1990-02-14;13.6;29;19.9;1.6;1990;2;14;-23.43;-46.46;735;90.0;76.0;60.0;925.1;924.9;921.4;8;6;7;0.0;1.0;3.0;10.0;10.0;9.0;75.33333333333333;923.8000000000001;9.666666666666666;1.3333333333333333;6
83075;1990-02-15;2.1;30.6;19.9;7.4;1990;2;15;-23.43;-46.46;735;88.0;80.0;77.0;923.5;923.8;921.1;5;7;8;1.0;3.0;0.0;10.0;10.0;8.0;81.66666666666667;922.8000000000001;9.333333333333334;1.3333333333333333;5
83075;1990-02-16;32.1;31.8;18.9;9.9;1990;2;16;-23.43;-46.46;735;86.0;74.0;44.0;922.2;923.4;918.2;4;8;7;1.0;0.0;2.0;10.0;4.0;6.0;68.0;921.2666666666668;6.666666666666667;1.0;4
83075;1990-02-17;0;31.2;20.9;11.4;1990;2;17;-23.43;-46.46;735;81.0;63.0;39.0;922.9;923.2;920.9;3;0;3;1.0;1.0;3.0;5.0;1.0;5.0;61.0;922.3333333333334;3.6666666666666665;1.6666666666666667;3
83075;1990-02-18;0;31;18.7;9.5;1990;2;18;-23.43;-46.46;735;81.0;72.0;49.0;923.8;927.3;923.8;7;8;7;1.0;0.0;1.0;6.0;5.0;8.0;67.33333333333333;924.9666666666666;6.333333333333333;0.6666666666666666;7
83075;1990-02-19;0;25.2;19;6.8;1990;2;19;-23.43;-46.46;735;81.0;57.0;60.0;928.3;932.1;931.3;3;3;4;1.0;2.0;5.0;9.0;6.0;9.0;66.0;930.5666666666666;8.0;2.6666666666666665;3
83075;1990-02-20;0;27.6;16.7;6.6;1990;2;20;-23.43;-46.46;735;80.0;78.0;52.0;933.2;934.1;928.7;3;3;8;2.0;3.0;0.0;1.0;9.0;9.0;70.0;932.0;6.333333333333333;1.6666666666666667;3
83075;1990-02-21;0;31.6;18.3;10.2;1990;2;21;-23.43;-46.46;735;83.0;68.0;45.0;931.1;930.2;924.7;5;8;7;2.0;0.0;2.0;10.0;0.0;5.0;65.33333333333333;928.6666666666666;5.0;1.3333333333333333;5
83075;1990-02-22;0;31.2;19.5;5;1990;2;22;-23.43;-46.46;735;60.0;70.0;74.0;925.8;928.4;923.6;8;8;5;0.0;0.0;5.0;0.0;8.0;9.0;68.0;925.9333333333333;5.666666666666667;1.6666666666666667;5
83075;1990-02-23;37.6;23.6;18.7;0.5;1990;2;23;-23.43;-46.46;735;91.0;88.0;81.0;926.8;926.1;922.4;8;8;6;0.0;0.0;3.0;5.0;10.0;10.0;86.66666666666667;925.1;8.333333333333334;1.0;6
83075;1990-02-24;6.6;29.8;19.1;8;1990;2;24;-23.43;-46.46;735;88.0;81.0;53.0;924.2;924.5;920.4;8;7;7;0.0;2.0;4.0;8.0;9.0;6.0;74.0;923.0333333333333;7.666666666666667;2.0;7
83075;1990-02-25;3.5;26.6;18.9;2.1;1990;2;25;-23.43;-46.46;735;79.0;86.0;68.0;922.9;926.5;922.1;8;6;1;0.0;1.0;5.0;9.0;10.0;8.0;77.66666666666667;923.8333333333334;9.0;2.0;6
83075;1990-02-26;0.2;29;19.3;4.7;1990;2;26;-23.43;-46.46;735;80.0;75.0;67.0;923.5;924.7;921.4;8;7;7;0.0;2.0;3.0;8.0;9.0;9.0;74.0;923.1999999999999;8.666666666666666;1.6666666666666667;7
83075;1990-02-27;2.5;27.6;19.1;4;1990;2;27;-23.43;-46.46;735;79.0;76.0;52.0;924.3;926.1;923.6;8;7;7;0.0;3.0;3.0;8.0;8.0;9.0;69.0;924.6666666666666;8.333333333333334;2.0;7
83075;1990-02-28;6.3;22.8;18.7;0;1990;2;28;-23.43;-46.46;735;88.0;90.0;90.0;926.4;928.5;927.9;5;3;8;1.0;1.0;0.0;10.0;10.0;10.0;89.33333333333333;927.6;10.0;0.6666666666666666;5
83075;1990-03-01;18.9;21.4;17.9;0;1990;3;1;-23.43;-46.46;735;90.0;90.0;82.0;925.9;928.0;926.7;7;8;4;1.0;0.0;3.0;6.0;10.0;10.0;87.33333333333333;926.8666666666668;8.666666666666666;1.3333333333333333;7
83075;1990-03-02;0;30.2;21.1;5.6;1990;3;2;-23.43;-46.46;735;77.0;65.0;41.0;930.8;932.6;928.5;3;3;4;5.0;1.0;1.0;6.0;9.0;10.0;61.0;930.6333333333333;8.333333333333334;2.3333333333333335;3
83075;1990-03-03;26.2;29.4;17.5;5.4;1990;3;3;-23.43;-46.46;735;86.0;91.0;59.0;934.5;934.6;930.0;8;0;4;0.0;1.0;1.0;9.0;10.0;10.0;78.66666666666667;933.0333333333333;9.666666666666666;0.6666666666666666;0
83075;1990-03-04;0;28;19.5;3.4;1990;3;4;-23.43;-46.46;735;66.0;80.0;65.0;926.6;928.6;924.6;8;8;4;0.0;0.0;5.0;5.0;10.0;10.0;70.33333333333333;926.6;8.333333333333334;1.6666666666666667;4
83075;1990-03-05;0;22.8;14.1;6;1990;3;5;-23.43;-46.46;735;81.0;77.0;57.0;929.6;930.8;927.8;3;8;4;1.0;0.0;4.0;8.0;1.0;8.0;71.66666666666667;929.4;5.666666666666667;1.6666666666666667;3
83075;1990-03-06;0;24.2;14.7;2.6;1990;3;6;-23.43;-46.46;735;83.0;90.0;64.0;936.3;937.7;933.0;4;4;3;1.0;3.0;1.0;10.0;10.0;9.0;79.0;935.6666666666666;9.666666666666666;1.6666666666666667;4
83075;1990-03-07;0;25.6;14.5;7.3;1990;3;7;-23.43;-46.46;735;88.0;83.0;44.0;936.5;937.1;931.7;4;3;8;2.0;1.0;0.0;10.0;10.0;2.0;71.66666666666667;935.1;7.333333333333333;1.0;4
83075;1990-03-08;0;22.8;11.9;5.8;1990;3;8;-23.43;-46.46;735;88.0;82.0;36.0;938.5;939.2;934.2;4;8;5;1.0;0.0;2.0;10.0;10.0;1.0;68.66666666666667;937.3000000000001;7.0;1.0;4
83075;1990-03-09;0;16.4;11.7;;1990;3;9;-23.43;-46.46;735;84.0;78.0;69.0;938.5;940.2;938.5;4;3;4;1.0;3.0;1.0;8.0;10.0;10.0;77.0;939.0666666666666;9.333333333333334;1.6666666666666667;4
83075;1990-03-10;1.4;22.6;16.9;0.2;1990;3;10;-23.43;-46.46;735;87.0;83.0;78.0;934.0;935.8;932.9;3;3;4;2.0;3.0;4.0;10.0;10.0;10.0;82.66666666666667;934.2333333333332;10.0;3.0;3
83075;1990-03-11;0;32.6;19.5;7.5;1990;3;11;-23.43;-46.46;735;82.0;70.0;44.0;928.8;929.2;922.1;4;2;6;1.0;4.0;1.0;10.0;6.0;8.0;65.33333333333333;926.6999999999999;8.0;2.0;4
83075;1990-03-12;0;31.2;18.5;7.6;1990;3;12;-23.43;-46.46;735;81.0;56.0;62.0;929.4;929.2;927.7;8;8;3;0.0;0.0;3.0;6.0;8.0;8.0;66.33333333333333;928.7666666666668;7.333333333333333;1.0;3
83075;1990-03-13;0;32.8;20.1;8.3;1990;3;13;-23.43;-46.46;735;75.0;72.0;57.0;927.1;928.1;923.0;8;8;4;0.0;0.0;3.0;5.0;6.0;8.0;68.0;926.0666666666666;6.333333333333333;1.0;4
83075;1990-03-14;0.1;34;19.5;9.1;1990;3;14;-23.43;-46.46;735;71.0;67.0;32.0;925.0;925.8;920.5;8;8;7;0.0;0.0;3.0;1.0;8.0;6.0;56.666666666666664;923.7666666666668;5.0;1.0;7
83075;1990-03-15;3;32.4;20.7;7.6;1990;3;15;-23.43;-46.46;735;72.0;66.0;48.0;923.1;928.0;921.7;8;8;7;0.0;0.0;2.0;1.0;10.0;9.0;62.0;924.2666666666668;6.666666666666667;0.6666666666666666;7
83075;1990-03-16;0;32.4;21.5;5.2;1990;3;16;-23.43;-46.46;735;74.0;75.0;79.0;923.8;927.6;922.0;8;4;8;0.0;1.0;0.0;1.0;10.0;8.0;76.0;924.4666666666667;6.333333333333333;0.3333333333333333;4
83075;1990-03-17;0;30.4;20.5;5.8;1990;3;17;-23.43;-46.46;735;71.0;79.0;59.0;926.4;930.0;926.0;8;8;4;0.0;0.0;6.0;8.0;6.0;9.0;69.66666666666667;927.4666666666667;7.666666666666667;2.0;4
83075;1990-03-18;0;30.8;20.1;6.9;1990;3;18;-23.43;-46.46;735;81.0;72.0;66.0;929.5;929.9;926.8;3;8;7;3.0;0.0;1.0;8.0;6.0;10.0;73.0;928.7333333333332;8.0;1.3333333333333333;3
83075;1990-03-19;43.3;24.2;18.7;0;1990;3;19;-23.43;-46.46;735;85.0;94.0;78.0;929.5;932.5;931.3;8;8;4;0.0;0.0;1.0;8.0;10.0;10.0;85.66666666666667;931.1;9.333333333333334;0.3333333333333333;4
83075;1990-03-20;6.3;22.8;18.7;0;1990;3;20;-23.43;-46.46;735;88.0;86.0;82.0;932.9;933.6;930.5;8;4;8;0.0;1.0;0.0;10.0;10.0;10.0;85.33333333333333;932.3333333333334;10.0;0.3333333333333333;4
83075;1990-03-21;2.1;24.8;19.1;0.2;1990;3;21;-23.43;-46.46;735;87.0;85.0;81.0;931.6;931.7;927.4;4;8;8;1.0;0.0;0.0;9.0;10.0;10.0;84.33333333333333;930.2333333333335;9.666666666666666;0.3333333333333333;4
83075;1990-03-23;10.2;24.6;18.3;1.7;1990;3;23;-23.43;-46.46;735;91.0;84.0;78.0;929.0;927.7;924.4;8;8;7;0.0;0.0;3.0;10.0;10.0;10.0;84.33333333333333;927.0333333333333;10.0;1.0;7
83075;1990-03-24;5.9;28.2;18.7;4.7;1990;3;24;-23.43;-46.46;735;90.0;87.0;57.0;926.0;926.0;923.0;8;8;7;0.0;0.0;1.0;4.0;10.0;6.0;78.0;925.0;6.666666666666667;0.3333333333333333;7
83075;1990-03-25;0;28.6;19.5;9.6;1990;3;25;-23.43;-46.46;735;78.0;74.0;51.0;924.7;928.8;925.2;8;8;7;0.0;0.0;1.0;9.0;9.0;9.0;67.66666666666667;926.2333333333332;9.0;0.3333333333333333;7
83075;1990-03-26;0;27.2;18.9;5.1;1990;3;26;-23.43;-46.46;735;83.0;73.0;63.0;929.7;931.0;925.0;4;8;8;1.0;0.0;0.0;10.0;9.0;8.0;73.0;928.5666666666666;9.0;0.3333333333333333;4
83075;1990-03-27;1.4;26;19.9;0.1;1990;3;27;-23.43;-46.46;735;88.0;78.0;64.0;927.6;927.5;924.2;3;8;7;1.0;0.0;3.0;9.0;10.0;10.0;76.66666666666667;926.4333333333334;9.666666666666666;1.3333333333333333;3
83075;1990-03-29;0;30.4;20.5;6.5;1990;3;29;-23.43;-46.46;735;85.0;73.0;50.0;930.3;932.5;928.1;4;8;5;1.0;0.0;3.0;8.0;4.0;6.0;69.33333333333333;930.3000000000001;6.0;1.3333333333333333;4
83075;1990-03-30;0;31;19.9;8.1;1990;3;30;-23.43;-46.46;735;85.0;75.0;40.0;931.0;932.6;926.3;4;8;4;1.0;0.0;1.0;6.0;6.0;10.0;66.66666666666667;929.9666666666666;7.333333333333333;0.6666666666666666;4
83075;1990-03-31;0;31.8;18.5;7.9;1990;3;31;-23.43;-46.46;735;82.0;78.0;50.0;929.7;930.9;925.2;8;4;4;0.0;1.0;5.0;9.0;8.0;6.0;70.0;928.6;7.666666666666667;2.0;4
83075;1990-04-01;2.7;23;17.1;0;1990;4;1;-23.43;-46.46;735;90.0;83.0;86.0;929.3;929.2;929.0;4;4;4;1.0;1.0;3.0;10.0;10.0;10.0;86.33333333333333;929.1666666666666;10.0;1.6666666666666667;4
83075;1990-04-02;0;31.2;17.5;11.3;1990;4;2;-23.43;-46.46;735;68.0;68.0;62.0;930.2;932.7;928.3;3;3;4;1.0;1.0;5.0;9.0;9.0;1.0;66.0;930.4;6.333333333333333;2.3333333333333335;3
83075;1990-04-03;0;31;18.9;8.1;1990;4;3;-23.43;-46.46;735;79.0;74.0;50.0;932.6;932.0;925.0;4;3;7;1.0;1.4;1.0;8.0;8.0;6.0;67.66666666666667;929.8666666666667;7.333333333333333;1.1333333333333333;4
83075;1990-04-04;0;31.6;19.2;8.4;1990;4;4;-23.43;-46.46;735;84.0;78.0;43.0;929.3;930.2;923.1;3;8;7;2.0;0.0;4.0;10.0;8.0;8.0;68.33333333333333;927.5333333333333;8.666666666666666;2.0;3
83075;1990-04-05;0;22.8;14.3;4.9;1990;4;5;-23.43;-46.46;735;83.0;76.0;60.0;931.5;932.2;928.7;5;4;4;2.0;2.0;3.0;10.0;6.0;9.0;73.0;930.8000000000001;8.333333333333334;2.3333333333333335;5
83075;1990-04-06;0;26.8;14.5;8.8;1990;4;6;-23.43;-46.46;735;81.0;83.0;46.0;936.0;936.8;930.3;8;8;7;0.0;0.0;2.0;6.0;1.0;4.0;70.0;934.3666666666667;3.6666666666666665;0.6666666666666666;7
83075;1990-04-07;0;27;13.1;5.8;1990;4;7;-23.43;-46.46;735;88.0;92.0;44.0;934.8;935.6;929.5;4;3;8;1.0;2.0;0.0;8.0;10.0;2.0;74.66666666666667;933.3000000000001;6.666666666666667;1.0;4
83075;1990-04-08;0;23.4;9.1;9.2;1990;4;8;-23.43;-46.46;735;71.0;75.0;32.0;936.6;938.9;934.1;8;8;4;0.0;0.0;2.0;0.0;0.0;1.0;59.333333333333336;936.5333333333333;0.3333333333333333;0.6666666666666666;4
83075;1990-04-09;0;19.8;13.1;;1990;4;9;-23.43;-46.46;735;78.0;79.0;70.0;939.9;939.5;936.3;4;4;4;4.0;3.0;3.0;10.0;10.0;10.0;75.66666666666667;938.5666666666666;10.0;3.3333333333333335;4
83075;1990-04-10;0;27.8;16.9;5.1;1990;4;10;-23.43;-46.46;735;86.0;74.0;59.0;935.6;935.0;929.7;4;3;8;1.0;1.0;0.0;10.0;6.0;10.0;73.0;933.4333333333334;8.666666666666666;0.6666666666666666;4
83075;1990-04-11;0.3;32.8;20.1;3.5;1990;4;11;-23.43;-46.46;735;86.0;69.0;47.0;925.9;924.2;918.5;4;7;7;1.0;2.0;3.0;10.0;9.0;6.0;67.33333333333333;922.8666666666667;8.333333333333334;2.0;4
83075;1990-04-12;0;24.8;18.3;0;1990;4;12;-23.43;-46.46;735;76.0;70.0;65.0;932.4;934.2;931.2;4;4;4;3.0;3.0;3.0;9.0;9.0;10.0;70.33333333333333;932.6;9.333333333333334;3.0;4
83075;1990-04-13;0;30.4;18.3;6;1990;4;13;-23.43;-46.46;735;81.0;83.0;46.0;930.1;931.8;925.2;3;8;8;1.0;0.0;0.0;10.0;9.0;8.0;70.0;929.0333333333334;9.0;0.3333333333333333;3
83075;1990-04-14;0;30.6;18.9;6.9;1990;4;14;-23.43;-46.46;735;65.0;67.0;45.0;927.3;928.7;923.2;8;8;7;0.0;0.0;4.0;8.0;6.0;5.0;59.0;926.4;6.333333333333333;1.3333333333333333;7
83075;1990-04-15;13.3;29.8;19.1;7.8;1990;4;15;-23.43;-46.46;735;83.0;82.0;61.0;929.0;931.6;924.4;4;8;4;1.0;0.0;1.0;10.0;8.0;5.0;75.33333333333333;928.3333333333334;7.666666666666667;0.6666666666666666;4
83075;1990-04-16;12;28.2;20.1;4.1;1990;4;16;-23.43;-46.46;735;74.0;76.0;52.0;927.7;928.6;923.6;8;6;8;0.0;1.0;0.0;9.0;10.0;9.0;67.33333333333333;926.6333333333333;9.333333333333334;0.3333333333333333;6
83075;1990-04-17;0;27.2;18.7;2.1;1990;4;17;-23.43;-46.46;735;73.0;67.0;59.0;926.6;928.0;924.4;8;7;3;0.0;5.0;4.0;0.0;9.0;9.0;66.33333333333333;926.3333333333334;6.0;3.0;7
83075;1990-04-18;1.8;22.2;16.1;0;1990;4;18;-23.43;-46.46;735;78.0;75.0;90.0;929.2;931.7;933.3;7;8;4;3.0;0.0;5.0;8.0;10.0;10.0;81.0;931.4;9.333333333333334;2.6666666666666665;7
83075;1990-04-19;33;19.8;14.7;0;1990;4;19;-23.43;-46.46;735;90.0;94.0;90.0;936.1;937.4;935.4;4;8;3;2.0;0.0;1.0;10.0;10.0;10.0;91.33333333333333;936.3000000000001;10.0;1.0;4
83075;1990-04-20;6.6;23.4;15.3;0;1990;4;20;-23.43;-46.46;735;90.0;84.0;85.0;936.4;935.9;933.0;4;3;4;4.0;1.0;3.0;10.0;10.0;10.0;86.33333333333333;935.1;10.0;2.6666666666666665;4
83075;1990-04-21;4.4;25.8;17.3;4.7;1990;4;21;-23.43;-46.46;735;89.0;83.0;61.0;934.4;933.7;929.1;4;4;4;3.0;2.0;1.0;10.0;9.0;8.0;77.66666666666667;932.4;9.0;2.0;4
83075;1990-04-22;0;29.4;18.3;7.6;1990;4;22;-23.43;-46.46;735;87.0;84.0;51.0;932.1;933.2;927.1;4;8;8;3.0;0.0;0.0;8.0;10.0;6.0;74.0;930.8000000000001;8.0;1.0;4
83075;1990-04-23;0;30.8;17.5;10;1990;4;23;-23.43;-46.46;735;75.0;75.0;46.0;930.0;932.8;927.0;8;8;3;0.0;0.0;2.0;5.0;0.0;5.0;65.33333333333333;929.9333333333334;3.3333333333333335;0.6666666666666666;3
83075;1990-04-26;0;29.6;17.9;10;1990;4;26;-23.43;-46.46;735;80.0;63.0;48.0;927.3;928.9;922.9;8;8;3;0.0;0.0;5.0;9.0;2.0;4.0;63.666666666666664;926.3666666666667;5.0;1.6666666666666667;3
83075;1990-04-27;0;30;18.5;9.8;1990;4;27;-23.43;-46.46;735;74.0;68.0;46.0;925.3;928.6;923.1;8;8;7;0.0;0.0;3.0;1.0;2.0;2.0;62.666666666666664;925.6666666666666;1.6666666666666667;1.0;7
83075;1990-04-28;0;30.7;18.1;8.4;1990;4;28;-23.43;-46.46;735;73.0;75.0;42.0;925.5;928.8;921.7;8;3;0;0.0;1.0;1.0;0.0;9.0;6.0;63.333333333333336;925.3333333333334;5.0;0.6666666666666666;3
83075;1990-04-29;0;29.4;19.3;3.4;1990;4;29;-23.43;-46.46;735;66.0;57.0;53.0;924.6;927.0;923.5;8;8;6;0.0;0.0;3.0;2.0;6.0;10.0;58.666666666666664;925.0333333333333;6.0;1.0;6
83075;1990-04-30;9.9;24.4;16.7;0.1;1990;4;30;-23.43;-46.46;735;72.0;92.0;88.0;925.3;928.0;928.3;8;4;4;0.0;2.0;2.0;0.0;10.0;10.0;84.0;927.1999999999999;6.666666666666667;1.3333333333333333;4
83075;1990-05-01;14.9;26.6;17.9;1.3;1990;5;1;-23.43;-46.46;735;94.0;84.0;83.0;930.8;930.3;927.6;8;3;4;0.0;1.0;2.0;10.0;10.0;9.0;87.0;929.5666666666666;9.666666666666666;1.0;3
83075;1990-05-02;0;30;18.5;9.7;1990;5;2;-23.43;-46.46;735;76.0;67.0;61.0;932.3;933.7;928.6;4;3;4;3.0;3.0;5.0;1.0;2.0;9.0;68.0;931.5333333333333;4.0;3.6666666666666665;4
83075;1990-05-03;13.6;32;19.3;10.4;1990;5;3;-23.43;-46.46;735;86.0;75.0;47.0;930.3;930.0;924.7;6;8;7;1.0;0.0;1.0;1.0;1.0;4.0;69.33333333333333;928.3333333333334;2.0;0.6666666666666666;6
83075;1990-05-04;0;32.8;21.3;8.8;1990;5;4;-23.43;-46.46;735;80.0;74.0;43.0;926.9;929.8;923.1;3;8;7;1.0;0.0;3.0;6.0;5.0;9.0;65.66666666666667;926.5999999999999;6.666666666666667;1.3333333333333333;3
83075;1990-05-05;0;22.6;14.3;3.9;1990;5;5;-23.43;-46.46;735;84.0;80.0;63.0;931.6;932.5;928.7;4;4;4;1.0;2.0;2.0;9.0;10.0;10.0;75.66666666666667;930.9333333333334;9.666666666666666;1.6666666666666667;4
83075;1990-05-06;0;27;15.3;8.4;1990;5;6;-23.43;-46.46;735;72.0;66.0;42.0;932.5;933.8;928.2;8;8;7;0.0;0.0;4.0;4.0;6.0;3.0;60.0;931.5;4.333333333333333;1.3333333333333333;7
83075;1990-05-07;15.4;22.2;13.3;3.8;1990;5;7;-23.43;-46.46;735;88.0;83.0;59.0;933.6;934.0;931.7;4;3;2;6.0;3.0;3.0;10.0;9.0;6.0;76.66666666666667;933.1;8.333333333333334;4.0;4
83075;1990-05-08;0;18.6;9.9;5.5;1990;5;8;-23.43;-46.46;735;63.0;83.0;63.0;938.0;940.1;937.5;8;8;4;0.0;0.0;1.0;0.0;8.0;9.0;69.66666666666667;938.5333333333333;5.666666666666667;0.3333333333333333;4
83075;1990-05-09;0.9;24.6;14.7;;1990;5;9;-23.43;-46.46;735;85.0;75.0;57.0;937.6;935.2;931.6;3;8;4;2.0;0.0;3.0;10.0;9.0;10.0;72.33333333333333;934.8000000000001;9.666666666666666;1.6666666666666667;3
83075;1990-05-10;0.9;29.6;15.1;6.3;1990;5;10;-23.43;-46.46;735;75.0;81.0;44.0;933.2;933.7;928.5;3;8;8;2.0;0.0;0.0;1.0;4.0;6.0;66.66666666666667;931.8000000000001;3.6666666666666665;0.6666666666666666;3
83075;1990-05-11;11.3;22.8;16.3;0;1990;5;11;-23.43;-46.46;735;83.0;85.0;91.0;925.4;931.3;931.4;0;4;4;3.0;2.0;3.0;6.0;10.0;10.0;86.33333333333333;929.3666666666667;8.666666666666666;2.6666666666666665;0
83075;1990-05-12;0;31;19.5;7.4;1990;5;12;-23.43;-46.46;735;81.0;72.0;60.0;933.1;932.0;928.6;4;4;5;2.0;1.0;7.0;10.0;4.0;10.0;71.0;931.2333333333332;8.0;3.3333333333333335;4
83075;1990-05-13;0;21;14.5;1.7;1990;5;13;-23.43;-46.46;735;84.0;78.0;64.0;935.2;935.4;931.9;3;4;4;3.0;3.0;1.0;9.0;10.0;8.0;75.33333333333333;934.1666666666666;9.0;2.3333333333333335;3
83075;1990-05-14;0;25.2;13.1;5.5;1990;5;14;-23.43;-46.46;735;87.0;87.0;60.0;933.9;934.2;929.3;3;4;8;1.0;1.0;0.0;6.0;10.0;6.0;78.0;932.4666666666666;7.333333333333333;0.6666666666666666;3
83075;1990-05-15;0;23.6;14.9;0.1;1990;5;15;-23.43;-46.46;735;86.0;86.0;80.0;931.8;931.3;929.1;8;8;7;0.0;0.0;2.0;10.0;10.0;10.0;84.0;930.7333333333332;10.0;0.6666666666666666;7
83075;1990-05-16;5.2;19.8;17.1;0;1990;5;16;-23.43;-46.46;735;89.0;88.0;87.0;930.7;933.4;931.3;8;8;3;0.0;0.0;1.0;9.0;10.0;10.0;88.0;931.7999999999998;9.666666666666666;0.3333333333333333;3
83075;1990-05-17;0.6;25.4;16.5;3.7;1990;5;17;-23.43;-46.46;735;87.0;83.0;68.0;932.7;929.1;924.5;8;7;7;0.0;3.0;2.0;10.0;9.0;9.0;79.33333333333333;928.7666666666668;9.333333333333334;1.6666666666666667;7
83075;1990-05-18;14.3;17.4;9.9;9.1;1990;5;18;-23.43;-46.46;735;86.0;65.0;35.0;928.5;931.7;929.9;8;7;7;0.0;5.0;7.0;9.0;9.0;4.0;62.0;930.0333333333333;7.333333333333333;4.0;7
83075;1990-05-19;0;19.7;5.2;7;1990;5;19;-23.43;-46.46;735;53.0;64.0;54.0;934.1;935.6;933.8;6;0;5;7.0;1.0;2.0;6.0;0.0;9.0;57.0;934.5;5.0;3.3333333333333335;6
83075;1990-05-20;0;20.7;8.1;8.4;1990;5;20;-23.43;-46.46;735;84.0;77.0;52.0;936.8;936.5;933.2;4;0;2;1.0;1.0;3.0;2.0;9.0;8.0;71.0;935.5;6.333333333333333;1.6666666666666667;4
83075;1990-05-21;0;22.4;11.1;8.6;1990;5;21;-23.43;-46.46;735;84.0;78.0;35.0;936.5;934.7;929.2;4;8;0;1.0;0.0;3.0;9.0;9.0;1.0;65.66666666666667;933.4666666666667;6.333333333333333;1.3333333333333333;4
83075;1990-05-22;0;16.8;9.3;6.5;1990;5;22;-23.43;-46.46;735;63.0;67.0;49.0;932.8;936.2;934.5;7;4;4;1.0;2.0;1.0;0.0;8.0;8.0;59.666666666666664;934.5;5.333333333333333;1.3333333333333333;7
83075;1990-05-24;0;22.4;7.7;6.4;1990;5;24;-23.43;-46.46;735;87.0;88.0;58.0;938.3;938.8;935.1;8;8;3;0.0;0.0;1.0;10.0;10.0;0.0;77.66666666666667;937.4;6.666666666666667;0.3333333333333333;3
83075;1990-05-26;0;25.2;10.5;8.6;1990;5;26;-23.43;-46.46;735;80.0;85.0;47.0;936.9;935.8;932.5;8;8;7;0.0;0.0;1.0;4.0;10.0;9.0;70.66666666666667;935.0666666666666;7.666666666666667;0.3333333333333333;7
83075;1990-05-27;0;26.6;11.5;9.1;1990;5;27;-23.43;-46.46;735;80.0;75.0;45.0;934.6;935.8;931.3;4;8;7;1.0;0.0;3.0;4.0;10.0;5.0;66.66666666666667;933.9;6.333333333333333;1.3333333333333333;4
83075;1990-05-28;0;27.6;12.9;7;1990;5;28;-23.43;-46.46;735;75.0;76.0;43.0;934.8;936.4;932.2;8;8;7;0.0;0.0;1.0;2.0;9.0;5.0;64.66666666666667;934.4666666666666;5.333333333333333;0.3333333333333333;7
83075;1990-05-29;0;26.4;14.5;4.3;1990;5;29;-23.43;-46.46;735;83.0;76.0;52.0;934.6;936.6;932.1;5;4;8;1.0;1.0;0.0;6.0;10.0;10.0;70.33333333333333;934.4333333333334;8.666666666666666;0.6666666666666666;5
83075;1990-05-31;0;27.6;15.3;8.3;1990;5;31;-23.43;-46.46;735;69.0;74.0;46.0;932.9;934.5;929.5;8;4;0;0.0;1.0;3.0;4.0;5.0;9.0;63.0;932.3000000000001;6.0;1.3333333333333333;4
83075;1990-06-02;1.1;29.6;18.3;6.4;1990;6;2;-23.43;-46.46;735;70.0;70.0;62.0;932.1;932.6;929.3;3;3;4;2.0;3.0;3.0;10.0;2.0;8.0;67.33333333333333;931.3333333333334;6.666666666666667;2.6666666666666665;3
83075;1990-06-03;29.1;29.2;17.3;3.2;1990;6;3;-23.43;-46.46;735;91.0;96.0;58.0;925.7;930.7;926.6;8;8;7;0.0;0.0;3.0;5.0;10.0;2.0;81.66666666666667;927.6666666666666;5.666666666666667;1.0;7
83075;1990-06-04;0;33;19.9;7.5;1990;6;4;-23.43;-46.46;735;73.0;74.0;43.0;928.6;930.5;923.3;2;4;8;1.0;1.0;0.0;4.0;9.0;10.0;63.333333333333336;927.4666666666666;7.666666666666667;0.6666666666666666;2
83075;1990-06-05;0;23.6;15.9;2.1;1990;6;5;-23.43;-46.46;735;83.0;84.0;71.0;931.1;932.2;929.2;3;3;5;1.0;1.0;1.0;10.0;10.0;6.0;79.33333333333333;930.8333333333334;8.666666666666666;1.0;3
83075;1990-06-06;0;25.8;18.3;2.3;1990;6;6;-23.43;-46.46;735;69.0;71.0;51.0;930.7;933.2;930.7;8;8;7;0.0;0.0;1.0;0.0;9.0;9.0;63.666666666666664;931.5333333333334;6.0;0.3333333333333333;7
83075;1990-06-07;3.5;21.8;11.3;6.4;1990;6;7;-23.43;-46.46;735;77.0;85.0;53.0;934.7;935.9;932.2;8;3;4;0.0;1.0;4.0;9.0;8.0;9.0;71.66666666666667;934.2666666666668;8.666666666666666;1.6666666666666667;3
83075;1990-06-08;0;21.4;10.9;6.2;1990;6;8;-23.43;-46.46;735;85.0;73.0;34.0;939.7;942.5;937.3;3;3;4;1.0;1.0;5.0;6.0;9.0;10.0;64.0;939.8333333333334;8.333333333333334;2.3333333333333335;3
83075;1990-06-09;0.4;23.6;13.7;;1990;6;9;-23.43;-46.46;735;87.0;83.0;65.0;934.5;935.0;930.9;4;4;5;4.0;1.0;3.0;10.0;10.0;3.0;78.33333333333333;933.4666666666667;7.666666666666667;2.6666666666666665;4
83075;1990-06-10;0;29.6;16.3;9.4;1990;6;10;-23.43;-46.46;735;78.0;63.0;31.0;932.7;932.8;926.5;4;8;4;1.0;0.0;1.0;4.0;8.0;8.0;57.333333333333336;930.6666666666666;6.666666666666667;0.6666666666666666;4
83075;1990-06-11;3.3;18.2;14.9;0;1990;6;11;-23.43;-46.46;735;90.0;85.0;86.0;934.8;936.3;934.2;4;3;4;2.0;4.0;3.0;10.0;10.0;10.0;87.0;935.1;10.0;3.0;4
83075;1990-06-12;0;32.8;18.7;8.9;1990;6;12;-23.43;-46.46;735;78.0;64.0;40.0;930.0;930.1;921.9;4;8;8;1.0;0.0;0.0;0.0;1.0;8.0;60.666666666666664;927.3333333333334;3.0;0.3333333333333333;4
83075;1990-06-13;0;21.8;10.5;6.1;1990;6;13;-23.43;-46.46;735;87.0;89.0;53.0;939.4;939.4;934.2;8;4;3;0.0;3.0;2.0;5.0;10.0;9.0;76.33333333333333;937.6666666666666;8.0;1.6666666666666667;4
83075;1990-06-14;0;24.6;11.1;7.4;1990;6;14;-23.43;-46.46;735;83.0;71.0;49.0;935.2;933.6;930.0;8;8;7;0.0;0.0;1.0;8.0;8.0;6.0;67.66666666666667;932.9333333333334;7.333333333333333;0.3333333333333333;7
83075;1990-06-15;9.1;21.2;13.1;8.9;1990;6;15;-23.43;-46.46;735;86.0;77.0;55.0;933.9;933.9;932.1;8;7;7;0.0;4.0;3.0;10.0;2.0;4.0;72.66666666666667;933.3000000000001;5.333333333333333;2.3333333333333335;7
83075;1990-06-16;0;18.2;12.3;1.8;1990;6;16;-23.43;-46.46;735;85.0;84.0;70.0;935.3;938.1;936.0;3;4;4;1.0;1.0;6.0;10.0;10.0;10.0;79.66666666666667;936.4666666666667;10.0;2.6666666666666665;3
83075;1990-06-17;0;18.2;10.3;3.1;1990;6;17;-23.43;-46.46;735;86.0;80.0;66.0;938.6;939.8;936.4;4;3;4;1.0;4.0;1.0;10.0;9.0;9.0;77.33333333333333;938.2666666666668;9.333333333333334;2.0;4
83075;1990-06-18;0;19.2;10.1;5.5;1990;6;18;-23.43;-46.46;735;80.0;78.0;65.0;938.9;939.4;934.9;3;4;4;3.0;3.0;1.0;10.0;10.0;0.0;74.33333333333333;937.7333333333332;6.666666666666667;2.3333333333333335;3
83075;1990-06-19;0;24.4;11.5;5.6;1990;6;19;-23.43;-46.46;735;95.0;89.0;51.0;937.5;938.3;933.9;3;8;8;2.0;0.0;0.0;10.0;10.0;9.0;78.33333333333333;936.5666666666666;9.666666666666666;0.6666666666666666;3
83075;1990-06-20;0;25;11.9;5.7;1990;6;20;-23.43;-46.46;735;81.0;87.0;44.0;935.9;936.7;930.2;8;8;7;0.0;0.0;2.0;0.0;5.0;8.0;70.66666666666667;934.2666666666668;4.333333333333333;0.6666666666666666;7
83075;1990-06-21;9;19.6;11.9;6.7;1990;6;21;-23.43;-46.46;735;65.0;73.0;46.0;930.6;932.9;930.9;7;7;7;2.0;4.0;5.0;8.0;8.0;6.0;61.333333333333336;931.4666666666667;7.333333333333333;3.6666666666666665;7
83075;1990-06-22;0;17.2;7.9;9;1990;6;22;-23.43;-46.46;735;65.0;70.0;36.0;934.2;934.0;931.0;7;7;7;3.0;4.0;5.0;0.0;1.0;0.0;57.0;933.0666666666666;0.3333333333333333;4.0;7
83075;1990-06-23;0;21;5.6;8.7;1990;6;23;-23.43;-46.46;735;74.0;69.0;40.0;933.4;934.6;930.5;6;8;8;1.0;0.0;0.0;0.0;0.0;10.0;61.0;932.8333333333334;3.3333333333333335;0.3333333333333333;6
83075;1990-06-24;0;24;4.2;8;1990;6;24;-23.43;-46.46;735;68.0;80.0;33.0;934.1;936.8;931.3;8;8;5;0.0;0.0;2.0;0.0;0.0;0.0;60.333333333333336;934.0666666666666;0.0;0.6666666666666666;5
83075;1990-06-26;0.2;20.8;12.5;1.6;1990;6;26;-23.43;-46.46;735;71.0;71.0;61.0;933.1;935.0;933.8;8;0;5;0.0;1.0;1.0;8.0;10.0;9.0;67.66666666666667;933.9666666666666;9.0;0.6666666666666666;0
83075;1990-06-27;0;21;12.9;6.4;1990;6;27;-23.43;-46.46;735;86.0;83.0;37.0;937.3;938.0;933.7;5;3;4;1.0;2.0;1.0;9.0;9.0;0.0;68.66666666666667;936.3333333333334;6.0;1.3333333333333333;5
83075;1990-06-28;0;22;13.3;6.5;1990;6;28;-23.43;-46.46;735;82.0;82.0;55.0;936.6;937.3;933.5;4;3;8;3.0;4.0;0.0;10.0;10.0;10.0;73.0;935.8000000000001;10.0;2.3333333333333335;4
83075;1990-06-29;0;16.8;11.5;1.3;1990;6;29;-23.43;-46.46;735;89.0;86.0;76.0;935.9;938.9;936.8;3;8;3;1.0;0.0;2.0;10.0;10.0;2.0;83.66666666666667;937.1999999999999;7.333333333333333;1.0;3
83075;1990-06-30;0;21.4;10.9;3.6;1990;6;30;-23.43;-46.46;735;89.0;93.0;63.0;938.3;938.3;934.4;3;4;3;1.0;1.0;1.0;10.0;10.0;8.0;81.66666666666667;937.0;9.333333333333334;1.0;3
83075;1990-07-01;15.8;30.6;18.5;7.2;1990;7;1;-23.43;-46.46;735;90.0;78.0;57.0;929.6;929.1;925.0;8;8;7;0.0;0.0;3.0;9.0;9.0;8.0;75.0;927.9;8.666666666666666;1.0;7
83075;1990-07-02;11.5;31.8;17.7;7.3;1990;7;2;-23.43;-46.46;735;87.0;81.0;44.0;930.7;932.3;926.2;4;4;0;1.0;1.0;1.0;4.0;9.0;6.0;70.66666666666667;929.7333333333332;6.333333333333333;1.0;4
83075;1990-07-03;10.1;28;17.9;1.5;1990;7;3;-23.43;-46.46;735;70.0;87.0;64.0;930.2;932.6;928.5;4;8;4;4.0;0.0;1.0;10.0;10.0;9.0;73.66666666666667;930.4333333333334;9.666666666666666;1.6666666666666667;4
83075;1990-07-04;0;30.1;20.5;6.1;1990;7;4;-23.43;-46.46;735;61.0;71.0;65.0;927.7;928.8;925.9;8;8;3;0.0;0.0;1.0;9.0;10.0;8.0;65.66666666666667;927.4666666666667;9.0;0.3333333333333333;3
83075;1990-07-05;4.9;26.8;14.7;6.8;1990;7;5;-23.43;-46.46;735;89.0;86.0;47.0;932.4;934.0;928.5;4;0;4;1.0;1.0;3.0;10.0;10.0;6.0;74.0;931.6333333333333;8.666666666666666;1.6666666666666667;4
83075;1990-07-06;14.9;19.8;13.7;0;1990;7;6;-23.43;-46.46;735;85.0;87.0;87.0;933.6;936.7;934.2;4;3;8;2.0;1.0;0.0;10.0;10.0;10.0;86.33333333333333;934.8333333333334;10.0;1.0;4
83075;1990-07-07;0;22;12.7;6.5;1990;7;7;-23.43;-46.46;735;83.0;81.0;55.0;935.2;936.5;931.7;3;4;5;3.0;1.0;1.0;10.0;9.0;2.0;73.0;934.4666666666667;7.0;1.6666666666666667;3
83075;1990-07-08;0;23.2;9.5;8.3;1990;7;8;-23.43;-46.46;735;80.0;76.0;42.0;940.5;940.7;935.8;3;8;3;3.0;0.0;2.0;3.0;0.0;4.0;66.0;939.0;2.3333333333333335;1.6666666666666667;3
83075;1990-07-09;0;22;14.9;;1990;7;9;-23.43;-46.46;735;86.0;82.0;69.0;934.1;936.2;931.3;4;3;3;3.0;4.0;1.0;10.0;10.0;10.0;79.0;933.8666666666668;10.0;2.6666666666666665;4
83075;1990-07-10;0;29.4;15.5;8;1990;7;10;-23.43;-46.46;735;73.0;63.0;38.0;930.4;931.6;926.8;8;8;4;0.0;0.0;2.0;0.0;0.0;8.0;58.0;929.6;2.6666666666666665;0.6666666666666666;4
83075;1990-07-11;1.4;26.8;16.1;1.5;1990;7;11;-23.43;-46.46;735;89.0;80.0;77.0;935.0;932.5;929.2;3;5;8;4.0;1.0;0.0;10.0;10.0;10.0;82.0;932.2333333333332;10.0;1.6666666666666667;3
83075;1990-07-12;13.3;28.6;19.7;0;1990;7;12;-23.43;-46.46;735;81.0;65.0;55.0;927.2;928.7;926.4;5;7;7;1.0;3.0;2.0;10.0;10.0;10.0;67.0;927.4333333333334;10.0;2.0;5
83075;1990-07-13;0.1;18.4;8.6;7.8;1990;7;13;-23.43;-46.46;735;85.0;75.0;61.0;942.2;941.6;937.9;3;3;3;1.0;7.0;5.0;1.0;5.0;8.0;73.66666666666667;940.5666666666667;4.666666666666667;4.333333333333333;3
83075;1990-07-14;0;21;10.1;7.5;1990;7;14;-23.43;-46.46;735;84.0;85.0;55.0;939.9;939.1;934.5;2;3;3;3.0;1.0;1.0;6.0;9.0;8.0;74.66666666666667;937.8333333333334;7.666666666666667;1.6666666666666667;2
83075;1990-07-15;0;22.4;10.1;5.9;1990;7;15;-23.43;-46.46;735;88.0;92.0;47.0;936.6;937.1;932.9;5;3;8;1.0;1.0;0.0;6.0;10.0;8.0;75.66666666666667;935.5333333333333;8.0;0.6666666666666666;5
83075;1990-07-17;21.7;22.8;13.3;5.4;1990;7;17;-23.43;-46.46;735;95.0;95.0;63.0;933.2;933.3;928.6;8;8;7;0.0;0.0;4.0;10.0;10.0;4.0;84.33333333333333;931.6999999999999;8.0;1.3333333333333333;7
83075;1990-07-18;2.7;24.2;14.3;1.9;1990;7;18;-23.43;-46.46;735;82.0;80.0;72.0;929.7;930.4;927.6;7;0;7;1.0;2.0;1.0;2.0;10.0;10.0;78.0;929.2333333333332;7.333333333333333;1.3333333333333333;7
83075;1990-07-19;12.5;25.8;13.9;6.9;1990;7;19;-23.43;-46.46;735;90.0;80.0;83.0;930.8;929.8;928.1;8;8;4;0.0;0.0;8.0;10.0;4.0;10.0;84.33333333333333;929.5666666666666;8.0;2.6666666666666665;4
83075;1990-07-20;20.9;16.8;13.1;0;1990;7;20;-23.43;-46.46;735;93.0;89.0;87.0;932.8;932.7;929.8;5;5;4;1.0;1.0;2.0;10.0;10.0;10.0;89.66666666666667;931.7666666666668;10.0;1.3333333333333333;5
83075;1990-07-21;0;13.6;9.7;0;1990;7;21;-23.43;-46.46;735;93.0;90.0;92.0;933.6;936.5;936.7;4;4;5;3.0;2.0;2.0;10.0;10.0;10.0;91.66666666666667;935.6;10.0;2.3333333333333335;4
83075;1990-07-22;6.7;11.8;9.1;0;1990;7;22;-23.43;-46.46;735;89.0;86.0;85.0;939.3;940.3;938.8;8;4;4;0.0;3.0;3.0;8.0;10.0;10.0;86.66666666666667;939.4666666666666;9.333333333333334;2.0;4
83075;1990-07-23;0;14.2;9.3;0;1990;7;23;-23.43;-46.46;735;88.0;85.0;88.0;940.1;939.9;936.6;4;5;4;3.0;3.0;1.0;10.0;10.0;10.0;87.0;938.8666666666667;10.0;2.3333333333333335;4
83075;1990-07-24;7.8;22.4;10.9;0.6;1990;7;24;-23.43;-46.46;735;93.0;91.0;75.0;936.9;934.2;930.3;5;2;8;1.0;1.0;0.0;10.0;10.0;9.0;86.33333333333333;933.7999999999998;9.666666666666666;0.6666666666666666;5
83075;1990-07-26;5.4;22;13.7;3.8;1990;7;26;-23.43;-46.46;735;95.0;95.0;75.0;935.7;938.2;933.3;8;4;8;0.0;2.0;0.0;10.0;10.0;9.0;88.33333333333333;935.7333333333332;9.666666666666666;0.6666666666666666;4
83075;1990-07-27;6.1;25.6;10.7;4;1990;7;27;-23.43;-46.46;735;92.0;87.0;87.0;935.8;935.6;935.3;8;8;5;0.0;0.0;5.0;6.0;9.0;10.0;88.66666666666667;935.5666666666666;8.333333333333334;1.6666666666666667;5
83075;1990-07-28;11;14.6;5.8;6;1990;7;28;-23.43;-46.46;735;89.0;73.0;56.0;939.7;941.6;937.3;4;5;4;3.0;3.0;2.0;10.0;10.0;4.0;72.66666666666667;939.5333333333334;8.0;2.6666666666666665;4
83075;1990-07-29;0;18.2;2.4;9;1990;7;29;-23.43;-46.46;735;79.0;59.0;48.0;940.9;939.4;935.3;3;8;4;1.0;0.0;1.0;2.0;10.0;4.0;62.0;938.5333333333333;5.333333333333333;0.6666666666666666;3
83075;1990-07-30;0;14.2;2.8;8.6;1990;7;30;-23.43;-46.46;735;82.0;75.0;50.0;939.6;940.7;938.1;8;8;4;0.0;0.0;3.0;0.0;0.0;5.0;69.0;939.4666666666667;1.6666666666666667;1.0;4
83075;1990-07-31;0;13.2;5.4;1.2;1990;7;31;-23.43;-46.46;735;76.0;73.0;54.0;941.3;941.7;938.9;4;5;4;3.0;2.0;1.0;8.0;10.0;9.0;67.66666666666667;940.6333333333333;9.0;2.0;4
83075;1990-08-01;0.2;29.2;19.7;3.4;1990;8;1;-23.43;-46.46;735;79.0;65.0;57.0;926.1;927.1;924.1;8;0;7;0.0;1.0;4.0;9.0;8.0;9.0;67.0;925.7666666666668;8.666666666666666;1.6666666666666667;0
83075;1990-08-02;0;31.6;19.7;7.9;1990;8;2;-23.43;-46.46;735;72.0;64.0;48.0;927.8;928.8;924.8;8;1;4;0.0;1.0;3.0;4.0;8.0;9.0;61.333333333333336;927.1333333333332;7.0;1.3333333333333333;1
83075;1990-08-03;0;29.8;19.9;6.1;1990;8;3;-23.43;-46.46;735;83.0;74.0;59.0;932.8;933.9;929.2;4;4;4;2.0;1.0;3.0;10.0;9.0;8.0;72.0;931.9666666666666;9.0;2.0;4
83075;1990-08-04;0;31.8;19.3;8.7;1990;8;4;-23.43;-46.46;735;88.0;77.0;55.0;929.9;929.3;922.3;4;8;8;1.0;0.0;0.0;9.0;8.0;9.0;73.33333333333333;927.1666666666666;8.666666666666666;0.3333333333333333;4
83075;1990-08-05;0;24.8;14.5;5.8;1990;8;5;-23.43;-46.46;735;87.0;83.0;63.0;933.1;934.8;930.5;8;8;3;0.0;0.0;3.0;10.0;10.0;8.0;77.66666666666667;932.8000000000001;9.333333333333334;1.0;3
83075;1990-08-06;0.1;25.4;13.6;5.8;1990;8;6;-23.43;-46.46;735;90.0;89.0;59.0;934.9;934.8;929.5;3;8;7;1.0;0.0;2.0;10.0;10.0;5.0;79.33333333333333;933.0666666666666;8.333333333333334;1.0;3
83075;1990-08-07;0;24.2;14.3;9.2;1990;8;7;-23.43;-46.46;735;83.0;77.0;39.0;935.2;935.2;931.1;4;8;0;3.0;0.0;3.0;10.0;2.0;5.0;66.33333333333333;933.8333333333334;5.666666666666667;2.0;4
83075;1990-08-08;0;24.2;10.1;6;1990;8;8;-23.43;-46.46;735;78.0;91.0;46.0;938.3;940.7;935.2;5;3;3;1.0;1.0;1.0;0.0;10.0;8.0;71.66666666666667;938.0666666666666;6.0;1.0;5
83075;1990-08-09;12.7;23.4;16.3;;1990;8;9;-23.43;-46.46;735;92.0;74.0;69.0;933.3;930.0;929.0;5;7;7;1.0;4.0;4.0;10.0;10.0;9.0;78.33333333333333;930.7666666666668;9.666666666666666;3.0;5
83075;1990-08-10;0;31.6;16.7;8.4;1990;8;10;-23.43;-46.46;735;65.0;58.0;35.0;928.6;930.2;922.9;8;3;7;0.0;2.0;1.0;0.0;8.0;9.0;52.666666666666664;927.2333333333335;5.666666666666667;1.0;3
83075;1990-08-11;6.5;26.8;19.1;0.7;1990;8;11;-23.43;-46.46;735;83.0;88.0;72.0;930.4;931.7;928.5;8;4;5;0.0;1.0;1.0;10.0;10.0;9.0;81.0;930.1999999999999;9.666666666666666;0.6666666666666666;4
83075;1990-08-12;4.8;23.4;17.5;3.3;1990;8;12;-23.43;-46.46;735;87.0;75.0;66.0;931.6;934.6;932.5;4;4;4;1.0;1.0;6.0;8.0;10.0;10.0;76.0;932.9;9.333333333333334;2.6666666666666665;4
83075;1990-08-14;0;27;12.2;9.1;1990;8;14;-23.43;-46.46;735;82.0;71.0;35.0;935.5;936.5;930.8;5;8;8;2.0;0.0;0.0;1.0;2.0;0.0;62.666666666666664;934.2666666666668;1.0;0.6666666666666666;5
83075;1990-08-15;0;27.6;12.3;9.2;1990;8;15;-23.43;-46.46;735;53.0;62.0;31.0;933.2;934.5;927.6;3;8;2;1.0;0.0;1.0;0.0;1.0;5.0;48.666666666666664;931.7666666666668;2.0;0.6666666666666666;3
83075;1990-08-16;0;26.4;14.7;2.7;1990;8;16;-23.43;-46.46;735;61.0;63.0;55.0;929.4;929.3;924.7;8;3;4;0.0;1.0;2.0;2.0;6.0;10.0;59.666666666666664;927.7999999999998;6.0;1.0;3
83075;1990-08-17;8.6;18.2;15.3;0;1990;8;17;-23.43;-46.46;735;86.0;91.0;87.0;929.5;933.6;932.6;6;4;4;3.0;1.0;3.0;10.0;10.0;10.0;88.0;931.9;10.0;2.3333333333333335;6
83075;1990-08-18;0.3;19.2;14.1;0;1990;8;18;-23.43;-46.46;735;86.0;89.0;89.0;934.4;935.2;932.2;4;8;8;1.0;0.0;0.0;10.0;10.0;10.0;88.0;933.9333333333334;10.0;0.3333333333333333;4
83075;1990-08-19;0;27.2;15.3;3.4;1990;8;19;-23.43;-46.46;735;90.0;85.0;55.0;935.0;931.7;925.3;8;3;2;0.0;3.0;1.0;0.0;10.0;9.0;76.66666666666667;930.6666666666666;6.333333333333333;1.3333333333333333;3
83075;1990-08-20;32.8;26.8;16.3;5.8;1990;8;20;-23.43;-46.46;735;90.0;72.0;58.0;930.6;931.8;929.1;8;7;7;0.0;3.0;4.0;10.0;10.0;8.0;73.33333333333333;930.5;9.333333333333334;2.3333333333333335;7
83075;1990-08-21;1.2;21.6;13.9;0.3;1990;8;21;-23.43;-46.46;735;84.0;79.0;82.0;935.2;938.5;937.5;4;4;4;1.0;1.0;4.0;10.0;10.0;10.0;81.66666666666667;937.0666666666666;10.0;2.0;4
83075;1990-08-22;0;14.8;12.5;0;1990;8;22;-23.43;-46.46;735;85.0;87.0;85.0;939.4;940.8;939.6;4;4;4;5.0;3.0;6.0;10.0;10.0;10.0;85.66666666666667;939.9333333333333;10.0;4.666666666666667;4
83075;1990-08-23;0;14.2;10.9;0;1990;8;23;-23.43;-46.46;735;86.0;81.0;80.0;941.0;942.4;941.1;4;4;4;4.0;2.0;5.0;10.0;10.0;10.0;82.33333333333333;941.5;10.0;3.6666666666666665;4
83075;1990-08-24;0.1;15.8;10.7;1.6;1990;8;24;-23.43;-46.46;735;85.0;75.0;70.0;942.4;942.8;940.3;4;4;3;5.0;3.0;3.0;10.0;10.0;9.0;76.66666666666667;941.8333333333334;9.666666666666666;3.6666666666666665;4
83075;1990-08-25;0;22.8;10.3;6.4;1990;8;25;-23.43;-46.46;735;71.0;77.0;49.0;941.5;940.9;934.8;3;2;8;6.0;1.0;0.0;10.0;8.0;8.0;65.66666666666667;939.0666666666666;8.666666666666666;2.3333333333333335;3
83075;1990-08-26;0;26;11.1;8.2;1990;8;26;-23.43;-46.46;735;76.0;77.0;44.0;937.1;937.1;930.8;3;8;8;1.0;0.0;0.0;5.0;9.0;6.0;65.66666666666667;935.0;6.666666666666667;0.3333333333333333;3
83075;1990-08-27;0;25;13.9;0.9;1990;8;27;-23.43;-46.46;735;73.0;77.0;83.0;931.3;928.3;929.5;8;0;7;0.0;3.0;7.0;9.0;9.0;10.0;77.66666666666667;929.6999999999999;9.333333333333334;3.3333333333333335;0
83075;1990-08-28;6.6;20;11.3;0;1990;8;28;-23.43;-46.46;735;80.0;77.0;81.0;930.7;933.2;933.6;0;7;4;2.0;2.0;6.0;10.0;10.0;10.0;79.33333333333333;932.5;10.0;3.3333333333333335;0
83075;1990-08-29;0.6;12.6;8.3;0;1990;8;29;-23.43;-46.46;735;85.0;74.0;72.0;937.2;939.0;936.0;4;4;8;2.0;3.0;0.0;10.0;10.0;10.0;77.0;937.4;10.0;1.6666666666666667;4
83075;1990-08-30;0;22.4;9.3;5.9;1990;8;30;-23.43;-46.46;735;84.0;84.0;60.0;936.3;937.0;932.7;4;8;3;2.0;0.0;1.0;10.0;10.0;0.0;76.0;935.3333333333334;6.666666666666667;1.0;4
83075;1990-08-31;0;26;12.1;3.4;1990;8;31;-23.43;-46.46;735;81.0;91.0;48.0;934.5;936.0;929.7;4;3;8;1.0;1.0;0.0;5.0;10.0;8.0;73.33333333333333;933.4;7.666666666666667;0.6666666666666666;4
83075;1990-09-02;0;32.8;20.7;6.8;1990;9;2;-23.43;-46.46;735;75.0;66.0;57.0;927.2;932.9;923.9;7;8;4;2.0;0.0;6.0;8.0;0.0;10.0;66.0;928.0;6.0;2.6666666666666665;7
83075;1990-09-03;1.5;29.6;19.7;7.8;1990;9;3;-23.43;-46.46;735;87.0;75.0;50.0;934.2;935.6;930.5;8;3;3;0.0;2.0;1.0;10.0;6.0;8.0;70.66666666666667;933.4333333333334;8.0;1.0;3
83075;1990-09-04;0;31;20.5;8.1;1990;9;4;-23.43;-46.46;735;83.0;66.0;46.0;928.0;929.4;924.3;4;7;6;2.0;1.0;1.0;10.0;4.0;8.0;65.0;927.2333333333332;7.333333333333333;1.3333333333333333;4
83075;1990-09-05;0;25.4;15.5;9;1990;9;5;-23.43;-46.46;735;72.0;76.0;56.0;933.6;933.6;928.8;4;3;2;4.0;1.0;1.0;8.0;1.0;0.0;68.0;932.0;3.0;2.0;4
83075;1990-09-06;0;27;15.1;8.5;1990;9;6;-23.43;-46.46;735;82.0;68.0;47.0;931.6;933.0;928.7;6;6;7;1.0;1.0;3.0;8.0;10.0;5.0;65.66666666666667;931.1;7.666666666666667;1.6666666666666667;6
83075;1990-09-07;0;25.4;12.3;6.3;1990;9;7;-23.43;-46.46;735;92.0;87.0;39.0;932.9;933.7;927.9;3;4;6;2.0;1.0;1.0;10.0;10.0;5.0;72.66666666666667;931.5;8.333333333333334;1.3333333333333333;3
83075;1990-09-09;0;25.4;13.7;;1990;9;9;-23.43;-46.46;735;77.0;76.0;26.0;929.3;932.3;926.1;7;8;7;1.0;0.0;3.0;0.0;5.0;10.0;59.666666666666664;929.2333333333332;5.0;1.3333333333333333;7
83075;1990-09-10;0;33;19.1;7.2;1990;9;10;-23.43;-46.46;735;59.0;62.0;29.0;927.1;928.9;922.3;8;3;1;0.0;3.0;1.0;9.0;10.0;9.0;50.0;926.1;9.333333333333334;1.3333333333333333;3
83075;1990-09-11;6.5;30.6;19.9;3.3;1990;9;11;-23.43;-46.46;735;83.0;66.0;70.0;930.8;929.9;925.7;4;7;8;2.0;3.0;0.0;10.0;10.0;9.0;73.0;928.7999999999998;9.666666666666666;1.6666666666666667;4
83075;1990-09-12;0;22;15.7;0;1990;9;12;-23.43;-46.46;735;80.0;72.0;68.0;934.1;933.7;931.7;4;3;8;3.0;3.0;0.0;9.0;10.0;9.0;73.33333333333333;933.1666666666666;9.333333333333334;2.0;4
83075;1990-09-13;14;18.4;10.9;;1990;9;13;-23.43;-46.46;735;89.0;91.0;87.0;931.2;936.9;937.1;8;5;4;0.0;1.0;1.0;10.0;10.0;10.0;89.0;935.0666666666666;10.0;0.6666666666666666;5
83075;1990-09-14;37;11.6;8.5;;1990;9;14;-23.43;-46.46;735;89.0;92.0;80.0;939.1;939.9;937.2;4;5;4;2.0;1.0;3.0;10.0;10.0;10.0;87.0;938.7333333333332;10.0;2.0;4
83075;1990-09-15;0;14.4;8.1;;1990;9;15;-23.43;-46.46;735;91.0;75.0;64.0;938.8;938.0;935.6;5;8;4;1.0;0.0;4.0;10.0;10.0;9.0;76.66666666666667;937.4666666666667;9.666666666666666;1.6666666666666667;5
83075;1990-09-16;0;21.8;3.8;;1990;9;16;-23.43;-46.46;735;80.0;78.0;43.0;938.1;937.3;933.6;8;8;4;0.0;0.0;1.0;0.0;1.0;0.0;67.0;936.3333333333334;0.3333333333333333;0.3333333333333333;4
83075;1990-09-17;0;24.6;8.6;;1990;9;17;-23.43;-46.46;735;81.0;74.0;64.0;936.9;938.1;933.9;4;3;4;2.0;3.0;5.0;10.0;0.0;0.0;73.0;936.3000000000001;3.3333333333333335;3.3333333333333335;4
83075;1990-09-18;0;28.8;13.1;;1990;9;18;-23.43;-46.46;735;81.0;73.0;26.0;937.2;935.3;929.2;4;5;7;2.0;1.0;1.0;10.0;4.0;0.0;60.0;933.9;4.666666666666667;1.3333333333333333;4
83075;1990-09-19;0;32.2;14.5;;1990;9;19;-23.43;-46.46;735;61.0;72.0;24.0;931.2;932.4;926.3;8;3;2;0.0;1.0;1.0;0.0;0.0;4.0;52.333333333333336;929.9666666666666;1.3333333333333333;0.6666666666666666;3
83075;1990-09-20;0;31.8;15.8;;1990;9;20;-23.43;-46.46;735;64.0;67.0;27.0;929.2;932.4;926.7;8;5;8;0.0;1.0;0.0;10.0;9.0;8.0;52.666666666666664;929.4333333333334;9.0;0.3333333333333333;5
83075;1990-09-21;0;30;16.3;;1990;9;21;-23.43;-46.46;735;54.0;75.0;39.0;930.0;933.4;926.1;4;8;7;1.0;0.0;1.0;8.0;10.0;8.0;56.0;929.8333333333334;8.666666666666666;0.6666666666666666;4
83075;1990-09-22;0;30.8;17.9;;1990;9;22;-23.43;-46.46;735;68.0;63.0;31.0;928.9;928.8;923.8;3;8;6;1.0;0.0;2.0;1.0;10.0;10.0;54.0;927.1666666666666;7.0;1.0;3
83075;1990-09-23;0.4;22.4;14.9;;1990;9;23;-23.43;-46.46;735;86.0;67.0;78.0;930.3;933.1;932.7;8;8;5;0.0;0.0;3.0;10.0;10.0;10.0;77.0;932.0333333333334;10.0;1.0;5
83075;1990-09-24;5.4;15.4;10.9;;1990;9;24;-23.43;-46.46;735;91.0;90.0;83.0;936.1;938.4;937.8;8;5;4;0.0;1.0;4.0;10.0;10.0;10.0;88.0;937.4333333333334;10.0;1.6666666666666667;5
83075;1990-09-25;0.2;14.6;9.9;;1990;9;25;-23.43;-46.46;735;85.0;76.0;57.0;939.2;938.8;937.4;4;4;4;2.0;4.0;5.0;10.0;10.0;10.0;72.66666666666667;938.4666666666667;10.0;3.6666666666666665;4
83075;1990-09-26;0;21.2;6.3;;1990;9;26;-23.43;-46.46;735;83.0;62.0;55.0;938.9;937.0;933.8;3;4;4;1.0;1.0;3.0;5.0;1.0;4.0;66.66666666666667;936.5666666666666;3.3333333333333335;1.6666666666666667;3
83075;1990-09-27;0;23.4;11.9;;1990;9;27;-23.43;-46.46;735;80.0;69.0;40.0;937.7;939.0;934.2;3;3;8;3.0;3.0;0.0;8.0;10.0;9.0;63.0;936.9666666666667;9.0;2.0;3
83075;1990-09-28;0;24.8;12.3;;1990;9;28;-23.43;-46.46;735;74.0;75.0;40.0;938.3;937.0;931.8;8;8;4;0.0;0.0;1.0;0.0;8.0;10.0;63.0;935.6999999999999;6.0;0.3333333333333333;4
83075;1990-09-29;0;21.6;13.2;;1990;9;29;-23.43;-46.46;735;75.0;70.0;60.0;934.9;933.7;932.3;8;4;8;0.0;1.0;0.0;8.0;10.0;10.0;68.33333333333333;933.6333333333332;9.333333333333334;0.3333333333333333;4
83075;1990-09-30;1;22;15.5;;1990;9;30;-23.43;-46.46;735;81.0;68.0;59.0;933.3;933.2;931.5;4;8;8;1.0;0.0;0.0;10.0;10.0;10.0;69.33333333333333;932.6666666666666;10.0;0.3333333333333333;4
83075;1990-10-01;8;28.2;19.3;1;1990;10;1;-23.43;-46.46;735;88.0;83.0;69.0;927.7;926.9;922.2;8;3;1;0.0;3.0;1.0;10.0;10.0;9.0;80.0;925.6;9.666666666666666;1.3333333333333333;3
83075;1990-10-02;0;29.5;19.7;2.1;1990;10;2;-23.43;-46.46;735;70.0;73.0;89.0;925.3;927.0;926.6;8;8;3;0.0;0.0;1.0;1.0;10.0;10.0;77.33333333333333;926.3000000000001;7.0;0.3333333333333333;3
83075;1990-10-03;36;31.2;19.5;9.1;1990;10;3;-23.43;-46.46;735;91.0;79.0;49.0;934.2;932.7;928.4;3;8;8;3.0;0.0;0.0;10.0;10.0;6.0;73.0;931.7666666666668;8.666666666666666;1.0;3
83075;1990-10-04;0;29.2;17.9;8.1;1990;10;4;-23.43;-46.46;735;82.0;80.0;46.0;929.8;930.4;924.4;4;4;5;1.0;1.0;4.0;6.0;5.0;8.0;69.33333333333333;928.1999999999999;6.333333333333333;2.0;4
83075;1990-10-05;0;27.4;16.7;8.3;1990;10;5;-23.43;-46.46;735;87.0;81.0;46.0;932.1;932.0;925.3;3;3;8;2.0;1.0;0.0;10.0;5.0;5.0;71.33333333333333;929.7999999999998;6.666666666666667;1.0;3
83075;1990-10-07;0.2;19.8;13.3;0.1;1990;10;7;-23.43;-46.46;735;65.0;81.0;71.0;930.3;931.2;929.8;8;8;7;0.0;0.0;1.0;8.0;10.0;10.0;72.33333333333333;930.4333333333334;9.333333333333334;0.3333333333333333;7
83075;1990-10-08;0;19.2;11.7;5.2;1990;10;8;-23.43;-46.46;735;64.0;91.0;67.0;936.1;939.5;937.4;8;8;4;0.0;0.0;2.0;10.0;10.0;0.0;74.0;937.6666666666666;6.666666666666667;0.6666666666666666;4
83075;1990-10-09;0;26;9.7;;1990;10;9;-23.43;-46.46;735;85.0;79.0;35.0;930.6;932.7;927.6;5;5;8;1.0;1.0;0.0;9.0;4.0;1.0;66.33333333333333;930.3000000000001;4.666666666666667;0.6666666666666666;5
83075;1990-10-10;0;34.6;19.1;10.1;1990;10;10;-23.43;-46.46;735;52.0;41.0;31.0;924.6;926.7;921.1;8;8;7;0.0;0.0;4.0;10.0;3.0;8.0;41.333333333333336;924.1333333333333;7.0;1.3333333333333333;7
83075;1990-10-11;10.4;29.8;17.9;6.1;1990;10;11;-23.43;-46.46;735;87.0;87.0;86.0;929.0;928.2;927.6;8;6;4;0.0;1.0;1.0;10.0;5.0;10.0;86.66666666666667;928.2666666666668;8.333333333333334;0.6666666666666666;6
83075;1990-10-12;0;27.6;16.9;1.6;1990;10;12;-23.43;-46.46;735;83.0;76.0;68.0;931.0;929.3;924.3;4;2;5;3.0;2.0;1.0;8.0;9.0;10.0;75.66666666666667;928.1999999999999;9.0;2.0;4
83075;1990-10-13;8.9;27.8;18.9;4.1;1990;10;13;-23.43;-46.46;735;88.0;72.0;79.0;929.4;931.5;929.6;0;8;4;1.0;0.0;1.0;10.0;9.0;10.0;79.66666666666667;930.1666666666666;9.666666666666666;0.6666666666666666;0
83075;1990-10-14;0;32.6;18.5;8.9;1990;10;14;-23.43;-46.46;735;84.0;73.0;45.0;932.5;931.4;924.5;3;3;8;2.0;1.0;0.0;10.0;9.0;8.0;67.33333333333333;929.4666666666667;9.0;1.0;3
83075;1990-10-15;8.2;26.2;17.3;0;1990;10;15;-23.43;-46.46;735;70.0;85.0;88.0;925.7;932.2;934.2;8;8;3;0.0;0.0;3.0;0.0;10.0;10.0;81.0;930.7000000000002;6.666666666666667;1.0;3
83075;1990-10-16;9.6;17.6;12.5;0;1990;10;16;-23.43;-46.46;735;88.0;90.0;92.0;935.2;937.9;935.6;4;3;4;3.0;4.0;1.0;10.0;10.0;10.0;90.0;936.2333333333332;10.0;2.6666666666666665;4
83075;1990-10-17;25.5;17.6;12.3;0;1990;10;17;-23.43;-46.46;735;89.0;88.0;86.0;937.6;936.0;933.0;3;4;5;3.0;1.0;1.0;10.0;10.0;10.0;87.66666666666667;935.5333333333333;10.0;1.6666666666666667;3
83075;1990-10-18;0.2;23.6;13.7;0.1;1990;10;18;-23.43;-46.46;735;93.0;86.0;72.0;934.5;933.8;929.0;4;8;8;3.0;0.0;0.0;10.0;10.0;10.0;83.66666666666667;932.4333333333334;10.0;1.0;4
83075;1990-10-19;9.2;23.2;16.7;0.4;1990;10;19;-23.43;-46.46;735;86.0;93.0;83.0;931.1;932.1;927.1;8;4;4;0.0;1.0;1.0;10.0;10.0;10.0;87.33333333333333;930.1;10.0;0.6666666666666666;4
83075;1990-10-20;18.8;27.4;17.7;3;1990;10;20;-23.43;-46.46;735;91.0;77.0;73.0;929.8;928.1;925.8;4;0;4;1.0;4.0;4.0;8.0;9.0;9.0;80.33333333333333;927.9;8.666666666666666;3.0;4
83075;1990-10-21;0;21.4;15.7;2.2;1990;10;21;-23.43;-46.46;735;78.0;77.0;73.0;930.5;931.8;931.1;4;4;4;3.0;3.0;4.0;6.0;10.0;10.0;76.0;931.1333333333333;8.666666666666666;3.3333333333333335;4
83075;1990-10-22;0;21.2;13.1;5.4;1990;10;22;-23.43;-46.46;735;81.0;66.0;60.0;933.1;933.2;930.5;4;3;4;3.0;3.0;3.0;8.0;8.0;8.0;69.0;932.2666666666668;8.0;3.0;4
83075;1990-10-23;0;27;13.5;7.7;1990;10;23;-23.43;-46.46;735;76.0;72.0;54.0;932.9;932.9;928.7;4;3;4;3.0;3.0;3.0;3.0;5.0;10.0;67.33333333333333;931.5;6.0;3.0;4
83075;1990-10-24;0;21.8;16.1;0;1990;10;24;-23.43;-46.46;735;84.0;77.0;75.0;933.0;934.3;932.5;3;4;4;1.0;2.0;3.0;10.0;10.0;10.0;78.66666666666667;933.2666666666668;10.0;2.0;3
83075;1990-10-25;0.8;24;16.5;3.1;1990;10;25;-23.43;-46.46;735;82.0;81.0;61.0;934.8;935.4;932.6;4;4;4;2.0;2.0;4.0;10.0;10.0;9.0;74.66666666666667;934.2666666666665;9.666666666666666;2.6666666666666665;4
83075;1990-10-26;0;25;13.7;10.2;1990;10;26;-23.43;-46.46;735;78.0;57.0;56.0;935.2;935.9;931.1;4;4;4;2.0;3.0;5.0;5.0;5.0;5.0;63.666666666666664;934.0666666666666;5.0;3.3333333333333335;4
83075;1990-10-27;0;27.6;15.3;9.7;1990;10;27;-23.43;-46.46;735;79.0;68.0;51.0;933.7;934.8;930.3;6;3;4;5.0;3.0;5.0;8.0;1.0;4.0;66.0;932.9333333333334;4.333333333333333;4.333333333333333;6
83075;1990-10-28;0;29.8;16.5;8;1990;10;28;-23.43;-46.46;735;78.0;71.0;37.0;934.5;933.6;928.1;4;8;8;3.0;0.0;0.0;10.0;10.0;5.0;62.0;932.0666666666666;8.333333333333334;1.0;4
83075;1990-10-29;0;32;16.1;9.2;1990;10;29;-23.43;-46.46;735;79.0;61.0;33.0;933.0;932.3;926.8;3;8;7;1.0;0.0;4.0;6.0;4.0;8.0;57.666666666666664;930.6999999999999;6.0;1.6666666666666667;3
83075;1990-10-30;0;32.6;19.5;8.5;1990;10;30;-23.43;-46.46;735;57.0;51.0;39.0;929.5;930.8;924.2;8;8;7;0.0;0.0;3.0;4.0;3.0;8.0;49.0;928.1666666666666;5.0;1.0;7
83075;1990-10-31;1.1;32.6;21.1;6.1;1990;10;31;-23.43;-46.46;735;69.0;64.0;39.0;927.8;928.6;923.1;6;8;7;2.0;0.0;1.0;10.0;8.0;6.0;57.333333333333336;926.5;8.0;1.0;6
83075;1990-11-01;5.9;28.4;20.1;2.5;1990;11;1;-23.43;-46.46;735;89.0;77.0;63.0;925.2;926.0;922.1;8;7;7;0.0;5.0;4.0;10.0;10.0;9.0;76.33333333333333;924.4333333333334;9.666666666666666;3.0;7
83075;1990-11-02;47.3;30.4;19.1;4.4;1990;11;2;-23.43;-46.46;735;88.0;83.0;53.0;928.9;930.5;924.2;8;8;5;0.0;0.0;1.0;10.0;10.0;9.0;74.66666666666667;927.8666666666668;9.666666666666666;0.3333333333333333;5
83075;1990-11-03;22.2;31.6;18.9;7.8;1990;11;3;-23.43;-46.46;735;80.0;79.0;53.0;932.8;931.2;925.4;8;8;6;0.0;0.0;3.0;10.0;10.0;9.0;70.66666666666667;929.8000000000001;9.666666666666666;1.0;6
83075;1990-11-04;0;27.2;16.1;8.1;1990;11;4;-23.43;-46.46;735;83.0;82.0;49.0;927.8;930.5;927.0;8;8;4;0.0;0.0;3.0;0.0;10.0;6.0;71.33333333333333;928.4333333333334;5.333333333333333;1.0;4
83075;1990-11-05;0.4;22.6;17.9;0;1990;11;5;-23.43;-46.46;735;68.0;78.0;77.0;927.8;929.2;927.7;6;8;6;2.0;0.0;1.0;10.0;10.0;10.0;74.33333333333333;928.2333333333332;10.0;1.0;6
83075;1990-11-06;0;18.4;10.5;0;1990;11;6;-23.43;-46.46;735;83.0;78.0;73.0;936.2;942.2;940.7;4;4;4;1.0;3.0;6.0;9.0;10.0;10.0;78.0;939.7000000000002;9.666666666666666;3.3333333333333335;4
83075;1990-11-07;2.4;15.2;10.7;0.1;1990;11;7;-23.43;-46.46;735;87.0;81.0;68.0;933.7;937.6;937.9;4;4;4;1.0;5.0;5.0;10.0;10.0;10.0;78.66666666666667;936.4000000000001;10.0;3.6666666666666665;4
83075;1990-11-08;0;22.8;9.9;8.5;1990;11;8;-23.43;-46.46;735;77.0;75.0;45.0;939.4;939.8;935.6;4;2;3;2.0;2.0;2.0;10.0;1.0;0.0;65.66666666666667;938.2666666666665;3.6666666666666665;2.0;4
83075;1990-11-09;0;30.8;12.1;;1990;11;9;-23.43;-46.46;735;62.0;65.0;17.0;931.6;931.8;924.8;3;8;1;1.0;0.0;5.0;3.0;0.0;0.0;48.0;929.4;1.0;2.0;3
83075;1990-11-10;0;35.2;20.1;7.5;1990;11;10;-23.43;-46.46;735;57.0;56.0;37.0;923.5;928.4;921.3;8;8;1;0.0;0.0;3.0;5.0;3.0;4.0;50.0;924.4;4.0;1.0;1
83075;1990-11-11;3.7;32;16.5;9.2;1990;11;11;-23.43;-46.46;735;73.0;66.0;48.0;932.0;930.7;926.6;4;8;6;2.0;0.0;3.0;10.0;1.0;9.0;62.333333333333336;929.7666666666668;6.666666666666667;1.6666666666666667;4
83075;1990-11-12;11.3;28.2;19.9;3.3;1990;11;12;-23.43;-46.46;735;84.0;79.0;61.0;925.2;924.1;919.6;8;7;7;0.0;3.0;5.0;10.0;10.0;9.0;74.66666666666667;922.9666666666667;9.666666666666666;2.6666666666666665;7
83075;1990-11-13;0;31.2;18.7;7.9;1990;11;13;-23.43;-46.46;735;85.0;83.0;51.0;932.0;933.6;927.3;4;2;4;3.0;1.0;1.0;10.0;10.0;1.0;73.0;930.9666666666666;7.0;1.6666666666666667;4
83075;1990-11-16;0;33.8;18.8;6.6;1990;11;16;-23.43;-46.46;735;49.0;57.0;56.0;925.4;928.5;923.7;5;8;4;1.0;0.0;3.0;4.0;9.0;9.0;54.0;925.8666666666668;7.333333333333333;1.3333333333333333;5
83075;1990-11-17;0;28;19.3;3.3;1990;11;17;-23.43;-46.46;735;78.0;74.0;74.0;929.9;930.2;927.2;4;4;4;5.0;1.0;6.0;8.0;10.0;10.0;75.33333333333333;929.1;9.333333333333334;4.0;4
83075;1990-11-18;0.8;32.4;19.1;10;1990;11;18;-23.43;-46.46;735;82.0;65.0;37.0;931.1;930.8;925.7;4;8;7;1.0;0.0;3.0;8.0;4.0;9.0;61.333333333333336;929.2000000000002;7.0;1.3333333333333333;4
83075;1990-11-19;63.7;32;19.7;6.1;1990;11;19;-23.43;-46.46;735;79.0;54.0;51.0;931.4;931.8;926.8;8;8;4;0.0;0.0;2.0;6.0;0.0;8.0;61.333333333333336;930.0;4.666666666666667;0.6666666666666666;4
83075;1990-11-20;2.7;31.6;19.5;7.5;1990;11;20;-23.43;-46.46;735;85.0;70.0;59.0;931.2;930.9;925.0;8;8;4;0.0;0.0;3.0;0.0;5.0;8.0;71.33333333333333;929.0333333333333;4.333333333333333;1.0;4
83075;1990-11-21;0;31.8;18.9;8.5;1990;11;21;-23.43;-46.46;735;75.0;59.0;43.0;927.8;927.2;922.0;8;8;7;0.0;0.0;1.0;5.0;2.0;5.0;59.0;925.6666666666666;4.0;0.3333333333333333;7
83075;1990-11-22;0;31;19.3;10.5;1990;11;22;-23.43;-46.46;735;79.0;73.0;63.0;927.3;927.4;927.4;8;4;4;0.0;1.0;3.0;10.0;2.0;8.0;71.66666666666667;927.3666666666667;6.666666666666667;1.3333333333333333;4
83075;1990-11-23;0;28.4;17.9;7.6;1990;11;23;-23.43;-46.46;735;78.0;71.0;66.0;931.3;932.6;929.9;4;8;4;1.0;0.0;3.0;5.0;9.0;10.0;71.66666666666667;931.2666666666668;8.0;1.3333333333333333;4
83075;1990-11-24;3.1;28;18.1;1.7;1990;11;24;-23.43;-46.46;735;78.0;74.0;87.0;933.2;933.6;932.7;4;8;3;3.0;0.0;4.0;6.0;9.0;10.0;79.66666666666667;933.1666666666666;8.333333333333334;2.3333333333333335;4
83075;1990-11-25;11.9;27.6;17.1;4.9;1990;11;25;-23.43;-46.46;735;85.0;80.0;55.0;933.1;932.2;926.5;4;8;3;1.0;0.0;3.0;10.0;10.0;8.0;73.33333333333333;930.6;9.333333333333334;1.3333333333333333;4
83075;1990-11-26;0;31.4;16.3;7.3;1990;11;26;-23.43;-46.46;735;80.0;77.0;37.0;929.1;926.4;921.0;4;3;6;3.0;1.0;3.0;10.0;9.0;5.0;64.66666666666667;925.5;8.0;2.3333333333333335;4
83075;1990-11-27;0;28.2;19.7;3.2;1990;11;27;-23.43;-46.46;735;59.0;54.0;72.0;923.1;923.6;923.1;6;6;4;1.0;3.0;3.0;8.0;8.0;10.0;61.666666666666664;923.2666666666668;8.666666666666666;2.3333333333333335;6
83075;1990-11-28;0;24.8;16.5;7.5;1990;11;28;-23.43;-46.46;735;82.0;67.0;57.0;926.9;928.4;927.0;3;8;5;2.0;0.0;7.0;8.0;8.0;10.0;68.66666666666667;927.4333333333334;8.666666666666666;3.0;3
83075;1990-11-29;0;27.6;15.1;9.5;1990;11;29;-23.43;-46.46;735;78.0;63.0;57.0;930.1;930.4;927.1;3;3;3;4.0;3.0;3.0;10.0;8.0;5.0;66.0;929.1999999999999;7.666666666666667;3.3333333333333335;3
83075;1990-11-30;0;31.4;15.9;10.3;1990;11;30;-23.43;-46.46;735;79.0;68.0;36.0;930.9;931.5;926.2;3;3;7;1.0;2.0;5.0;1.0;2.0;5.0;61.0;929.5333333333334;2.6666666666666665;2.6666666666666665;3
83075;1990-12-01;1.2;32;20.3;7.3;1990;12;1;-23.43;-46.46;735;77.0;72.0;50.0;924.6;927.2;923.4;8;8;7;0.0;0.0;3.0;8.0;8.0;5.0;66.33333333333333;925.0666666666667;7.0;1.0;7
83075;1990-12-02;3.1;31.2;19.5;4;1990;12;2;-23.43;-46.46;735;83.0;80.0;67.0;928.2;928.9;924.1;4;8;4;1.0;0.0;1.0;5.0;8.0;10.0;76.66666666666667;927.0666666666666;7.666666666666667;0.6666666666666666;4
83075;1990-12-03;26.9;31.8;19.3;9.4;1990;12;3;-23.43;-46.46;735;92.0;76.0;47.0;931.4;931.4;924.9;8;8;7;0.0;0.0;3.0;10.0;1.0;8.0;71.66666666666667;929.2333333333332;6.333333333333333;1.0;7
83075;1990-12-04;0;27.6;17.1;8.5;1990;12;4;-23.43;-46.46;735;81.0;80.0;45.0;930.0;932.5;928.0;8;8;4;0.0;0.0;1.0;5.0;5.0;4.0;68.66666666666667;930.1666666666666;4.666666666666667;0.3333333333333333;4
83075;1990-12-05;16.7;19.2;15.1;0;1990;12;5;-23.43;-46.46;735;84.0;75.0;70.0;930.5;935.1;933.8;4;4;4;1.0;5.0;4.0;9.0;9.0;10.0;76.33333333333333;933.1333333333332;9.333333333333334;3.3333333333333335;4
83075;1990-12-06;0;20;9;7.8;1990;12;6;-23.43;-46.46;735;83.0;83.0;56.0;941.6;941.2;936.9;4;3;3;3.0;1.0;3.0;10.0;8.0;2.0;74.0;939.9000000000001;6.666666666666667;2.3333333333333335;4
83075;1990-12-07;0;17.8;9.1;4.7;1990;12;7;-23.43;-46.46;735;77.0;77.0;60.0;941.3;942.5;939.9;4;4;3;3.0;4.0;8.0;5.0;8.0;5.0;71.33333333333333;941.2333333333332;6.0;5.0;4
83075;1990-12-08;0;26.8;12.7;7.3;1990;12;8;-23.43;-46.46;735;86.0;87.0;36.0;938.7;939.5;933.9;8;4;7;0.0;1.0;3.0;0.0;10.0;1.0;69.66666666666667;937.3666666666667;3.6666666666666665;1.3333333333333333;4
83075;1990-12-09;0;32.2;15.5;;1990;12;9;-23.43;-46.46;735;53.0;58.0;26.0;928.3;929.0;923.7;8;5;7;0.0;1.0;5.0;0.0;10.0;10.0;45.666666666666664;927.0;6.666666666666667;2.0;5
83075;1990-12-10;0.4;33;19.6;4.9;1990;12;10;-23.43;-46.46;735;57.0;45.0;48.0;925.9;926.2;920.7;0;7;0;2.0;3.0;4.0;10.0;8.0;9.0;50.0;924.2666666666668;9.0;3.0;0
83075;1990-12-11;3.8;31.4;18.7;5.4;1990;12;11;-23.43;-46.46;735;85.0;82.0;57.0;929.6;931.9;927.0;4;8;4;3.0;0.0;3.0;8.0;10.0;8.0;74.66666666666667;929.5;8.666666666666666;2.0;4
83075;1990-12-13;25.2;26.2;19.1;0.8;1990;12;13;-23.43;-46.46;735;90.0;79.0;89.0;927.3;925.3;923.4;3;0;7;2.0;2.0;1.0;10.0;10.0;10.0;86.0;925.3333333333334;10.0;1.6666666666666667;3
83075;1990-12-14;13.2;23.2;15.7;0;1990;12;14;-23.43;-46.46;735;82.0;92.0;90.0;924.8;929.4;929.7;7;8;4;3.0;0.0;2.0;8.0;10.0;10.0;88.0;927.9666666666666;9.333333333333334;1.6666666666666667;7
83075;1990-12-15;14.7;22.2;14.3;0;1990;12;15;-23.43;-46.46;735;91.0;84.0;76.0;932.5;933.3;930.9;8;4;4;0.0;2.0;2.0;10.0;10.0;10.0;83.66666666666667;932.2333333333332;10.0;1.3333333333333333;4
83075;1990-12-16;0;28.4;16.5;8.4;1990;12;16;-23.43;-46.46;735;89.0;80.0;47.0;934.1;933.5;932.2;8;8;5;0.0;0.0;1.0;10.0;8.0;4.0;72.0;933.2666666666668;7.333333333333333;0.3333333333333333;5
83075;1990-12-17;0;28.8;15.9;6.9;1990;12;17;-23.43;-46.46;735;77.0;74.0;57.0;933.3;933.2;929.0;4;8;4;2.0;0.0;4.0;4.0;10.0;4.0;69.33333333333333;931.8333333333334;6.0;2.0;4
83075;1990-12-18;0;32.4;18.7;8.5;1990;12;18;-23.43;-46.46;735;79.0;66.0;34.0;930.8;929.9;923.2;4;8;0;2.0;0.0;3.0;10.0;0.0;9.0;59.666666666666664;927.9666666666666;6.333333333333333;1.6666666666666667;4
83075;1990-12-19;0;32.8;20.3;7.9;1990;12;19;-23.43;-46.46;735;64.0;60.0;39.0;924.8;925.6;920.0;8;7;7;0.0;3.0;3.0;2.0;8.0;5.0;54.333333333333336;923.4666666666667;5.0;2.0;7
83075;1990-12-20;11.4;30;19.3;8.6;1990;12;20;-23.43;-46.46;735;76.0;71.0;54.0;924.6;927.4;923.7;8;5;7;0.0;2.0;3.0;10.0;9.0;8.0;67.0;925.2333333333332;9.0;1.6666666666666667;5
83075;1990-12-21;0;30.6;18.3;9.2;1990;12;21;-23.43;-46.46;735;83.0;68.0;59.0;926.9;928.8;924.3;4;4;8;2.0;1.0;0.0;10.0;8.0;5.0;70.0;926.6666666666666;7.666666666666667;1.0;4
83075;1990-12-22;0;32.6;17.5;9.7;1990;12;22;-23.43;-46.46;735;83.0;71.0;36.0;928.0;929.1;924.5;6;8;7;1.0;0.0;3.0;4.0;0.0;6.0;63.333333333333336;927.1999999999999;3.3333333333333335;1.3333333333333333;6
83075;1990-12-23;0;33.2;16.9;9.6;1990;12;23;-23.43;-46.46;735;74.0;71.0;51.0;928.0;930.2;928.6;3;8;4;1.0;0.0;1.0;5.0;6.0;9.0;65.33333333333333;928.9333333333334;6.666666666666667;0.6666666666666666;3
83075;1990-12-24;0;30;17.9;4.4;1990;12;24;-23.43;-46.46;735;61.0;77.0;71.0;929.6;931.7;928.6;3;8;4;1.0;0.0;5.0;5.0;10.0;10.0;69.66666666666667;929.9666666666667;8.333333333333334;2.0;3
83075;1990-12-25;0.1;29.8;19.7;4.6;1990;12;25;-23.43;-46.46;735;83.0;75.0;72.0;929.9;930.0;925.7;1;7;4;1.0;3.0;2.0;9.0;8.0;8.0;76.66666666666667;928.5333333333334;8.333333333333334;2.0;1
83075;1990-12-26;26.2;26.6;16.7;10.8;1990;12;26;-23.43;-46.46;735;82.0;58.0;51.0;930.6;930.1;928.1;3;3;3;5.0;3.0;7.0;10.0;6.0;8.0;63.666666666666664;929.6;8.0;5.0;3
83075;1990-12-27;0;27.8;17.7;8.7;1990;12;27;-23.43;-46.46;735;78.0;73.0;54.0;930.3;930.0;925.6;4;4;4;4.0;2.0;3.0;5.0;8.0;8.0;68.33333333333333;928.6333333333333;7.0;3.0;4
83075;1990-12-28;0;31.8;16.3;10.3;1990;12;28;-23.43;-46.46;735;77.0;61.0;28.0;928.9;928.3;924.4;4;7;5;1.0;1.0;3.0;6.0;9.0;8.0;55.333333333333336;927.1999999999999;7.666666666666667;1.6666666666666667;4
83075;1990-12-29;10.5;23.8;14.9;0.5;1990;12;29;-23.43;-46.46;735;55.0;87.0;66.0;926.7;933.8;935.0;4;4;3;1.0;1.0;4.0;2.0;10.0;9.0;69.33333333333333;931.8333333333334;7.0;2.0;4
83075;1990-12-30;0.2;23.4;12.5;8.6;1990;12;30;-23.43;-46.46;735;79.0;62.0;45.0;935.3;936.0;932.8;3;3;5;3.0;3.0;3.0;6.0;9.0;8.0;62.0;934.6999999999999;7.666666666666667;3.0;3
83075;1990-12-31;0;25.2;15.1;7.4;1990;12;31;-23.43;-46.46;735;75.0;68.0;55.0;934.2;934.8;930.5;3;3;3;3.0;3.0;3.0;10.0;10.0;6.0;66.0;933.1666666666666;8.666666666666666;3.0;3
83075;1991-01-01;0;26.6;15.9;5.3;1991;1;1;-23.43;-46.46;735;76.0;70.0;44.0;932.6;932.5;927.0;4;4;1;4.0;3.0;5.0;8.0;10.0;9.0;63.333333333333336;930.6999999999999;9.0;4.0;4
83075;1991-01-02;1.4;26.8;20.7;0.1;1991;1;2;-23.43;-46.46;735;85.0;77.0;81.0;926.2;928.7;926.8;8;7;1;0.0;5.0;1.0;10.0;9.0;10.0;81.0;927.2333333333332;9.666666666666666;2.0;7
83075;1991-01-03;0.6;29;19.5;4.8;1991;1;3;-23.43;-46.46;735;71.0;67.0;55.0;929.6;931.2;926.3;8;3;8;0.0;1.0;0.0;10.0;8.0;10.0;64.33333333333333;929.0333333333334;9.333333333333334;0.3333333333333333;3
83075;1991-01-04;4.5;29.2;19.3;8.5;1991;1;4;-23.43;-46.46;735;93.0;76.0;40.0;928.9;930.1;925.5;8;8;6;0.0;0.0;2.0;2.0;6.0;5.0;69.66666666666667;928.1666666666666;4.333333333333333;0.6666666666666666;6
83075;1991-01-05;0.7;24.8;15.5;8.1;1991;1;5;-23.43;-46.46;735;91.0;83.0;51.0;935.1;936.2;931.3;4;8;2;1.0;0.0;1.0;10.0;6.0;1.0;75.0;934.2000000000002;5.666666666666667;0.6666666666666666;4
83075;1991-01-07;0;19;11.1;1.4;1991;1;7;-23.43;-46.46;735;83.0;87.0;99.0;941.1;940.7;937.5;3;3;8;1.0;1.0;0.0;10.0;10.0;10.0;89.66666666666667;939.7666666666668;10.0;0.6666666666666666;3
83075;1991-01-08;0;27.6;13.8;7.1;1991;1;8;-23.43;-46.46;735;58.0;59.0;32.0;933.3;934.5;929.7;8;8;1;0.0;0.0;3.0;9.0;4.0;8.0;49.666666666666664;932.5;7.0;1.0;1
83075;1991-01-09;0.5;20.6;14.7;0.3;1991;1;9;-23.43;-46.46;735;72.0;80.0;79.0;939.1;940.4;939.4;4;4;4;3.0;3.0;3.0;6.0;10.0;10.0;77.0;939.6333333333333;8.666666666666666;3.0;4
83075;1991-01-10;24.6;24.8;13.9;4.9;1991;1;10;-23.43;-46.46;735;87.0;85.0;65.0;922.6;930.0;926.7;0;6;4;1.0;1.0;3.0;10.0;10.0;4.0;79.0;926.4333333333334;8.0;1.6666666666666667;0
83075;1991-01-11;2;18.8;10.9;0;1991;1;11;-23.43;-46.46;735;81.0;88.0;82.0;933.5;933.7;930.2;4;5;4;1.0;2.0;3.0;9.0;10.0;10.0;83.66666666666667;932.4666666666667;9.666666666666666;2.0;4
83075;1991-01-12;34.3;24.8;17.9;1.4;1991;1;12;-23.43;-46.46;735;88.0;77.0;79.0;934.3;929.1;927.8;4;8;5;2.0;0.0;4.0;10.0;10.0;10.0;81.33333333333333;930.4;10.0;2.0;4
83075;1991-01-14;0;28.2;19.7;0.7;1991;1;14;-23.43;-46.46;735;84.0;81.0;89.0;923.4;924.4;922.2;8;4;8;0.0;1.0;0.0;0.0;10.0;10.0;84.66666666666667;923.3333333333334;6.666666666666667;0.3333333333333333;4
83075;1991-01-16;140;29.6;20.1;4.1;1991;1;16;-23.43;-46.46;735;96.0;79.0;55.0;923.4;924.8;921.8;8;8;1;0.0;0.0;1.0;10.0;10.0;8.0;76.66666666666667;923.3333333333334;9.333333333333334;0.3333333333333333;1
83075;1991-01-17;3.2;23.4;17.5;0;1991;1;17;-23.43;-46.46;735;84.0;90.0;85.0;925.6;929.9;930.6;8;4;4;0.0;3.0;4.0;10.0;10.0;10.0;86.33333333333333;928.6999999999999;10.0;2.3333333333333335;4
83075;1991-01-18;4.6;22.6;16.1;1.3;1991;1;18;-23.43;-46.46;735;86.0;80.0;66.0;933.6;935.4;928.3;4;4;4;5.0;3.0;3.0;10.0;10.0;10.0;77.33333333333333;932.4333333333334;10.0;3.6666666666666665;4
83075;1991-01-19;0;26.6;16.5;6.6;1991;1;19;-23.43;-46.46;735;80.0;71.0;64.0;936.5;936.4;933.2;4;4;4;2.0;3.0;2.0;10.0;9.0;9.0;71.66666666666667;935.3666666666668;9.333333333333334;2.3333333333333335;4
83075;1991-01-20;0;28.4;18.5;6.5;1991;1;20;-23.43;-46.46;735;84.0;72.0;60.0;935.0;933.4;929.4;4;8;4;3.0;0.0;3.0;10.0;10.0;8.0;72.0;932.6;9.333333333333334;2.0;4
83075;1991-01-21;0;32.4;17.5;10.4;1991;1;21;-23.43;-46.46;735;79.0;72.0;43.0;931.1;930.1;925.0;8;8;7;0.0;0.0;2.0;5.0;0.0;5.0;64.66666666666667;928.7333333333332;3.3333333333333335;0.6666666666666666;7
83075;1991-01-23;12;30;20.7;8.5;1991;1;23;-23.43;-46.46;735;80.0;69.0;64.0;928.4;930.2;927.6;4;8;4;1.0;0.0;5.0;10.0;4.0;8.0;71.0;928.7333333333332;7.333333333333333;2.0;4
83075;1991-01-24;0;29.2;18.9;5.4;1991;1;24;-23.43;-46.46;735;77.0;74.0;46.0;930.6;932.2;927.5;3;2;3;3.0;3.0;1.0;10.0;10.0;6.0;65.66666666666667;930.1;8.666666666666666;2.3333333333333335;3
83075;1991-01-25;0;29.8;19.5;0.9;1991;1;25;-23.43;-46.46;735;78.0;80.0;55.0;930.1;928.7;922.8;3;4;7;1.0;3.0;4.0;10.0;10.0;10.0;71.0;927.2000000000002;10.0;2.6666666666666665;3
83075;1991-01-26;11.5;23.4;18.1;0;1991;1;26;-23.43;-46.46;735;78.0;93.0;89.0;925.0;926.0;928.0;8;6;4;0.0;1.0;1.0;10.0;10.0;10.0;86.66666666666667;926.3333333333334;10.0;0.6666666666666666;6
83075;1991-01-28;29.6;30.2;18.1;9.9;1991;1;28;-23.43;-46.46;735;89.0;72.0;47.0;928.1;929.9;925.6;8;7;7;0.0;3.0;5.0;10.0;8.0;8.0;69.33333333333333;927.8666666666667;8.666666666666666;2.6666666666666665;7
83075;1991-01-29;0;30.4;19.9;8.1;1991;1;29;-23.43;-46.46;735;77.0;67.0;52.0;928.9;929.0;923.4;4;7;0;1.0;1.0;1.0;10.0;8.0;9.0;65.33333333333333;927.1;9.0;1.0;4
83075;1991-01-30;0;30;20.1;7.9;1991;1;30;-23.43;-46.46;735;82.0;63.0;57.0;927.7;925.7;921.6;4;7;1;1.0;3.0;3.0;9.0;5.0;9.0;67.33333333333333;925.0;7.666666666666667;2.3333333333333335;4
83075;1991-01-31;0;28.4;20.3;0.7;1991;1;31;-23.43;-46.46;735;71.0;85.0;65.0;922.9;927.6;923.7;7;7;1;5.0;5.0;1.0;9.0;10.0;10.0;73.66666666666667;924.7333333333332;9.666666666666666;3.6666666666666665;7
83075;1991-02-01;31.8;29.8;16.1;7.7;1991;2;1;-23.43;-46.46;735;86.0;65.0;63.0;931.2;930.1;925.9;4;8;4;2.0;0.0;4.0;5.0;5.0;10.0;71.33333333333333;929.0666666666667;6.666666666666667;2.0;4
83075;1991-02-02;10.3;28.8;18.5;5.1;1991;2;2;-23.43;-46.46;735;88.0;82.0;53.0;929.0;932.0;927.9;8;8;4;0.0;0.0;1.0;10.0;10.0;9.0;74.33333333333333;929.6333333333333;9.666666666666666;0.3333333333333333;4
83075;1991-02-03;0.7;26.2;19.9;0;1991;2;3;-23.43;-46.46;735;76.0;74.0;83.0;929.3;930.0;928.2;3;8;8;2.0;0.0;0.0;10.0;10.0;10.0;77.66666666666667;929.1666666666666;10.0;0.6666666666666666;3
83075;1991-02-04;0;24.8;17.9;2.9;1991;2;4;-23.43;-46.46;735;84.0;75.0;71.0;930.5;934.5;931.4;5;3;4;2.0;3.0;2.0;10.0;9.0;10.0;76.66666666666667;932.1333333333333;9.666666666666666;2.3333333333333335;5
83075;1991-02-05;0;27.2;15.5;8.1;1991;2;5;-23.43;-46.46;735;84.0;78.0;41.0;934.8;935.5;929.6;3;3;8;1.0;2.0;0.0;4.0;9.0;4.0;67.66666666666667;933.3000000000001;5.666666666666667;1.0;3
83075;1991-02-07;0;24.6;13.5;8.9;1991;2;7;-23.43;-46.46;735;87.0;81.0;39.0;937.8;938.1;932.9;3;8;7;2.0;0.0;3.0;10.0;0.0;0.0;69.0;936.2666666666668;3.3333333333333335;1.6666666666666667;3
83075;1991-02-08;3.2;16.4;7.9;0;1991;2;8;-23.43;-46.46;735;81.0;86.0;80.0;937.0;942.0;942.1;4;4;4;5.0;3.0;3.0;10.0;10.0;10.0;82.33333333333333;940.3666666666667;10.0;3.6666666666666665;4
83075;1991-02-09;3.4;18.2;12.3;1.5;1991;2;9;-23.43;-46.46;735;87.0;76.0;67.0;942.1;943.4;941.5;3;3;3;3.0;3.0;5.0;10.0;10.0;8.0;76.66666666666667;942.3333333333334;9.333333333333334;3.6666666666666665;3
83075;1991-02-10;0;19.6;13.5;0;1991;2;10;-23.43;-46.46;735;83.0;81.0;85.0;931.7;933.0;930.7;3;3;4;3.0;3.0;1.0;10.0;10.0;10.0;83.0;931.8000000000001;10.0;2.3333333333333335;3
83075;1991-02-11;16.2;19;15.3;0;1991;2;11;-23.43;-46.46;735;85.0;44.0;86.0;931.2;930.8;928.2;4;8;4;4.0;0.0;4.0;10.0;10.0;10.0;71.66666666666667;930.0666666666666;10.0;2.6666666666666665;4
83075;1991-02-12;0.2;24;15.1;8.2;1991;2;12;-23.43;-46.46;735;81.0;55.0;47.0;931.1;930.6;927.4;4;3;4;1.0;4.0;5.0;10.0;8.0;8.0;61.0;929.6999999999999;8.666666666666666;3.3333333333333335;4
83075;1991-02-13;7.5;26.8;19.3;4.1;1991;2;13;-23.43;-46.46;735;78.0;75.0;53.0;924.0;926.8;924.2;7;8;5;1.0;0.0;5.0;1.0;5.0;8.0;68.66666666666667;925.0;4.666666666666667;2.0;7
83075;1991-02-14;1.8;29.4;16.9;7.6;1991;2;14;-23.43;-46.46;735;83.0;77.0;57.0;926.9;928.9;925.4;4;3;4;1.0;3.0;4.0;1.0;10.0;10.0;72.33333333333333;927.0666666666666;7.0;2.6666666666666665;4
83075;1991-02-15;0;25.6;19.3;0.5;1991;2;15;-23.43;-46.46;735;80.0;79.0;72.0;928.9;931.1;928.8;3;6;8;2.0;1.0;0.0;10.0;10.0;10.0;77.0;929.6;10.0;1.0;3
83075;1991-02-16;0.1;26;19.3;0.3;1991;2;16;-23.43;-46.46;735;88.0;83.0;71.0;931.2;932.3;929.4;5;2;4;1.0;1.0;3.0;10.0;10.0;10.0;80.66666666666667;930.9666666666667;10.0;1.6666666666666667;5
83075;1991-02-17;0;28.8;19.1;5.7;1991;2;17;-23.43;-46.46;735;86.0;77.0;67.0;931.0;927.8;926.3;3;8;4;1.0;0.0;3.0;10.0;6.0;10.0;76.66666666666667;928.3666666666667;8.666666666666666;1.3333333333333333;3
83075;1991-02-18;17.2;26.6;17.1;1.3;1991;2;18;-23.43;-46.46;735;85.0;84.0;92.0;926.8;926.8;930.1;3;7;7;1.0;2.0;1.0;6.0;6.0;10.0;87.0;927.9;7.333333333333333;1.3333333333333333;3
83075;1991-02-19;31.6;27.2;16.3;10.6;1991;2;19;-23.43;-46.46;735;86.0;73.0;51.0;926.7;927.8;926.8;8;4;4;0.0;1.0;1.0;10.0;4.0;6.0;70.0;927.1;6.666666666666667;0.6666666666666666;4
83075;1991-02-20;0;27.2;15.5;8.3;1991;2;20;-23.43;-46.46;735;77.0;77.0;51.0;929.3;932.7;928.2;4;4;3;2.0;1.0;5.0;8.0;4.0;8.0;68.33333333333333;930.0666666666666;6.666666666666667;2.6666666666666665;4
83075;1991-02-21;0;27.8;16.7;5;1991;2;21;-23.43;-46.46;735;80.0;78.0;62.0;930.8;933.2;929.4;4;3;4;2.0;4.0;3.0;4.0;10.0;5.0;73.33333333333333;931.1333333333333;6.333333333333333;3.0;4
83075;1991-02-22;0;31.6;17.7;9.3;1991;2;22;-23.43;-46.46;735;82.0;74.0;47.0;931.0;931.7;924.9;4;3;1;4.0;1.0;3.0;10.0;0.0;4.0;67.66666666666667;929.1999999999999;4.666666666666667;2.6666666666666665;4
83075;1991-02-23;0;26;18.5;0.6;1991;2;23;-23.43;-46.46;735;73.0;58.0;74.0;925.9;931.0;932.3;8;4;4;0.0;1.0;4.0;8.0;10.0;10.0;68.33333333333333;929.7333333333332;9.333333333333334;1.6666666666666667;4
83075;1991-02-24;0;24.2;15.3;9.1;1991;2;24;-23.43;-46.46;735;68.0;60.0;49.0;930.7;936.9;934.4;4;3;4;1.0;3.0;3.0;10.0;9.0;5.0;59.0;934.0;8.0;2.3333333333333335;4
83075;1991-02-25;0;25;14.7;2.5;1991;2;25;-23.43;-46.46;735;75.0;75.0;63.0;935.5;936.3;931.7;4;8;4;1.0;0.0;3.0;2.0;10.0;8.0;71.0;934.5;6.666666666666667;1.3333333333333333;4
83075;1991-02-26;0;29.6;17.4;7.5;1991;2;26;-23.43;-46.46;735;78.0;76.0;55.0;932.2;931.9;926.4;3;0;3;4.0;1.0;4.0;10.0;5.0;6.0;69.66666666666667;930.1666666666666;7.0;3.0;3
83075;1991-02-27;0;31.8;16.9;9;1991;2;27;-23.43;-46.46;735;78.0;74.0;43.0;929.4;931.5;925.3;5;3;0;2.0;1.0;2.0;5.0;6.0;6.0;65.0;928.7333333333332;5.666666666666667;1.6666666666666667;5
83075;1991-02-28;10.5;31.4;17.5;9.7;1991;2;28;-23.43;-46.46;735;77.0;68.0;45.0;929.0;932.4;926.5;8;7;7;0.0;3.0;4.0;10.0;10.0;8.0;63.333333333333336;929.3000000000001;9.333333333333334;2.3333333333333335;7
83075;1991-03-01;0.9;28.8;17.1;1.4;1991;3;1;-23.43;-46.46;735;74.0;72.0;54.0;928.3;928.9;924.6;3;5;1;2.0;1.0;1.0;5.0;9.0;9.0;66.66666666666667;927.2666666666665;7.666666666666667;1.3333333333333333;3
83075;1991-03-02;12.7;29;16.9;1.7;1991;3;2;-23.43;-46.46;735;90.0;84.0;57.0;931.2;932.2;927.7;8;8;3;0.0;0.0;3.0;10.0;10.0;9.0;77.0;930.3666666666668;9.666666666666666;1.0;3
83075;1991-03-04;0;27.2;16.3;9.3;1991;3;4;-23.43;-46.46;735;82.0;70.0;48.0;935.0;937.2;932.5;3;3;4;2.0;5.0;3.0;5.0;4.0;4.0;66.66666666666667;934.9;4.333333333333333;3.3333333333333335;3
83075;1991-03-05;0;26.6;14.9;8;1991;3;5;-23.43;-46.46;735;85.0;79.0;45.0;932.0;933.5;928.3;4;4;0;1.0;1.0;1.0;0.0;4.0;5.0;69.66666666666667;931.2666666666668;3.0;1.0;4
83075;1991-03-06;0;26.4;12.7;9.1;1991;3;6;-23.43;-46.46;735;66.0;70.0;38.0;935.1;937.1;931.8;8;8;7;0.0;0.0;1.0;1.0;0.0;2.0;58.0;934.6666666666666;1.0;0.3333333333333333;7
83075;1991-03-07;0;24.6;10.9;8.6;1991;3;7;-23.43;-46.46;735;69.0;70.0;38.0;934.9;936.0;931.0;7;7;7;2.0;1.0;5.0;2.0;0.0;0.0;59.0;933.9666666666667;0.6666666666666666;2.6666666666666665;7
83075;1991-03-08;0.8;12.6;6.5;0;1991;3;8;-23.43;-46.46;735;83.0;76.0;71.0;943.0;943.5;941.1;4;3;4;1.0;2.0;3.0;10.0;10.0;10.0;76.66666666666667;942.5333333333333;10.0;2.0;4
83075;1991-03-09;0;22;10.7;7.3;1991;3;9;-23.43;-46.46;735;75.0;70.0;40.0;943.3;943.4;938.2;3;3;3;4.0;3.0;1.0;10.0;8.0;9.0;61.666666666666664;941.6333333333332;9.0;2.6666666666666665;3
83075;1991-03-10;7.4;19;15.7;0;1991;3;10;-23.43;-46.46;735;92.0;88.0;79.0;931.6;934.0;932.5;3;3;8;2.0;2.0;0.0;10.0;10.0;9.0;86.33333333333333;932.6999999999999;9.666666666666666;1.3333333333333333;3
83075;1991-03-11;0.9;24.9;14.5;7.2;1991;3;11;-23.43;-46.46;735;87.0;74.0;65.0;931.0;931.9;927.7;3;3;4;1.0;1.0;3.0;10.0;8.0;8.0;75.33333333333333;930.2000000000002;8.666666666666666;1.6666666666666667;3
83075;1991-03-12;0;26.6;14.3;11.5;1991;3;12;-23.43;-46.46;735;76.0;59.0;48.0;931.0;931.6;927.6;4;3;4;2.0;1.0;5.0;5.0;4.0;5.0;61.0;930.0666666666666;4.666666666666667;2.6666666666666665;4
83075;1991-03-13;0;29.8;21.1;7.5;1991;3;13;-23.43;-46.46;735;85.0;72.0;51.0;926.8;932.5;919.8;8;7;7;2.0;3.0;3.0;10.0;8.0;5.0;69.33333333333333;926.3666666666667;7.666666666666667;2.6666666666666665;7
83075;1991-03-14;12.8;25;19.7;0.5;1991;3;14;-23.43;-46.46;735;88.0;95.0;72.0;924.4;927.4;925.8;7;8;4;2.0;0.0;3.0;10.0;10.0;10.0;85.0;925.8666666666667;10.0;1.6666666666666667;7
83075;1991-03-15;0.2;26;17.9;4.8;1991;3;15;-23.43;-46.46;735;81.0;77.0;55.0;929.6;931.5;928.5;3;3;4;2.0;4.0;4.0;10.0;9.0;6.0;71.0;929.8666666666667;8.333333333333334;3.3333333333333335;3
83075;1991-03-16;0;25.8;14.7;8.9;1991;3;16;-23.43;-46.46;735;73.0;63.0;50.0;932.1;932.9;928.7;4;3;3;2.0;4.0;2.0;8.0;2.0;9.0;62.0;931.2333333333332;6.333333333333333;2.6666666666666665;4
83075;1991-03-17;0;21.6;15.9;6.3;1991;3;17;-23.43;-46.46;735;78.0;75.0;53.0;930.7;931.5;925.9;4;3;3;1.0;3.0;1.0;8.0;9.0;8.0;68.66666666666667;929.3666666666667;8.333333333333334;1.6666666666666667;4
83075;1991-03-18;0;30;17.1;6.6;1991;3;18;-23.43;-46.46;735;83.0;78.0;49.0;928.9;929.3;922.5;8;8;7;0.0;0.0;4.0;8.0;9.0;10.0;70.0;926.9;9.0;1.3333333333333333;7
83075;1991-03-20;22.6;31;18.3;6.2;1991;3;20;-23.43;-46.46;735;90.0;88.0;58.0;929.1;930.9;924.6;8;8;7;0.0;0.0;2.0;0.0;8.0;8.0;78.66666666666667;928.1999999999999;5.333333333333333;0.6666666666666666;7
83075;1991-03-21;2.8;27.6;19.9;0.4;1991;3;21;-23.43;-46.46;735;89.0;89.0;92.0;928.6;930.2;926.4;8;8;5;0.0;0.0;3.0;10.0;9.0;10.0;90.0;928.4000000000001;9.666666666666666;1.0;5
83075;1991-03-22;26.5;23;19.1;0;1991;3;22;-23.43;-46.46;735;89.0;82.0;83.0;930.2;929.2;926.9;3;4;4;1.0;3.0;4.0;10.0;10.0;10.0;84.66666666666667;928.7666666666668;10.0;2.6666666666666665;3
83075;1991-03-23;3.1;24.6;17.3;4.5;1991;3;23;-23.43;-46.46;735;84.0;82.0;68.0;929.3;929.8;927.5;8;4;4;0.0;1.0;3.0;9.0;10.0;9.0;78.0;928.8666666666667;9.333333333333334;1.3333333333333333;4
83075;1991-03-24;0;24;18.5;0.4;1991;3;24;-23.43;-46.46;735;83.0;75.0;91.0;929.2;929.4;927.7;4;4;5;1.0;1.0;1.0;9.0;8.0;10.0;83.0;928.7666666666668;9.0;1.0;4
83075;1991-03-25;2.2;25.8;19.5;0;1991;3;25;-23.43;-46.46;735;92.0;85.0;77.0;929.2;929.2;927.4;4;8;4;1.0;0.0;2.0;10.0;10.0;10.0;84.66666666666667;928.6;10.0;1.0;4
83075;1991-03-26;88.2;21.4;18.1;0;1991;3;26;-23.43;-46.46;735;94.0;90.0;76.0;932.1;934.6;933.2;8;4;4;0.0;3.0;3.0;10.0;10.0;10.0;86.66666666666667;933.3000000000001;10.0;2.0;4
83075;1991-03-28;39;18;15.1;0;1991;3;28;-23.43;-46.46;735;94.0;94.0;92.0;934.9;933.7;931.1;8;3;3;0.0;1.0;1.0;10.0;10.0;10.0;93.33333333333333;933.2333333333332;10.0;0.6666666666666666;3
83075;1991-03-30;6.3;21.2;16.3;0;1991;3;30;-23.43;-46.46;735;94.0;87.0;87.0;932.2;933.4;930.7;8;4;8;0.0;1.0;0.0;10.0;10.0;10.0;89.33333333333333;932.1;10.0;0.3333333333333333;4
83075;1991-04-01;17.2;23;18.3;0;1991;4;1;-23.43;-46.46;735;90.0;93.0;83.0;928.5;929.0;927.6;3;8;4;2.0;0.0;1.0;10.0;10.0;10.0;88.66666666666667;928.3666666666667;10.0;1.0;3
83075;1991-04-02;39.2;31;17.7;6.4;1991;4;2;-23.43;-46.46;735;88.0;84.0;55.0;930.4;931.7;927.3;8;3;7;0.0;1.0;4.0;6.0;8.0;10.0;75.66666666666667;929.7999999999998;8.0;1.6666666666666667;3
83075;1991-04-04;0;28.6;17.3;5;1991;4;4;-23.43;-46.46;735;82.0;79.0;90.0;935.9;936.0;933.6;3;8;4;2.0;0.0;3.0;10.0;9.0;10.0;83.66666666666667;935.1666666666666;9.666666666666666;1.6666666666666667;3
83075;1991-04-05;0;26.6;14.7;7.3;1991;4;5;-23.43;-46.46;735;81.0;90.0;39.0;931.2;934.5;928.0;8;8;7;0.0;0.0;2.0;10.0;10.0;4.0;70.0;931.2333333333332;8.0;0.6666666666666666;7
83075;1991-04-06;0;27.2;13.3;8.2;1991;4;6;-23.43;-46.46;735;73.0;87.0;46.0;934.5;936.8;930.9;8;3;7;0.0;1.0;1.0;0.0;2.0;4.0;68.66666666666667;934.0666666666666;2.0;0.6666666666666666;3
83075;1991-04-07;0;20.2;11.3;8.6;1991;4;7;-23.43;-46.46;735;51.0;77.0;57.0;934.1;935.1;934.4;7;8;4;2.0;0.0;3.0;4.0;0.0;8.0;61.666666666666664;934.5333333333333;4.0;1.6666666666666667;7
83075;1991-04-08;0;20;8.5;6.7;1991;4;8;-23.43;-46.46;735;84.0;80.0;54.0;941.3;940.2;935.7;4;2;8;4.0;3.0;0.0;10.0;10.0;1.0;72.66666666666667;939.0666666666666;7.0;2.3333333333333335;4
83075;1991-04-09;0;23.6;10.1;8;1991;4;9;-23.43;-46.46;735;80.0;79.0;35.0;942.1;942.2;936.6;3;7;3;3.0;1.0;2.0;10.0;8.0;6.0;64.66666666666667;940.3000000000001;8.0;2.0;3
83075;1991-04-10;0;24.4;13.7;4.6;1991;4;10;-23.43;-46.46;735;85.0;71.0;64.0;935.4;935.0;930.9;3;5;4;2.0;3.0;3.0;10.0;8.0;8.0;73.33333333333333;933.7666666666668;8.666666666666666;2.6666666666666665;3
83075;1991-04-11;0;23;11.5;2.3;1991;4;11;-23.43;-46.46;735;83.0;32.0;61.0;932.5;933.3;931.5;4;5;4;3.0;3.0;4.0;10.0;10.0;8.0;58.666666666666664;932.4333333333334;9.333333333333334;3.3333333333333335;4
83075;1991-04-12;0;29.4;14.7;9.7;1991;4;12;-23.43;-46.46;735;77.0;66.0;46.0;931.1;931.3;926.1;4;8;5;4.0;0.0;5.0;10.0;0.0;8.0;63.0;929.5;6.0;3.0;4
83075;1991-04-13;1;24;19.3;0;1991;4;13;-23.43;-46.46;735;73.0;75.0;71.0;927.7;929.5;927.5;8;6;6;0.0;1.0;2.0;8.0;10.0;10.0;73.0;928.2333333333332;9.333333333333334;1.0;6
83075;1991-04-14;0;29.8;18.9;9.1;1991;4;14;-23.43;-46.46;735;75.0;71.0;57.0;929.0;930.6;924.0;8;8;4;0.0;0.0;3.0;5.0;5.0;8.0;67.66666666666667;927.8666666666667;6.0;1.0;4
83075;1991-04-15;0;29;18.7;5.6;1991;4;15;-23.43;-46.46;735;77.0;83.0;72.0;927.8;931.8;928.7;8;3;8;0.0;1.0;0.0;5.0;4.0;10.0;77.33333333333333;929.4333333333334;6.333333333333333;0.3333333333333333;3
83075;1991-04-16;7.4;29.8;19.3;2.4;1991;4;16;-23.43;-46.46;735;86.0;78.0;55.0;931.4;932.0;925.5;8;8;5;0.0;0.0;1.0;9.0;9.0;8.0;73.0;929.6333333333333;8.666666666666666;0.3333333333333333;5
83075;1991-04-17;3.9;30;17.9;9.5;1991;4;17;-23.43;-46.46;735;88.0;72.0;49.0;930.3;928.0;922.2;8;5;0;0.0;1.0;3.0;10.0;0.0;4.0;69.66666666666667;926.8333333333334;4.666666666666667;1.3333333333333333;5
83075;1991-04-18;0;28.8;19.9;4;1991;4;18;-23.43;-46.46;735;77.0;60.0;76.0;923.7;925.8;924.0;8;7;7;0.0;1.0;2.0;0.0;8.0;10.0;71.0;924.5;6.0;1.0;7
83075;1991-04-19;1.7;22.8;18.3;0;1991;4;19;-23.43;-46.46;735;78.0;84.0;68.0;928.9;933.1;931.5;4;5;4;1.0;1.0;3.0;10.0;10.0;10.0;76.66666666666667;931.1666666666666;10.0;1.6666666666666667;4
83075;1991-04-20;0.5;19;13.9;0;1991;4;20;-23.43;-46.46;735;85.0;74.0;56.0;937.2;941.8;938.8;4;4;3;5.0;2.0;3.0;10.0;10.0;10.0;71.66666666666667;939.2666666666668;10.0;3.3333333333333335;4
83075;1991-04-21;0;20.4;13.7;3.6;1991;4;21;-23.43;-46.46;735;83.0;66.0;70.0;940.5;940.5;937.3;8;3;4;0.0;5.0;3.0;9.0;5.0;10.0;73.0;939.4333333333334;8.0;2.6666666666666665;3
83075;1991-04-22;0;25.2;14.7;8.7;1991;4;22;-23.43;-46.46;735;76.0;74.0;50.0;938.9;937.5;933.3;3;4;8;1.0;1.0;0.0;8.0;2.0;6.0;66.66666666666667;936.5666666666666;5.333333333333333;0.6666666666666666;3
83075;1991-04-23;0;26.9;12.5;8.4;1991;4;23;-23.43;-46.46;735;77.0;87.0;45.0;936.1;936.2;929.6;8;4;8;0.0;1.0;0.0;8.0;4.0;6.0;69.66666666666667;933.9666666666667;6.0;0.3333333333333333;4
83075;1991-04-24;0;27.6;14.5;7.7;1991;4;24;-23.43;-46.46;735;74.0;58.0;40.0;931.2;930.7;924.8;8;6;0;0.0;1.0;3.0;0.0;4.0;8.0;57.333333333333336;928.9;4.0;1.3333333333333333;6
83075;1991-04-25;65.6;21.8;16.1;2;1991;4;25;-23.43;-46.46;735;82.0;93.0;76.0;928.3;931.1;928.9;4;8;7;2.0;0.0;1.0;10.0;10.0;9.0;83.66666666666667;929.4333333333334;9.666666666666666;1.0;4
83075;1991-04-26;14.7;21.8;16.3;1.5;1991;4;26;-23.43;-46.46;735;92.0;92.0;80.0;931.4;932.2;928.8;3;3;8;2.0;3.0;0.0;10.0;10.0;8.0;88.0;930.7999999999998;9.333333333333334;1.6666666666666667;3
83075;1991-04-27;4.2;23.4;14.9;5.6;1991;4;27;-23.43;-46.46;735;92.0;75.0;54.0;929.9;931.5;928.1;8;7;6;0.0;2.0;1.0;9.0;9.0;5.0;73.66666666666667;929.8333333333334;7.666666666666667;1.0;7
83075;1991-04-28;0;24.2;14.1;5.2;1991;4;28;-23.43;-46.46;735;78.0;80.0;51.0;930.9;933.1;929.9;8;8;4;0.0;0.0;3.0;0.0;10.0;10.0;69.66666666666667;931.3000000000001;6.666666666666667;1.0;4
83075;1991-04-29;0;23;13.9;4;1991;4;29;-23.43;-46.46;735;80.0;75.0;83.0;933.3;934.7;932.6;4;5;8;3.0;3.0;0.0;5.0;8.0;10.0;79.33333333333333;933.5333333333333;7.666666666666667;2.0;4
83075;1991-04-30;0.9;23.6;14.5;4.4;1991;4;30;-23.43;-46.46;735;88.0;86.0;62.0;934.4;936.1;932.8;8;8;4;0.0;0.0;3.0;10.0;8.0;6.0;78.66666666666667;934.4333333333334;8.0;1.0;4
83075;1991-05-01;9.1;25.6;15.9;6.7;1991;5;1;-23.43;-46.46;735;87.0;68.0;61.0;931.1;930.5;929.6;4;3;4;2.0;1.0;4.0;5.0;2.0;8.0;72.0;930.4;5.0;2.3333333333333335;4
83075;1991-05-02;7;29.8;19.3;2.9;1991;5;2;-23.43;-46.46;735;87.0;63.0;57.0;930.9;931.3;927.2;8;7;8;0.0;3.0;0.0;8.0;10.0;10.0;69.0;929.7999999999998;9.333333333333334;1.0;7
83075;1991-05-03;67;24.8;19.1;0.1;1991;5;3;-23.43;-46.46;735;94.0;87.0;83.0;930.6;931.3;928.6;4;8;8;2.0;0.0;0.0;10.0;10.0;10.0;88.0;930.1666666666666;10.0;0.6666666666666666;4
83075;1991-05-04;7.9;19.6;16.5;0;1991;5;4;-23.43;-46.46;735;78.0;82.0;75.0;937.3;938.8;936.7;3;3;4;2.0;5.0;3.0;8.0;10.0;1.0;78.33333333333333;937.6;6.333333333333333;3.3333333333333335;3
83075;1991-05-05;0;27.4;14.1;8;1991;5;5;-23.43;-46.46;735;69.0;70.0;44.0;929.6;932.0;927.9;8;8;6;0.0;0.0;1.0;0.0;2.0;8.0;61.0;929.8333333333334;3.3333333333333335;0.3333333333333333;6
83075;1991-05-06;0;27.2;13.1;9;1991;5;6;-23.43;-46.46;735;74.0;73.0;32.0;933.3;934.0;927.7;8;7;0;0.0;1.0;2.0;2.0;0.0;2.0;59.666666666666664;931.6666666666666;1.3333333333333333;1.0;7
83075;1991-05-08;0;25.4;10.7;6.9;1991;5;8;-23.43;-46.46;735;84.0;79.0;51.0;938.2;938.6;932.5;8;8;1;0.0;0.0;3.0;10.0;10.0;8.0;71.33333333333333;936.4333333333334;9.333333333333334;1.0;1
83075;1991-05-09;0;24.4;9.9;9.3;1991;5;9;-23.43;-46.46;735;77.0;69.0;39.0;939.4;940.9;936.6;5;3;4;2.0;2.0;3.0;10.0;0.0;0.0;61.666666666666664;938.9666666666667;3.3333333333333335;2.3333333333333335;5
83075;1991-05-10;0;21.4;15.7;0;1991;5;10;-23.43;-46.46;735;84.0;77.0;89.0;933.7;932.0;929.3;5;2;7;4.0;2.0;2.0;10.0;9.0;10.0;83.33333333333333;931.6666666666666;9.666666666666666;2.6666666666666665;5
83075;1991-05-11;0;23.2;15.9;3;1991;5;11;-23.43;-46.46;735;90.0;72.0;68.0;934.2;933.4;930.5;4;3;3;2.0;1.0;5.0;10.0;10.0;10.0;76.66666666666667;932.6999999999999;10.0;2.6666666666666665;4
83075;1991-05-12;0;32.2;17.5;8.6;1991;5;12;-23.43;-46.46;735;74.0;58.0;40.0;929.9;930.0;924.7;4;8;8;2.0;0.0;0.0;5.0;0.0;8.0;57.333333333333336;928.2000000000002;4.333333333333333;0.6666666666666666;4
83075;1991-05-13;0;22.4;13.9;3;1991;5;13;-23.43;-46.46;735;83.0;81.0;62.0;936.7;938.1;933.7;8;4;8;0.0;2.0;0.0;5.0;10.0;10.0;75.33333333333333;936.1666666666666;8.333333333333334;0.6666666666666666;4
83075;1991-05-15;3.6;21.4;14.1;1.7;1991;5;15;-23.43;-46.46;735;69.0;88.0;68.0;931.8;933.4;929.1;7;4;0;1.0;1.0;3.0;10.0;10.0;8.0;75.0;931.4333333333333;9.333333333333334;1.6666666666666667;7
83075;1991-05-16;0.5;23.4;15.5;9.3;1991;5;16;-23.43;-46.46;735;84.0;79.0;42.0;930.8;933.0;930.1;8;6;7;0.0;3.0;4.0;8.0;5.0;5.0;68.33333333333333;931.3000000000001;6.0;2.3333333333333335;6
83075;1991-05-17;0;22.8;14.7;5.9;1991;5;17;-23.43;-46.46;735;84.0;76.0;53.0;933.7;936.0;932.6;4;4;3;2.0;3.0;2.0;10.0;8.0;6.0;71.0;934.1;8.0;2.3333333333333335;4
83075;1991-05-18;0;24;15.1;6.1;1991;5;18;-23.43;-46.46;735;81.0;83.0;55.0;935.9;938.0;934.7;3;3;8;1.0;3.0;0.0;10.0;9.0;8.0;73.0;936.2000000000002;9.0;1.3333333333333333;3
83075;1991-05-19;0;25.2;15.9;6.6;1991;5;19;-23.43;-46.46;735;85.0;86.0;55.0;937.9;940.0;935.3;4;3;4;1.0;3.0;1.0;10.0;10.0;5.0;75.33333333333333;937.7333333333332;8.333333333333334;1.6666666666666667;4
83075;1991-05-20;0;25.4;16.1;8;1991;5;20;-23.43;-46.46;735;87.0;75.0;59.0;937.6;938.4;932.8;8;4;3;0.0;2.0;1.0;6.0;1.0;4.0;73.66666666666667;936.2666666666668;3.6666666666666665;1.0;4
83075;1991-05-21;0;26.4;14.9;7.4;1991;5;21;-23.43;-46.46;735;85.0;90.0;53.0;934.6;935.8;930.1;8;3;7;0.0;1.0;2.0;9.0;10.0;4.0;76.0;933.5;7.666666666666667;1.0;3
83075;1991-05-22;0;27.2;15.3;8.8;1991;5;22;-23.43;-46.46;735;74.0;63.0;47.0;931.9;931.2;925.7;8;0;0;0.0;3.0;5.0;0.0;0.0;4.0;61.333333333333336;929.6;1.3333333333333333;2.6666666666666665;0
83075;1991-05-23;6.6;23.4;17.3;8.4;1991;5;23;-23.43;-46.46;735;80.0;74.0;44.0;928.9;933.7;930.1;7;0;6;4.0;1.0;2.0;10.0;6.0;1.0;66.0;930.9;5.666666666666667;2.3333333333333335;7
83075;1991-05-24;0;23.4;13.9;6.8;1991;5;24;-23.43;-46.46;735;79.0;87.0;54.0;934.3;936.6;930.9;4;3;4;1.0;3.0;2.0;10.0;10.0;2.0;73.33333333333333;933.9333333333334;7.333333333333333;2.0;4
83075;1991-05-25;0;26.8;11.1;9;1991;5;25;-23.43;-46.46;735;87.0;87.0;42.0;933.0;935.3;930.2;4;8;7;1.0;0.0;1.0;5.0;10.0;10.0;72.0;932.8333333333334;8.333333333333334;0.6666666666666666;4
83075;1991-05-26;0;24.2;11.5;7.4;1991;5;26;-23.43;-46.46;735;79.0;91.0;58.0;934.2;937.8;932.0;8;8;4;0.0;0.0;1.0;5.0;10.0;1.0;76.0;934.6666666666666;5.333333333333333;0.3333333333333333;4
83075;1991-05-27;0;27.2;13.5;9.1;1991;5;27;-23.43;-46.46;735;81.0;81.0;41.0;934.7;937.8;932.8;8;8;7;0.0;0.0;1.0;0.0;0.0;0.0;67.66666666666667;935.1;0.0;0.3333333333333333;7
83075;1991-05-28;0;27.2;13.5;9.3;1991;5;28;-23.43;-46.46;735;68.0;69.0;39.0;935.8;937.6;932.2;8;5;7;0.0;1.0;2.0;0.0;0.0;1.0;58.666666666666664;935.2000000000002;0.3333333333333333;1.0;5
83075;1991-05-29;0;26;13.9;9.2;1991;5;29;-23.43;-46.46;735;72.0;75.0;43.0;935.9;937.9;932.6;8;8;7;0.0;0.0;3.0;6.0;0.0;0.0;63.333333333333336;935.4666666666667;2.0;1.0;7
83075;1991-06-01;0.8;26.6;16.5;8.8;1991;6;1;-23.43;-46.46;735;84.0;71.0;73.0;932.2;931.7;928.4;4;4;4;1.0;2.0;3.0;10.0;6.0;8.0;76.0;930.7666666666668;8.0;2.0;4
83075;1991-06-02;7.8;28;18.3;2.1;1991;6;2;-23.43;-46.46;735;89.0;83.0;85.0;930.7;931.7;928.7;8;3;3;0.0;3.0;3.0;10.0;9.0;10.0;85.66666666666667;930.3666666666668;9.666666666666666;2.0;3
83075;1991-06-03;11.2;25.6;19.3;0.1;1991;6;3;-23.43;-46.46;735;90.0;77.0;77.0;931.0;931.3;928.3;2;8;8;2.0;0.0;0.0;10.0;10.0;10.0;81.33333333333333;930.1999999999999;10.0;0.6666666666666666;2
83075;1991-06-04;0;25.2;13.1;9.2;1991;6;4;-23.43;-46.46;735;81.0;69.0;47.0;938.0;937.4;931.2;3;3;4;2.0;2.0;1.0;10.0;6.0;9.0;65.66666666666667;935.5333333333334;8.333333333333334;1.6666666666666667;3
83075;1991-06-05;0.7;21;16.5;0;1991;6;5;-23.43;-46.46;735;83.0;92.0;83.0;931.8;936.0;935.0;8;4;4;0.0;4.0;5.0;10.0;10.0;10.0;86.0;934.2666666666668;10.0;3.0;4
83075;1991-06-06;0;27.4;13.9;8.3;1991;6;6;-23.43;-46.46;735;64.0;62.0;38.0;930.6;933.2;929.5;8;8;7;0.0;0.0;2.0;0.0;1.0;6.0;54.666666666666664;931.1;2.3333333333333335;0.6666666666666666;7
83075;1991-06-07;0;21;8.7;6.4;1991;6;7;-23.43;-46.46;735;83.0;87.0;52.0;939.5;940.0;935.1;6;1;8;2.0;1.0;0.0;8.0;10.0;10.0;74.0;938.1999999999999;9.333333333333334;1.0;6
83075;1991-06-08;0;26.6;13.1;5.6;1991;6;8;-23.43;-46.46;735;80.0;71.0;36.0;934.3;934.9;930.3;8;8;1;0.0;0.0;3.0;2.0;8.0;4.0;62.333333333333336;933.1666666666666;4.666666666666667;1.0;1
83075;1991-06-09;0;25.8;10.5;8.6;1991;6;9;-23.43;-46.46;735;64.0;78.0;25.0;940.5;941.9;936.4;3;3;4;2.0;3.0;1.0;8.0;6.0;0.0;55.666666666666664;939.6;4.666666666666667;2.0;3
83075;1991-06-10;35.9;25;15.7;0;1991;6;10;-23.43;-46.46;735;89.0;71.0;78.0;929.2;924.7;924.8;8;6;7;0.0;4.0;2.0;9.0;10.0;10.0;79.33333333333333;926.2333333333332;9.666666666666666;2.0;6
83075;1991-06-11;0;28.6;13.7;8.8;1991;6;11;-23.43;-46.46;735;81.0;77.0;43.0;933.1;932.2;926.9;3;5;3;4.0;3.0;2.0;10.0;5.0;8.0;67.0;930.7333333333335;7.666666666666667;3.0;3
83075;1991-06-12;24.6;25;19.1;4.5;1991;6;12;-23.43;-46.46;735;73.0;72.0;51.0;928.4;927.8;923.2;2;8;7;2.0;0.0;1.0;2.0;10.0;9.0;65.33333333333333;926.4666666666666;7.0;1.0;2
83075;1991-06-13;0;21;12.5;7;1991;6;13;-23.43;-46.46;735;81.0;85.0;52.0;937.8;939.6;936.6;8;8;3;0.0;0.0;2.0;0.0;10.0;4.0;72.66666666666667;938.0;4.666666666666667;0.6666666666666666;3
83075;1991-06-14;0;22.8;10.7;6.4;1991;6;14;-23.43;-46.46;735;85.0;82.0;59.0;939.1;939.4;933.9;8;3;8;0.0;1.0;0.0;6.0;10.0;4.0;75.33333333333333;937.4666666666667;6.666666666666667;0.3333333333333333;3
83075;1991-06-15;0;24.6;10.3;5.5;1991;6;15;-23.43;-46.46;735;86.0;92.0;49.0;935.9;937.2;932.4;8;8;2;0.0;0.0;2.7;10.0;10.0;10.0;75.66666666666667;935.1666666666666;10.0;0.9;2
83075;1991-06-17;0;26.8;11.1;7.9;1991;6;17;-23.43;-46.46;735;76.0;87.0;41.0;933.6;934.9;929.0;8;8;7;0.0;0.0;1.0;0.0;0.0;4.0;68.0;932.5;1.3333333333333333;0.3333333333333333;7
83075;1991-06-18;0;28;13.7;8.3;1991;6;18;-23.43;-46.46;735;76.0;77.0;42.0;931.8;933.5;928.7;8;8;7;0.0;0.0;1.0;5.0;0.0;4.0;65.0;931.3333333333334;3.0;0.3333333333333333;7
83075;1991-06-19;0;27;17.5;4;1991;6;19;-23.43;-46.46;735;74.0;45.0;57.0;929.5;928.1;930.6;8;7;7;0.0;3.0;5.0;4.0;8.0;9.0;58.666666666666664;929.4;7.0;2.6666666666666665;7
83075;1991-06-20;1;28.8;16.1;6.8;1991;6;20;-23.43;-46.46;735;69.0;75.0;45.0;932.2;931.9;925.0;8;8;7;0.0;0.0;3.0;8.0;10.0;4.0;63.0;929.6999999999999;7.333333333333333;1.0;7
83075;1991-06-21;8;24.4;15.7;0;1991;6;21;-23.43;-46.46;735;55.0;84.0;84.0;926.2;935.4;933.3;8;7;8;0.0;2.0;0.0;6.0;10.0;10.0;74.33333333333333;931.6333333333332;8.666666666666666;0.6666666666666666;7
83075;1991-06-22;2.1;20.6;15.3;0.1;1991;6;22;-23.43;-46.46;735;88.0;87.0;79.0;935.0;936.4;933.2;8;2;8;0.0;1.0;0.0;10.0;10.0;10.0;84.66666666666667;934.8666666666668;10.0;0.3333333333333333;2
83075;1991-06-24;3.9;16.4;14.3;0;1991;6;24;-23.43;-46.46;735;89.0;94.0;93.0;940.0;939.2;937.7;8;8;6;0.0;0.0;2.0;10.0;10.0;10.0;92.0;938.9666666666667;10.0;0.6666666666666666;6
83075;1991-06-25;50.3;20.8;14.1;3.2;1991;6;25;-23.43;-46.46;735;92.0;87.0;77.0;938.7;938.1;934.5;8;8;3;0.0;0.0;1.0;10.0;10.0;2.0;85.33333333333333;937.1;7.333333333333333;0.3333333333333333;3
83075;1991-06-28;0;25.8;13.5;8.8;1991;6;28;-23.43;-46.46;735;73.0;78.0;41.0;936.2;936.4;931.0;8;8;0;0.0;0.0;1.0;6.0;1.0;2.0;64.0;934.5333333333333;3.0;0.3333333333333333;0
83075;1991-06-29;4.5;19.8;14.7;0.2;1991;6;29;-23.43;-46.46;735;64.0;89.0;78.0;932.2;936.2;934.9;8;8;6;0.0;0.0;1.0;8.0;10.0;10.0;77.0;934.4333333333334;9.333333333333334;0.3333333333333333;6
83075;1991-06-30;2.8;15.2;12.1;0;1991;6;30;-23.43;-46.46;735;89.0;88.0;77.0;937.9;941.0;939.5;3;3;3;1.0;1.0;1.0;10.0;10.0;10.0;84.66666666666667;939.4666666666667;10.0;1.0;3
83075;1991-07-01;0;27.2;16.7;9.5;1991;7;1;-23.43;-46.46;735;79.0;64.0;62.0;930.6;932.2;928.3;4;4;4;4.0;1.0;3.0;10.0;8.0;8.0;68.33333333333333;930.3666666666668;8.666666666666666;2.6666666666666665;4
83075;1991-07-02;17.4;28.2;19.1;0.9;1991;7;2;-23.43;-46.46;735;91.0;81.0;79.0;930.0;931.6;928.0;4;3;8;1.0;2.0;0.0;10.0;10.0;10.0;83.66666666666667;929.8666666666667;10.0;1.0;4
83075;1991-07-04;0;27.8;15.5;7;1991;7;4;-23.43;-46.46;735;83.0;83.0;53.0;933.7;934.3;929.6;4;4;0;3.0;1.0;2.0;10.0;9.0;10.0;73.0;932.5333333333333;9.666666666666666;2.0;4
83075;1991-07-05;6.3;17.2;14.3;0;1991;7;5;-23.43;-46.46;735;81.0;91.0;88.0;937.5;937.2;933.7;4;3;4;3.0;1.0;1.0;10.0;10.0;10.0;86.66666666666667;936.1333333333333;10.0;1.6666666666666667;4
83075;1991-07-06;0;20.4;16.1;0;1991;7;6;-23.43;-46.46;735;77.0;81.0;68.0;934.5;936.8;935.2;3;5;3;1.0;1.0;5.0;1.0;10.0;10.0;75.33333333333333;935.5;7.0;2.3333333333333335;3
83075;1991-07-07;0;23;8.3;7.3;1991;7;7;-23.43;-46.46;735;82.0;92.0;43.0;937.8;939.1;934.6;8;8;4;0.0;0.0;1.0;4.0;4.0;4.0;72.33333333333333;937.1666666666666;4.0;0.3333333333333333;4
83075;1991-07-08;1;27.2;14.7;5.5;1991;7;8;-23.43;-46.46;735;70.0;75.0;37.0;931.3;932.1;925.6;8;8;4;0.0;0.0;3.0;10.0;8.0;9.0;60.666666666666664;929.6666666666666;9.0;1.0;4
83075;1991-07-09;0;26.8;11.1;8.5;1991;7;9;-23.43;-46.46;735;73.0;76.0;25.0;939.8;940.5;933.6;3;3;3;2.0;2.0;1.0;8.0;1.0;0.0;58.0;937.9666666666667;3.0;1.6666666666666667;3
83075;1991-07-10;76.2;19.6;12.5;0;1991;7;10;-23.43;-46.46;735;91.0;84.0;79.0;927.9;937.2;936.7;8;4;3;0.0;5.0;5.0;10.0;10.0;10.0;84.66666666666667;933.9333333333334;10.0;3.3333333333333335;4
83075;1991-07-11;0;31.6;15.3;8.1;1991;7;11;-23.43;-46.46;735;68.0;59.0;33.0;929.2;928.1;922.1;8;8;6;0.0;0.0;3.0;10.0;2.0;10.0;53.333333333333336;926.4666666666667;7.333333333333333;1.0;6
83075;1991-07-12;14;26.8;18.9;0.7;1991;7;12;-23.43;-46.46;735;66.0;85.0;68.0;924.8;927.6;924.2;1;2;7;1.0;1.0;2.0;10.0;10.0;10.0;73.0;925.5333333333334;10.0;1.3333333333333333;1
83075;1991-07-13;13;15.2;12.7;0;1991;7;13;-23.43;-46.46;735;83.0;96.0;86.0;935.1;937.5;935.8;4;8;4;3.0;0.0;2.0;10.0;10.0;10.0;88.33333333333333;936.1333333333332;10.0;1.6666666666666667;4
83075;1991-07-16;0;21.2;13.9;1.4;1991;7;16;-23.43;-46.46;735;87.0;88.0;72.0;941.7;941.0;938.7;4;4;2;2.0;3.0;1.0;10.0;10.0;9.0;82.33333333333333;940.4666666666667;9.666666666666666;2.0;4
83075;1991-07-17;0.3;24.4;13.3;6.4;1991;7;17;-23.43;-46.46;735;91.0;97.0;54.0;939.4;940.6;936.7;8;3;8;0.0;3.0;0.0;0.0;10.0;2.0;80.66666666666667;938.9;4.0;1.0;3
83075;1991-07-18;0;26;14.5;7.2;1991;7;18;-23.43;-46.46;735;89.0;87.0;45.0;939.8;940.2;936.8;8;3;8;0.0;3.0;0.0;10.0;6.0;6.0;73.66666666666667;938.9333333333334;7.333333333333333;1.0;3
83075;1991-07-20;0;26.4;12.7;9.4;1991;7;20;-23.43;-46.46;735;69.0;77.0;40.0;937.5;940.2;935.0;8;7;6;0.0;2.0;1.0;0.0;0.0;5.0;62.0;937.5666666666666;1.6666666666666667;1.0;7
83075;1991-07-22;0;24.6;12.7;6.4;1991;7;22;-23.43;-46.46;735;73.0;70.0;42.0;937.1;939.1;934.1;8;8;6;0.0;0.0;2.0;4.0;10.0;10.0;61.666666666666664;936.7666666666668;8.0;0.6666666666666666;6
83075;1991-07-23;0;21.4;12.5;1.5;1991;7;23;-23.43;-46.46;735;65.0;56.0;73.0;935.9;935.0;934.9;8;7;7;0.0;5.0;2.0;0.0;10.0;10.0;64.66666666666667;935.2666666666668;6.666666666666667;2.3333333333333335;7
83075;1991-07-24;0;22;8.9;9.4;1991;7;24;-23.43;-46.46;735;62.0;64.0;25.0;938.1;934.9;934.1;8;7;8;0.0;1.0;0.0;4.0;1.0;0.0;50.333333333333336;935.6999999999999;1.6666666666666667;0.3333333333333333;7
83075;1991-07-25;0;20;10.5;4.7;1991;7;25;-23.43;-46.46;735;81.0;88.0;61.0;938.4;942.1;937.3;8;3;2;0.0;1.0;3.0;10.0;10.0;0.0;76.66666666666667;939.2666666666668;6.666666666666667;1.3333333333333333;3
83075;1991-07-26;0;23.4;12.1;8.4;1991;7;26;-23.43;-46.46;735;89.0;78.0;44.0;940.5;942.0;938.1;4;2;8;1.0;1.0;0.0;10.0;5.0;0.0;70.33333333333333;940.1999999999999;5.0;0.6666666666666666;4
83075;1991-07-27;0;23.8;11.9;6.8;1991;7;27;-23.43;-46.46;735;77.0;79.0;42.0;941.0;943.7;939.2;8;8;4;0.0;0.0;2.0;0.0;10.0;10.0;66.0;941.3000000000001;6.666666666666667;0.6666666666666666;4
83075;1991-07-31;0;26;13.3;8.4;1991;7;31;-23.43;-46.46;735;68.0;63.0;34.0;934.8;936.3;931.3;8;8;0;0.0;0.0;1.0;0.0;0.0;9.0;55.0;934.1333333333332;3.0;0.3333333333333333;0
83075;1991-08-01;0;30;18.3;7.4;1991;8;1;-23.43;-46.46;735;76.0;70.0;51.0;931.0;933.1;928.8;4;4;3;4.0;1.0;3.0;10.0;9.0;8.0;65.66666666666667;930.9666666666666;9.0;2.6666666666666665;4
83075;1991-08-03;0.6;30.6;18.9;6.5;1991;8;3;-23.43;-46.46;735;86.0;69.0;52.0;932.6;933.3;928.8;4;3;4;2.0;3.0;1.0;10.0;9.0;5.0;69.0;931.5666666666666;8.0;2.0;4
83075;1991-08-04;0;27.4;16.9;4.1;1991;8;4;-23.43;-46.46;735;76.0;75.0;64.0;930.9;932.3;928.8;8;8;0;0.0;0.0;2.0;6.0;8.0;9.0;71.66666666666667;930.6666666666666;7.666666666666667;0.6666666666666666;0
83075;1991-08-05;11.6;17.9;14.1;0;1991;8;5;-23.43;-46.46;735;87.0;85.0;75.0;935.2;935.9;934.0;3;4;4;2.0;3.0;1.0;10.0;10.0;10.0;82.33333333333333;935.0333333333333;10.0;2.0;3
83075;1991-08-06;0.7;19.4;15.5;0;1991;8;6;-23.43;-46.46;735;84.0;84.0;73.0;938.3;939.0;936.9;5;3;3;1.0;1.0;2.0;9.0;10.0;10.0;80.33333333333333;938.0666666666666;9.666666666666666;1.3333333333333333;5
83075;1991-08-07;0;23.6;10.3;8.4;1991;8;7;-23.43;-46.46;735;72.0;78.0;33.0;937.6;938.5;934.0;8;8;5;0.0;0.0;3.0;4.0;0.0;0.0;61.0;936.6999999999999;1.3333333333333333;1.0;5
83075;1991-08-08;16.9;18.4;14.9;0;1991;8;8;-23.43;-46.46;735;89.0;90.0;90.0;930.9;931.7;932.2;8;3;5;0.0;3.0;1.0;10.0;10.0;10.0;89.66666666666667;931.6;10.0;1.3333333333333333;3
83075;1991-08-09;0;26.2;10.1;4.4;1991;8;9;-23.43;-46.46;735;68.0;75.0;48.0;937.5;938.4;933.9;5;8;8;1.0;0.0;0.0;0.0;10.0;8.0;63.666666666666664;936.6;6.0;0.3333333333333333;5
83075;1991-08-10;0.2;17.4;11.7;0;1991;8;10;-23.43;-46.46;735;93.0;75.0;73.0;939.8;940.0;937.7;4;3;5;1.0;5.0;3.0;10.0;10.0;9.0;80.33333333333333;939.1666666666666;9.666666666666666;3.0;4
83075;1991-08-11;0;31.8;20.9;8.6;1991;8;11;-23.43;-46.46;735;59.0;62.0;52.0;925.5;927.1;922.6;8;8;4;0.0;0.0;3.0;10.0;8.0;10.0;57.666666666666664;925.0666666666666;9.333333333333334;1.0;4
83075;1991-08-12;0;30;20.9;0;1991;8;12;-23.43;-46.46;735;80.0;73.0;57.0;923.2;924.3;920.5;8;7;1;0.0;2.0;1.0;10.0;10.0;9.0;70.0;922.6666666666666;9.666666666666666;1.0;7
83075;1991-08-13;0;24.4;13.9;5;1991;8;13;-23.43;-46.46;735;84.0;84.0;59.0;941.9;942.0;939.6;4;3;7;2.0;1.0;3.0;10.0;10.0;10.0;75.66666666666667;941.1666666666666;10.0;2.0;4
83075;1991-08-14;0;23.8;16.1;4.8;1991;8;14;-23.43;-46.46;735;89.0;75.0;63.0;942.7;944.1;941.1;5;4;4;2.0;1.0;3.0;10.0;10.0;9.0;75.66666666666667;942.6333333333333;9.666666666666666;2.0;5
83075;1991-08-15;0;21.4;13.5;8.6;1991;8;15;-23.43;-46.46;735;84.0;75.0;37.0;944.7;947.8;944.0;4;2;3;2.0;3.0;3.0;10.0;10.0;5.0;65.33333333333333;945.5;8.333333333333334;2.6666666666666665;4
83075;1991-08-16;0;20.4;10.3;7.3;1991;8;16;-23.43;-46.46;735;72.0;75.0;41.0;947.5;948.1;945.2;5;3;3;2.0;4.0;1.0;10.0;8.0;4.0;62.666666666666664;946.9333333333334;7.333333333333333;2.3333333333333335;5
83075;1991-08-17;0;21.6;8.9;7.9;1991;8;17;-23.43;-46.46;735;77.0;75.0;36.0;946.6;947.6;942.4;3;8;3;2.0;0.0;3.0;9.0;10.0;10.0;62.666666666666664;945.5333333333333;9.666666666666666;1.6666666666666667;3
83075;1991-08-19;0;24.8;10.7;8.9;1991;8;19;-23.43;-46.46;735;73.0;77.0;40.0;944.6;946.0;940.7;8;3;3;0.0;4.0;3.0;10.0;1.0;0.0;63.333333333333336;943.7666666666668;3.6666666666666665;2.3333333333333335;3
83075;1991-08-20;0;25.6;12.1;7.8;1991;8;20;-23.43;-46.46;735;69.0;76.0;42.0;941.6;945.1;939.1;8;3;1;0.0;3.0;1.0;8.0;8.0;5.0;62.333333333333336;941.9333333333334;7.0;1.3333333333333333;3
83075;1991-08-21;0;25;13.1;8.8;1991;8;21;-23.43;-46.46;735;72.0;69.0;36.0;941.4;943.1;937.0;8;8;4;0.0;0.0;2.0;0.0;0.0;1.0;59.0;940.5;0.3333333333333333;0.6666666666666666;4
83075;1991-08-22;0;25;12.5;7.3;1991;8;22;-23.43;-46.46;735;83.0;78.0;38.0;940.5;941.8;936.8;5;3;5;2.0;2.0;2.0;10.0;4.0;8.0;66.33333333333333;939.6999999999999;7.333333333333333;2.0;5
83075;1991-08-23;0;26.4;13.7;8.4;1991;8;23;-23.43;-46.46;735;79.0;78.0;30.0;940.2;942.3;937.4;8;8;5;0.0;0.0;1.0;10.0;5.0;4.0;62.333333333333336;939.9666666666667;6.333333333333333;0.3333333333333333;5
83075;1991-08-24;0;27.6;14.5;8.5;1991;8;24;-23.43;-46.46;735;57.0;63.0;31.0;938.5;939.4;934.1;8;4;0;0.0;1.0;1.0;8.0;1.0;10.0;50.333333333333336;937.3333333333334;6.333333333333333;0.6666666666666666;4
83075;1991-08-25;0;26.4;16.9;6.9;1991;8;25;-23.43;-46.46;735;58.0;61.0;37.0;936.5;937.1;932.6;8;8;4;0.0;0.0;3.0;9.0;0.0;4.0;52.0;935.4;4.333333333333333;1.0;4
83075;1991-08-26;0;28.2;14.9;7.5;1991;8;26;-23.43;-46.46;735;70.0;65.0;31.0;935.4;938.0;932.4;8;8;7;0.0;0.0;3.0;10.0;9.0;5.0;55.333333333333336;935.2666666666668;8.0;1.0;7
83075;1991-08-28;0;29.2;15.2;8;1991;8;28;-23.43;-46.46;735;54.0;56.0;35.0;935.6;937.7;932.0;8;8;5;0.0;0.0;1.0;0.0;0.0;0.0;48.333333333333336;935.1;0.0;0.3333333333333333;5
83075;1991-08-29;0;29;13.1;4.8;1991;8;29;-23.43;-46.46;735;80.0;75.0;36.0;936.2;937.3;931.8;4;8;4;1.0;0.0;1.0;0.0;0.0;9.0;63.666666666666664;935.1;3.0;0.6666666666666666;4
83075;1991-08-30;0;28.8;15.5;4.8;1991;8;30;-23.43;-46.46;735;82.0;88.0;38.0;935.8;937.7;932.0;8;8;4;0.0;0.0;1.0;8.0;0.0;0.0;69.33333333333333;935.1666666666666;2.6666666666666665;0.3333333333333333;4
83075;1991-08-31;0;28.4;14.5;6.6;1991;8;31;-23.43;-46.46;735;57.0;58.0;51.0;934.2;938.3;936.0;8;8;4;0.0;0.0;1.0;10.0;10.0;0.0;55.333333333333336;936.1666666666666;6.666666666666667;0.3333333333333333;4
83075;1991-09-01;0;30.6;18.9;6.7;1991;9;1;-23.43;-46.46;735;77.0;75.0;50.0;931.6;932.8;927.4;4;4;8;2.0;3.0;0.0;10.0;10.0;6.0;67.33333333333333;930.6;8.666666666666666;1.6666666666666667;4
83075;1991-09-02;10.4;26.8;19.3;1.2;1991;9;2;-23.43;-46.46;735;86.0;93.0;77.0;927.2;928.2;925.3;8;8;6;0.0;0.0;4.0;6.0;10.0;10.0;85.33333333333333;926.9;8.666666666666666;1.3333333333333333;6
83075;1991-09-03;0;30.6;19.5;7.8;1991;9;3;-23.43;-46.46;735;83.0;77.0;40.0;932.4;934.1;929.2;4;8;4;2.0;0.0;2.0;4.0;4.0;6.0;66.66666666666667;931.9;4.666666666666667;1.3333333333333333;4
83075;1991-09-04;0.7;26.6;18.9;3.5;1991;9;4;-23.43;-46.46;735;84.0;76.0;63.0;931.7;934.0;929.4;5;3;4;2.0;1.0;2.0;5.0;9.0;5.0;74.33333333333333;931.6999999999999;6.333333333333333;1.6666666666666667;5
83075;1991-09-05;0;21.4;13.5;7.2;1991;9;5;-23.43;-46.46;735;79.0;91.0;56.0;936.5;938.1;934.2;3;4;4;2.0;1.0;4.0;10.0;9.0;8.0;75.33333333333333;936.2666666666668;9.0;2.3333333333333335;3
83075;1991-09-06;1;17.8;14.1;1;1991;9;6;-23.43;-46.46;735;82.0;86.0;79.0;939.1;940.6;939.2;5;3;3;1.0;1.0;4.0;10.0;8.0;9.0;82.33333333333333;939.6333333333333;9.0;2.0;5
83075;1991-09-08;13;28.2;14.7;4.5;1991;9;8;-23.43;-46.46;735;89.0;82.0;44.0;930.4;931.0;926.3;5;8;7;2.0;0.0;3.0;10.0;10.0;10.0;71.66666666666667;929.2333333333332;10.0;1.6666666666666667;5
83075;1991-09-09;0;22.6;12.7;3.8;1991;9;9;-23.43;-46.46;735;79.0;67.0;51.0;938.2;940.4;935.9;8;4;4;0.0;3.0;4.0;10.0;10.0;8.0;65.66666666666667;938.1666666666666;9.333333333333334;2.3333333333333335;4
83075;1991-09-10;0.3;19.4;12.9;0.1;1991;9;10;-23.43;-46.46;735;91.0;87.0;94.0;939.5;938.0;934.1;3;3;8;4.0;1.0;0.0;10.0;10.0;10.0;90.66666666666667;937.1999999999999;10.0;1.6666666666666667;3
83075;1991-09-11;0;23.8;18.3;0;1991;9;11;-23.43;-46.46;735;68.0;68.0;86.0;926.1;927.7;926.6;3;4;8;2.0;1.0;0.0;10.0;10.0;10.0;74.0;926.8000000000001;10.0;1.0;3
83075;1991-09-12;0.6;31.6;21.3;7.2;1991;9;12;-23.43;-46.46;735;80.0;76.0;57.0;922.4;924.5;919.9;8;1;1;0.0;2.0;2.0;10.0;9.0;9.0;71.0;922.2666666666668;9.333333333333334;1.3333333333333333;1
83075;1991-09-13;0;27.6;10.3;6.9;1991;9;13;-23.43;-46.46;735;83.0;81.0;25.0;936.9;935.1;928.8;3;8;8;2.0;0.0;0.0;0.0;9.0;0.0;63.0;933.6;3.0;0.6666666666666666;3
83075;1991-09-14;0;31;11.3;7.3;1991;9;14;-23.43;-46.46;735;81.0;83.0;19.0;932.7;933.3;925.5;8;4;7;0.0;1.0;1.0;8.0;10.0;10.0;61.0;930.5;9.333333333333334;0.6666666666666666;4
83075;1991-09-15;0;27.4;12.1;7.7;1991;9;15;-23.43;-46.46;735;54.0;74.0;32.0;929.2;932.6;928.5;8;8;4;0.0;0.0;3.0;2.0;6.0;10.0;53.333333333333336;930.1;6.0;1.0;4
83075;1991-09-16;0;27;14.7;3.4;1991;9;16;-23.43;-46.46;735;82.0;75.0;13.0;933.1;934.9;928.4;5;3;8;1.0;1.0;0.0;0.0;10.0;5.0;56.666666666666664;932.1333333333333;5.0;0.6666666666666666;5
83075;1991-09-17;0;28.2;14.1;5.5;1991;9;17;-23.43;-46.46;735;76.0;77.0;58.0;935.0;934.6;928.3;3;3;4;2.0;3.0;3.0;6.0;10.0;0.0;70.33333333333333;932.6333333333332;5.333333333333333;2.6666666666666665;3
83075;1991-09-18;0;32.2;15.7;6.7;1991;9;18;-23.43;-46.46;735;83.0;76.0;30.0;931.8;931.3;922.8;4;8;1;1.0;0.0;3.0;0.0;4.0;5.0;63.0;928.6333333333332;3.0;1.3333333333333333;4
83075;1991-09-20;11.6;18.2;13.7;0;1991;9;20;-23.43;-46.46;735;83.0;77.0;71.0;936.4;937.9;934.3;4;3;5;3.0;3.0;2.0;9.0;10.0;10.0;77.0;936.1999999999999;9.666666666666666;2.6666666666666665;4
83075;1991-09-21;0;26.2;13.1;7.7;1991;9;21;-23.43;-46.46;735;83.0;77.0;42.0;936.6;935.3;929.7;4;3;4;3.0;1.0;1.0;10.0;8.0;4.0;67.33333333333333;933.8666666666668;7.333333333333333;1.6666666666666667;4
83075;1991-09-22;0;27.6;14.3;6.7;1991;9;22;-23.43;-46.46;735;62.0;71.0;44.0;932.1;934.7;929.6;3;3;8;1.0;1.0;0.0;1.0;0.0;8.0;59.0;932.1333333333333;3.0;0.6666666666666666;3
83075;1991-09-23;0;22;16.1;0.9;1991;9;23;-23.43;-46.46;735;63.0;72.0;72.0;932.1;936.0;933.0;8;5;4;0.0;3.0;3.0;10.0;10.0;10.0;69.0;933.6999999999999;10.0;2.0;5
83075;1991-09-24;2.8;17;14.3;0;1991;9;24;-23.43;-46.46;735;65.0;86.0;82.0;936.5;937.9;936.3;3;5;3;3.0;1.0;3.0;10.0;10.0;10.0;77.66666666666667;936.9;10.0;2.3333333333333335;3
83075;1991-09-25;0.1;16;13.6;0;1991;9;25;-23.43;-46.46;735;85.0;85.0;94.0;936.6;936.7;934.7;4;3;8;3.0;3.0;0.0;9.0;10.0;10.0;88.0;936.0;9.666666666666666;2.0;4
83075;1991-09-26;14.1;20.8;13.3;2;1991;9;26;-23.43;-46.46;735;91.0;85.0;70.0;934.5;935.3;933.4;8;3;8;0.0;2.0;0.0;10.0;10.0;8.0;82.0;934.4;9.333333333333334;0.6666666666666666;3
83075;1991-09-27;0;27.4;12.3;8;1991;9;27;-23.43;-46.46;735;78.0;73.0;73.0;935.4;935.3;929.0;3;3;8;3.0;3.0;0.0;10.0;10.0;3.0;74.66666666666667;933.2333333333332;7.666666666666667;2.0;3
83075;1991-09-30;20.5;21.8;17.1;0;1991;9;30;-23.43;-46.46;735;88.0;91.0;80.0;928.2;925.2;920.4;8;8;0;0.0;0.0;5.0;10.0;10.0;10.0;86.33333333333333;924.6;10.0;1.6666666666666667;0
83075;1991-10-01;0;31.2;19.3;8.6;1991;10;1;-23.43;-46.46;735;78.0;70.0;68.0;930.3;928.9;924.5;4;8;4;2.0;0.0;1.0;10.0;10.0;8.0;72.0;927.9;9.333333333333334;1.0;4
83075;1991-10-02;26.2;27.8;20.1;4;1991;10;2;-23.43;-46.46;735;93.0;86.0;63.0;926.6;928.9;926.2;8;7;7;0.0;3.0;4.0;6.0;10.0;8.0;80.66666666666667;927.2333333333332;8.0;2.3333333333333335;7
83075;1991-10-03;5.9;32.2;18.9;8.7;1991;10;3;-23.43;-46.46;735;85.0;79.0;45.0;933.0;933.6;927.5;8;8;1;0.0;0.0;3.0;0.0;5.0;9.0;69.66666666666667;931.3666666666667;4.666666666666667;1.0;1
83075;1991-10-04;0;30;17.5;7.9;1991;10;4;-23.43;-46.46;735;82.0;84.0;47.0;932.1;933.3;926.2;4;5;7;1.0;1.0;2.0;10.0;6.0;4.0;71.0;930.5333333333334;6.666666666666667;1.3333333333333333;4
83075;1991-10-05;0;21.8;14.1;5.9;1991;10;5;-23.43;-46.46;735;86.0;77.0;60.0;937.6;937.7;933.5;5;3;4;1.0;2.0;1.0;4.0;9.0;5.0;74.33333333333333;936.2666666666668;6.0;1.3333333333333333;5
83075;1991-10-06;0.8;19.6;11.9;5.7;1991;10;6;-23.43;-46.46;735;91.0;77.0;55.0;941.8;942.0;938.5;8;3;3;0.0;4.0;2.0;10.0;6.0;5.0;74.33333333333333;940.7666666666668;7.0;2.0;3
83075;1991-10-07;0;26.4;9.5;8.8;1991;10;7;-23.43;-46.46;735;69.0;66.0;30.0;933.5;933.2;927.2;8;8;7;0.0;0.0;5.0;0.0;0.0;4.0;55.0;931.3000000000001;1.3333333333333333;1.6666666666666667;7
83075;1991-10-08;0;29;16.5;6;1991;10;8;-23.43;-46.46;735;73.0;63.0;49.0;928.9;932.3;927.0;7;8;7;2.0;0.0;1.0;10.0;10.0;10.0;61.666666666666664;929.4;10.0;1.0;7
83075;1991-10-09;0;22.6;10.9;1.8;1991;10;9;-23.43;-46.46;735;79.0;76.0;54.0;940.6;940.7;936.2;8;3;4;0.0;1.0;1.0;6.0;10.0;6.0;69.66666666666667;939.1666666666666;7.333333333333333;0.6666666666666666;3
83075;1991-10-10;8.6;21.2;14.5;0.2;1991;10;10;-23.43;-46.46;735;94.0;80.0;75.0;933.8;930.8;930.5;8;1;7;2.0;3.0;2.0;10.0;10.0;10.0;83.0;931.6999999999999;10.0;2.3333333333333335;1
83075;1991-10-11;14;26.2;17.3;5.2;1991;10;11;-23.43;-46.46;735;86.0;77.0;63.0;928.4;928.5;925.6;8;8;4;0.0;0.0;4.0;9.0;10.0;8.0;75.33333333333333;927.5;9.0;1.3333333333333333;4
83075;1991-10-12;1.2;26.6;20.5;0.6;1991;10;12;-23.43;-46.46;735;85.0;76.0;82.0;923.2;924.7;921.2;7;7;8;2.0;5.0;0.0;10.0;10.0;10.0;81.0;923.0333333333334;10.0;2.3333333333333335;7
83075;1991-10-13;0;28.6;14.9;8.8;1991;10;13;-23.43;-46.46;735;77.0;72.0;35.0;938.0;937.7;931.5;3;3;4;1.0;3.0;1.0;10.0;4.0;10.0;61.333333333333336;935.7333333333332;8.0;1.6666666666666667;3
83075;1991-10-14;0;31.8;15.1;10.3;1991;10;14;-23.43;-46.46;735;66.0;58.0;32.0;933.2;931.5;925.8;8;4;7;0.0;2.0;1.0;0.0;2.0;0.0;52.0;930.1666666666666;0.6666666666666666;1.0;4
83075;1991-10-15;0;33.4;17.5;10.1;1991;10;15;-23.43;-46.46;735;64.0;58.0;30.0;927.9;929.7;923.3;8;8;7;0.0;0.0;3.0;0.0;0.0;0.0;50.666666666666664;926.9666666666666;0.0;1.0;7
83075;1991-10-16;0;34;18.7;9.5;1991;10;16;-23.43;-46.46;735;58.0;44.0;28.0;926.9;928.6;921.8;8;7;2;0.0;3.0;2.0;0.0;0.0;5.0;43.333333333333336;925.7666666666668;1.6666666666666667;1.6666666666666667;7
83075;1991-10-17;0;32.2;20.5;7.4;1991;10;17;-23.43;-46.46;735;52.0;55.0;53.0;925.4;929.7;925.1;8;2;8;0.0;2.0;0.0;8.0;2.0;10.0;53.333333333333336;926.7333333333332;6.666666666666667;0.6666666666666666;2
83075;1991-10-18;0.8;24.2;16.7;0;1991;10;18;-23.43;-46.46;735;63.0;90.0;63.0;930.6;934.8;934.0;6;3;4;1.0;3.0;5.0;10.0;10.0;10.0;72.0;933.1333333333333;10.0;3.0;6
83075;1991-10-19;0;26.8;15.3;4.9;1991;10;19;-23.43;-46.46;735;82.0;82.0;67.0;935.3;936.1;932.1;3;3;4;2.0;1.0;5.0;10.0;10.0;10.0;77.0;934.5;10.0;2.6666666666666665;3
83075;1991-10-20;0;24.6;17.5;2.3;1991;10;20;-23.43;-46.46;735;83.0;80.0;64.0;936.0;937.6;934.5;4;4;4;3.0;3.0;3.0;10.0;10.0;8.0;75.66666666666667;936.0333333333333;9.333333333333334;3.0;4
83075;1991-10-21;0;27;17.1;9.8;1991;10;21;-23.43;-46.46;735;80.0;65.0;58.0;937.7;938.3;934.7;3;5;4;5.0;2.0;3.0;10.0;6.0;8.0;67.66666666666667;936.9;8.0;3.3333333333333335;3
83075;1991-10-22;0;30.2;15.9;9.7;1991;10;22;-23.43;-46.46;735;79.0;65.0;27.0;936.6;935.7;929.1;4;5;5;1.0;1.0;3.0;8.0;0.0;7.0;57.0;933.8000000000001;5.0;1.6666666666666667;4
83075;1991-10-24;0;31.2;17.7;8.2;1991;10;24;-23.43;-46.46;735;49.0;48.0;28.0;929.9;932.3;927.7;4;8;3;1.0;0.0;1.0;10.0;0.0;8.0;41.666666666666664;929.9666666666666;6.0;0.6666666666666666;4
83075;1991-10-25;0;28.6;17.9;4;1991;10;25;-23.43;-46.46;735;47.0;50.0;55.0;930.7;932.5;931.2;8;8;1;0.0;0.0;1.0;7.0;10.0;10.0;50.666666666666664;931.4666666666667;9.0;0.3333333333333333;1
83075;1991-10-26;1;30.4;16.9;7;1991;10;26;-23.43;-46.46;735;79.0;62.0;36.0;932.0;933.2;928.4;3;8;6;1.0;0.0;1.0;10.0;1.0;8.0;59.0;931.1999999999999;6.333333333333333;0.6666666666666666;3
83075;1991-10-28;0;31.2;15.4;9.9;1991;10;28;-23.43;-46.46;735;82.0;60.0;28.0;934.7;934.3;928.8;4;8;5;3.0;0.0;2.0;8.0;5.0;9.0;56.666666666666664;932.6;7.333333333333333;1.6666666666666667;4
83075;1991-10-29;0;29.6;16.2;8.6;1991;10;29;-23.43;-46.46;735;74.0;62.0;50.0;933.9;933.3;928.1;4;5;4;4.0;1.0;5.0;9.0;4.0;0.0;62.0;931.7666666666665;4.333333333333333;3.3333333333333335;4
83075;1991-10-30;0;32.2;17.3;6.8;1991;10;30;-23.43;-46.46;735;77.0;60.0;31.0;932.0;929.1;922.7;4;8;8;2.0;0.0;0.0;10.0;8.0;7.0;56.0;927.9333333333334;8.333333333333334;0.6666666666666666;4
83075;1991-10-31;0;24.2;17.7;0;1991;10;31;-23.43;-46.46;735;76.0;87.0;73.0;926.0;930.6;929.8;8;3;3;0.0;3.0;5.0;7.0;10.0;10.0;78.66666666666667;928.7999999999998;9.0;2.6666666666666665;3
83075;1991-11-01;0;30.2;20.1;2.9;1991;11;1;-23.43;-46.46;735;69.0;68.0;71.0;926.1;924.4;920.5;8;7;0;0.0;4.0;4.0;10.0;8.0;10.0;69.33333333333333;923.6666666666666;9.333333333333334;2.6666666666666665;7
83075;1991-11-02;0;30;20.5;5.5;1991;11;2;-23.43;-46.46;735;85.0;73.0;56.0;927.9;930.0;925.4;8;8;7;0.0;0.0;3.0;9.0;8.0;8.0;71.33333333333333;927.7666666666668;8.333333333333334;1.0;7
83075;1991-11-03;1;30.2;18.9;4.1;1991;11;3;-23.43;-46.46;735;85.0;82.0;91.0;930.1;931.4;928.5;8;4;8;0.0;1.0;0.0;4.0;5.0;10.0;86.0;930.0;6.333333333333333;0.3333333333333333;4
83075;1991-11-04;0;30.8;18.1;7.8;1991;11;4;-23.43;-46.46;735;91.0;84.0;42.0;930.1;932.1;925.0;5;8;0;2.0;0.0;1.0;10.0;8.0;4.0;72.33333333333333;929.0666666666666;7.333333333333333;1.0;5
83075;1991-11-05;0;22;15.1;6;1991;11;5;-23.43;-46.46;735;79.0;72.0;58.0;936.8;936.3;932.3;4;4;4;1.0;1.0;1.0;10.0;9.0;6.0;69.66666666666667;935.1333333333332;8.333333333333334;1.0;4
83075;1991-11-06;0;21.4;11.5;7;1991;11;6;-23.43;-46.46;735;85.0;84.0;49.0;940.1;941.1;936.0;3;8;3;2.0;0.0;1.0;10.0;9.0;4.0;72.66666666666667;939.0666666666666;7.666666666666667;1.0;3
83075;1991-11-07;7.2;21.6;14.7;3.8;1991;11;7;-23.43;-46.46;735;40.0;71.0;68.0;927.8;931.3;930.8;0;7;7;3.0;3.0;5.0;8.0;5.0;8.0;59.666666666666664;929.9666666666666;7.0;3.6666666666666665;0
83075;1991-11-08;0;22.4;13.1;0;1991;11;8;-23.43;-46.46;735;86.0;93.0;84.0;932.3;938.0;937.1;8;8;4;0.0;0.0;3.0;10.0;10.0;10.0;87.66666666666667;935.8000000000001;10.0;1.0;4
83075;1991-11-09;0;28.2;12.7;6.8;1991;11;9;-23.43;-46.46;735;85.0;89.0;22.0;939.0;938.3;933.2;4;8;4;2.0;0.0;3.0;9.0;10.0;0.0;65.33333333333333;936.8333333333334;6.333333333333333;1.6666666666666667;4
83075;1991-11-10;2.6;22.8;11.7;8.7;1991;11;10;-23.43;-46.46;735;89.0;68.0;49.0;934.0;936.1;934.4;8;3;3;0.0;2.0;3.0;8.0;8.0;5.0;68.66666666666667;934.8333333333334;7.0;1.6666666666666667;3
83075;1991-11-11;0;28.4;16.1;3.3;1991;11;11;-23.43;-46.46;735;80.0;85.0;45.0;928.0;928.4;922.7;5;3;5;3.0;2.0;3.0;10.0;8.0;10.0;70.0;926.3666666666668;9.333333333333334;2.6666666666666665;5
83075;1991-11-12;20.2;30.2;19.5;7.1;1991;11;12;-23.43;-46.46;735;73.0;64.0;63.0;924.2;926.7;922.8;7;7;7;2.0;1.0;5.0;10.0;5.0;10.0;66.66666666666667;924.5666666666666;8.333333333333334;2.6666666666666665;7
83075;1991-11-13;13.2;27.8;17.5;3.1;1991;11;13;-23.43;-46.46;735;87.0;77.0;67.0;929.9;931.6;926.7;3;4;3;2.0;1.0;5.0;10.0;9.0;10.0;77.0;929.4;9.666666666666666;2.6666666666666665;3
83075;1991-11-14;0.3;32.3;18.5;0.4;1991;11;14;-23.43;-46.46;735;83.0;87.0;78.0;930.8;932.1;928.2;4;8;3;4.0;0.0;3.0;10.0;10.0;10.0;82.66666666666667;930.3666666666668;10.0;2.3333333333333335;4
83075;1991-11-15;1.6;30.5;17.7;8.5;1991;11;15;-23.43;-46.46;735;84.0;71.0;62.0;930.6;928.4;923.0;4;4;4;1.0;1.0;4.0;5.0;10.0;9.0;72.33333333333333;927.3333333333334;8.0;2.0;4
83075;1991-11-16;0;30.2;19.1;7.8;1991;11;16;-23.43;-46.46;735;84.0;63.0;66.0;926.0;927.2;923.1;8;8;4;0.0;0.0;3.0;8.0;5.0;6.0;71.0;925.4333333333334;6.333333333333333;1.0;4
83075;1991-11-18;0;31.6;16.9;8.1;1991;11;18;-23.43;-46.46;735;78.0;69.0;40.0;928.3;930.1;924.0;5;3;5;3.0;1.0;3.0;10.0;6.0;5.0;62.333333333333336;927.4666666666667;7.0;2.3333333333333335;5
83075;1991-11-19;0;31.2;17.6;7.9;1991;11;19;-23.43;-46.46;735;80.0;65.0;42.0;929.3;931.0;924.9;4;8;8;2.0;0.0;0.0;10.0;10.0;10.0;62.333333333333336;928.4;10.0;0.6666666666666666;4
83075;1991-11-20;0;24.2;17;4.1;1991;11;20;-23.43;-46.46;735;73.0;61.0;63.0;930.2;932.7;931.8;3;3;3;1.0;2.0;3.0;9.0;5.0;10.0;65.66666666666667;931.5666666666666;8.0;2.0;3
83075;1991-11-21;0;26.4;15.3;10.3;1991;11;21;-23.43;-46.46;735;83.0;57.0;53.0;934.5;934.6;931.5;4;5;5;3.0;2.0;3.0;9.0;8.0;8.0;64.33333333333333;933.5333333333333;8.333333333333334;2.6666666666666665;4
83075;1991-11-22;0;28.8;15.5;10.4;1991;11;22;-23.43;-46.46;735;74.0;60.0;49.0;934.8;934.4;929.8;4;8;4;3.0;0.0;3.0;10.0;4.0;8.0;61.0;933.0;7.333333333333333;2.0;4
83075;1991-11-23;0;31.6;15.9;10.5;1991;11;23;-23.43;-46.46;735;76.0;59.0;75.0;933.5;933.8;929.1;4;4;0;1.0;1.0;1.0;8.0;10.0;10.0;70.0;932.1333333333333;9.333333333333334;1.0;4
83075;1991-11-24;0;33;15.7;11;1991;11;24;-23.43;-46.46;735;46.0;53.0;28.0;931.0;932.1;926.8;3;8;0;1.0;0.0;1.0;9.0;2.0;4.0;42.333333333333336;929.9666666666666;5.0;0.6666666666666666;3
83075;1991-11-25;0;32.2;20.5;9.8;1991;11;25;-23.43;-46.46;735;48.0;44.0;38.0;928.1;930.6;925.1;8;1;1;0.0;2.0;3.0;0.0;5.0;8.0;43.333333333333336;927.9333333333334;4.333333333333333;1.6666666666666667;1
83075;1991-11-26;0;32.8;19.3;8.3;1991;11;26;-23.43;-46.46;735;67.0;42.0;32.0;928.7;928.7;922.9;8;7;7;0.0;3.0;1.0;0.0;9.0;9.0;47.0;926.7666666666668;6.0;1.3333333333333333;7
83075;1991-11-27;0.2;27.6;20.9;0.7;1991;11;27;-23.43;-46.46;735;49.0;78.0;70.0;924.1;931.7;932.6;8;5;4;0.0;5.0;4.0;0.0;10.0;10.0;65.66666666666667;929.4666666666667;6.666666666666667;3.0;5
83075;1991-11-28;0;28.2;16.3;5.1;1991;11;28;-23.43;-46.46;735;77.0;69.0;64.0;934.8;934.3;931.8;4;3;4;3.0;1.0;3.0;6.0;9.0;10.0;70.0;933.6333333333332;8.333333333333334;2.3333333333333335;4
83075;1991-11-29;0;33.8;16.5;9.5;1991;11;29;-23.43;-46.46;735;76.0;68.0;45.0;933.5;931.3;925.7;3;8;8;3.0;0.0;0.0;2.0;5.0;6.0;63.0;930.1666666666666;4.333333333333333;1.0;3
83075;1991-11-30;14.4;27.2;19.7;2.4;1991;11;30;-23.43;-46.46;735;78.0;72.0;61.0;927.3;938.0;924.3;8;7;0;0.0;3.0;1.0;10.0;10.0;9.0;70.33333333333333;929.8666666666667;9.666666666666666;1.3333333333333333;7
83075;1991-12-01;24.2;24.4;18.7;0.6;1991;12;1;-23.43;-46.46;735;93.0;79.0;78.0;923.4;925.1;923.1;8;4;4;0.0;3.0;1.0;10.0;10.0;10.0;83.33333333333333;923.8666666666667;10.0;1.3333333333333333;4
83075;1991-12-02;56.8;29;18.9;3.7;1991;12;2;-23.43;-46.46;735;93.0;74.0;62.0;928.0;927.2;922.6;8;8;7;0.0;0.0;3.0;10.0;9.0;10.0;76.33333333333333;925.9333333333334;9.666666666666666;1.0;7
83075;1991-12-03;12.2;30;18.1;7.3;1991;12;3;-23.43;-46.46;735;89.0;79.0;54.0;930.2;930.1;923.3;8;8;1;0.0;0.0;3.0;10.0;4.0;6.0;74.0;927.8666666666668;6.666666666666667;1.0;1
83075;1991-12-04;0;30.6;18.3;5.1;1991;12;4;-23.43;-46.46;735;79.0;76.0;47.0;928.6;930.6;924.6;8;8;1;0.0;0.0;1.0;10.0;8.0;9.0;67.33333333333333;927.9333333333334;9.0;0.3333333333333333;1
83075;1991-12-05;0;22.2;13.9;7.5;1991;12;5;-23.43;-46.46;735;84.0;76.0;55.0;936.1;937.1;934.4;5;3;4;1.0;3.0;3.0;10.0;4.0;8.0;71.66666666666667;935.8666666666667;7.333333333333333;2.3333333333333335;5
83075;1991-12-07;0;18.8;12.1;3.7;1991;12;7;-23.43;-46.46;735;79.0;71.0;57.0;935.1;936.9;934.1;4;3;3;3.0;1.0;3.0;10.0;10.0;4.0;69.0;935.3666666666667;8.0;2.3333333333333335;4
83075;1991-12-08;0;16.2;12.7;0;1991;12;8;-23.43;-46.46;735;79.0;81.0;84.0;940.2;941.3;939.3;8;4;4;0.0;3.0;3.0;10.0;10.0;10.0;81.33333333333333;940.2666666666668;10.0;2.0;4
83075;1991-12-09;0;26;13.9;9.4;1991;12;9;-23.43;-46.46;735;48.0;68.0;44.0;937.3;937.6;933.4;5;8;4;1.0;0.0;3.0;8.0;0.0;0.0;53.333333333333336;936.1;2.6666666666666665;1.3333333333333333;5
83075;1991-12-11;0;29;17.5;5.1;1991;12;11;-23.43;-46.46;735;68.0;63.0;83.0;925.5;928.6;926.8;8;8;3;0.0;0.0;2.0;10.0;8.0;10.0;71.33333333333333;926.9666666666666;9.333333333333334;0.6666666666666666;3
83075;1991-12-12;1;30.2;19.7;6.5;1991;12;12;-23.43;-46.46;735;77.0;73.0;51.0;924.9;927.0;923.0;6;7;6;2.0;2.0;4.0;10.0;9.0;9.0;67.0;924.9666666666667;9.333333333333334;2.6666666666666665;6
83075;1991-12-13;0;31.8;21.5;9.5;1991;12;13;-23.43;-46.46;735;70.0;59.0;48.0;924.4;926.6;922.8;6;1;8;2.0;3.0;0.0;10.0;8.0;9.0;59.0;924.6;9.0;1.6666666666666667;6
83075;1991-12-14;0;29.6;20.7;5.2;1991;12;14;-23.43;-46.46;735;75.0;76.0;59.0;927.5;930.8;925.1;4;4;4;2.0;1.0;3.0;10.0;10.0;10.0;70.0;927.8000000000001;10.0;2.0;4
83075;1991-12-15;0;31.4;21.1;4.3;1991;12;15;-23.43;-46.46;735;77.0;59.0;80.0;928.3;927.9;923.8;8;0;4;0.0;3.0;3.0;10.0;9.0;10.0;72.0;926.6666666666666;9.666666666666666;2.0;0
83075;1991-12-16;8.8;29.8;19.9;3;1991;12;16;-23.43;-46.46;735;79.0;74.0;56.0;927.6;927.3;922.8;0;1;8;3.0;3.0;0.0;10.0;10.0;10.0;69.66666666666667;925.9;10.0;2.0;0
83075;1991-12-17;19.5;25;19.9;0.8;1991;12;17;-23.43;-46.46;735;85.0;83.0;71.0;928.0;930.1;928.5;6;7;7;2.0;1.0;4.0;10.0;10.0;9.0;79.66666666666667;928.8666666666667;9.666666666666666;2.3333333333333335;6
83075;1991-12-18;8.3;26.4;19.7;1.6;1991;12;18;-23.43;-46.46;735;80.0;56.0;62.0;928.9;929.7;927.1;4;7;7;5.0;2.0;4.0;9.0;8.0;10.0;66.0;928.5666666666666;9.0;3.6666666666666665;4
83075;1991-12-20;24.7;30;19.2;11.2;1991;12;20;-23.43;-46.46;735;74.0;66.0;47.0;928.3;929.7;926.5;8;7;6;0.0;1.0;4.0;10.0;6.0;8.0;62.333333333333336;928.1666666666666;8.0;1.6666666666666667;7
83075;1991-12-21;0;31.8;19.1;9.2;1991;12;21;-23.43;-46.46;735;78.0;79.0;54.0;929.6;930.7;926.2;4;8;4;1.0;0.0;5.0;0.0;10.0;5.0;70.33333333333333;928.8333333333334;5.0;2.0;4
83075;1991-12-22;0;30.8;19.1;6.1;1991;12;22;-23.43;-46.46;735;78.0;67.0;56.0;930.3;930.6;926.6;3;8;8;4.0;0.0;0.0;4.0;4.0;8.0;67.0;929.1666666666666;5.333333333333333;1.3333333333333333;3
83075;1991-12-24;1.2;30.4;20.7;4.8;1991;12;24;-23.43;-46.46;735;78.0;60.0;51.0;930.0;929.8;926.9;8;7;7;0.0;1.0;2.0;8.0;5.0;10.0;63.0;928.9;7.666666666666667;1.0;7
83075;1991-12-25;0;32.4;20.9;6.7;1991;12;25;-23.43;-46.46;735;74.0;49.0;58.0;935.6;928.1;925.2;7;8;7;3.0;0.0;1.0;4.0;8.0;10.0;60.333333333333336;929.6333333333333;7.333333333333333;1.3333333333333333;7
83075;1991-12-26;5.3;31.2;20.7;3.9;1991;12;26;-23.43;-46.46;735;69.0;66.0;83.0;927.3;926.9;925.5;7;7;7;5.0;2.0;1.0;9.0;9.0;10.0;72.66666666666667;926.5666666666666;9.333333333333334;2.6666666666666665;7
83075;1991-12-27;16.6;22.8;18.3;0.2;1991;12;27;-23.43;-46.46;735;78.0;83.0;85.0;927.3;928.2;927.2;7;6;4;1.0;2.0;1.0;9.0;10.0;10.0;82.0;927.5666666666666;9.666666666666666;1.3333333333333333;7
83075;1991-12-28;9.2;25.6;16.9;8;1991;12;28;-23.43;-46.46;735;93.0;71.0;58.0;930.4;930.2;927.2;4;8;5;2.0;0.0;2.0;5.0;5.0;8.0;74.0;929.2666666666668;6.0;1.3333333333333333;4
83075;1991-12-29;0;30.8;16.7;10.3;1991;12;29;-23.43;-46.46;735;78.0;66.0;43.0;930.0;930.7;925.7;3;4;6;1.0;1.0;3.0;10.0;9.0;5.0;62.333333333333336;928.8000000000001;8.0;1.6666666666666667;3
83075;1991-12-30;0;31.6;18.7;7.6;1991;12;30;-23.43;-46.46;735;82.0;65.0;51.0;930.8;931.1;927.8;5;8;8;3.0;0.0;0.0;10.0;1.0;10.0;66.0;929.9;7.0;1.0;5
83075;1991-12-31;61.2;30.6;18.1;7.6;1991;12;31;-23.43;-46.46;735;82.0;63.0;48.0;931.6;932.3;929.1;4;8;8;1.0;0.0;0.0;10.0;0.0;8.0;64.33333333333333;931.0;6.0;0.3333333333333333;4
83075;1992-01-01;23.4;31;18.3;9.8;1992;1;1;-23.43;-46.46;735;86.0;63.0;42.0;931.6;931.1;925.6;8;7;7;0.0;3.0;3.0;5.0;4.0;8.0;63.666666666666664;929.4333333333334;5.666666666666667;2.0;7
83075;1992-01-02;12.6;27.2;20.3;0.4;1992;1;2;-23.43;-46.46;735;86.0;87.0;62.0;928.5;930.3;926.2;8;8;2;0.0;0.0;1.0;5.0;10.0;10.0;78.33333333333333;928.3333333333334;8.333333333333334;0.3333333333333333;2
83075;1992-01-03;0;22.8;14.9;1.8;1992;1;3;-23.43;-46.46;735;76.0;71.0;66.0;936.0;936.8;934.4;4;4;3;3.0;3.0;1.0;10.0;10.0;10.0;71.0;935.7333333333332;10.0;2.3333333333333335;4
83075;1992-01-04;31.4;24.4;17.9;1.2;1992;1;4;-23.43;-46.46;735;90.0;80.0;78.0;934.8;932.6;932.4;8;5;4;0.0;1.0;3.0;9.0;10.0;10.0;82.66666666666667;933.2666666666668;9.666666666666666;1.3333333333333333;5
83075;1992-01-05;0;26.2;16.7;0.7;1992;1;5;-23.43;-46.46;735;78.0;82.0;80.0;933.4;933.5;930.1;4;8;8;1.0;0.0;0.0;10.0;9.0;10.0;80.0;932.3333333333334;9.666666666666666;0.3333333333333333;4
83075;1992-01-06;0;21.6;15.9;0.5;1992;1;6;-23.43;-46.46;735;82.0;88.0;71.0;937.7;938.9;935.3;3;3;3;1.0;1.0;1.0;10.0;10.0;10.0;80.33333333333333;937.2999999999998;10.0;1.0;3
83075;1992-01-07;0;28;14.4;3.8;1992;1;7;-23.43;-46.46;735;83.0;88.0;37.0;934.1;935.0;928.7;8;8;7;0.0;0.0;3.0;0.0;10.0;10.0;69.33333333333333;932.6;6.666666666666667;1.0;7
83075;1992-01-08;0;27.8;13.7;7.1;1992;1;8;-23.43;-46.46;735;60.0;78.0;42.0;932.6;936.0;930.7;8;4;3;0.0;3.0;2.0;10.0;9.0;9.0;60.0;933.1;9.333333333333334;1.6666666666666667;4
83075;1992-01-09;0;24.1;17.1;0.7;1992;1;9;-23.43;-46.46;735;70.0;79.0;80.0;934.6;935.9;934.4;8;8;3;0.0;0.0;4.0;10.0;10.0;10.0;76.33333333333333;934.9666666666667;10.0;1.3333333333333333;3
83075;1992-01-10;0;26.8;15;3.1;1992;1;10;-23.43;-46.46;735;88.0;81.0;56.0;935.7;934.2;928.1;4;3;8;3.0;1.0;0.0;10.0;9.0;8.0;75.0;932.6666666666666;9.0;1.3333333333333333;4
83075;1992-01-11;0;28;16.1;4;1992;1;11;-23.43;-46.46;735;84.0;83.0;81.0;933.1;929.7;926.1;8;3;7;0.0;2.0;1.0;10.0;10.0;10.0;82.66666666666667;929.6333333333333;10.0;1.0;3
83075;1992-01-13;1.8;29.2;19.1;6;1992;1;13;-23.43;-46.46;735;83.0;65.0;55.0;927.5;924.8;919.9;3;7;7;3.0;3.0;3.0;9.0;8.0;5.0;67.66666666666667;924.0666666666666;7.333333333333333;3.0;3
83075;1992-01-14;7.2;31;18.1;8.9;1992;1;14;-23.43;-46.46;735;86.0;73.0;48.0;922.8;923.5;919.7;3;7;7;1.0;1.0;2.0;10.0;4.0;8.0;69.0;922.0;7.333333333333333;1.3333333333333333;3
83075;1992-01-15;14;30.8;21.1;3.8;1992;1;15;-23.43;-46.46;735;74.0;60.0;65.0;921.8;924.1;921.8;8;8;7;0.0;0.0;1.0;10.0;9.0;10.0;66.33333333333333;922.5666666666666;9.666666666666666;0.3333333333333333;7
83075;1992-01-16;47.2;24.6;19.1;0;1992;1;16;-23.43;-46.46;735;86.0;84.0;78.0;926.4;929.5;929.1;4;3;3;2.0;1.0;5.0;10.0;10.0;10.0;82.66666666666667;928.3333333333334;10.0;2.6666666666666665;4
83075;1992-01-17;1.7;23;18.1;0;1992;1;17;-23.43;-46.46;735;86.0;78.0;72.0;932.0;930.9;929.1;3;4;4;4.0;3.0;4.0;10.0;10.0;10.0;78.66666666666667;930.6666666666666;10.0;3.6666666666666665;3
83075;1992-01-18;0.2;22.6;17.5;0;1992;1;18;-23.43;-46.46;735;86.0;86.0;73.0;931.9;931.8;929.2;4;8;4;2.0;0.0;3.0;9.0;10.0;10.0;81.66666666666667;930.9666666666666;9.666666666666666;1.6666666666666667;4
83075;1992-01-19;0.5;25;16.9;2.6;1992;1;19;-23.43;-46.46;735;79.0;80.0;66.0;931.8;932.7;929.9;3;4;3;1.0;1.0;1.0;10.0;10.0;9.0;75.0;931.4666666666667;9.666666666666666;1.0;3
83075;1992-01-20;0;24.2;17.1;0.4;1992;1;20;-23.43;-46.46;735;79.0;75.0;71.0;931.7;932.5;930.3;3;3;3;2.0;1.0;2.0;10.0;10.0;10.0;75.0;931.5;10.0;1.6666666666666667;3
83075;1992-01-21;0;25.9;17.9;2;1992;1;21;-23.43;-46.46;735;83.0;81.0;74.0;931.1;930.8;928.7;5;3;5;2.0;1.0;3.0;10.0;10.0;10.0;79.33333333333333;930.2000000000002;10.0;2.0;5
83075;1992-01-22;0.7;24.6;19.3;0;1992;1;22;-23.43;-46.46;735;87.0;83.0;76.0;930.4;928.9;925.9;4;8;8;3.0;0.0;0.0;10.0;10.0;10.0;82.0;928.4;10.0;1.0;4
83075;1992-01-23;16.7;26.6;18.6;3.5;1992;1;23;-23.43;-46.46;735;91.0;77.0;60.0;927.9;927.5;923.0;6;8;3;1.0;0.0;1.0;10.0;10.0;8.0;76.0;926.1333333333333;9.333333333333334;0.6666666666666666;6
83075;1992-01-24;0;30;17.9;8.7;1992;1;24;-23.43;-46.46;735;87.0;72.0;45.0;926.5;925.3;921.1;4;8;8;2.0;0.0;0.0;8.0;2.0;8.0;68.0;924.3000000000001;6.0;0.6666666666666666;4
83075;1992-01-25;0;29.8;18.9;6.3;1992;1;25;-23.43;-46.46;735;61.0;57.0;53.0;923.2;925.6;922.7;0;7;6;2.0;4.0;1.0;5.0;8.0;10.0;57.0;923.8333333333334;7.666666666666667;2.3333333333333335;0
83075;1992-01-26;0;32.4;19.1;10.2;1992;1;26;-23.43;-46.46;735;72.0;63.0;40.0;925.5;926.1;920.6;8;8;7;0.0;0.0;5.0;5.0;1.0;9.0;58.333333333333336;924.0666666666666;5.0;1.6666666666666667;7
83075;1992-01-27;23.2;32.4;19.7;9;1992;1;27;-23.43;-46.46;735;79.0;65.0;44.0;925.0;925.5;920.8;8;7;7;0.0;1.0;2.0;10.0;6.0;10.0;62.666666666666664;923.7666666666668;8.666666666666666;1.0;7
83075;1992-01-28;0;32.6;19.9;9.2;1992;1;28;-23.43;-46.46;735;76.0;59.0;40.0;924.2;924.5;919.3;8;1;8;0.0;2.0;0.0;10.0;0.0;8.0;58.333333333333336;922.6666666666666;6.0;0.6666666666666666;1
83075;1992-01-30;13.9;29;20.7;0.8;1992;1;30;-23.43;-46.46;735;55.0;85.0;57.0;925.3;927.2;923.2;7;8;3;1.0;0.0;2.0;10.0;10.0;10.0;65.66666666666667;925.2333333333332;10.0;1.0;7
83075;1992-01-31;19.2;27;20.1;0;1992;1;31;-23.43;-46.46;735;90.0;84.0;69.0;927.3;929.5;926.7;8;3;8;0.0;1.0;0.0;10.0;10.0;10.0;81.0;927.8333333333334;10.0;0.3333333333333333;3
83075;1992-02-01;0.5;30.6;20.1;9.7;1992;2;1;-23.43;-46.46;735;80.0;64.0;45.0;928.7;929.0;924.2;4;7;7;3.0;1.0;4.0;10.0;4.0;8.0;63.0;927.3000000000001;7.333333333333333;2.6666666666666665;4
83075;1992-02-02;0;28.4;19.9;2.2;1992;2;2;-23.43;-46.46;735;76.0;61.0;55.0;927.4;928.3;925.8;8;3;7;0.0;1.0;1.0;10.0;9.0;10.0;64.0;927.1666666666666;9.666666666666666;0.6666666666666666;3
83075;1992-02-03;13.6;23.4;15.9;0;1992;2;3;-23.43;-46.46;735;88.0;89.0;71.0;937.1;936.7;932.8;8;3;1;0.0;1.0;1.0;10.0;10.0;10.0;82.66666666666667;935.5333333333334;10.0;0.6666666666666666;3
83075;1992-02-04;0;26;17.7;6.7;1992;2;4;-23.43;-46.46;735;83.0;74.0;59.0;934.6;933.7;930.8;8;3;4;0.0;1.0;5.0;8.0;5.0;10.0;72.0;933.0333333333334;7.666666666666667;2.0;3
83075;1992-02-05;26.1;24.4;17.5;3.1;1992;2;5;-23.43;-46.46;735;90.0;71.0;76.0;933.2;934.4;933.4;8;7;4;0.0;5.0;4.0;10.0;9.0;10.0;79.0;933.6666666666666;9.666666666666666;3.0;7
83075;1992-02-06;0;24.2;16.7;5.4;1992;2;6;-23.43;-46.46;735;85.0;78.0;60.0;937.5;938.5;938.9;3;8;3;2.0;0.0;1.0;10.0;10.0;9.0;74.33333333333333;938.3000000000001;9.666666666666666;1.0;3
83075;1992-02-07;0;27.2;15.9;7.3;1992;2;7;-23.43;-46.46;735;74.0;61.0;45.0;931.9;934.4;931.3;6;7;7;2.0;2.0;4.0;10.0;1.0;10.0;60.0;932.5333333333333;7.0;2.6666666666666665;6
83075;1992-02-08;0.6;14.4;9.1;0;1992;2;8;-23.43;-46.46;735;79.0;87.0;78.0;938.1;941.5;941.1;4;4;5;5.0;1.0;3.0;10.0;10.0;10.0;81.33333333333333;940.2333333333332;10.0;3.0;4
83075;1992-02-09;3.9;21.4;16.3;0;1992;2;9;-23.43;-46.46;735;88.0;85.0;64.0;936.3;934.9;932.0;3;3;7;1.0;1.0;2.0;10.0;10.0;10.0;79.0;934.4;10.0;1.3333333333333333;3
83075;1992-02-11;14.6;31;17.8;5.7;1992;2;11;-23.43;-46.46;735;90.0;84.0;79.0;929.4;928.8;924.9;3;8;8;1.0;0.0;0.0;10.0;6.0;10.0;84.33333333333333;927.6999999999999;8.666666666666666;0.3333333333333333;3
83075;1992-02-12;24.6;20.6;16.7;0;1992;2;12;-23.43;-46.46;735;92.0;86.0;86.0;928.8;932.1;931.7;8;5;4;0.0;1.0;1.0;10.0;10.0;10.0;88.0;930.8666666666668;10.0;0.6666666666666666;5
83075;1992-02-13;0;31.8;19.5;9.3;1992;2;13;-23.43;-46.46;735;77.0;86.0;31.0;932.8;935.0;930.3;8;7;3;0.0;1.0;3.0;9.0;0.0;8.0;64.66666666666667;932.6999999999999;5.666666666666667;1.3333333333333333;7
83075;1992-02-14;0;32.2;18.7;8.8;1992;2;14;-23.43;-46.46;735;68.0;68.0;33.0;934.2;934.3;928.7;8;3;8;0.0;1.0;0.0;2.0;0.0;8.0;56.333333333333336;932.4;3.3333333333333335;0.3333333333333333;3
83075;1992-02-16;0;31.6;19.7;8;1992;2;16;-23.43;-46.46;735;68.0;62.0;38.0;931.5;934.5;930.2;8;3;3;0.0;1.0;4.0;4.0;2.0;8.0;56.0;932.0666666666666;4.666666666666667;1.6666666666666667;3
83075;1992-02-17;0;32.2;19.5;8.4;1992;2;17;-23.43;-46.46;735;74.0;59.0;35.0;932.2;933.5;928.7;5;8;3;1.0;0.0;1.0;0.0;0.0;6.0;56.0;931.4666666666667;2.0;0.6666666666666666;5
83075;1992-02-18;0;33.2;19.9;8.7;1992;2;18;-23.43;-46.46;735;62.0;90.0;31.0;931.1;934.1;927.0;8;3;8;0.0;1.0;0.0;2.0;0.0;9.0;61.0;930.7333333333332;3.6666666666666665;0.3333333333333333;3
83075;1992-02-19;0;32;20.2;5;1992;2;19;-23.43;-46.46;735;63.0;62.0;75.0;931.3;932.4;931.4;3;5;5;2.0;1.0;9.0;1.0;8.0;10.0;66.66666666666667;931.6999999999999;6.333333333333333;4.0;3
83075;1992-02-20;24.2;32.8;16.7;9.3;1992;2;20;-23.43;-46.46;735;73.0;58.0;35.0;932.5;932.4;927.4;5;8;7;2.0;0.0;1.0;5.0;0.0;8.0;55.333333333333336;930.7666666666668;4.333333333333333;1.0;5
83075;1992-02-21;31.6;32.4;17.7;9.9;1992;2;21;-23.43;-46.46;735;78.0;59.0;35.0;931.4;932.3;927.4;3;2;7;2.0;1.0;1.0;9.0;0.0;6.0;57.333333333333336;930.3666666666667;5.0;1.3333333333333333;3
83075;1992-02-22;0;32.8;18.7;10.1;1992;2;22;-23.43;-46.46;735;62.0;59.0;35.0;930.2;931.0;925.4;2;8;7;2.0;0.0;1.0;4.0;10.0;5.0;52.0;928.8666666666667;6.333333333333333;1.0;2
83075;1992-02-23;0;32.2;20.1;7;1992;2;23;-23.43;-46.46;735;56.0;53.0;40.0;928.5;931.4;926.6;4;7;8;1.0;1.0;0.0;2.0;1.0;8.0;49.666666666666664;928.8333333333334;3.6666666666666665;0.6666666666666666;4
83075;1992-02-24;0;31.2;19.5;7;1992;2;24;-23.43;-46.46;735;64.0;58.0;46.0;930.1;932.7;928.5;8;8;7;0.0;0.0;2.0;9.0;8.0;9.0;56.0;930.4333333333334;8.666666666666666;0.6666666666666666;7
83075;1992-02-25;0;28;20.1;1.2;1992;2;25;-23.43;-46.46;735;68.0;75.0;84.0;931.1;932.7;930.3;7;3;5;2.0;1.0;3.0;8.0;10.0;10.0;75.66666666666667;931.3666666666668;9.333333333333334;2.0;7
83075;1992-02-26;28.1;26.6;18.9;2.1;1992;2;26;-23.43;-46.46;735;89.0;81.0;62.0;932.9;935.0;931.1;8;8;4;0.0;0.0;2.0;10.0;10.0;10.0;77.33333333333333;933.0;10.0;0.6666666666666666;4
83075;1992-02-27;0;29.4;17.1;6.7;1992;2;27;-23.43;-46.46;735;79.0;73.0;54.0;933.2;932.4;926.6;4;7;7;2.0;2.0;2.0;9.0;9.0;9.0;68.66666666666667;930.7333333333332;9.0;2.0;4
83075;1992-02-28;9.4;26.8;19.5;3.4;1992;2;28;-23.43;-46.46;735;86.0;72.0;67.0;930.0;932.2;929.6;0;7;5;3.0;1.0;3.0;6.0;10.0;10.0;75.0;930.6;8.666666666666666;2.3333333333333335;0
83075;1992-02-29;1.5;23.4;16.9;4.6;1992;2;29;-23.43;-46.46;735;82.0;68.0;58.0;934.2;936.1;932.7;4;3;4;2.0;3.0;1.0;8.0;10.0;8.0;69.33333333333333;934.3333333333334;8.666666666666666;2.0;4
83075;1992-03-01;0;29.6;21.1;9;1992;3;1;-23.43;-46.46;735;79.0;71.0;67.0;927.1;928.2;926.4;8;7;7;0.0;2.0;4.0;9.0;9.0;10.0;72.33333333333333;927.2333333333335;9.333333333333334;2.0;7
83075;1992-03-02;0;27.4;18.5;3.7;1992;3;2;-23.43;-46.46;735;70.0;61.0;62.0;927.4;929.4;925.6;8;8;3;0.0;0.0;1.0;8.0;8.0;10.0;64.33333333333333;927.4666666666667;8.666666666666666;0.3333333333333333;3
83075;1992-03-03;1.5;26;17.1;0;1992;3;3;-23.43;-46.46;735;86.0;84.0;66.0;934.5;935.9;932.2;3;3;8;3.0;1.0;0.0;10.0;10.0;10.0;78.66666666666667;934.2000000000002;10.0;1.3333333333333333;3
83075;1992-03-04;0;27.8;16.3;8.5;1992;3;4;-23.43;-46.46;735;81.0;78.0;43.0;933.2;934.5;929.4;4;4;3;1.0;1.0;1.0;10.0;4.0;1.0;67.33333333333333;932.3666666666667;5.0;1.0;4
83075;1992-03-05;0;20;16.9;0;1992;3;5;-23.43;-46.46;735;87.0;87.0;89.0;936.1;936.1;933.5;5;3;8;1.0;3.0;0.0;10.0;10.0;10.0;87.66666666666667;935.2333333333332;10.0;1.3333333333333333;5
83075;1992-03-06;0;27;14.7;7.6;1992;3;6;-23.43;-46.46;735;87.0;89.0;46.0;936.6;935.2;930.6;8;8;1;0.0;0.0;3.0;10.0;10.0;9.0;74.0;934.1333333333333;9.666666666666666;1.0;1
83075;1992-03-07;0;18.6;13.9;0;1992;3;7;-23.43;-46.46;735;80.0;88.0;77.0;937.8;941.3;938.9;4;4;3;2.0;3.0;3.0;10.0;10.0;10.0;81.66666666666667;939.3333333333334;10.0;2.6666666666666665;4
83075;1992-03-08;0;14;8.2;0;1992;3;8;-23.43;-46.46;735;85.0;81.0;76.0;943.9;943.7;941.6;4;3;3;1.0;3.0;3.0;10.0;10.0;10.0;80.66666666666667;943.0666666666666;10.0;2.3333333333333335;4
83075;1992-03-09;0;25;16.4;4.6;1992;3;9;-23.43;-46.46;735;78.0;74.0;56.0;934.2;934.5;932.0;7;7;7;3.0;2.0;5.0;10.0;4.0;9.0;69.33333333333333;933.5666666666666;7.666666666666667;3.3333333333333335;7
83075;1992-03-10;10.9;26.8;17.7;6.5;1992;3;10;-23.43;-46.46;735;90.0;80.0;55.0;930.7;930.5;927.3;8;7;8;0.0;2.0;0.0;10.0;5.0;8.0;75.0;929.5;7.666666666666667;0.6666666666666666;7
83075;1992-03-11;1.4;31.6;18.7;10;1992;3;11;-23.43;-46.46;735;82.0;60.0;46.0;926.5;926.6;921.2;8;7;7;0.0;3.0;5.0;2.0;5.0;6.0;62.666666666666664;924.7666666666668;4.333333333333333;2.6666666666666665;7
83075;1992-03-12;0;26;16.7;6.1;1992;3;12;-23.43;-46.46;735;88.0;77.0;68.0;933.5;934.4;931.7;4;8;4;2.0;0.0;3.0;10.0;9.0;8.0;77.66666666666667;933.2000000000002;9.0;1.6666666666666667;4
83075;1992-03-13;25.6;29.2;17.6;6.2;1992;3;13;-23.43;-46.46;735;89.0;81.0;54.0;934.6;936.9;931.7;8;4;2;0.0;1.0;2.0;5.0;8.0;5.0;74.66666666666667;934.4;6.0;1.0;4
83075;1992-03-14;0;30.2;19.3;8.3;1992;3;14;-23.43;-46.46;735;78.0;76.0;53.0;934.9;935.6;930.7;4;8;4;1.0;0.0;2.0;10.0;6.0;6.0;69.0;933.7333333333332;7.333333333333333;1.0;4
83075;1992-03-15;2;30.6;17.7;8.6;1992;3;15;-23.43;-46.46;735;75.0;76.0;41.0;931.2;932.5;926.4;4;1;7;2.0;1.0;3.0;6.0;0.0;6.0;64.0;930.0333333333333;4.0;2.0;4
83075;1992-03-16;0;24.6;20.5;0;1992;3;16;-23.43;-46.46;735;70.0;65.0;81.0;929.0;931.1;928.6;7;7;8;2.0;3.0;0.0;8.0;10.0;10.0;72.0;929.5666666666666;9.333333333333334;1.6666666666666667;7
83075;1992-03-17;6.9;22.8;19.5;0;1992;3;17;-23.43;-46.46;735;89.0;90.0;85.0;933.1;934.2;932.7;5;8;7;1.0;0.0;1.0;10.0;10.0;10.0;88.0;933.3333333333334;10.0;0.6666666666666666;5
83075;1992-03-18;8.1;29;18.6;9.1;1992;3;18;-23.43;-46.46;735;88.0;78.0;54.0;933.8;934.5;930.2;2;8;7;1.0;0.0;2.0;6.0;2.0;9.0;73.33333333333333;932.8333333333334;5.666666666666667;1.0;2
83075;1992-03-19;0.6;28.2;17.9;3.9;1992;3;19;-23.43;-46.46;735;80.0;77.0;86.0;932.8;933.6;930.7;8;8;5;0.0;0.0;2.0;8.0;10.0;10.0;81.0;932.3666666666668;9.333333333333334;0.6666666666666666;5
83075;1992-03-20;31.7;30.6;17.3;7.9;1992;3;20;-23.43;-46.46;735;90.0;77.0;45.0;934.2;932.4;927.2;2;8;7;2.0;0.0;1.0;10.0;1.0;8.0;70.66666666666667;931.2666666666668;6.333333333333333;1.0;2
83075;1992-03-21;17.1;30.8;17.9;5.1;1992;3;21;-23.43;-46.46;735;92.0;83.0;49.0;930.6;931.9;927.7;7;8;0;2.0;0.0;2.0;10.0;9.0;9.0;74.66666666666667;930.0666666666666;9.333333333333334;1.3333333333333333;7
83075;1992-03-22;0.2;31.8;19.5;9.2;1992;3;22;-23.43;-46.46;735;81.0;72.0;40.0;929.4;932.5;927.5;8;3;7;0.0;1.0;2.0;10.0;4.0;5.0;64.33333333333333;929.8000000000001;6.333333333333333;1.0;3
83075;1992-03-23;0;28.8;20.4;2.7;1992;3;23;-23.43;-46.46;735;66.0;79.0;66.0;930.9;934.1;929.6;8;4;3;0.0;1.0;3.0;2.0;10.0;10.0;70.33333333333333;931.5333333333333;7.333333333333333;1.3333333333333333;4
83075;1992-03-24;0.1;29.2;19.3;4.9;1992;3;24;-23.43;-46.46;735;85.0;76.0;45.0;932.6;932.7;927.9;4;3;7;1.0;1.0;3.0;10.0;9.0;8.0;68.66666666666667;931.0666666666667;9.0;1.6666666666666667;4
83075;1992-03-25;7.4;23.8;19.1;0;1992;3;25;-23.43;-46.46;735;82.0;87.0;72.0;930.5;930.8;928.8;8;8;7;0.0;0.0;2.0;9.0;10.0;10.0;80.33333333333333;930.0333333333333;9.666666666666666;0.6666666666666666;7
83075;1992-03-26;0;30.2;18.7;6.8;1992;3;26;-23.43;-46.46;735;77.0;64.0;52.0;929.8;932.6;928.0;8;7;8;0.0;1.0;0.0;6.0;10.0;8.0;64.33333333333333;930.1333333333333;8.0;0.3333333333333333;7
83075;1992-03-27;2;29.2;18.3;4.8;1992;3;27;-23.43;-46.46;735;79.0;69.0;53.0;931.7;934.0;930.6;4;8;5;1.0;0.0;1.0;10.0;4.0;9.0;67.0;932.1;7.666666666666667;0.6666666666666666;4
83075;1992-03-29;0;30.6;19.1;6.7;1992;3;29;-23.43;-46.46;735;71.0;72.0;46.0;932.0;933.6;927.7;8;8;7;0.0;0.0;1.0;9.0;5.0;8.0;63.0;931.1;7.333333333333333;0.3333333333333333;7
83075;1992-03-31;18.4;24.6;18.7;1.3;1992;3;31;-23.43;-46.46;735;90.0;73.0;69.0;934.3;933.9;931.5;3;8;7;1.0;0.0;2.0;10.0;9.0;10.0;77.33333333333333;933.2333333333332;9.666666666666666;1.0;3
83075;1992-04-01;0;30;20.5;3.7;1992;4;1;-23.43;-46.46;735;71.0;72.0;69.0;926.9;928.4;925.7;7;7;7;3.0;4.0;4.0;1.0;9.0;10.0;70.66666666666667;927.0;6.666666666666667;3.6666666666666665;7
83075;1992-04-02;0;26.6;18.1;3.4;1992;4;2;-23.43;-46.46;735;75.0;78.0;56.0;927.5;929.2;925.0;8;3;4;0.0;3.0;1.0;5.0;10.0;9.0;69.66666666666667;927.2333333333332;8.0;1.3333333333333333;3
83075;1992-04-03;0;27.4;17.7;2.2;1992;4;3;-23.43;-46.46;735;81.0;70.0;71.0;932.9;934.0;931.3;8;8;3;0.0;0.0;3.0;10.0;9.0;10.0;74.0;932.7333333333332;9.666666666666666;1.0;3
83075;1992-04-04;0;28.6;18.3;7.1;1992;4;4;-23.43;-46.46;735;86.0;73.0;49.0;932.5;934.3;929.7;4;8;4;1.0;0.0;1.0;10.0;5.0;10.0;69.33333333333333;932.1666666666666;8.333333333333334;0.6666666666666666;4
83075;1992-04-05;17.4;22.4;16.7;1;1992;4;5;-23.43;-46.46;735;91.0;85.0;77.0;934.6;933.4;931.6;8;8;4;0.0;0.0;3.0;10.0;10.0;10.0;84.33333333333333;933.1999999999999;10.0;1.0;4
83075;1992-04-06;0;26.4;15.6;6.7;1992;4;6;-23.43;-46.46;735;75.0;78.0;49.0;933.6;934.1;928.3;7;8;7;2.0;0.0;1.0;10.0;0.0;9.0;67.33333333333333;932.0;6.333333333333333;1.0;7
83075;1992-04-07;0;23.6;15.3;1.8;1992;4;7;-23.43;-46.46;735;88.0;85.0;65.0;940.3;940.4;936.8;4;8;8;2.0;0.0;0.0;10.0;10.0;10.0;79.33333333333333;939.1666666666666;10.0;0.6666666666666666;4
83075;1992-04-08;0;26.3;10.9;7.5;1992;4;8;-23.43;-46.46;735;87.0;84.0;39.0;942.4;940.6;936.0;4;3;7;1.0;2.0;2.0;10.0;8.0;10.0;70.0;939.6666666666666;9.333333333333334;1.6666666666666667;4
83075;1992-04-09;0;22;16.3;0;1992;4;9;-23.43;-46.46;735;72.0;86.0;83.0;934.1;936.1;934.8;8;4;5;0.0;1.0;1.0;10.0;10.0;10.0;80.33333333333333;935.0;10.0;0.6666666666666666;4
83075;1992-04-10;0;23;15.5;6.4;1992;4;10;-23.43;-46.46;735;83.0;73.0;51.0;932.3;936.2;933.2;4;3;3;1.0;3.0;4.0;10.0;8.0;8.0;69.0;933.9;8.666666666666666;2.6666666666666665;4
83075;1992-04-11;23;26.2;17.3;0;1992;4;11;-23.43;-46.46;735;72.0;87.0;86.0;924.7;931.9;929.2;8;8;3;0.0;0.0;2.0;9.0;10.0;10.0;81.66666666666667;928.6;9.666666666666666;0.6666666666666666;3
83075;1992-04-12;0;27.4;15.9;9.3;1992;4;12;-23.43;-46.46;735;83.0;74.0;56.0;934.6;935.0;930.9;3;3;4;2.0;1.0;3.0;10.0;8.0;5.0;71.0;933.5;7.666666666666667;2.0;3
83075;1992-04-13;0;24.2;19.5;0;1992;4;13;-23.43;-46.46;735;67.0;78.0;70.0;928.1;928.9;926.7;8;8;7;0.0;0.0;4.0;8.0;10.0;10.0;71.66666666666667;927.9;9.333333333333334;1.3333333333333333;7
83075;1992-04-14;19.6;22.8;18.3;4;1992;4;14;-23.43;-46.46;735;87.0;87.0;69.0;928.9;930.5;927.6;7;8;7;2.0;0.0;3.0;9.0;10.0;9.0;81.0;929.0;9.333333333333334;1.6666666666666667;7
83075;1992-04-15;0;25.2;15;9.1;1992;4;15;-23.43;-46.46;735;84.0;68.0;43.0;930.2;932.8;928.3;7;7;7;3.0;2.0;5.0;5.0;2.0;2.0;65.0;930.4333333333334;3.0;3.3333333333333335;7
83075;1992-04-16;0;25.4;14.5;9.5;1992;4;16;-23.43;-46.46;735;69.0;60.0;46.0;930.8;932.6;927.4;6;7;7;2.0;3.0;3.0;4.0;0.0;6.0;58.333333333333336;930.2666666666668;3.3333333333333335;2.6666666666666665;6
83075;1992-04-17;0;26;14.7;9.7;1992;4;17;-23.43;-46.46;735;70.0;63.0;56.0;930.6;932.3;928.1;1;8;7;2.0;0.0;3.0;2.0;0.0;2.0;63.0;930.3333333333334;1.3333333333333333;1.6666666666666667;1
83075;1992-04-18;0;26.8;13.5;9.5;1992;4;18;-23.43;-46.46;735;63.0;57.0;32.0;930.6;932.9;928.3;8;8;7;0.0;0.0;4.0;2.0;0.0;1.0;50.666666666666664;930.6;1.0;1.3333333333333333;7
83075;1992-04-20;8.1;23;16.5;0.4;1992;4;20;-23.43;-46.46;735;83.0;89.0;70.0;928.3;927.6;924.9;8;8;7;0.0;0.0;2.0;10.0;10.0;10.0;80.66666666666667;926.9333333333334;10.0;0.6666666666666666;7
83075;1992-04-22;0;26.2;17.6;5;1992;4;22;-23.43;-46.46;735;83.0;77.0;58.0;934.4;936.2;932.6;8;3;8;0.0;1.0;0.0;10.0;10.0;4.0;72.66666666666667;934.4;8.0;0.3333333333333333;3
83075;1992-04-23;0;29;18.7;8.1;1992;4;23;-23.43;-46.46;735;84.0;78.0;49.0;934.8;933.1;926.9;5;2;7;2.0;1.0;2.0;10.0;9.0;5.0;70.33333333333333;931.6;8.0;1.6666666666666667;5
83075;1992-04-24;0;29.5;19.6;6.7;1992;4;24;-23.43;-46.46;735;78.0;73.0;43.0;928.6;929.8;924.5;6;7;7;2.0;1.0;1.0;10.0;8.0;8.0;64.66666666666667;927.6333333333333;8.666666666666666;1.3333333333333333;6
83075;1992-04-25;0;25;19.3;0;1992;4;25;-23.43;-46.46;735;79.0;76.0;65.0;930.0;934.3;931.2;8;4;2;0.0;1.0;3.0;10.0;10.0;10.0;73.33333333333333;931.8333333333334;10.0;1.3333333333333333;4
83075;1992-04-26;2.8;25.5;18.5;1;1992;4;26;-23.43;-46.46;735;90.0;84.0;74.0;935.9;937.3;935.4;4;3;4;1.0;2.0;3.0;10.0;10.0;10.0;82.66666666666667;936.1999999999999;10.0;2.0;4
83075;1992-04-27;0;23.6;17.7;3.8;1992;4;27;-23.43;-46.46;735;82.0;87.0;61.0;937.5;937.9;933.8;8;5;4;0.0;3.0;2.0;10.0;10.0;6.0;76.66666666666667;936.4;8.666666666666666;1.6666666666666667;5
83075;1992-04-28;0;24.2;15.7;7.9;1992;4;28;-23.43;-46.46;735;81.0;77.0;55.0;935.6;934.4;929.1;4;3;4;3.0;1.0;3.0;9.0;8.0;9.0;71.0;933.0333333333333;8.666666666666666;2.3333333333333335;4
83075;1992-04-29;0;27.6;16.5;5.1;1992;4;29;-23.43;-46.46;735;84.0;67.0;54.0;930.2;928.7;922.8;2;8;1;1.0;0.0;1.0;9.0;2.0;8.0;68.33333333333333;927.2333333333332;6.333333333333333;0.6666666666666666;2
83075;1992-04-30;12.4;27;17.5;9.6;1992;4;30;-23.43;-46.46;735;69.0;73.0;44.0;924.6;931.6;928.2;8;7;8;0.0;3.0;0.0;10.0;8.0;5.0;62.0;928.1333333333333;7.666666666666667;1.0;7
83075;1992-05-01;43.6;25;19.1;2.8;1992;5;1;-23.43;-46.46;735;86.0;78.0;68.0;929.1;929.5;926.9;8;6;4;0.0;1.0;1.0;10.0;10.0;9.0;77.33333333333333;928.5;9.666666666666666;0.6666666666666666;6
83075;1992-05-02;0;27.6;19.5;0.2;1992;5;2;-23.43;-46.46;735;74.0;46.0;73.0;927.7;929.3;927.0;8;8;3;0.0;0.0;1.0;5.0;10.0;10.0;64.33333333333333;928.0;8.333333333333334;0.3333333333333333;3
83075;1992-05-03;10.3;28.4;18.1;2.8;1992;5;3;-23.43;-46.46;735;88.0;76.0;52.0;934.4;933.4;930.0;8;8;7;0.0;0.0;3.0;10.0;10.0;10.0;72.0;932.6;10.0;1.0;7
83075;1992-05-04;0;28.8;17;5.8;1992;5;4;-23.43;-46.46;735;83.0;76.0;45.0;933.4;934.1;929.3;8;8;7;0.0;0.0;2.0;6.0;9.0;8.0;68.0;932.2666666666668;7.666666666666667;0.6666666666666666;7
83075;1992-05-05;0;26;16.5;8.4;1992;5;5;-23.43;-46.46;735;83.0;79.0;56.0;932.9;933.3;928.2;4;8;8;2.0;0.0;0.0;10.0;4.0;6.0;72.66666666666667;931.4666666666666;6.666666666666667;0.6666666666666666;4
83075;1992-05-06;0;28;15.5;5.5;1992;5;6;-23.43;-46.46;735;90.0;61.0;43.0;931.0;928.9;923.9;3;8;1;2.0;0.0;5.0;10.0;10.0;10.0;64.66666666666667;927.9333333333334;10.0;2.3333333333333335;3
83075;1992-05-07;0;26.6;13.7;7.1;1992;5;7;-23.43;-46.46;735;84.0;88.0;42.0;937.4;938.5;932.5;8;8;0;0.0;0.0;1.0;0.0;0.0;8.0;71.33333333333333;936.1333333333333;2.6666666666666665;0.3333333333333333;0
83075;1992-05-08;0;23.8;13.5;6.8;1992;5;8;-23.43;-46.46;735;74.0;79.0;42.0;939.1;942.9;939.0;8;3;4;0.0;1.0;3.0;9.0;6.0;8.0;65.0;940.3333333333334;7.666666666666667;1.3333333333333333;3
83075;1992-05-09;1.6;20.5;14;0;1992;5;9;-23.43;-46.46;735;84.0;88.0;81.0;936.2;935.8;933.5;3;8;5;1.0;0.0;2.0;10.0;10.0;10.0;84.33333333333333;935.1666666666666;10.0;1.0;3
83075;1992-05-10;0;25.8;14;6.5;1992;5;10;-23.43;-46.46;735;77.0;73.0;52.0;936.1;935.7;930.8;3;3;4;3.0;2.0;2.0;9.0;8.0;6.0;67.33333333333333;934.2000000000002;7.666666666666667;2.3333333333333335;3
83075;1992-05-11;0.7;18.3;13.8;0;1992;5;11;-23.43;-46.46;735;86.0;85.0;77.0;933.8;936.8;935.4;4;4;4;1.0;4.0;5.0;9.0;10.0;10.0;82.66666666666667;935.3333333333334;9.666666666666666;3.3333333333333335;4
83075;1992-05-12;0;28.2;14.3;8.3;1992;5;12;-23.43;-46.46;735;77.0;69.0;54.0;934.6;935.0;931.6;4;3;4;1.0;1.0;4.0;9.0;5.0;2.0;66.66666666666667;933.7333333333332;5.333333333333333;2.0;4
83075;1992-05-13;11;23.8;17.4;0;1992;5;13;-23.43;-46.46;735;67.0;87.0;67.0;928.7;932.2;928.9;8;8;7;0.0;0.0;3.0;8.0;10.0;10.0;73.66666666666667;929.9333333333334;9.333333333333334;1.0;7
83075;1992-05-14;1.9;23.6;16.9;1.9;1992;5;14;-23.43;-46.46;735;82.0;82.0;60.0;931.3;932.6;929.9;8;8;7;0.0;0.0;3.0;10.0;10.0;10.0;74.66666666666667;931.2666666666668;10.0;1.0;7
83075;1992-05-15;0;25.4;15.3;8.3;1992;5;15;-23.43;-46.46;735;63.0;85.0;52.0;931.6;933.5;928.5;8;8;7;0.0;0.0;2.0;10.0;0.0;2.0;66.66666666666667;931.1999999999999;4.0;0.6666666666666666;7
83075;1992-05-16;0;25.5;17.1;8;1992;5;16;-23.43;-46.46;735;78.0;64.0;58.0;930.5;931.4;926.4;8;6;0;0.0;1.0;3.0;2.0;2.0;9.0;66.66666666666667;929.4333333333334;4.333333333333333;1.3333333333333333;6
83075;1992-05-17;0;26.8;18.5;8;1992;5;17;-23.43;-46.46;735;78.0;71.0;55.0;927.7;929.6;924.2;8;7;7;0.0;4.0;4.0;8.0;9.0;9.0;68.0;927.1666666666666;8.666666666666666;2.6666666666666665;7
83075;1992-05-18;0;26.4;19.9;3.4;1992;5;18;-23.43;-46.46;735;68.0;71.0;57.0;926.1;928.3;924.4;7;7;7;2.0;2.0;5.0;6.0;9.0;10.0;65.33333333333333;926.2666666666668;8.333333333333334;3.0;7
83075;1992-05-19;9.6;22.6;15.9;0;1992;5;19;-23.43;-46.46;735;77.0;91.0;86.0;927.6;932.0;931.6;7;4;8;2.0;1.0;0.0;10.0;10.0;8.0;84.66666666666667;930.4;9.333333333333334;1.0;7
83075;1992-05-20;2.6;17.2;14.1;0;1992;5;20;-23.43;-46.46;735;88.0;79.0;72.0;933.8;936.3;934.2;5;4;4;2.0;1.0;1.0;10.0;10.0;10.0;79.66666666666667;934.7666666666668;10.0;1.3333333333333333;5
83075;1992-05-21;0;19;13.4;0.3;1992;5;21;-23.43;-46.46;735;80.0;87.0;77.0;936.9;936.6;933.5;4;8;3;3.0;0.0;3.0;10.0;10.0;8.0;81.33333333333333;935.6666666666666;9.333333333333334;2.0;4
83075;1992-05-23;9.5;24.6;14.5;0.5;1992;5;23;-23.43;-46.46;735;58.0;76.0;73.0;926.0;933.6;932.8;8;7;3;0.0;3.0;2.0;10.0;10.0;9.0;69.0;930.7999999999998;9.666666666666666;1.6666666666666667;7
83075;1992-05-24;0;20.8;13.8;3.7;1992;5;24;-23.43;-46.46;735;93.0;79.0;66.0;936.9;938.9;936.2;4;3;8;1.0;1.0;0.0;10.0;9.0;2.0;79.33333333333333;937.3333333333334;7.0;0.6666666666666666;4
83075;1992-05-25;0;23.2;12.3;7;1992;5;25;-23.43;-46.46;735;85.0;80.0;62.0;938.9;939.0;935.3;8;3;4;0.0;1.0;1.0;5.0;6.0;10.0;75.66666666666667;937.7333333333332;7.0;0.6666666666666666;3
83075;1992-05-26;0;25.8;14.5;3.8;1992;5;26;-23.43;-46.46;735;88.0;85.0;48.0;936.8;937.8;930.9;8;8;7;0.0;0.0;3.0;10.0;9.0;10.0;73.66666666666667;935.1666666666666;9.666666666666666;1.0;7
83075;1992-05-27;0;26.8;14.3;9.1;1992;5;27;-23.43;-46.46;735;83.0;72.0;49.0;932.1;931.7;924.6;8;8;7;0.0;0.0;3.0;5.0;1.0;8.0;68.0;929.4666666666667;4.666666666666667;1.0;7
83075;1992-05-28;0;26.9;18.1;4.7;1992;5;28;-23.43;-46.46;735;68.0;62.0;53.0;926.7;929.1;924.5;1;8;7;2.0;0.0;4.0;9.0;4.0;10.0;61.0;926.7666666666668;7.666666666666667;2.0;1
83075;1992-05-29;0;28;19.9;8.5;1992;5;29;-23.43;-46.46;735;66.0;53.0;67.0;926.7;928.6;924.7;7;1;0;3.0;4.0;3.0;8.0;2.0;10.0;62.0;926.6666666666666;6.666666666666667;3.3333333333333335;7
83075;1992-05-30;0;28.2;18.5;5.3;1992;5;30;-23.43;-46.46;735;59.0;83.0;46.0;929.7;934.4;928.0;7;8;7;1.0;0.0;4.0;10.0;10.0;8.0;62.666666666666664;930.6999999999999;9.333333333333334;1.6666666666666667;7
83075;1992-05-31;0;23.4;15.7;2.5;1992;5;31;-23.43;-46.46;735;84.0;85.0;72.0;933.2;937.0;934.3;8;7;4;0.0;1.0;3.0;10.0;10.0;10.0;80.33333333333333;934.8333333333334;10.0;1.3333333333333333;7
83075;1992-06-01;1.5;26.8;16.1;7.1;1992;6;1;-23.43;-46.46;735;81.0;57.0;49.0;929.2;930.8;928.2;4;5;3;1.0;4.0;3.0;10.0;4.0;9.0;62.333333333333336;929.4;7.666666666666667;2.6666666666666665;4
83075;1992-06-03;6.4;29.8;18.1;6.2;1992;6;3;-23.43;-46.46;735;83.0;70.0;46.0;931.6;932.5;927.9;8;8;7;0.0;0.0;2.0;9.0;6.0;10.0;66.33333333333333;930.6666666666666;8.333333333333334;0.6666666666666666;7
83075;1992-06-04;0;30.6;16.3;9;1992;6;4;-23.43;-46.46;735;76.0;71.0;39.0;930.5;931.4;926.1;8;8;7;0.0;0.0;1.0;5.0;4.0;0.0;62.0;929.3333333333334;3.0;0.3333333333333333;7
83075;1992-06-05;0.2;24.4;16.7;2.4;1992;6;5;-23.43;-46.46;735;74.0;84.0;71.0;931.2;932.9;929.2;8;7;3;0.0;1.0;2.0;10.0;10.0;9.0;76.33333333333333;931.1;9.666666666666666;1.0;7
83075;1992-06-06;0;28.4;21.5;6.6;1992;6;6;-23.43;-46.46;735;49.0;56.0;45.0;924.5;931.2;927.8;6;0;0;5.0;1.0;1.0;10.0;8.0;9.0;50.0;927.8333333333334;9.0;2.3333333333333335;6
83075;1992-06-07;0;25.4;14.1;6.6;1992;6;7;-23.43;-46.46;735;70.0;72.0;45.0;933.9;936.2;932.5;8;8;7;0.0;0.0;2.0;1.0;4.0;9.0;62.333333333333336;934.1999999999999;4.666666666666667;0.6666666666666666;7
83075;1992-06-08;0.1;22.4;13.1;4;1992;6;8;-23.43;-46.46;735;82.0;84.0;53.0;942.6;943.5;939.3;4;8;3;1.0;0.0;3.0;10.0;10.0;2.0;73.0;941.7999999999998;7.333333333333333;1.3333333333333333;4
83075;1992-06-09;0.1;17;14.5;0;1992;6;9;-23.43;-46.46;735;85.0;86.0;92.0;936.2;936.2;934.5;4;8;4;1.0;0.0;1.0;10.0;10.0;10.0;87.66666666666667;935.6333333333333;10.0;0.6666666666666666;4
83075;1992-06-10;0;29.1;14.9;6.6;1992;6;10;-23.43;-46.46;735;85.0;82.0;38.0;933.3;933.6;927.8;4;8;7;2.0;0.0;3.0;10.0;2.0;8.0;68.33333333333333;931.5666666666666;6.666666666666667;1.6666666666666667;4
83075;1992-06-11;2.3;16.8;12.5;0;1992;6;11;-23.43;-46.46;735;84.0;89.0;81.0;937.5;936.8;934.2;4;3;3;5.0;1.0;2.0;10.0;10.0;10.0;84.66666666666667;936.1666666666666;10.0;2.6666666666666665;4
83075;1992-06-12;0;31.8;14.4;9.2;1992;6;12;-23.43;-46.46;735;78.0;73.0;39.0;934.6;933.5;927.8;4;8;8;1.0;0.0;0.0;10.0;4.0;5.0;63.333333333333336;931.9666666666666;6.333333333333333;0.3333333333333333;4
83075;1992-06-13;0;20.6;13.1;5.4;1992;6;13;-23.43;-46.46;735;81.0;73.0;55.0;940.8;942.1;938.6;3;3;3;4.0;1.0;4.0;10.0;10.0;1.0;69.66666666666667;940.5;7.0;3.0;3
83075;1992-06-14;0;20.4;11.9;7.2;1992;6;14;-23.43;-46.46;735;76.0;77.0;47.0;941.8;942.7;938.6;3;4;1;1.0;3.0;2.0;8.0;9.0;6.0;66.66666666666667;941.0333333333333;7.666666666666667;2.0;3
83075;1992-06-15;0;21.4;11.3;6.1;1992;6;15;-23.43;-46.46;735;86.0;88.0;50.0;940.4;943.5;938.0;5;8;3;1.0;0.0;2.0;9.0;10.0;8.0;74.66666666666667;940.6333333333333;9.0;1.0;5
83075;1992-06-16;0;21.2;9.7;8;1992;6;16;-23.43;-46.46;735;77.0;85.0;46.0;940.2;942.5;938.4;3;8;3;2.0;0.0;1.0;2.0;0.0;5.0;69.33333333333333;940.3666666666667;2.3333333333333335;1.0;3
83075;1992-06-17;0;20.2;10.5;7.9;1992;6;17;-23.43;-46.46;735;76.0;77.0;53.0;942.0;943.3;939.6;4;3;3;2.0;1.0;4.0;1.0;0.0;8.0;68.66666666666667;941.6333333333333;3.0;2.3333333333333335;4
83075;1992-06-18;0;19.7;10.3;4.4;1992;6;18;-23.43;-46.46;735;82.0;87.0;50.0;941.9;944.3;939.8;4;8;3;2.0;0.0;3.0;1.0;9.0;9.0;73.0;942.0;6.333333333333333;1.6666666666666667;4
83075;1992-06-19;0;21.3;9.5;6.9;1992;6;19;-23.43;-46.46;735;86.0;91.0;49.0;941.0;942.4;937.1;8;8;1;0.0;0.0;1.0;2.0;2.0;9.0;75.33333333333333;940.1666666666666;4.333333333333333;0.3333333333333333;1
83075;1992-06-20;0;23.4;11.1;5.6;1992;6;20;-23.43;-46.46;735;76.0;95.0;59.0;939.1;941.6;936.9;8;2;2;0.0;1.0;2.0;9.0;10.0;2.0;76.66666666666667;939.1999999999999;7.0;1.0;2
83075;1992-06-21;0;25;12.7;4.3;1992;6;21;-23.43;-46.46;735;81.0;91.0;62.0;938.7;940.5;935.1;3;3;1;1.0;1.0;2.0;4.0;10.0;9.0;78.0;938.1;7.666666666666667;1.3333333333333333;3
83075;1992-06-22;3.6;25.6;13.1;7.9;1992;6;22;-23.43;-46.46;735;88.0;86.0;49.0;938.2;939.0;933.9;8;8;7;0.0;0.0;1.0;10.0;0.0;8.0;74.33333333333333;937.0333333333333;6.0;0.3333333333333333;7
83075;1992-06-23;0;26.6;13.7;8.1;1992;6;23;-23.43;-46.46;735;79.0;85.0;44.0;936.3;937.5;931.6;8;8;7;0.0;0.0;2.0;9.0;0.0;5.0;69.33333333333333;935.1333333333333;4.666666666666667;0.6666666666666666;7
83075;1992-06-24;0;26.2;14.6;6.4;1992;6;24;-23.43;-46.46;735;71.0;82.0;46.0;934.7;938.3;933.7;8;8;3;0.0;0.0;1.0;10.0;6.0;8.0;66.33333333333333;935.5666666666666;8.0;0.3333333333333333;3
83075;1992-06-25;0;26.4;13.5;6.1;1992;6;25;-23.43;-46.46;735;70.0;77.0;43.0;936.2;938.9;933.0;8;8;3;0.0;0.0;2.0;9.0;10.0;9.0;63.333333333333336;936.0333333333333;9.333333333333334;0.6666666666666666;3
83075;1992-06-26;0;25;10.9;3.3;1992;6;26;-23.43;-46.46;735;74.0;78.0;43.0;935.4;938.0;932.5;8;8;7;0.0;0.0;2.0;10.0;10.0;10.0;65.0;935.3000000000001;10.0;0.6666666666666666;7
83075;1992-06-27;0;26;12.9;8;1992;6;27;-23.43;-46.46;735;73.0;70.0;35.0;935.0;935.9;930.0;8;8;7;0.0;0.0;4.0;10.0;0.0;4.0;59.333333333333336;933.6333333333333;4.666666666666667;1.3333333333333333;7
83075;1992-06-28;0;23;14.9;0.6;1992;6;28;-23.43;-46.46;735;71.0;70.0;52.0;933.2;935.2;932.2;8;8;7;0.0;0.0;1.0;6.0;10.0;10.0;64.33333333333333;933.5333333333334;8.666666666666666;0.3333333333333333;7
83075;1992-06-29;0.2;25.2;14.9;1.1;1992;6;29;-23.43;-46.46;735;85.0;90.0;47.0;935.0;936.1;931.1;8;3;7;0.0;1.0;2.0;10.0;10.0;10.0;74.0;934.0666666666666;10.0;1.0;3
83075;1992-06-30;0;26.9;16.5;4.2;1992;6;30;-23.43;-46.46;735;67.0;84.0;47.0;933.4;936.1;931.2;8;8;7;0.0;0.0;2.0;10.0;10.0;10.0;66.0;933.5666666666666;10.0;0.6666666666666666;7
83075;1992-07-01;0;29;16.5;8.7;1992;7;1;-23.43;-46.46;735;78.0;63.0;49.0;930.8;931.3;928.0;8;8;5;0.0;0.0;2.0;6.0;5.0;8.0;63.333333333333336;930.0333333333333;6.333333333333333;0.6666666666666666;5
83075;1992-07-03;0;31.6;18.9;7.3;1992;7;3;-23.43;-46.46;735;62.0;54.0;45.0;930.2;931.4;928.4;6;7;7;2.0;2.0;1.0;10.0;8.0;10.0;53.666666666666664;930.0;9.333333333333334;1.6666666666666667;6
83075;1992-07-04;0;28;19.1;5.7;1992;7;4;-23.43;-46.46;735;66.0;76.0;57.0;927.9;930.5;926.3;8;7;0;0.0;1.0;1.0;8.0;8.0;8.0;66.33333333333333;928.2333333333332;8.0;0.6666666666666666;7
83075;1992-07-05;0;25;17.3;6.4;1992;7;5;-23.43;-46.46;735;81.0;75.0;59.0;932.0;932.1;928.6;5;8;4;2.0;0.0;3.0;9.0;8.0;10.0;71.66666666666667;930.9;9.0;1.6666666666666667;5
83075;1992-07-06;0;28.8;18.6;4.8;1992;7;6;-23.43;-46.46;735;71.0;72.0;45.0;931.5;933.3;929.1;8;8;7;0.0;0.0;2.0;0.0;9.0;10.0;62.666666666666664;931.3000000000001;6.333333333333333;0.6666666666666666;7
83075;1992-07-07;12.2;14.9;10.4;0;1992;7;7;-23.43;-46.46;735;90.0;84.0;84.0;939.4;943.9;942.2;5;5;3;2.3;4.0;3.0;10.0;10.0;10.0;86.0;941.8333333333334;10.0;3.1;5
83075;1992-07-08;0;25.2;14.3;6.4;1992;7;8;-23.43;-46.46;735;85.0;80.0;46.0;941.3;941.7;936.2;4;3;1;3.0;2.0;1.0;10.0;9.0;9.0;70.33333333333333;939.7333333333332;9.333333333333334;2.0;4
83075;1992-07-09;29;18.6;13.1;0.7;1992;7;9;-23.43;-46.46;735;90.0;86.0;72.0;936.7;938.4;936.3;4;3;5;4.0;1.0;4.0;10.0;9.0;10.0;82.66666666666667;937.1333333333332;9.666666666666666;3.0;4
83075;1992-07-10;15.5;19.2;14.7;0;1992;7;10;-23.43;-46.46;735;85.0;86.0;80.0;934.4;935.1;934.3;4;8;4;2.0;0.0;4.0;10.0;10.0;10.0;83.66666666666667;934.6;10.0;2.0;4
83075;1992-07-11;5.4;20.2;12.5;0;1992;7;11;-23.43;-46.46;735;96.0;86.0;82.0;935.5;933.2;930.3;4;3;4;1.0;1.0;2.0;9.0;10.0;10.0;88.0;933.0;9.666666666666666;1.3333333333333333;4
83075;1992-07-12;21.6;29.6;17.7;5.4;1992;7;12;-23.43;-46.46;735;83.0;72.0;52.0;931.5;931.3;926.3;8;8;7;0.0;0.0;1.0;8.0;6.0;8.0;69.0;929.6999999999999;7.333333333333333;0.3333333333333333;7
83075;1992-07-13;0;25.9;13.6;7.6;1992;7;13;-23.43;-46.46;735;86.0;89.0;43.0;939.6;940.3;933.3;8;3;0;0.0;2.0;1.0;0.0;9.0;5.0;72.66666666666667;937.7333333333332;4.666666666666667;1.0;3
83075;1992-07-14;0;25.9;13.6;8.4;1992;7;14;-23.43;-46.46;735;67.0;85.0;50.0;935.0;936.2;929.7;8;3;7;0.0;1.0;4.0;8.0;2.0;8.0;67.33333333333333;933.6333333333333;6.0;1.6666666666666667;3
83075;1992-07-15;0;26.6;16.3;6.4;1992;7;15;-23.43;-46.46;735;53.0;49.0;40.0;931.9;932.8;929.0;0;7;7;1.0;3.0;3.0;10.0;9.0;9.0;47.333333333333336;931.2333333333332;9.333333333333334;2.3333333333333335;0
83075;1992-07-16;0;17.4;12.7;0;1992;7;16;-23.43;-46.46;735;85.0;84.0;78.0;934.3;939.4;937.6;3;4;3;1.0;2.0;2.0;10.0;10.0;10.0;82.33333333333333;937.0999999999999;10.0;1.6666666666666667;3
83075;1992-07-17;0.9;21.4;13.3;1.6;1992;7;17;-23.43;-46.46;735;84.0;93.0;71.0;938.7;940.9;936.8;3;8;8;1.0;0.0;0.0;10.0;10.0;9.0;82.66666666666667;938.7999999999998;9.666666666666666;0.3333333333333333;3
83075;1992-07-18;0.2;28.2;13.8;6.9;1992;7;18;-23.43;-46.46;735;87.0;92.0;41.0;940.2;939.0;932.7;3;1;6;1.0;2.0;1.0;10.0;9.0;10.0;73.33333333333333;937.3000000000001;9.666666666666666;1.3333333333333333;3
83075;1992-07-19;0;22.8;14.5;3.1;1992;7;19;-23.43;-46.46;735;65.0;76.0;54.0;935.9;940.7;937.3;8;8;7;0.0;0.0;1.0;8.0;9.0;9.0;65.0;937.9666666666666;8.666666666666666;0.3333333333333333;7
83075;1992-07-20;0;15.5;10;0;1992;7;20;-23.43;-46.46;735;79.0;81.0;88.0;940.6;942.5;939.3;8;3;5;0.0;3.0;1.0;8.0;10.0;10.0;82.66666666666667;940.7999999999998;9.333333333333334;1.3333333333333333;3
83075;1992-07-21;0;25.8;13;6.7;1992;7;21;-23.43;-46.46;735;87.0;80.0;42.0;940.6;940.4;934.8;5;8;7;2.0;0.0;3.0;10.0;2.0;10.0;69.66666666666667;938.6;7.333333333333333;1.6666666666666667;5
83075;1992-07-22;0;19.4;13.4;0.3;1992;7;22;-23.43;-46.46;735;76.0;86.0;72.0;937.5;940.2;937.8;8;3;5;0.0;1.0;4.0;10.0;10.0;10.0;78.0;938.5;10.0;1.6666666666666667;3
83075;1992-07-23;0.4;13.8;8.4;0;1992;7;23;-23.43;-46.46;735;78.0;82.0;74.0;941.9;945.4;943.1;5;5;5;4.0;4.0;4.0;10.0;10.0;10.0;78.0;943.4666666666667;10.0;4.0;5
83075;1992-07-24;1.3;12.5;8.3;0;1992;7;24;-23.43;-46.46;735;90.0;86.0;78.0;945.4;945.9;944.1;3;3;3;1.0;3.0;2.0;10.0;10.0;10.0;84.66666666666667;945.1333333333333;10.0;2.0;3
83075;1992-07-25;0;14.2;10.3;0.2;1992;7;25;-23.43;-46.46;735;82.0;78.0;83.0;945.3;944.8;942.2;3;3;0;1.0;3.0;1.0;10.0;10.0;10.0;81.0;944.1;10.0;1.6666666666666667;3
83075;1992-07-26;0;19.2;9.7;8.1;1992;7;26;-23.43;-46.46;735;84.0;74.0;47.0;943.6;944.4;939.5;3;3;3;2.0;3.0;1.0;10.0;8.0;6.0;68.33333333333333;942.5;8.0;2.0;3
83075;1992-07-27;0;22.6;9.3;5.3;1992;7;27;-23.43;-46.46;735;84.0;92.0;50.0;942.0;942.5;936.5;8;3;0;0.0;1.0;1.0;10.0;10.0;9.0;75.33333333333333;940.3333333333334;9.666666666666666;0.6666666666666666;3
83075;1992-07-28;0;20.4;10.1;0.9;1992;7;28;-23.43;-46.46;735;76.0;89.0;65.0;938.0;939.7;935.8;3;3;0;1.0;1.0;1.0;10.0;6.0;10.0;76.66666666666667;937.8333333333334;8.666666666666666;1.0;3
83075;1992-07-29;0;24.4;10.9;7.6;1992;7;29;-23.43;-46.46;735;79.0;74.0;40.0;937.4;937.8;933.0;8;8;7;0.0;0.0;2.0;9.0;0.0;9.0;64.33333333333333;936.0666666666666;6.0;0.6666666666666666;7
83075;1992-07-30;0;26.6;11.9;8.8;1992;7;30;-23.43;-46.46;735;77.0;76.0;29.0;936.3;937.1;932.2;8;8;6;0.0;0.0;1.0;10.0;0.0;6.0;60.666666666666664;935.2000000000002;5.333333333333333;0.3333333333333333;6
83075;1992-07-31;0;28.5;12;9.1;1992;7;31;-23.43;-46.46;735;63.0;67.0;28.0;934.1;936.3;929.7;8;8;0;0.0;0.0;3.0;10.0;0.0;5.0;52.666666666666664;933.3666666666668;5.0;1.0;0
83075;1992-08-01;0;28.9;15.5;9.1;1992;8;1;-23.43;-46.46;735;74.0;63.0;48.0;931.2;931.0;926.1;4;3;4;2.0;1.0;4.0;6.0;4.0;8.0;61.666666666666664;929.4333333333334;6.0;2.3333333333333335;4
83075;1992-08-02;10.6;28.2;19.3;1.9;1992;8;2;-23.43;-46.46;735;90.0;81.0;56.0;930.9;932.9;928.4;4;8;0;1.0;0.0;1.0;10.0;10.0;10.0;75.66666666666667;930.7333333333332;10.0;0.6666666666666666;4
83075;1992-08-03;43.4;29.8;16.5;6.5;1992;8;3;-23.43;-46.46;735;85.0;76.0;51.0;932.0;932.9;928.8;3;8;4;1.0;0.0;1.0;10.0;9.0;9.0;70.66666666666667;931.2333333333332;9.333333333333334;0.6666666666666666;3
83075;1992-08-04;0;24.3;18.3;0.9;1992;8;4;-23.43;-46.46;735;66.0;76.0;67.0;928.6;930.4;930.3;8;4;3;0.0;3.0;1.0;9.0;9.0;9.0;69.66666666666667;929.7666666666668;9.0;1.3333333333333333;4
83075;1992-08-05;0;25.4;16.7;6.3;1992;8;5;-23.43;-46.46;735;80.0;78.0;44.0;932.0;933.7;930.2;3;8;8;2.0;0.0;0.0;10.0;8.0;2.0;67.33333333333333;931.9666666666667;6.666666666666667;0.6666666666666666;3
83075;1992-08-06;0;29.2;17.6;7.7;1992;8;6;-23.43;-46.46;735;72.0;72.0;40.0;931.8;932.9;927.5;8;8;7;0.0;0.0;2.0;1.0;0.0;10.0;61.333333333333336;930.7333333333332;3.6666666666666665;0.6666666666666666;7
83075;1992-08-07;7.6;14;10.3;0;1992;8;7;-23.43;-46.46;735;88.0;92.0;91.0;943.3;943.5;940.9;5;8;8;2.0;0.0;0.0;10.0;10.0;10.0;90.33333333333333;942.5666666666666;10.0;0.6666666666666666;5
83075;1992-08-08;0;25.4;14.9;2.6;1992;8;8;-23.43;-46.46;735;79.0;78.0;39.0;939.1;939.0;934.5;8;8;0;0.0;0.0;1.0;9.0;9.0;9.0;65.33333333333333;937.5333333333333;9.0;0.3333333333333333;0
83075;1992-08-09;0.1;19.2;12.7;2.2;1992;8;9;-23.43;-46.46;735;81.0;83.0;74.0;939.3;939.2;937.0;3;3;3;1.0;3.0;5.0;9.0;9.0;9.0;79.33333333333333;938.5;9.0;3.0;3
83075;1992-08-10;3.2;19.8;15.4;0;1992;8;10;-23.43;-46.46;735;88.0;79.0;85.0;936.8;936.0;934.3;4;3;4;4.0;1.0;2.0;10.0;10.0;10.0;84.0;935.6999999999999;10.0;2.3333333333333335;4
83075;1992-08-11;0.4;26.4;16;3.9;1992;8;11;-23.43;-46.46;735;86.0;77.0;87.0;932.4;932.3;931.7;4;8;4;1.0;0.0;3.0;10.0;5.0;10.0;83.33333333333333;932.1333333333332;8.333333333333334;1.3333333333333333;4
83075;1992-08-12;9.5;25.2;17.3;4.7;1992;8;12;-23.43;-46.46;735;82.0;64.0;66.0;930.7;932.3;929.0;7;5;5;2.0;3.0;3.0;8.0;8.0;6.0;70.66666666666667;930.6666666666666;7.333333333333333;2.6666666666666665;7
83075;1992-08-13;1.3;16.9;13.3;0.4;1992;8;13;-23.43;-46.46;735;84.0;79.0;72.0;935.3;938.4;936.5;4;5;5;2.0;2.0;3.0;9.0;10.0;8.0;78.33333333333333;936.7333333333332;9.0;2.3333333333333335;4
83075;1992-08-14;0;19;10.3;4.6;1992;8;14;-23.43;-46.46;735;75.0;80.0;66.0;939.3;939.9;937.1;3;3;5;3.0;3.0;4.0;10.0;9.0;8.0;73.66666666666667;938.7666666666665;9.0;3.3333333333333335;3
83075;1992-08-15;0;20.2;11.5;5.6;1992;8;15;-23.43;-46.46;735;83.0;77.0;58.0;939.3;939.5;936.1;4;2;4;2.0;1.0;1.0;10.0;10.0;10.0;72.66666666666667;938.3000000000001;10.0;1.3333333333333333;4
83075;1992-08-16;0;22.2;12.1;7.3;1992;8;16;-23.43;-46.46;735;74.0;70.0;51.0;939.9;940.3;935.5;3;3;4;2.0;3.0;2.0;6.0;8.0;6.0;65.0;938.5666666666666;6.666666666666667;2.3333333333333335;3
83075;1992-08-17;0;25.1;12.7;6.3;1992;8;17;-23.43;-46.46;735;83.0;86.0;50.0;939.0;939.2;932.5;3;3;3;1.0;1.0;2.0;10.0;10.0;6.0;73.0;936.9;8.666666666666666;1.3333333333333333;3
83075;1992-08-18;0.4;22.7;14.1;0.2;1992;8;18;-23.43;-46.46;735;83.0;84.0;73.0;936.3;936.5;933.7;8;8;5;0.0;0.0;3.0;10.0;10.0;10.0;80.0;935.5;10.0;1.0;5
83075;1992-08-19;2.7;21.4;14.6;0;1992;8;19;-23.43;-46.46;735;88.0;75.0;83.0;934.2;936.2;935.4;6;8;3;1.0;0.0;3.0;10.0;8.0;10.0;82.0;935.2666666666668;9.333333333333334;1.3333333333333333;6
83075;1992-08-20;0;19;13.5;0.1;1992;8;20;-23.43;-46.46;735;84.0;74.0;76.0;939.5;940.6;939.0;4;3;4;3.0;3.0;4.0;10.0;10.0;10.0;78.0;939.6999999999999;10.0;3.3333333333333335;4
83075;1992-08-21;0;20.9;13.7;0.2;1992;8;21;-23.43;-46.46;735;79.0;81.0;69.0;941.2;940.4;936.5;4;3;3;2.0;3.0;2.0;10.0;10.0;10.0;76.33333333333333;939.3666666666667;10.0;2.3333333333333335;4
83075;1992-08-22;6.4;22;14.9;0.3;1992;8;22;-23.43;-46.46;735;91.0;91.0;76.0;939.2;938.3;987.6;3;8;8;2.0;0.0;0.0;10.0;10.0;10.0;86.0;955.0333333333333;10.0;0.6666666666666666;3
83075;1992-08-23;10.3;21.7;14.6;0.5;1992;8;23;-23.43;-46.46;735;95.0;86.0;77.0;935.7;934.5;931.6;8;8;7;0.0;0.0;3.0;10.0;10.0;10.0;86.0;933.9333333333334;10.0;1.0;7
83075;1992-08-24;7.1;22.2;9.7;9.3;1992;8;24;-23.43;-46.46;735;83.0;56.0;37.0;936.5;936.8;932.9;3;8;5;3.0;0.0;3.0;10.0;4.0;5.0;58.666666666666664;935.4;6.333333333333333;2.0;3
83075;1992-08-25;0;19.4;7.7;9.2;1992;8;25;-23.43;-46.46;735;68.0;75.0;48.0;938.3;939.8;936.1;4;3;4;1.0;1.0;3.0;10.0;0.0;6.0;63.666666666666664;938.0666666666666;5.333333333333333;1.6666666666666667;4
83075;1992-08-26;0;21.1;7.3;9;1992;8;26;-23.43;-46.46;735;81.0;75.0;43.0;940.6;940.9;935.6;4;3;3;1.0;1.0;1.0;5.0;0.0;8.0;66.33333333333333;939.0333333333333;4.333333333333333;1.0;4
83075;1992-08-27;0;24.6;10;6.9;1992;8;27;-23.43;-46.46;735;84.0;78.0;52.0;939.3;939.0;933.1;4;3;4;1.0;1.0;1.0;10.0;10.0;6.0;71.33333333333333;937.1333333333333;8.666666666666666;1.0;4
83075;1992-08-28;0;27.6;13.2;6;1992;8;28;-23.43;-46.46;735;87.0;88.0;59.0;936.5;936.4;931.8;8;3;5;0.0;1.0;4.0;10.0;10.0;9.0;78.0;934.9;9.666666666666666;1.6666666666666667;3
83075;1992-08-29;0;21.8;14.4;2.4;1992;8;29;-23.43;-46.46;735;82.0;87.0;64.0;936.8;937.3;934.4;4;3;3;3.0;1.0;3.0;10.0;10.0;9.0;77.66666666666667;936.1666666666666;9.666666666666666;2.3333333333333335;4
83075;1992-08-30;0;29.6;15.1;7.3;1992;8;30;-23.43;-46.46;735;85.0;85.0;43.0;937.5;937.7;932.1;3;4;8;3.0;1.0;0.0;10.0;9.0;8.0;71.0;935.7666666666668;9.0;1.3333333333333333;3
83075;1992-08-31;0;27.6;16.1;5.4;1992;8;31;-23.43;-46.46;735;66.0;74.0;43.0;934.1;935.9;932.2;3;8;7;1.0;0.0;4.0;8.0;8.0;9.0;61.0;934.0666666666666;8.333333333333334;1.6666666666666667;3
83075;1992-09-01;0;25.4;18.9;1.2;1992;9;1;-23.43;-46.46;735;77.0;86.0;62.0;928.9;929.8;928.0;3;3;5;2.0;2.0;2.0;10.0;10.0;10.0;75.0;928.9;10.0;2.0;3
83075;1992-09-02;5.8;29;19.1;6.4;1992;9;2;-23.43;-46.46;735;90.0;73.0;61.0;931.4;932.1;928.2;8;8;3;0.0;0.0;3.0;10.0;9.0;10.0;74.66666666666667;930.5666666666666;9.666666666666666;1.0;3
83075;1992-09-03;14.3;29.4;16.9;5.1;1992;9;3;-23.43;-46.46;735;87.0;43.0;66.0;932.4;932.0;930.8;8;3;6;0.0;1.0;2.0;4.0;1.0;10.0;65.33333333333333;931.7333333333332;5.0;1.0;3
83075;1992-09-04;0;20;15.8;0;1992;9;4;-23.43;-46.46;735;84.0;64.0;62.0;933.7;936.3;934.7;3;4;3;2.0;1.0;1.0;10.0;10.0;10.0;70.0;934.9;10.0;1.3333333333333333;3
83075;1992-09-05;0;24.8;14.3;5;1992;9;5;-23.43;-46.46;735;83.0;92.0;50.0;933.4;937.2;933.4;8;4;4;0.0;1.0;2.0;9.0;10.0;6.0;75.0;934.6666666666666;8.333333333333334;1.0;4
83075;1992-09-06;0;26.4;16.9;4.7;1992;9;6;-23.43;-46.46;735;68.0;56.0;43.0;930.4;933.0;929.4;8;8;7;0.0;0.0;2.0;0.0;9.0;10.0;55.666666666666664;930.9333333333334;6.333333333333333;0.6666666666666666;7
83075;1992-09-07;9.1;19;11.5;4.4;1992;9;7;-23.43;-46.46;735;89.0;86.0;63.0;942.1;942.1;938.8;3;8;8;2.0;0.0;0.0;10.0;10.0;9.0;79.33333333333333;941.0;9.666666666666666;0.6666666666666666;3
83075;1992-09-08;0;20.8;12.1;0;1992;9;8;-23.43;-46.46;735;79.0;85.0;74.0;940.5;940.9;937.8;5;4;4;3.0;2.0;1.0;10.0;10.0;10.0;79.33333333333333;939.7333333333332;10.0;2.0;5
83075;1992-09-09;0.4;21.4;13.1;6.7;1992;9;9;-23.43;-46.46;735;82.0;76.0;48.0;939.5;940.8;936.5;4;3;3;4.0;4.0;2.0;10.0;8.0;8.0;68.66666666666667;938.9333333333334;8.666666666666666;3.3333333333333335;4
83075;1992-09-10;3.3;20.2;13.5;0;1992;9;10;-23.43;-46.46;735;85.0;80.0;69.0;937.0;937.8;936.2;4;3;3;4.0;1.0;2.0;10.0;10.0;10.0;78.0;937.0;10.0;2.3333333333333335;4
83075;1992-09-11;4.3;26.2;16.9;2;1992;9;11;-23.43;-46.46;735;92.0;81.0;81.0;933.5;934.4;932.8;3;4;4;1.0;1.0;5.0;10.0;6.0;10.0;84.66666666666667;933.5666666666666;8.666666666666666;2.3333333333333335;3
83075;1992-09-12;0;26.8;16.7;7.4;1992;9;12;-23.43;-46.46;735;81.0;71.0;70.0;931.6;930.5;927.2;4;8;3;3.0;0.0;3.0;10.0;6.0;9.0;74.0;929.7666666666668;8.333333333333334;2.0;4
83075;1992-09-13;14.6;24.2;13.3;4.3;1992;9;13;-23.43;-46.46;735;93.0;84.0;56.0;937.8;937.7;932.8;8;4;7;0.0;1.0;1.0;10.0;9.0;6.0;77.66666666666667;936.1;8.333333333333334;0.6666666666666666;4
83075;1992-09-14;0;24.5;13.5;2.1;1992;9;14;-23.43;-46.46;735;81.0;85.0;52.0;935.2;936.3;931.9;8;3;3;0.0;2.0;2.0;10.0;10.0;9.0;72.66666666666667;934.4666666666667;9.666666666666666;1.3333333333333333;3
83075;1992-09-15;21.2;17.6;15.2;0;1992;9;15;-23.43;-46.46;735;86.0;94.0;95.0;935.5;935.2;932.7;5;3;5;2.0;3.0;1.0;10.0;10.0;10.0;91.66666666666667;934.4666666666667;10.0;2.0;5
83075;1992-09-16;37.2;19.4;15.3;0;1992;9;16;-23.43;-46.46;735;92.0;88.0;83.0;934.8;934.8;933.1;3;8;4;2.0;0.0;2.0;10.0;10.0;10.0;87.66666666666667;934.2333333333332;10.0;1.3333333333333333;3
83075;1992-09-17;0.1;27.2;14.7;5;1992;9;17;-23.43;-46.46;735;85.0;85.0;61.0;934.8;933.2;928.3;4;8;7;2.0;0.0;2.0;10.0;10.0;10.0;77.0;932.1;10.0;1.3333333333333333;4
83075;1992-09-18;12.6;26.8;15.6;5.1;1992;9;18;-23.43;-46.46;735;90.0;63.0;46.0;933.7;931.7;927.1;4;7;0;1.0;4.0;4.0;6.0;10.0;8.0;66.33333333333333;930.8333333333334;8.0;3.0;4
83075;1992-09-19;0.1;20.4;16.1;0;1992;9;19;-23.43;-46.46;735;79.0;72.0;75.0;929.3;934.8;934.5;8;4;3;0.0;1.0;4.0;0.0;10.0;10.0;75.33333333333333;932.8666666666667;6.666666666666667;1.6666666666666667;4
83075;1992-09-20;0;21.9;14.9;0.7;1992;9;20;-23.43;-46.46;735;85.0;77.0;76.0;936.4;937.4;935.2;3;3;4;3.0;3.0;2.0;8.0;10.0;9.0;79.33333333333333;936.3333333333334;9.0;2.6666666666666665;3
83075;1992-09-21;0;27.6;15.7;8.6;1992;9;21;-23.43;-46.46;735;85.0;81.0;50.0;937.7;937.8;932.0;3;3;3;2.0;3.0;3.0;10.0;8.0;2.0;72.0;935.8333333333334;6.666666666666667;2.6666666666666665;3
83075;1992-09-22;0;29.2;16.2;7.2;1992;9;22;-23.43;-46.46;735;85.0;68.0;41.0;934.5;936.2;930.2;8;8;3;0.0;0.0;2.0;0.0;0.0;8.0;64.66666666666667;933.6333333333333;2.6666666666666665;0.6666666666666666;3
83075;1992-09-24;0;29.7;17.5;9.5;1992;9;24;-23.43;-46.46;735;63.0;61.0;40.0;930.0;931.8;924.2;8;8;7;0.0;0.0;4.0;4.0;2.0;5.0;54.666666666666664;928.6666666666666;3.6666666666666665;1.3333333333333333;7
83075;1992-09-25;0.1;25.9;17.3;0;1992;9;25;-23.43;-46.46;735;50.0;92.0;79.0;926.9;926.8;929.3;8;7;7;0.0;6.0;5.0;8.0;10.0;10.0;73.66666666666667;927.6666666666666;9.333333333333334;3.6666666666666665;7
83075;1992-09-26;7.8;18.8;13.7;0;1992;9;26;-23.43;-46.46;735;85.0;82.0;82.0;933.8;937.7;936.0;8;3;4;0.0;4.0;3.0;10.0;10.0;10.0;83.0;935.8333333333334;10.0;2.3333333333333335;3
83075;1992-09-27;0;17.9;13.6;0;1992;9;27;-23.43;-46.46;735;87.0;83.0;92.0;937.5;935.4;934.7;4;8;8;2.0;0.0;0.0;8.0;10.0;10.0;87.33333333333333;935.8666666666668;9.333333333333334;0.6666666666666666;4
83075;1992-09-28;0.8;22.4;13.2;2.7;1992;9;28;-23.43;-46.46;735;86.0;85.0;72.0;936.1;937.7;936.1;3;8;5;2.0;0.0;4.0;10.0;10.0;10.0;81.0;936.6333333333333;10.0;2.0;3
83075;1992-09-29;0;21;13;2.2;1992;9;29;-23.43;-46.46;735;86.0;76.0;71.0;939.4;939.4;935.8;5;3;4;6.0;3.0;4.0;10.0;10.0;9.0;77.66666666666667;938.1999999999999;9.666666666666666;4.333333333333333;5
83075;1992-09-30;0;24.2;14.5;4;1992;9;30;-23.43;-46.46;735;80.0;75.0;58.0;938.0;937.3;932.5;3;8;5;3.0;0.0;2.0;10.0;10.0;8.0;71.0;935.9333333333334;9.333333333333334;1.6666666666666667;3
83075;1992-10-01;5;27.8;18.3;8.6;1992;10;1;-23.43;-46.46;735;80.0;69.0;55.0;929.2;930.3;927.7;8;5;4;0.0;3.0;2.0;0.0;8.0;10.0;68.0;929.0666666666666;6.0;1.6666666666666667;5
83075;1992-10-02;0;30;19.3;9.3;1992;10;2;-23.43;-46.46;735;83.0;64.0;47.0;931.0;931.9;928.9;4;3;3;3.0;1.0;3.0;8.0;6.0;9.0;64.66666666666667;930.6;7.666666666666667;2.3333333333333335;4
83075;1992-10-03;4.3;29.4;17.5;6.8;1992;10;3;-23.43;-46.46;735;88.0;67.0;50.0;933.3;934.0;929.2;5;8;3;2.0;0.0;1.0;10.0;6.0;8.0;68.33333333333333;932.1666666666666;8.0;1.0;5
83075;1992-10-04;0;23.4;15.2;2.8;1992;10;4;-23.43;-46.46;735;75.0;68.0;67.0;934.9;934.9;932.2;3;3;3;2.0;1.0;4.0;10.0;4.0;10.0;70.0;934.0;8.0;2.3333333333333335;3
83075;1992-10-05;0;26.2;15.1;5.3;1992;10;5;-23.43;-46.46;735;84.0;82.0;58.0;937.4;936.7;932.3;3;2;8;2.0;1.0;0.0;8.0;10.0;4.0;74.66666666666667;935.4666666666666;7.333333333333333;1.0;3
83075;1992-10-06;0;23.6;16.8;0.7;1992;10;6;-23.43;-46.46;735;83.0;68.0;73.0;933.2;934.2;933.0;4;8;4;1.0;0.0;1.0;10.0;10.0;10.0;74.66666666666667;933.4666666666667;10.0;0.6666666666666666;4
83075;1992-10-07;0;19.6;11.5;3.4;1992;10;7;-23.43;-46.46;735;86.0;90.0;68.0;941.7;942.5;939.3;3;8;3;2.0;0.0;1.0;10.0;10.0;8.0;81.33333333333333;941.1666666666666;9.333333333333334;1.0;3
83075;1992-10-08;0;24.6;12.4;3.3;1992;10;8;-23.43;-46.46;735;81.0;82.0;52.0;939.4;940.5;936.6;8;8;3;0.0;0.0;1.0;10.0;10.0;9.0;71.66666666666667;938.8333333333334;9.666666666666666;0.3333333333333333;3
83075;1992-10-09;0;21.8;12;8.9;1992;10;9;-23.43;-46.46;735;79.0;68.0;59.0;939.5;940.5;935.7;3;8;4;2.0;0.0;2.0;9.0;5.0;6.0;68.66666666666667;938.5666666666666;6.666666666666667;1.3333333333333333;3
83075;1992-10-10;0;24;11.6;9;1992;10;10;-23.43;-46.46;735;81.0;66.0;61.0;937.9;939.2;935.6;3;3;4;4.0;4.0;4.0;10.0;6.0;6.0;69.33333333333333;937.5666666666666;7.333333333333333;4.0;3
83075;1992-10-11;27.3;27.6;17.3;4.3;1992;10;11;-23.43;-46.46;735;90.0;78.0;57.0;935.1;935.7;930.9;4;3;3;1.0;2.0;1.0;9.0;9.0;10.0;75.0;933.9000000000001;9.333333333333334;1.3333333333333333;4
83075;1992-10-12;0;28.8;17.9;1.1;1992;10;12;-23.43;-46.46;735;82.0;83.0;84.0;929.3;928.8;924.0;3;8;8;2.0;0.0;0.0;10.0;10.0;10.0;83.0;927.3666666666667;10.0;0.6666666666666666;3
83075;1992-10-13;22.4;26.3;16.5;6.4;1992;10;13;-23.43;-46.46;735;84.0;69.0;82.0;932.1;932.8;932.6;7;6;4;3.0;1.0;2.0;10.0;8.0;10.0;78.33333333333333;932.5;9.333333333333334;2.0;7
83075;1992-10-14;0;28.6;14.4;7.4;1992;10;14;-23.43;-46.46;735;88.0;77.0;43.0;935.1;936.6;931.3;3;3;8;4.0;2.0;0.0;10.0;9.0;6.0;69.33333333333333;934.3333333333334;8.333333333333334;2.0;3
83075;1992-10-15;0;30.4;16.1;8.6;1992;10;15;-23.43;-46.46;735;80.0;80.0;47.0;935.6;935.8;929.8;4;8;8;1.0;0.0;0.0;10.0;2.0;6.0;69.0;933.7333333333332;6.0;0.3333333333333333;4
83075;1992-10-16;0;31.8;18;10.8;1992;10;16;-23.43;-46.46;735;68.0;58.0;42.0;931.9;933.7;927.2;8;8;7;0.0;0.0;3.0;5.0;0.0;4.0;56.0;930.9333333333334;3.0;1.0;7
83075;1992-10-18;26.5;25.3;18;0;1992;10;18;-23.43;-46.46;735;77.0;80.0;74.0;933.9;934.2;931.6;8;3;3;0.0;1.0;1.0;10.0;9.0;10.0;77.0;933.2333333333332;9.666666666666666;0.6666666666666666;3
83075;1992-10-19;12.1;25.1;17.9;3.1;1992;10;19;-23.43;-46.46;735;91.0;77.0;73.0;935.6;934.4;932.7;8;4;3;0.0;1.0;3.0;10.0;8.0;10.0;80.33333333333333;934.2333333333332;9.333333333333334;1.3333333333333333;4
83075;1992-10-20;0;31.8;17.9;9.7;1992;10;20;-23.43;-46.46;735;84.0;70.0;37.0;935.4;932.6;925.8;3;8;7;3.0;0.0;5.0;10.0;2.0;6.0;63.666666666666664;931.2666666666668;6.0;2.6666666666666665;3
83075;1992-10-21;0.2;26;14.1;0;1992;10;21;-23.43;-46.46;735;74.0;80.0;74.0;928.3;934.1;933.7;8;3;4;0.0;3.0;2.0;10.0;10.0;9.0;76.0;932.0333333333334;9.666666666666666;1.6666666666666667;3
83075;1992-10-22;0.6;19.2;13.1;0;1992;10;22;-23.43;-46.46;735;82.0;71.0;72.0;935.4;936.2;933.6;4;3;3;1.0;1.0;3.0;10.0;10.0;10.0;75.0;935.0666666666666;10.0;1.6666666666666667;4
83075;1992-10-23;0;21.3;13.7;0.1;1992;10;23;-23.43;-46.46;735;82.0;85.0;71.0;936.1;936.2;933.2;3;3;4;3.0;1.0;3.0;10.0;10.0;10.0;79.33333333333333;935.1666666666666;10.0;2.3333333333333335;3
83075;1992-10-24;0;28.4;15.5;7.6;1992;10;24;-23.43;-46.46;735;85.0;70.0;51.0;935.0;935.5;931.0;8;4;4;0.0;1.0;2.0;10.0;4.0;6.0;68.66666666666667;933.8333333333334;6.666666666666667;1.0;4
83075;1992-10-25;0;31.7;17.6;10.2;1992;10;25;-23.43;-46.46;735;85.0;66.0;36.0;934.4;933.6;927.4;8;8;7;0.0;0.0;3.0;10.0;2.0;6.0;62.333333333333336;931.8000000000001;6.0;1.0;7
83075;1992-10-26;0;32;18.7;10;1992;10;26;-23.43;-46.46;735;67.0;57.0;38.0;931.2;931.1;923.9;8;1;8;0.0;1.0;0.0;6.0;2.0;6.0;54.0;928.7333333333335;4.666666666666667;0.3333333333333333;1
83075;1992-10-27;0;31;21.7;8.1;1992;10;27;-23.43;-46.46;735;57.0;61.0;47.0;925.9;926.7;920.2;8;7;7;0.0;3.0;3.0;10.0;8.0;6.0;55.0;924.2666666666668;8.0;2.0;7
83075;1992-10-28;0.2;30;19.5;6.6;1992;10;28;-23.43;-46.46;735;75.0;63.0;63.0;926.1;925.1;921.5;8;7;7;0.0;3.0;3.0;10.0;2.0;10.0;67.0;924.2333333333332;7.333333333333333;2.0;7
83075;1992-10-29;22.4;27.9;17.4;3;1992;10;29;-23.43;-46.46;735;84.0;55.0;80.0;933.2;924.3;926.5;0;7;4;1.0;3.0;4.0;10.0;9.0;10.0;73.0;928.0;9.666666666666666;2.6666666666666665;0
83075;1992-10-30;34.3;23;16.7;0.2;1992;10;30;-23.43;-46.46;735;89.0;89.0;83.0;930.7;932.2;930.4;8;8;3;0.0;0.0;3.0;10.0;10.0;10.0;87.0;931.1;10.0;1.0;3
83075;1992-10-31;0.1;20.7;16.8;0;1992;10;31;-23.43;-46.46;735;84.0;77.0;84.0;932.7;933.6;931.0;4;4;4;1.0;1.0;4.0;10.0;10.0;10.0;81.66666666666667;932.4333333333334;10.0;2.0;4
83075;1992-11-01;0;30.6;17.9;7;1992;11;1;-23.43;-46.46;735;74.0;71.0;53.0;929.7;928.9;924.5;3;2;4;5.0;1.0;3.0;8.0;10.0;10.0;66.0;927.6999999999999;9.333333333333334;3.0;3
83075;1992-11-02;0;31;19.1;10.7;1992;11;2;-23.43;-46.46;735;74.0;61.0;42.0;931.0;933.8;928.8;3;3;3;2.0;3.0;3.0;5.0;2.0;6.0;59.0;931.1999999999999;4.333333333333333;2.6666666666666665;3
83075;1992-11-04;0;30.2;17.7;7.5;1992;11;4;-23.43;-46.46;735;83.0;80.0;50.0;934.0;934.0;926.5;4;4;8;3.0;2.0;0.0;9.0;8.0;8.0;71.0;931.5;8.333333333333334;1.6666666666666667;4
83075;1992-11-05;0;28;16.1;7.7;1992;11;5;-23.43;-46.46;735;80.0;83.0;41.0;933.8;934.8;928.0;8;8;7;0.0;0.0;5.0;5.0;8.0;6.0;68.0;932.1999999999999;6.333333333333333;1.6666666666666667;7
83075;1992-11-06;0;25.5;16.9;7.1;1992;11;6;-23.43;-46.46;735;84.0;80.0;44.0;935.5;937.4;932.8;3;8;1;2.0;0.0;4.0;10.0;4.0;8.0;69.33333333333333;935.2333333333332;7.333333333333333;2.0;3
83075;1992-11-07;0;22;12.1;6.5;1992;11;7;-23.43;-46.46;735;87.0;86.0;57.0;941.9;942.0;938.4;3;4;4;2.0;1.0;2.0;10.0;10.0;6.0;76.66666666666667;940.7666666666668;8.666666666666666;1.6666666666666667;3
83075;1992-11-08;0;24.7;12.5;1.3;1992;11;8;-23.43;-46.46;735;74.0;92.0;48.0;938.8;939.3;934.7;8;3;7;0.0;1.0;1.0;9.0;10.0;10.0;71.33333333333333;937.6;9.666666666666666;0.6666666666666666;3
83075;1992-11-09;0;18.7;12.3;0;1992;11;9;-23.43;-46.46;735;79.0;69.0;67.0;939.3;939.4;936.7;3;3;8;4.0;3.0;0.0;10.0;9.0;10.0;71.66666666666667;938.4666666666666;9.666666666666666;2.3333333333333335;3
83075;1992-11-10;0;27.4;14.8;5.8;1992;11;10;-23.43;-46.46;735;79.0;77.0;44.0;938.3;936.1;930.3;3;3;4;1.0;1.0;5.0;10.0;9.0;10.0;66.66666666666667;934.9;9.666666666666666;2.3333333333333335;3
83075;1992-11-12;69.6;21.4;18.9;0;1992;11;12;-23.43;-46.46;735;94.0;94.0;91.0;927.9;925.6;924.2;6;8;8;1.0;0.0;0.0;10.0;10.0;10.0;93.0;925.9;10.0;0.3333333333333333;6
83075;1992-11-13;0.2;30;17.9;10.5;1992;11;13;-23.43;-46.46;735;73.0;63.0;68.0;929.4;930.0;928.3;8;8;5;0.0;0.0;2.0;0.0;0.0;6.0;68.0;929.2333333333332;2.0;0.6666666666666666;5
83075;1992-11-14;0;29.6;16.6;9.8;1992;11;14;-23.43;-46.46;735;65.0;73.0;58.0;930.3;933.6;929.4;8;3;4;0.0;1.0;2.0;8.0;2.0;3.0;65.33333333333333;931.1;4.333333333333333;1.0;3
83075;1992-11-15;0;32.5;18.5;10.1;1992;11;15;-23.43;-46.46;735;77.0;66.0;37.0;932.4;932.5;926.0;3;8;7;3.0;0.0;5.0;10.0;2.0;5.0;60.0;930.3000000000001;5.666666666666667;2.6666666666666665;3
83075;1992-11-16;0;30.9;18.5;5.9;1992;11;16;-23.43;-46.46;735;74.0;63.0;82.0;928.7;929.5;927.5;8;8;4;0.0;0.0;3.0;6.0;4.0;10.0;73.0;928.5666666666666;6.666666666666667;1.0;4
83075;1992-11-17;15.8;23.6;17.9;1.3;1992;11;17;-23.43;-46.46;735;92.0;85.0;71.0;931.4;929.6;926.0;5;5;4;2.0;2.0;3.0;10.0;10.0;10.0;82.66666666666667;929.0;10.0;2.3333333333333335;5
83075;1992-11-18;0.7;23.4;16;2.4;1992;11;18;-23.43;-46.46;735;83.0;78.0;69.0;928.7;929.5;926.7;3;3;4;1.0;1.0;3.0;10.0;10.0;8.0;76.66666666666667;928.3000000000001;9.333333333333334;1.6666666666666667;3
83075;1992-11-19;0;28.8;15.2;8;1992;11;19;-23.43;-46.46;735;85.0;76.0;45.0;931.0;932.3;927.9;3;3;3;1.0;2.0;4.0;10.0;9.0;5.0;68.66666666666667;930.4;8.0;2.3333333333333335;3
83075;1992-11-20;0;31.8;16.9;9.8;1992;11;20;-23.43;-46.46;735;82.0;73.0;34.0;932.4;932.4;925.2;3;8;7;1.0;0.0;3.0;9.0;0.0;6.0;63.0;930.0;5.0;1.3333333333333333;3
83075;1992-11-21;0;32.8;18.5;11.2;1992;11;21;-23.43;-46.46;735;76.0;54.0;38.0;928.7;929.9;924.5;8;7;0;0.0;2.0;2.0;0.0;0.0;6.0;56.0;927.6999999999999;2.0;1.3333333333333333;7
83075;1992-11-22;14.6;27.8;18.7;2.5;1992;11;22;-23.43;-46.46;735;62.0;84.0;62.0;927.2;930.2;925.3;3;7;0;1.0;1.0;1.0;6.0;10.0;10.0;69.33333333333333;927.5666666666666;8.666666666666666;1.0;3
83075;1992-11-23;28.8;22.8;17.6;0.2;1992;11;23;-23.43;-46.46;735;79.0;83.0;75.0;928.3;931.8;931.2;7;5;3;1.0;3.0;4.0;6.0;10.0;10.0;79.0;930.4333333333334;8.666666666666666;2.6666666666666665;7
83075;1992-11-24;0.1;25.2;17.3;1.8;1992;11;24;-23.43;-46.46;735;87.0;78.0;79.0;933.5;933.7;930.1;4;3;4;1.0;1.0;2.0;10.0;10.0;10.0;81.33333333333333;932.4333333333334;10.0;1.3333333333333333;4
83075;1992-11-25;12.6;23.2;18.6;0;1992;11;25;-23.43;-46.46;735;83.0;93.0;77.0;931.5;933.5;930.2;8;7;7;0.0;1.0;1.0;10.0;10.0;10.0;84.33333333333333;931.7333333333332;10.0;0.6666666666666666;7
83075;1992-11-26;20.2;21.6;17.1;0;1992;11;26;-23.43;-46.46;735;91.0;86.0;85.0;931.7;934.2;933.2;8;4;4;0.0;3.0;3.0;10.0;10.0;10.0;87.33333333333333;933.0333333333334;10.0;2.0;4
83075;1992-11-27;0.3;20.6;15.1;0;1992;11;27;-23.43;-46.46;735;84.0;88.0;76.0;934.9;935.2;934.3;3;3;3;3.0;4.0;4.0;10.0;10.0;10.0;82.66666666666667;934.7999999999998;10.0;3.6666666666666665;3
83075;1992-11-28;0;21.2;14.3;0.3;1992;11;28;-23.43;-46.46;735;74.0;70.0;70.0;935.2;935.8;932.9;4;4;4;1.0;1.0;4.0;10.0;9.0;10.0;71.33333333333333;934.6333333333333;9.666666666666666;2.0;4
83075;1992-11-29;0;27.4;13.7;9.7;1992;11;29;-23.43;-46.46;735;79.0;70.0;49.0;935.0;934.9;929.5;3;8;3;3.0;0.0;1.0;10.0;6.0;6.0;66.0;933.1333333333333;7.333333333333333;1.3333333333333333;3
83075;1992-11-30;0;29.6;15.7;8.9;1992;11;30;-23.43;-46.46;735;76.0;71.0;44.0;932.7;931.6;925.4;4;3;7;3.0;1.0;1.0;9.0;2.0;9.0;63.666666666666664;929.9000000000001;6.666666666666667;1.6666666666666667;4
83075;1992-12-01;2;30;18.5;6;1992;12;1;-23.43;-46.46;735;84.0;81.0;71.0;928.0;928.2;925.0;8;8;4;0.0;0.0;3.0;4.0;8.0;10.0;78.66666666666667;927.0666666666666;7.333333333333333;1.0;4
83075;1992-12-02;0;30.8;19.5;10;1992;12;2;-23.43;-46.46;735;63.0;72.0;38.0;930.8;934.2;929.7;8;3;8;0.0;2.0;0.0;5.0;4.0;8.0;57.666666666666664;931.5666666666666;5.666666666666667;0.6666666666666666;3
83075;1992-12-03;0.1;30;18.6;6.5;1992;12;3;-23.43;-46.46;735;83.0;72.0;64.0;932.6;934.0;929.5;5;8;4;2.0;0.0;5.0;10.0;4.0;10.0;73.0;932.0333333333333;8.0;2.3333333333333335;5
83075;1992-12-04;33.9;29.2;17.7;7.1;1992;12;4;-23.43;-46.46;735;87.0;64.0;48.0;931.2;930.2;926.1;4;8;0;1.0;0.0;1.0;10.0;10.0;9.0;66.33333333333333;929.1666666666666;9.666666666666666;0.6666666666666666;4
83075;1992-12-05;0;28.2;17.1;6.7;1992;12;5;-23.43;-46.46;735;75.0;73.0;48.0;931.6;932.9;926.7;8;8;7;0.0;0.0;3.0;10.0;10.0;10.0;65.33333333333333;930.4;10.0;1.0;7
83075;1992-12-06;0;19.6;14.7;1.7;1992;12;6;-23.43;-46.46;735;78.0;80.0;63.0;937.1;940.4;937.9;4;4;4;3.0;2.0;2.0;10.0;9.0;9.0;73.66666666666667;938.4666666666667;9.333333333333334;2.3333333333333335;4
83075;1992-12-07;0;23.6;13.3;6.8;1992;12;7;-23.43;-46.46;735;85.0;89.0;55.0;940.6;942.6;937.8;8;4;8;0.0;1.0;0.0;10.0;10.0;2.0;76.33333333333333;940.3333333333334;7.333333333333333;0.3333333333333333;4
83075;1992-12-08;0;22.8;14.4;5.2;1992;12;8;-23.43;-46.46;735;76.0;56.0;58.0;935.9;935.0;932.9;7;8;7;1.0;0.0;3.0;8.0;6.0;6.0;63.333333333333336;934.6;6.666666666666667;1.3333333333333333;7
83075;1992-12-10;14.9;25;15.9;0.4;1992;12;10;-23.43;-46.46;735;91.0;76.0;91.0;935.0;931.7;930.9;5;7;8;3.0;1.0;0.0;10.0;9.0;10.0;86.0;932.5333333333333;9.666666666666666;1.3333333333333333;5
83075;1992-12-11;9.1;31.5;17.7;7.4;1992;12;11;-23.43;-46.46;735;84.0;76.0;59.0;930.6;931.3;927.3;8;8;5;0.0;0.0;4.0;10.0;0.0;9.0;73.0;929.7333333333332;6.333333333333333;1.3333333333333333;5
83075;1992-12-12;18.9;23.6;16.7;0.6;1992;12;12;-23.43;-46.46;735;93.0;83.0;74.0;927.7;929.3;929.6;8;4;4;0.0;3.0;1.0;10.0;9.0;10.0;83.33333333333333;928.8666666666667;9.666666666666666;1.3333333333333333;4
83075;1992-12-13;0;25.2;15.7;7.6;1992;12;13;-23.43;-46.46;735;83.0;65.0;59.0;933.3;933.8;931.8;8;3;3;0.0;3.0;5.0;5.0;9.0;6.0;69.0;932.9666666666666;6.666666666666667;2.6666666666666665;3
83075;1992-12-14;0;28.2;14.8;7.3;1992;12;14;-23.43;-46.46;735;76.0;68.0;80.0;933.6;934.0;932.1;3;3;8;1.0;1.0;0.0;10.0;8.0;10.0;74.66666666666667;933.2333333333332;9.333333333333334;0.6666666666666666;3
83075;1992-12-15;0;27.8;14.3;9.3;1992;12;15;-23.43;-46.46;735;80.0;78.0;51.0;932.1;932.3;929.5;8;8;4;0.0;0.0;3.0;10.0;4.0;1.0;69.66666666666667;931.3000000000001;5.0;1.0;4
83075;1992-12-16;0;27.3;15.3;7.8;1992;12;16;-23.43;-46.46;735;76.0;72.0;70.0;933.3;934.0;930.2;3;8;3;1.0;0.0;3.0;9.0;8.0;6.0;72.66666666666667;932.5;7.666666666666667;1.3333333333333333;3
83075;1992-12-17;0;30.9;18.3;6.4;1992;12;17;-23.43;-46.46;735;82.0;74.0;46.0;932.3;930.1;922.4;3;2;7;1.0;1.0;3.0;10.0;4.0;8.0;67.33333333333333;928.2666666666668;7.333333333333333;1.6666666666666667;3
83075;1992-12-18;1.9;28.4;19.2;5.4;1992;12;18;-23.43;-46.46;735;81.0;76.0;54.0;926.0;927.2;922.8;4;7;7;1.0;3.0;3.0;10.0;9.0;8.0;70.33333333333333;925.3333333333334;9.0;2.3333333333333335;4
83075;1992-12-19;2;30.4;19.9;9;1992;12;19;-23.43;-46.46;735;77.0;65.0;42.0;926.1;928.4;924.2;8;6;7;0.0;1.0;2.0;2.0;8.0;8.0;61.333333333333336;926.2333333333332;6.0;1.0;6
83075;1992-12-20;0;32.6;17.3;8.8;1992;12;20;-23.43;-46.46;735;78.0;65.0;31.0;927.6;928.1;921.2;8;8;7;0.0;0.0;3.0;6.0;2.0;8.0;58.0;925.6333333333333;5.333333333333333;1.0;7
83075;1992-12-22;0.8;31.6;17.9;10.1;1992;12;22;-23.43;-46.46;735;77.0;76.0;32.0;930.4;934.1;928.8;8;3;3;0.0;3.0;3.0;6.0;6.0;8.0;61.666666666666664;931.1;6.666666666666667;2.0;3
83075;1992-12-23;0;30.4;17.6;10.5;1992;12;23;-23.43;-46.46;735;75.0;68.0;38.0;932.9;935.0;930.8;3;3;4;1.0;1.0;1.0;8.0;5.0;5.0;60.333333333333336;932.9;6.0;1.0;3
83075;1992-12-24;0;32.4;17.6;9.8;1992;12;24;-23.43;-46.46;735;73.0;67.0;32.0;932.8;933.7;927.3;3;8;8;3.0;0.0;0.0;5.0;1.0;5.0;57.333333333333336;931.2666666666668;3.6666666666666665;1.0;3
83075;1992-12-25;0.2;25;20.1;0.2;1992;12;25;-23.43;-46.46;735;69.0;72.0;86.0;928.4;930.0;925.7;8;5;4;0.0;1.0;1.0;10.0;9.0;10.0;75.66666666666667;928.0333333333334;9.666666666666666;0.6666666666666666;5
83075;1992-12-26;0;24.8;16.7;6.1;1992;12;26;-23.43;-46.46;735;80.0;63.0;59.0;929.4;931.7;929.0;4;4;3;3.0;1.0;2.0;10.0;9.0;9.0;67.33333333333333;930.0333333333333;9.333333333333334;2.0;4
83075;1992-12-27;0;25.2;14.3;10.1;1992;12;27;-23.43;-46.46;735;72.0;59.0;53.0;930.8;930.6;927.4;4;3;3;1.0;3.0;5.0;8.0;8.0;8.0;61.333333333333336;929.6;8.0;3.0;4
83075;1992-12-28;0;26.6;13.7;7.4;1992;12;28;-23.43;-46.46;735;69.0;73.0;43.0;930.3;930.7;926.9;3;3;4;1.0;1.0;3.0;0.0;10.0;4.0;61.666666666666664;929.3000000000001;4.666666666666667;1.6666666666666667;3
83075;1992-12-29;0;31.4;15.8;9.7;1992;12;29;-23.43;-46.46;735;79.0;73.0;42.0;929.5;930.5;925.6;3;8;0;1.0;0.0;1.0;9.0;8.0;9.0;64.66666666666667;928.5333333333333;8.666666666666666;0.6666666666666666;3
83075;1992-12-30;0;31.2;20.3;8.1;1992;12;30;-23.43;-46.46;735;75.0;54.0;47.0;929.2;930.9;928.1;4;8;7;1.0;0.0;3.0;9.0;5.0;8.0;58.666666666666664;929.4;7.333333333333333;1.3333333333333333;4
83075;1992-12-31;0;33.4;21.4;11.1;1992;12;31;-23.43;-46.46;735;64.0;53.0;39.0;930.2;933.5;929.2;8;8;7;0.0;0.0;1.0;6.0;4.0;8.0;52.0;930.9666666666667;6.0;0.3333333333333333;7
83075;1993-01-01;0;34;21.6;8.8;1993;1;1;-23.43;-46.46;735;59.0;55.0;43.0;931.3;932.7;928.4;8;8;4;0.0;0.0;2.0;8.0;4.0;8.0;52.333333333333336;930.8000000000001;6.666666666666667;0.6666666666666666;4
83075;1993-01-02;9.1;31.2;18.9;9.4;1993;1;2;-23.43;-46.46;735;88.0;73.0;47.0;931.9;932.4;927.4;8;8;7;0.0;0.0;3.0;10.0;9.0;8.0;69.33333333333333;930.5666666666666;9.0;1.0;7
83075;1993-01-03;0;30.6;19.5;8.4;1993;1;3;-23.43;-46.46;735;87.0;75.0;48.0;932.3;931.4;925.8;4;7;7;1.0;1.0;3.0;10.0;8.0;8.0;70.0;929.8333333333334;8.666666666666666;1.6666666666666667;4
83075;1993-01-04;0;22.6;18.7;0;1993;1;4;-23.43;-46.46;735;82.0;82.0;84.0;932.2;933.0;930.7;3;3;8;3.0;2.0;0.0;10.0;10.0;10.0;82.66666666666667;931.9666666666667;10.0;1.6666666666666667;3
83075;1993-01-06;1.5;19.8;12.1;0;1993;1;6;-23.43;-46.46;735;85.0;81.0;78.0;935.1;941.3;941.2;8;4;3;0.0;1.0;3.0;10.0;10.0;10.0;81.33333333333333;939.2000000000002;10.0;1.3333333333333333;4
83075;1993-01-07;0;27.2;14.9;7.1;1993;1;7;-23.43;-46.46;735;85.0;82.0;36.0;932.8;932.5;926.7;8;3;8;0.0;3.0;0.0;10.0;8.0;8.0;67.66666666666667;930.6666666666666;8.666666666666666;1.0;3
83075;1993-01-08;0;15.2;5.6;1.3;1993;1;8;-23.43;-46.46;735;65.0;54.0;40.0;939.3;939.2;935.4;7;7;7;2.0;2.0;1.0;10.0;8.0;9.0;53.0;937.9666666666667;9.0;1.6666666666666667;7
83075;1993-01-09;0;27;17.1;4.5;1993;1;9;-23.43;-46.46;735;59.0;64.0;63.0;929.9;935.6;932.7;8;8;5;0.0;0.0;1.0;8.0;10.0;5.0;62.0;932.7333333333332;7.666666666666667;0.3333333333333333;5
83075;1993-01-10;0;28.2;17.5;0.2;1993;1;10;-23.43;-46.46;735;81.0;70.0;56.0;933.7;934.1;931.5;8;8;4;0.0;0.0;3.0;5.0;9.0;8.0;69.0;933.1;7.333333333333333;1.0;4
83075;1993-01-11;0;34;21;10.1;1993;1;11;-23.43;-46.46;735;61.0;43.0;32.0;928.4;930.2;923.9;8;7;7;0.0;4.0;6.0;1.0;6.0;8.0;45.333333333333336;927.5;5.0;3.3333333333333335;7
83075;1993-01-12;1.4;32.2;19.6;7.9;1993;1;12;-23.43;-46.46;735;57.0;79.0;44.0;924.5;931.7;923.8;8;8;0;0.0;0.0;2.0;6.0;10.0;8.0;60.0;926.6666666666666;8.0;0.6666666666666666;0
83075;1993-01-13;11.4;31;18.6;3.5;1993;1;13;-23.43;-46.46;735;89.0;78.0;48.0;935.8;936.8;932.4;8;8;7;0.0;0.0;1.0;10.0;10.0;8.0;71.66666666666667;935.0;9.333333333333334;0.3333333333333333;7
83075;1993-01-14;9.9;30.2;19.2;3.1;1993;1;14;-23.43;-46.46;735;90.0;75.0;62.0;936.9;936.9;934.1;8;8;5;0.0;0.0;2.0;10.0;9.0;10.0;75.66666666666667;935.9666666666667;9.666666666666666;0.6666666666666666;5
83075;1993-01-15;0;32;18.4;8.8;1993;1;15;-23.43;-46.46;735;80.0;59.0;41.0;933.7;934.1;928.8;8;7;7;0.0;1.0;3.0;9.0;8.0;8.0;60.0;932.2000000000002;8.333333333333334;1.3333333333333333;7
83075;1993-01-16;0;32.4;21.4;9.2;1993;1;16;-23.43;-46.46;735;61.0;53.0;41.0;929.4;930.7;924.7;7;8;7;1.0;0.0;5.0;8.0;5.0;6.0;51.666666666666664;928.2666666666668;6.333333333333333;2.0;7
83075;1993-01-17;0;30.4;20.6;1.2;1993;1;17;-23.43;-46.46;735;63.0;65.0;66.0;926.8;928.4;926.7;8;7;7;0.0;3.0;1.0;10.0;10.0;10.0;64.66666666666667;927.2999999999998;10.0;1.3333333333333333;7
83075;1993-01-19;28.6;24.2;17.5;0;1993;1;19;-23.43;-46.46;735;90.0;80.0;67.0;933.1;933.6;930.0;8;3;3;0.0;2.0;1.0;10.0;10.0;10.0;79.0;932.2333333333332;10.0;1.0;3
83075;1993-01-20;0;29.3;16.6;6.7;1993;1;20;-23.43;-46.46;735;75.0;69.0;56.0;932.1;931.6;926.5;3;8;4;2.0;0.0;3.0;10.0;9.0;9.0;66.66666666666667;930.0666666666666;9.333333333333334;1.6666666666666667;3
83075;1993-01-21;21.3;27.2;18.3;1.6;1993;1;21;-23.43;-46.46;735;89.0;86.0;90.0;931.6;932.1;930.0;3;4;3;3.0;1.0;1.0;10.0;10.0;10.0;88.33333333333333;931.2333333333332;10.0;1.6666666666666667;3
83075;1993-01-22;6.5;27.2;16.9;10.8;1993;1;22;-23.43;-46.46;735;84.0;68.0;58.0;931.7;933.1;929.6;3;3;3;2.0;1.0;4.0;10.0;1.0;8.0;70.0;931.4666666666667;6.333333333333333;2.3333333333333335;3
83075;1993-01-23;0;27.4;17.1;2.4;1993;1;23;-23.43;-46.46;735;82.0;70.0;77.0;932.0;932.7;931.6;3;8;8;1.0;0.0;0.0;4.0;4.0;8.0;76.33333333333333;932.1;5.333333333333333;0.3333333333333333;3
83075;1993-01-24;0;28.2;19.7;4.9;1993;1;24;-23.43;-46.46;735;85.0;69.0;97.0;931.9;931.6;928.7;5;8;8;1.0;0.0;0.0;9.0;8.0;10.0;83.66666666666667;930.7333333333332;9.0;0.3333333333333333;5
83075;1993-01-25;0;32.2;19.3;9.3;1993;1;25;-23.43;-46.46;735;86.0;63.0;42.0;930.9;931.4;926.1;8;7;7;0.0;2.0;3.0;8.0;1.0;6.0;63.666666666666664;929.4666666666667;5.0;1.6666666666666667;7
83075;1993-01-26;3.6;31.2;19.9;3.2;1993;1;26;-23.43;-46.46;735;66.0;60.0;48.0;928.8;930.9;928.2;8;7;7;0.0;1.0;1.0;8.0;8.0;8.0;58.0;929.2999999999998;8.0;0.6666666666666666;7
83075;1993-01-27;0;28.8;19.7;4.5;1993;1;27;-23.43;-46.46;735;72.0;62.0;55.0;931.7;933.6;929.6;8;7;7;0.0;1.0;3.0;10.0;9.0;9.0;63.0;931.6333333333333;9.333333333333334;1.3333333333333333;7
83075;1993-01-29;0;33.2;20.9;10.8;1993;1;29;-23.43;-46.46;735;72.0;55.0;37.0;929.6;931.8;926.0;8;7;7;0.0;1.0;5.0;8.0;6.0;6.0;54.666666666666664;929.1333333333333;6.666666666666667;2.0;7
83075;1993-01-30;0;31.4;19.7;6;1993;1;30;-23.43;-46.46;735;67.0;76.0;56.0;930.3;932.3;928.1;3;8;4;3.0;0.0;3.0;10.0;5.0;8.0;66.33333333333333;930.2333333333332;7.666666666666667;2.0;3
83075;1993-01-31;0;29.8;19.5;2.3;1993;1;31;-23.43;-46.46;735;85.0;79.0;78.0;931.0;931.3;930.4;4;8;4;1.0;0.0;4.0;10.0;10.0;10.0;80.66666666666667;930.9;10.0;1.6666666666666667;4
83075;1993-02-02;0;32.2;20.5;7;1993;2;2;-23.43;-46.46;735;84.0;60.0;51.0;929.4;930.7;925.7;8;8;7;0.0;0.0;3.0;9.0;4.0;9.0;65.0;928.6;7.333333333333333;1.0;7
83075;1993-02-03;0;30.5;19.1;6.2;1993;2;3;-23.43;-46.46;735;76.0;65.0;67.0;930.5;931.1;927.9;8;7;4;0.0;1.0;1.0;5.0;0.0;9.0;69.33333333333333;929.8333333333334;4.666666666666667;0.6666666666666666;7
83075;1993-02-04;3.3;25.5;18.9;0.2;1993;2;4;-23.43;-46.46;735;89.0;88.0;70.0;931.3;931.3;928.2;8;8;0;0.0;0.0;1.0;10.0;9.0;10.0;82.33333333333333;930.2666666666668;9.666666666666666;0.3333333333333333;0
83075;1993-02-06;0.1;15;11.3;0;1993;2;6;-23.43;-46.46;735;84.0;90.0;81.0;942.7;943.9;942.4;4;4;3;2.0;1.0;2.0;10.0;10.0;10.0;85.0;943.0;10.0;1.6666666666666667;4
83075;1993-02-07;0;27.8;16.9;6.3;1993;2;7;-23.43;-46.46;735;45.0;58.0;44.0;929.1;931.2;926.3;0;8;0;5.0;0.0;3.0;5.0;9.0;0.0;49.0;928.8666666666668;4.666666666666667;2.6666666666666665;0
83075;1993-02-09;0;31.6;16.2;6.2;1993;2;9;-23.43;-46.46;735;85.0;87.0;30.0;935.9;937.5;931.7;4;8;7;1.0;0.0;3.0;10.0;10.0;4.0;67.33333333333333;935.0333333333334;8.0;1.3333333333333333;4
83075;1993-02-10;0;27.8;17.6;4.9;1993;2;10;-23.43;-46.46;735;73.0;72.0;55.0;933.4;933.3;929.4;3;8;7;1.0;0.0;3.0;8.0;8.0;8.0;66.66666666666667;932.0333333333333;8.0;1.3333333333333333;3
83075;1993-02-11;0.3;24;18.3;0;1993;2;11;-23.43;-46.46;735;77.0;80.0;76.0;931.4;936.9;935.5;8;4;3;0.0;2.0;1.0;10.0;10.0;10.0;77.66666666666667;934.6;10.0;1.0;4
83075;1993-02-12;5.7;29.4;19.1;6.1;1993;2;12;-23.43;-46.46;735;86.0;74.0;71.0;930.3;933.8;930.8;8;3;4;0.0;1.0;4.0;10.0;9.0;8.0;77.0;931.6333333333332;9.0;1.6666666666666667;3
83075;1993-02-13;3.8;30;16.9;7.9;1993;2;13;-23.43;-46.46;735;88.0;64.0;43.0;930.7;930.3;924.9;8;4;8;0.0;1.0;0.0;10.0;1.0;5.0;65.0;928.6333333333333;5.333333333333333;0.3333333333333333;4
83075;1993-02-16;2.6;27.1;18.3;2.3;1993;2;16;-23.43;-46.46;735;92.0;75.0;75.0;930.4;930.2;927.3;8;8;7;0.0;0.0;2.0;9.0;8.0;9.0;80.66666666666667;929.2999999999998;8.666666666666666;0.6666666666666666;7
83075;1993-02-17;6.2;28.4;18.9;4.8;1993;2;17;-23.43;-46.46;735;91.0;72.0;58.0;930.5;931.1;927.3;8;1;7;0.0;1.0;1.0;10.0;6.0;9.0;73.66666666666667;929.6333333333332;8.333333333333334;0.6666666666666666;1
83075;1993-02-18;14.4;31;17.9;8.2;1993;2;18;-23.43;-46.46;735;80.0;70.0;47.0;931.2;931.0;926.7;8;2;7;0.0;1.0;3.0;9.0;4.0;8.0;65.66666666666667;929.6333333333333;7.0;1.3333333333333333;2
83075;1993-02-19;69;31.6;18.9;8.2;1993;2;19;-23.43;-46.46;735;87.0;78.0;38.0;933.4;932.9;927.8;8;3;0;0.0;1.0;1.0;10.0;6.0;8.0;67.66666666666667;931.3666666666667;8.0;0.6666666666666666;3
83075;1993-02-20;1;25.4;19.8;2.4;1993;2;20;-23.43;-46.46;735;88.0;71.0;67.0;932.7;935.3;932.4;8;8;7;0.0;0.0;2.0;9.0;9.0;6.0;75.33333333333333;933.4666666666667;8.0;0.6666666666666666;7
83075;1993-02-21;0;27.2;17.9;0.6;1993;2;21;-23.43;-46.46;735;78.0;72.0;55.0;934.0;934.4;931.2;8;7;7;0.0;3.0;1.0;8.0;10.0;9.0;68.33333333333333;933.2000000000002;9.0;1.3333333333333333;7
83075;1993-02-22;7.5;25;17.1;0.9;1993;2;22;-23.43;-46.46;735;89.0;84.0;81.0;935.8;935.8;932.9;8;8;7;0.0;0.0;3.0;10.0;10.0;10.0;84.66666666666667;934.8333333333334;10.0;1.0;7
83075;1993-02-23;10.5;26.2;16.6;0.7;1993;2;23;-23.43;-46.46;735;90.0;89.0;60.0;935.5;933.4;929.6;8;8;7;0.0;0.0;1.0;10.0;10.0;10.0;79.66666666666667;932.8333333333334;10.0;0.3333333333333333;7
83075;1993-02-24;1.2;26.6;18.2;2.4;1993;2;24;-23.43;-46.46;735;87.0;83.0;72.0;932.0;931.9;928.5;8;8;5;0.0;0.0;1.0;10.0;9.0;10.0;80.66666666666667;930.8000000000001;9.666666666666666;0.3333333333333333;5
83075;1993-02-25;9.8;27.4;18.3;6.3;1993;2;25;-23.43;-46.46;735;88.0;79.0;69.0;932.3;932.2;929.6;8;8;4;0.0;0.0;7.0;10.0;9.0;8.0;78.66666666666667;931.3666666666667;9.0;2.3333333333333335;4
83075;1993-02-26;0;26.2;17.9;4.7;1993;2;26;-23.43;-46.46;735;80.0;75.0;60.0;932.9;934.2;930.9;3;3;4;3.0;1.0;3.0;10.0;10.0;8.0;71.66666666666667;932.6666666666666;9.333333333333334;2.3333333333333335;3
83075;1993-02-27;0;27.4;17.1;4.4;1993;2;27;-23.43;-46.46;735;79.0;81.0;79.0;933.8;934.7;931.2;4;8;3;1.0;0.0;3.0;6.0;6.0;10.0;79.66666666666667;933.2333333333332;7.333333333333333;1.3333333333333333;4
83075;1993-02-28;41.8;26.8;18.5;2.7;1993;2;28;-23.43;-46.46;735;93.0;87.0;67.0;934.5;934.9;930.9;8;3;3;0.0;1.0;1.0;10.0;10.0;9.0;82.33333333333333;933.4333333333334;9.666666666666666;0.6666666666666666;3
83075;1993-03-02;15.3;27.4;18.9;0.9;1993;3;2;-23.43;-46.46;735;77.0;82.0;60.0;929.8;931.1;927.4;8;8;7;0.0;0.0;5.0;10.0;10.0;9.0;73.0;929.4333333333334;9.666666666666666;1.6666666666666667;7
83075;1993-03-03;0;30.8;20.3;6.3;1993;3;3;-23.43;-46.46;735;82.0;77.0;56.0;932.1;935.3;929.1;4;8;8;1.0;0.0;0.0;10.0;8.0;8.0;71.66666666666667;932.1666666666666;8.666666666666666;0.3333333333333333;4
83075;1993-03-04;1.4;27.2;18.1;5.6;1993;3;4;-23.43;-46.46;735;85.0;81.0;55.0;930.1;929.5;924.4;8;8;7;0.0;0.0;1.0;5.0;8.0;6.0;73.66666666666667;928.0;6.333333333333333;0.3333333333333333;7
83075;1993-03-05;0;28;15.9;5.6;1993;3;5;-23.43;-46.46;735;71.0;72.0;49.0;932.1;931.9;925.9;8;8;0;0.0;0.0;1.0;10.0;9.0;9.0;64.0;929.9666666666667;9.333333333333334;0.3333333333333333;0
83075;1993-03-06;0;20.8;12.1;4.7;1993;3;6;-23.43;-46.46;735;87.0;84.0;72.0;942.0;941.6;936.8;3;3;8;1.0;2.0;0.0;10.0;10.0;8.0;81.0;940.1333333333332;9.333333333333334;1.0;3
83075;1993-03-07;0;29.6;19.6;8.2;1993;3;7;-23.43;-46.46;735;51.0;56.0;27.0;930.2;932.2;927.9;0;8;0;1.0;0.0;3.0;9.0;0.0;0.0;44.666666666666664;930.1;3.0;1.3333333333333333;0
83075;1993-03-09;0;19.6;13.2;0;1993;3;9;-23.43;-46.46;735;81.0;83.0;90.0;937.8;939.3;941.0;5;3;8;1.0;2.0;0.0;10.0;10.0;10.0;84.66666666666667;939.3666666666667;10.0;1.0;5
83075;1993-03-10;0;31;18.9;8;1993;3;10;-23.43;-46.46;735;77.0;62.0;47.0;930.6;930.2;925.3;8;8;7;0.0;0.0;3.0;6.0;2.0;8.0;62.0;928.7000000000002;5.333333333333333;1.0;7
83075;1993-03-11;0;25.9;17.1;4.3;1993;3;11;-23.43;-46.46;735;85.0;79.0;63.0;938.4;937.2;933.2;8;4;5;0.0;1.0;7.0;10.0;10.0;8.0;75.66666666666667;936.2666666666668;9.333333333333334;2.6666666666666665;4
83075;1993-03-12;0;30.8;20.8;7.8;1993;3;12;-23.43;-46.46;735;85.0;72.0;68.0;934.0;933.8;929.7;4;3;4;1.0;1.0;5.0;8.0;10.0;8.0;75.0;932.5;8.666666666666666;2.3333333333333335;4
83075;1993-03-13;0;29.3;19.5;5.5;1993;3;13;-23.43;-46.46;735;82.0;76.0;51.0;933.5;934.8;929.9;4;3;4;1.0;1.0;1.0;6.0;5.0;6.0;69.66666666666667;932.7333333333332;5.666666666666667;1.0;4
83075;1993-03-14;0;30.8;19.5;5.5;1993;3;14;-23.43;-46.46;735;81.0;83.0;42.0;932.8;933.5;927.7;4;8;2;1.0;0.0;2.0;0.0;9.0;8.0;68.66666666666667;931.3333333333334;5.666666666666667;1.0;4
83075;1993-03-15;0.3;29.2;18.9;3.6;1993;3;15;-23.43;-46.46;735;76.0;69.0;59.0;930.2;931.2;928.8;0;8;4;3.0;0.0;5.0;10.0;4.0;9.0;68.0;930.0666666666666;7.666666666666667;2.6666666666666665;0
83075;1993-03-16;0;31.6;18;9.2;1993;3;16;-23.43;-46.46;735;81.0;74.0;42.0;931.0;931.2;925.5;3;3;7;2.0;1.0;2.0;9.0;0.0;8.0;65.66666666666667;929.2333333333332;5.666666666666667;1.6666666666666667;3
83075;1993-03-17;3;30.8;19.1;7.4;1993;3;17;-23.43;-46.46;735;65.0;74.0;48.0;929.0;931.9;926.7;3;8;8;1.0;0.0;0.0;10.0;8.0;6.0;62.333333333333336;929.2000000000002;8.0;0.3333333333333333;3
83075;1993-03-18;0;31.4;18.7;7.4;1993;3;18;-23.43;-46.46;735;83.0;77.0;47.0;931.2;934.0;926.7;3;3;8;1.0;2.0;0.0;8.0;8.0;8.0;69.0;930.6333333333333;8.0;1.0;3
83075;1993-03-19;0.4;29;19.7;6.5;1993;3;19;-23.43;-46.46;735;74.0;64.0;53.0;931.9;931.2;927.8;0;7;0;1.0;5.0;3.0;9.0;4.0;8.0;63.666666666666664;930.2999999999998;7.0;3.0;0
83075;1993-03-20;6.9;24.2;18.1;0.3;1993;3;20;-23.43;-46.46;735;77.0;84.0;76.0;930.6;934.1;933.1;7;8;3;3.0;0.0;3.0;5.0;10.0;10.0;79.0;932.6;8.333333333333334;2.0;7
83075;1993-03-21;0.9;24.2;16.7;1.6;1993;3;21;-23.43;-46.46;735;94.0;73.0;63.0;936.3;938.2;934.2;8;3;3;0.0;3.0;2.0;10.0;10.0;10.0;76.66666666666667;936.2333333333332;10.0;1.6666666666666667;3
83075;1993-03-22;0.3;27;17.6;2.1;1993;3;22;-23.43;-46.46;735;77.0;81.0;68.0;936.6;937.0;932.8;4;3;8;4.0;1.0;0.0;9.0;10.0;9.0;75.33333333333333;935.4666666666666;9.333333333333334;1.6666666666666667;4
83075;1993-03-23;1.8;29.4;17.2;4.8;1993;3;23;-23.43;-46.46;735;87.0;82.0;66.0;935.4;934.6;929.5;8;3;8;0.0;1.0;0.0;5.0;4.0;8.0;78.33333333333333;933.1666666666666;5.666666666666667;0.3333333333333333;3
83075;1993-03-24;28;30.6;18.3;7;1993;3;24;-23.43;-46.46;735;87.0;70.0;48.0;933.7;932.4;927.0;8;8;7;0.0;0.0;1.0;10.0;1.0;4.0;68.33333333333333;931.0333333333333;5.0;0.3333333333333333;7
83075;1993-03-25;23.6;27;17.9;2.8;1993;3;25;-23.43;-46.46;735;91.0;87.0;70.0;933.1;933.0;929.6;8;8;7;0.0;0.0;5.0;10.0;10.0;10.0;82.66666666666667;931.9;10.0;1.6666666666666667;7
83075;1993-03-27;7;27.8;19.3;3;1993;3;27;-23.43;-46.46;735;90.0;84.0;76.0;931.4;933.0;929.7;8;4;4;0.0;1.0;2.0;10.0;10.0;8.0;83.33333333333333;931.3666666666668;9.333333333333334;1.0;4
83075;1993-03-29;12.7;24;18.7;0.5;1993;3;29;-23.43;-46.46;735;92.0;90.0;84.0;932.6;933.0;931.0;8;8;7;0.0;0.0;3.0;10.0;10.0;10.0;88.66666666666667;932.1999999999999;10.0;1.0;7
83075;1993-03-30;1.3;27.4;19;2.3;1993;3;30;-23.43;-46.46;735;82.0;85.0;73.0;931.9;932.7;929.6;8;8;4;0.0;0.0;4.0;10.0;9.0;8.0;80.0;931.4;9.0;1.3333333333333333;4
83075;1993-03-31;0;27.6;18.1;6.7;1993;3;31;-23.43;-46.46;735;83.0;74.0;62.0;932.4;932.7;929.4;3;8;3;1.0;0.0;3.0;9.0;2.0;8.0;73.0;931.5;6.333333333333333;1.3333333333333333;3
83075;1993-04-01;13;28.4;20.2;3.3;1993;4;1;-23.43;-46.46;735;85.0;68.0;62.0;930.2;930.9;926.1;4;3;7;3.0;1.0;1.0;10.0;8.0;9.0;71.66666666666667;929.0666666666666;9.0;1.6666666666666667;4
83075;1993-04-02;17.8;26.8;18.1;0.6;1993;4;2;-23.43;-46.46;735;90.0;75.0;72.0;931.0;930.3;928.0;8;8;7;0.0;0.0;1.0;10.0;9.0;10.0;79.0;929.7666666666668;9.666666666666666;0.3333333333333333;7
83075;1993-04-03;9.9;25.2;20.1;0.6;1993;4;3;-23.43;-46.46;735;79.0;77.0;73.0;934.3;935.4;935.0;8;5;4;0.0;1.0;5.0;5.0;9.0;10.0;76.33333333333333;934.9;8.0;2.0;5
83075;1993-04-04;0;29.8;17.7;8.2;1993;4;4;-23.43;-46.46;735;82.0;79.0;49.0;927.9;928.9;923.7;5;8;8;1.0;0.0;0.0;5.0;5.0;8.0;70.0;926.8333333333334;6.0;0.3333333333333333;5
83075;1993-04-05;0.8;27.6;16.1;8.2;1993;4;5;-23.43;-46.46;735;70.0;75.0;50.0;929.1;929.6;925.3;8;8;0;0.0;0.0;4.0;10.0;10.0;6.0;65.0;928.0;8.666666666666666;1.3333333333333333;0
83075;1993-04-07;0;29.6;15;8.7;1993;4;7;-23.43;-46.46;735;62.0;73.0;21.0;931.9;935.3;929.1;8;8;0;0.0;0.0;1.0;0.0;0.0;0.0;52.0;932.0999999999999;0.0;0.3333333333333333;0
83075;1993-04-08;0;19.7;12.5;0;1993;4;8;-23.43;-46.46;735;69.0;92.0;72.0;943.1;943.9;941.1;8;4;4;0.0;1.0;1.0;10.0;10.0;10.0;77.66666666666667;942.6999999999999;10.0;0.6666666666666666;4
83075;1993-04-09;15;15.4;11.7;0;1993;4;9;-23.43;-46.46;735;92.0;87.0;81.0;940.8;939.9;937.4;3;8;4;1.0;0.0;1.0;10.0;10.0;10.0;86.66666666666667;939.3666666666667;10.0;0.6666666666666666;3
83075;1993-04-10;8.7;29.4;16.7;5.2;1993;4;10;-23.43;-46.46;735;80.0;73.0;71.0;933.5;931.8;929.2;8;3;5;0.0;1.0;2.0;10.0;2.0;8.0;74.66666666666667;931.5;6.666666666666667;1.0;3
83075;1993-04-11;0;27.7;16.8;8;1993;4;11;-23.43;-46.46;735;80.0;73.0;62.0;935.9;934.4;930.3;3;2;3;1.0;2.0;4.0;9.0;10.0;8.0;71.66666666666667;933.5333333333333;9.0;2.3333333333333335;3
83075;1993-04-12;0;34.8;20.1;9.6;1993;4;12;-23.43;-46.46;735;79.0;71.0;35.0;931.3;930.5;923.0;4;8;7;1.0;0.0;2.0;10.0;0.0;8.0;61.666666666666664;928.2666666666668;6.0;1.0;4
83075;1993-04-13;11.9;29;17.7;7.3;1993;4;13;-23.43;-46.46;735;91.0;89.0;50.0;936.1;934.8;930.1;8;8;7;0.0;0.0;1.0;10.0;10.0;8.0;76.66666666666667;933.6666666666666;9.333333333333334;0.3333333333333333;7
83075;1993-04-14;13.6;28.8;17.3;6.5;1993;4;14;-23.43;-46.46;735;86.0;92.0;48.0;932.6;934.4;930.7;8;8;3;0.0;0.0;2.0;8.0;10.0;5.0;75.33333333333333;932.5666666666666;7.666666666666667;0.6666666666666666;3
83075;1993-04-15;0;28.9;16.5;6.3;1993;4;15;-23.43;-46.46;735;83.0;90.0;41.0;934.8;936.1;931.6;4;8;8;1.0;0.0;0.0;8.0;10.0;5.0;71.33333333333333;934.1666666666666;7.666666666666667;0.3333333333333333;4
83075;1993-04-16;0;28.6;15.4;6.7;1993;4;16;-23.43;-46.46;735;85.0;92.0;45.0;935.2;937.4;932.5;8;7;4;0.0;1.0;3.0;0.0;10.0;8.0;74.0;935.0333333333333;6.0;1.3333333333333333;7
83075;1993-04-18;0;28.4;16.1;6.7;1993;4;18;-23.43;-46.46;735;80.0;84.0;42.0;935.1;935.5;930.8;3;3;8;1.0;1.0;0.0;10.0;10.0;1.0;68.66666666666667;933.7999999999998;7.0;0.6666666666666666;3
83075;1993-04-19;0;29.8;18.5;8.1;1993;4;19;-23.43;-46.46;735;81.0;75.0;52.0;934.4;935.8;930.6;7;3;8;1.0;2.0;0.0;10.0;6.0;5.0;69.33333333333333;933.5999999999999;7.0;1.0;7
83075;1993-04-20;0;30.2;19;8;1993;4;20;-23.43;-46.46;735;84.0;85.0;45.0;934.9;936.1;931.1;4;8;8;2.0;0.0;0.0;10.0;9.0;8.0;71.33333333333333;934.0333333333333;9.0;0.6666666666666666;4
83075;1993-04-21;0;29.4;19.1;4.9;1993;4;21;-23.43;-46.46;735;80.0;80.0;67.0;933.6;935.7;932.5;5;8;4;1.0;0.0;1.0;6.0;0.0;10.0;75.66666666666667;933.9333333333334;5.333333333333333;0.6666666666666666;5
83075;1993-04-22;0;24.2;19.2;0.8;1993;4;22;-23.43;-46.46;735;83.0;81.0;63.0;935.1;937.2;934.3;5;4;4;1.0;2.0;3.0;8.0;10.0;9.0;75.66666666666667;935.5333333333334;9.0;2.0;5
83075;1993-04-23;0;26.6;17.5;2.7;1993;4;23;-23.43;-46.46;735;84.0;80.0;76.0;936.1;935.7;931.7;4;3;4;1.0;3.0;2.0;9.0;10.0;10.0;80.0;934.5;9.666666666666666;2.0;4
83075;1993-04-24;15.9;25.7;17.5;4.2;1993;4;24;-23.43;-46.46;735;78.0;82.0;54.0;934.3;933.2;929.5;8;8;4;0.0;0.0;3.0;10.0;9.0;10.0;71.33333333333333;932.3333333333334;9.666666666666666;1.0;4
83075;1993-04-26;0;27.4;14.7;6.7;1993;4;26;-23.43;-46.46;735;85.0;90.0;40.0;933.2;934.8;930.1;8;8;5;0.0;0.0;3.0;6.0;10.0;8.0;71.66666666666667;932.6999999999999;8.0;1.0;5
83075;1993-04-27;0;25.5;14.6;7.4;1993;4;27;-23.43;-46.46;735;80.0;92.0;57.0;933.7;937.6;933.6;8;8;4;0.0;0.0;3.0;10.0;10.0;8.0;76.33333333333333;934.9666666666667;9.333333333333334;1.0;4
83075;1993-04-28;0;27.4;15.8;8;1993;4;28;-23.43;-46.46;735;83.0;77.0;53.0;937.6;938.6;934.0;8;3;8;0.0;1.0;0.0;9.0;6.0;8.0;71.0;936.7333333333332;7.666666666666667;0.3333333333333333;3
83075;1993-04-29;0;26.6;18.1;3.3;1993;4;29;-23.43;-46.46;735;81.0;82.0;54.0;936.9;938.5;934.8;3;3;4;1.0;3.0;3.0;10.0;10.0;8.0;72.33333333333333;936.7333333333332;9.333333333333334;2.3333333333333335;3
83075;1993-04-30;0;26.4;16.4;5.3;1993;4;30;-23.43;-46.46;735;82.0;85.0;51.0;937.7;932.0;934.7;5;8;4;3.0;0.0;3.0;10.0;10.0;6.0;72.66666666666667;934.8000000000001;8.666666666666666;2.0;5
83075;1993-05-01;0;30.2;20.3;6;1993;5;1;-23.43;-46.46;735;81.0;66.0;58.0;928.8;929.1;924.6;8;0;7;0.0;1.0;4.0;9.0;6.0;8.0;68.33333333333333;927.5;7.666666666666667;1.6666666666666667;0
83075;1993-05-02;1.9;25.6;19.4;0.1;1993;5;2;-23.43;-46.46;735;88.0;78.0;69.0;931.0;931.3;928.5;8;8;7;0.0;0.0;2.0;10.0;9.0;10.0;78.33333333333333;930.2666666666668;9.666666666666666;0.6666666666666666;7
83075;1993-05-03;1.1;23.6;19.3;0;1993;5;3;-23.43;-46.46;735;91.0;89.0;75.0;936.7;937.1;935.1;4;3;3;1.0;1.0;3.0;10.0;10.0;10.0;85.0;936.3000000000001;10.0;1.6666666666666667;4
83075;1993-05-04;0;30.7;20;8.7;1993;5;4;-23.43;-46.46;735;86.0;80.0;49.0;928.2;929.1;923.4;5;8;7;1.0;0.0;3.0;9.0;2.0;6.0;71.66666666666667;926.9000000000001;5.666666666666667;1.3333333333333333;5
83075;1993-05-05;0;26.6;17.1;4.6;1993;5;5;-23.43;-46.46;735;68.0;72.0;15.0;928.9;932.1;929.3;8;7;0;0.0;8.0;2.0;8.0;8.0;5.0;51.666666666666664;930.1;7.0;3.3333333333333335;7
83075;1993-05-06;2.5;20.4;14.3;0.3;1993;5;6;-23.43;-46.46;735;71.0;88.0;74.0;933.9;937.5;934.4;8;7;0;0.0;1.0;5.0;10.0;9.0;9.0;77.66666666666667;935.2666666666668;9.333333333333334;2.0;7
83075;1993-05-07;0;28.4;13.9;8.5;1993;5;7;-23.43;-46.46;735;65.0;64.0;27.0;933.2;935.6;929.0;8;8;7;0.0;0.0;4.0;0.0;0.0;4.0;52.0;932.6;1.3333333333333333;1.3333333333333333;7
83075;1993-05-08;0;24.6;13.1;6.4;1993;5;8;-23.43;-46.46;735;87.0;82.0;55.0;941.9;941.9;937.6;5;3;8;1.0;4.0;0.0;10.0;10.0;4.0;74.66666666666667;940.4666666666667;8.0;1.6666666666666667;5
83075;1993-05-09;0;28;12.1;8.2;1993;5;9;-23.43;-46.46;735;85.0;82.0;41.0;937.4;934.3;929.1;8;8;7;0.0;0.0;3.0;10.0;2.0;4.0;69.33333333333333;933.5999999999999;5.333333333333333;1.0;7
83075;1993-05-11;0;31.6;19.5;9.3;1993;5;11;-23.43;-46.46;735;78.0;68.0;38.0;932.0;929.9;923.5;3;8;7;3.0;0.0;1.0;10.0;2.0;8.0;61.333333333333336;928.4666666666667;6.666666666666667;1.3333333333333333;3
83075;1993-05-12;25.4;33;20.7;6.7;1993;5;12;-23.43;-46.46;735;79.0;63.0;42.0;928.2;929.3;924.6;8;7;8;0.0;1.0;0.0;6.0;9.0;8.0;61.333333333333336;927.3666666666667;7.666666666666667;0.3333333333333333;7
83075;1993-05-14;7.5;24.4;17.1;0;1993;5;14;-23.43;-46.46;735;55.0;86.0;77.0;923.8;926.6;927.7;0;8;7;1.0;0.0;5.0;10.0;10.0;10.0;72.66666666666667;926.0333333333334;10.0;2.0;0
83075;1993-05-15;9.3;17.8;12.9;0;1993;5;15;-23.43;-46.46;735;87.0;91.0;87.0;931.9;937.1;936.1;7;5;4;2.0;2.0;1.0;10.0;10.0;10.0;88.33333333333333;935.0333333333333;10.0;1.6666666666666667;7
83075;1993-05-16;0.3;18.6;13.2;0.2;1993;5;16;-23.43;-46.46;735;87.0;84.0;88.0;939.4;941.0;939.9;4;8;5;1.0;0.0;1.0;10.0;10.0;10.0;86.33333333333333;940.1;10.0;0.6666666666666666;4
83075;1993-05-17;0;21.6;13.5;5.4;1993;5;17;-23.43;-46.46;735;86.0;81.0;66.0;941.7;942.7;939.9;3;8;3;3.0;0.0;3.0;10.0;9.0;8.0;77.66666666666667;941.4333333333334;9.0;2.0;3
83075;1993-05-18;0;23.2;14.1;8.3;1993;5;18;-23.43;-46.46;735;85.0;75.0;50.0;941.8;941.7;937.5;4;8;3;1.0;0.0;3.0;8.0;1.0;5.0;70.0;940.3333333333334;4.666666666666667;1.3333333333333333;4
83075;1993-05-19;0;23.2;15.7;6.1;1993;5;19;-23.43;-46.46;735;82.0;77.0;53.0;940.0;940.2;936.4;3;3;4;1.0;1.0;1.0;9.0;9.0;5.0;70.66666666666667;938.8666666666667;7.666666666666667;1.0;3
83075;1993-05-20;0;22.8;12.6;7.8;1993;5;20;-23.43;-46.46;735;83.0;85.0;45.0;938.8;940.6;937.3;8;3;3;0.0;1.0;1.0;10.0;9.0;5.0;71.0;938.9;8.0;0.6666666666666666;3
83075;1993-05-21;0;22.4;11.6;6.9;1993;5;21;-23.43;-46.46;735;84.0;71.0;58.0;939.4;940.8;937.5;3;3;4;2.0;1.0;1.0;8.0;1.0;8.0;71.0;939.2333333333332;5.666666666666667;1.3333333333333333;3
83075;1993-05-22;0;22.8;11.1;8.1;1993;5;22;-23.43;-46.46;735;78.0;83.0;49.0;939.7;940.7;936.9;8;0;8;0.0;3.0;0.0;0.0;8.0;0.0;70.0;939.1;2.6666666666666665;1.0;0
83075;1993-05-23;0;22.9;12.1;7.1;1993;5;23;-23.43;-46.46;735;78.0;87.0;40.0;938.8;941.1;936.8;2;8;8;1.0;0.0;0.0;0.0;9.0;1.0;68.33333333333333;938.9;3.3333333333333335;0.3333333333333333;2
83075;1993-05-24;0;22.4;12.5;9;1993;5;24;-23.43;-46.46;735;85.0;76.0;48.0;939.1;940.1;936.2;8;1;3;0.0;2.0;1.0;0.0;4.0;5.0;69.66666666666667;938.4666666666667;3.0;1.0;1
83075;1993-05-25;0;23.8;12.1;6.8;1993;5;25;-23.43;-46.46;735;83.0;90.0;51.0;937.9;937.8;933.0;8;8;3;0.0;0.0;2.0;5.0;8.0;6.0;74.66666666666667;936.2333333333332;6.333333333333333;0.6666666666666666;3
83075;1993-05-26;0;25.2;13.7;6.5;1993;5;26;-23.43;-46.46;735;85.0;93.0;49.0;934.8;934.8;930.1;3;8;7;3.0;0.0;2.0;10.0;10.0;6.0;75.66666666666667;933.2333333333332;8.666666666666666;1.6666666666666667;3
83075;1993-05-28;3.1;18.2;12.1;0;1993;5;28;-23.43;-46.46;735;81.0;84.0;76.0;937.9;942.2;941.0;4;4;3;1.0;3.0;3.0;10.0;10.0;10.0;80.33333333333333;940.3666666666667;10.0;2.3333333333333335;4
83075;1993-05-29;0;19.7;12.5;3.3;1993;5;29;-23.43;-46.46;735;84.0;77.0;68.0;941.5;940.3;928.7;4;4;4;1.0;1.0;1.0;10.0;10.0;6.0;76.33333333333333;936.8333333333334;8.666666666666666;1.0;4
83075;1993-05-30;7.6;18.8;13.1;0;1993;5;30;-23.43;-46.46;735;79.0;95.0;92.0;936.5;937.3;933.7;3;8;7;1.0;0.0;1.0;5.0;10.0;10.0;88.66666666666667;935.8333333333334;8.333333333333334;0.6666666666666666;3
83075;1993-05-31;54.4;23.6;14.5;3.9;1993;5;31;-23.43;-46.46;735;93.0;85.0;66.0;932.1;933.7;932.4;7;7;7;1.0;3.0;3.0;6.0;8.0;8.0;81.33333333333333;932.7333333333335;7.333333333333333;2.3333333333333335;7
83075;1993-06-01;1.5;31.8;20.4;9.6;1993;6;1;-23.43;-46.46;735;79.0;63.0;43.0;927.5;928.5;923.5;7;7;5;3.0;2.0;4.0;10.0;5.0;6.0;61.666666666666664;926.5;7.0;3.0;7
83075;1993-06-02;1.5;26.6;19.8;0.2;1993;6;2;-23.43;-46.46;735;90.0;74.0;64.0;930.9;931.6;928.6;8;8;7;0.0;0.0;1.0;10.0;9.0;9.0;76.0;930.3666666666667;9.333333333333334;0.3333333333333333;7
83075;1993-06-03;2.1;31.6;19.1;6.8;1993;6;3;-23.43;-46.46;735;85.0;76.0;43.0;936.9;936.2;930.2;4;3;7;4.0;1.0;1.0;10.0;8.0;4.0;68.0;934.4333333333334;7.333333333333333;2.0;4
83075;1993-06-04;7.3;30.2;20.2;9.2;1993;6;4;-23.43;-46.46;735;85.0;70.0;50.0;927.5;928.9;924.1;8;7;8;0.0;2.0;0.0;10.0;4.0;6.0;68.33333333333333;926.8333333333334;6.666666666666667;0.6666666666666666;7
83075;1993-06-05;10;21.6;16.4;0;1993;6;5;-23.43;-46.46;735;87.0;83.0;75.0;932.6;936.3;934.7;8;8;3;0.0;0.0;1.4;10.0;10.0;10.0;81.66666666666667;934.5333333333334;10.0;0.4666666666666666;3
83075;1993-06-07;0;27.6;14.6;8.4;1993;6;7;-23.43;-46.46;735;46.0;49.0;29.0;931.0;931.7;926.1;8;7;7;0.0;3.0;4.0;5.0;0.0;0.0;41.333333333333336;929.6;1.6666666666666667;2.3333333333333335;7
83075;1993-06-08;0;27.2;13.9;7.2;1993;6;8;-23.43;-46.46;735;88.0;89.0;37.0;940.2;940.5;934.7;4;3;8;1.0;1.0;0.0;10.0;10.0;4.0;71.33333333333333;938.4666666666667;8.0;0.6666666666666666;4
83075;1993-06-09;0;32;15.1;8.8;1993;6;9;-23.43;-46.46;735;76.0;73.0;30.0;931.0;931.6;925.4;8;8;7;0.0;0.0;3.0;0.0;0.0;2.0;59.666666666666664;929.3333333333334;0.6666666666666666;1.0;7
83075;1993-06-10;16.5;18;11.6;0.7;1993;6;10;-23.43;-46.46;735;85.0;86.0;79.0;936.0;937.6;937.7;5;4;4;1.0;2.0;4.0;10.0;10.0;10.0;83.33333333333333;937.1;10.0;2.3333333333333335;5
83075;1993-06-11;0;31.2;19.4;3.5;1993;6;11;-23.43;-46.46;735;60.0;53.0;45.0;926.1;926.7;922.9;8;7;8;0.0;5.0;0.0;6.0;10.0;8.0;52.666666666666664;925.2333333333335;8.0;1.6666666666666667;7
83075;1993-06-12;0;30.4;16.1;1.1;1993;6;12;-23.43;-46.46;735;82.0;74.0;90.0;930.7;930.8;936.3;4;8;5;1.0;0.0;3.0;10.0;10.0;10.0;82.0;932.6;10.0;1.3333333333333333;4
83075;1993-06-13;0;18.9;9.6;5;1993;6;13;-23.43;-46.46;735;75.0;81.0;72.0;943.3;943.6;940.1;3;8;8;2.0;0.0;0.0;8.0;5.0;8.0;76.0;942.3333333333334;7.0;0.6666666666666666;3
83075;1993-06-14;0;20.4;11.7;8.4;1993;6;14;-23.43;-46.46;735;87.0;78.0;50.0;941.9;942.4;938.0;8;3;2;0.0;1.0;2.0;2.0;5.0;5.0;71.66666666666667;940.7666666666668;4.0;1.0;3
83075;1993-06-16;0;22.2;11.1;5.9;1993;6;16;-23.43;-46.46;735;67.0;80.0;46.0;940.8;941.9;937.0;8;8;7;0.0;0.0;2.0;8.0;2.0;6.0;64.33333333333333;939.9;5.333333333333333;0.6666666666666666;7
83075;1993-06-17;0;22.2;12.3;0.8;1993;6;17;-23.43;-46.46;735;79.0;81.0;49.0;939.0;938.4;934.1;7;8;0;1.0;0.0;2.0;8.0;10.0;10.0;69.66666666666667;937.1666666666666;9.333333333333334;1.0;7
83075;1993-06-19;9;18.2;11.5;0.9;1993;6;19;-23.43;-46.46;735;87.0;82.0;52.0;934.1;938.0;935.3;1;8;3;1.0;0.0;1.0;9.0;10.0;6.0;73.66666666666667;935.7999999999998;8.333333333333334;0.6666666666666666;1
83075;1993-06-20;0;19.6;10.1;8;1993;6;20;-23.43;-46.46;735;84.0;85.0;52.0;939.3;941.0;937.2;6;4;8;1.0;3.0;0.0;10.0;8.0;2.0;73.66666666666667;939.1666666666666;6.666666666666667;1.3333333333333333;6
83075;1993-06-21;0;23.6;10;8;1993;6;21;-23.43;-46.46;735;89.0;85.0;37.0;939.8;940.4;935.7;8;3;8;0.0;1.0;0.0;10.0;8.0;4.0;70.33333333333333;938.6333333333332;7.333333333333333;0.3333333333333333;3
83075;1993-06-22;0;24.8;9.8;8.2;1993;6;22;-23.43;-46.46;735;79.0;85.0;43.0;937.3;938.8;934.3;8;8;7;0.0;0.0;3.0;10.0;0.0;2.0;69.0;936.7999999999998;4.0;1.0;7
83075;1993-06-23;0;24.4;9.8;7.4;1993;6;23;-23.43;-46.46;735;80.0;78.0;46.0;936.9;939.3;935.1;8;8;6;0.0;0.0;2.0;0.0;0.0;6.0;68.0;937.0999999999999;2.0;0.6666666666666666;6
83075;1993-06-24;0;24.6;11.1;7.5;1993;6;24;-23.43;-46.46;735;80.0;83.0;37.0;937.9;938.0;933.9;8;8;0;0.0;0.0;4.0;8.0;0.0;2.0;66.66666666666667;936.6;3.3333333333333335;1.3333333333333333;0
83075;1993-06-26;0;25;12.7;7.1;1993;6;26;-23.43;-46.46;735;85.0;85.0;39.0;938.2;936.8;932.7;4;8;0;2.0;0.0;3.0;10.0;0.0;0.0;69.66666666666667;935.9;3.3333333333333335;1.6666666666666667;4
83075;1993-06-27;0;24.6;12.1;7.5;1993;6;27;-23.43;-46.46;735;75.0;67.0;36.0;934.4;935.9;930.9;8;8;0;0.0;0.0;3.0;0.0;1.0;5.0;59.333333333333336;933.7333333333332;2.0;1.0;0
83075;1993-06-28;0;25;13.9;8.3;1993;6;28;-23.43;-46.46;735;63.0;62.0;37.0;933.3;935.1;931.6;8;8;7;0.0;0.0;5.0;0.0;6.0;4.0;54.0;933.3333333333334;3.3333333333333335;1.6666666666666667;7
83075;1993-06-29;0;25.2;14.5;6.5;1993;6;29;-23.43;-46.46;735;68.0;61.0;41.0;933.5;934.3;930.2;8;8;7;0.0;0.0;3.0;8.0;4.0;6.0;56.666666666666664;932.6666666666666;6.0;1.0;7
83075;1993-06-30;0;25.1;13.5;7;1993;6;30;-23.43;-46.46;735;66.0;76.0;51.0;932.0;933.8;929.1;8;8;7;0.0;0.0;4.0;4.0;2.0;6.0;64.33333333333333;931.6333333333333;4.0;1.3333333333333333;7
83075;1993-07-01;11.2;31.8;19.6;9;1993;7;1;-23.43;-46.46;735;86.0;69.0;46.0;927.6;929.4;923.5;8;7;7;0.0;2.0;3.0;9.0;4.0;6.0;67.0;926.8333333333334;6.333333333333333;1.6666666666666667;7
83075;1993-07-02;0.3;28.8;20.4;3.1;1993;7;2;-23.43;-46.46;735;75.0;61.0;66.0;931.0;930.8;928.0;8;8;0;0.0;0.0;2.0;10.0;9.0;9.0;67.33333333333333;929.9333333333334;9.333333333333334;0.6666666666666666;0
83075;1993-07-03;0;32.2;19.5;8.5;1993;7;3;-23.43;-46.46;735;85.0;74.0;41.0;934.4;935.2;929.8;8;8;0;0.0;0.0;1.0;8.0;5.0;6.0;66.66666666666667;933.1333333333332;6.333333333333333;0.3333333333333333;0
83075;1993-07-04;0;31.2;21.9;9.3;1993;7;4;-23.43;-46.46;735;65.0;68.0;50.0;926.9;929.3;924.5;0;0;7;1.0;1.0;2.0;8.0;2.0;8.0;61.0;926.9;6.0;1.3333333333333333;0
83075;1993-07-05;0;26.8;17.3;8.3;1993;7;5;-23.43;-46.46;735;83.0;85.0;55.0;937.4;937.9;934.3;4;3;8;1.8;3.0;0.0;10.0;9.0;5.0;74.33333333333333;936.5333333333333;8.0;1.5999999999999999;4
83075;1993-07-07;0;21.4;12.3;1.3;1993;7;7;-23.43;-46.46;735;58.0;77.0;75.0;930.5;934.4;935.0;8;7;5;0.0;5.0;3.0;6.0;10.0;10.0;70.0;933.3000000000001;8.666666666666666;2.6666666666666665;7
83075;1993-07-09;0;31.8;17.9;6.4;1993;7;9;-23.43;-46.46;735;71.0;68.0;44.0;928.6;933.0;926.1;8;8;7;0.0;0.0;2.0;0.0;2.0;10.0;61.0;929.2333333333332;4.0;0.6666666666666666;7
83075;1993-07-10;1.7;19.4;10.3;5.3;1993;7;10;-23.43;-46.46;735;78.0;93.0;62.0;940.2;940.8;937.8;4;8;4;3.0;0.0;6.0;10.0;10.0;9.0;77.66666666666667;939.6;9.666666666666666;3.0;4
83075;1993-07-12;44.3;33.5;16.1;9.6;1993;7;12;-23.43;-46.46;735;86.0;64.0;41.0;931.5;931.1;925.2;8;8;7;0.0;0.0;2.0;10.0;1.0;8.0;63.666666666666664;929.2666666666668;6.333333333333333;0.6666666666666666;7
83075;1993-07-13;0;25;15.2;6.8;1993;7;13;-23.43;-46.46;735;74.0;81.0;52.0;936.9;936.5;933.6;7;3;7;1.0;1.0;3.0;10.0;2.0;5.0;69.0;935.6666666666666;5.666666666666667;1.6666666666666667;7
83075;1993-07-14;0.4;17.7;11.3;0;1993;7;14;-23.43;-46.46;735;85.0;91.0;89.0;937.9;940.3;938.7;5;3;5;1.0;1.0;1.0;10.0;10.0;10.0;88.33333333333333;938.9666666666666;10.0;1.0;5
83075;1993-07-15;9.3;14.2;10.2;0;1993;7;15;-23.43;-46.46;735;83.0;72.0;84.0;940.8;941.1;939.6;7;8;8;3.0;0.0;0.0;10.0;10.0;10.0;79.66666666666667;940.5;10.0;1.0;7
83075;1993-07-16;0;16;10.1;0;1993;7;16;-23.43;-46.46;735;88.0;94.0;83.0;941.7;942.5;939.5;8;8;3;0.0;0.0;1.0;9.0;10.0;10.0;88.33333333333333;941.2333333333332;9.666666666666666;0.3333333333333333;3
83075;1993-07-17;0;19.5;11.1;1.1;1993;7;17;-23.43;-46.46;735;91.0;87.0;73.0;941.8;942.5;940.0;8;3;1;0.0;1.0;1.0;10.0;10.0;10.0;83.66666666666667;941.4333333333334;10.0;0.6666666666666666;3
83075;1993-07-20;0;25.8;11.7;7.7;1993;7;20;-23.43;-46.46;735;88.0;93.0;37.0;938.8;940.8;936.3;8;8;5;0.0;0.0;1.0;4.0;0.0;0.0;72.66666666666667;938.6333333333332;1.3333333333333333;0.3333333333333333;5
83075;1993-07-21;0;26;14.1;7.3;1993;7;21;-23.43;-46.46;735;73.0;76.0;50.0;938.1;940.6;936.1;7;8;1;1.0;0.0;1.0;1.0;0.0;0.0;66.33333333333333;938.2666666666668;0.3333333333333333;0.6666666666666666;7
83075;1993-07-22;0;26.6;11.6;9;1993;7;22;-23.43;-46.46;735;73.0;74.0;39.0;938.8;940.4;935.2;8;8;7;0.0;0.0;1.0;9.0;0.0;0.0;62.0;938.1333333333332;3.0;0.3333333333333333;7
83075;1993-07-23;0;26.4;12.1;8.4;1993;7;23;-23.43;-46.46;735;74.0;74.0;35.0;938.1;939.3;934.5;8;8;7;0.0;0.0;2.0;0.0;0.0;0.0;61.0;937.3000000000001;0.0;0.6666666666666666;7
83075;1993-07-24;0;25.4;12.1;8.8;1993;7;24;-23.43;-46.46;735;64.0;71.0;33.0;937.2;939.0;934.8;8;8;0;0.0;0.0;3.0;0.0;0.0;2.0;56.0;937.0;0.6666666666666666;1.0;0
83075;1993-07-25;0;16.2;11.5;0;1993;7;25;-23.43;-46.46;735;81.0;80.0;80.0;939.2;939.6;937.5;3;4;4;3.0;3.0;3.0;10.0;10.0;10.0;80.33333333333333;938.7666666666668;10.0;3.0;3
83075;1993-07-26;0;16.4;10.2;1.7;1993;7;26;-23.43;-46.46;735;83.0;72.0;67.0;939.1;939.0;936.3;4;5;3;4.0;1.0;5.0;10.0;10.0;10.0;74.0;938.1333333333332;10.0;3.3333333333333335;4
83075;1993-07-27;0;16.8;10.7;0;1993;7;27;-23.43;-46.46;735;68.0;83.0;69.0;938.2;939.2;936.4;4;3;3;6.0;1.0;3.0;10.0;10.0;10.0;73.33333333333333;937.9333333333334;10.0;3.3333333333333335;4
83075;1993-07-28;0;23.1;10.7;5.9;1993;7;28;-23.43;-46.46;735;87.0;81.0;62.0;939.1;940.3;935.5;3;3;3;3.0;1.0;1.0;10.0;10.0;6.0;76.66666666666667;938.3000000000001;8.666666666666666;1.6666666666666667;3
83075;1993-07-29;0;26.4;12.9;4.6;1993;7;29;-23.43;-46.46;735;82.0;89.0;59.0;937.3;938.0;933.3;8;2;8;0.0;1.0;0.0;0.0;9.0;9.0;76.66666666666667;936.1999999999999;6.0;0.3333333333333333;2
83075;1993-07-30;0;22.2;14.3;0.7;1993;7;30;-23.43;-46.46;735;75.0;84.0;71.0;936.3;937.9;935.3;8;7;8;0.0;1.0;0.0;10.0;10.0;10.0;76.66666666666667;936.5;10.0;0.3333333333333333;7
83075;1993-07-31;0.7;19.7;10.4;1.6;1993;7;31;-23.43;-46.46;735;84.0;80.0;56.0;936.9;939.3;936.9;8;8;7;0.0;0.0;2.0;10.0;10.0;10.0;73.33333333333333;937.6999999999999;10.0;0.6666666666666666;7
83075;1993-08-01;4.3;28.4;19.3;3.8;1993;8;1;-23.43;-46.46;735;85.0;84.0;56.0;927.5;930.2;925.9;8;7;7;0.0;1.0;3.0;10.0;10.0;8.0;75.0;927.8666666666667;9.333333333333334;1.3333333333333333;7
83075;1993-08-02;7.6;30;20.2;2.7;1993;8;2;-23.43;-46.46;735;88.0;74.0;54.0;930.1;931.7;927.7;8;7;0;0.0;1.0;2.0;10.0;9.0;8.0;72.0;929.8333333333334;9.0;1.0;7
83075;1993-08-03;11.9;33.2;20.9;9.7;1993;8;3;-23.43;-46.46;735;80.0;68.0;35.0;933.3;933.8;928.5;8;8;7;0.0;0.0;3.0;5.0;1.0;8.0;61.0;931.8666666666667;4.666666666666667;1.0;7
83075;1993-08-04;0;28.8;17.6;4.4;1993;8;4;-23.43;-46.46;735;71.0;69.0;66.0;927.0;927.7;923.5;8;7;7;0.0;3.0;1.0;5.0;6.0;10.0;68.66666666666667;926.0666666666666;7.0;1.3333333333333333;7
83075;1993-08-05;0;26.8;15.5;8.6;1993;8;5;-23.43;-46.46;735;81.0;81.0;44.0;937.0;937.7;933.6;5;8;8;3.0;0.0;0.0;10.0;2.0;1.0;68.66666666666667;936.1;4.333333333333333;1.0;5
83075;1993-08-06;0;25.4;15.4;6.2;1993;8;6;-23.43;-46.46;735;86.0;86.0;56.0;935.4;936.0;932.1;8;3;7;0.0;1.0;3.0;10.0;1.0;6.0;76.0;934.5;5.666666666666667;1.3333333333333333;3
83075;1993-08-07;0;17.2;11;1.9;1993;8;7;-23.43;-46.46;735;83.0;82.0;70.0;938.0;938.3;935.0;4;3;3;3.0;3.0;3.0;10.0;10.0;9.0;78.33333333333333;937.1;9.666666666666666;3.0;4
83075;1993-08-08;0;28.8;12.9;9.2;1993;8;8;-23.43;-46.46;735;68.0;65.0;31.0;934.3;935.0;930.2;8;8;7;0.0;0.0;3.0;8.0;6.0;6.0;54.666666666666664;933.1666666666666;6.666666666666667;1.0;7
83075;1993-08-09;4.1;24.2;17.1;0.1;1993;8;9;-23.43;-46.46;735;51.0;81.0;62.0;930.8;936.1;933.8;7;2;8;5.0;5.0;0.0;10.0;9.0;9.0;64.66666666666667;933.5666666666666;9.333333333333334;3.3333333333333335;7
83075;1993-08-10;0;24.4;12.1;8.4;1993;8;10;-23.43;-46.46;735;80.0;66.0;45.0;939.7;940.1;935.8;4;3;3;3.0;4.0;1.0;9.0;10.0;4.0;63.666666666666664;938.5333333333334;7.666666666666667;2.6666666666666665;4
83075;1993-08-11;0;21.6;17.5;0;1993;8;11;-23.43;-46.46;735;85.0;85.0;77.0;934.3;937.2;936.1;8;5;4;0.0;2.0;2.0;10.0;10.0;10.0;82.33333333333333;935.8666666666667;10.0;1.3333333333333333;5
83075;1993-08-13;0;21.6;8.4;8.1;1993;8;13;-23.43;-46.46;735;72.0;70.0;38.0;941.2;941.2;937.0;8;3;8;0.0;1.0;0.0;10.0;5.0;8.0;60.0;939.8000000000001;7.666666666666667;0.3333333333333333;3
83075;1993-08-14;0;18.2;9.1;0;1993;8;14;-23.43;-46.46;735;79.0;85.0;67.0;940.7;939.6;936.9;8;4;2;0.0;2.0;1.0;8.0;10.0;10.0;77.0;939.0666666666667;9.333333333333334;1.0;4
83075;1993-08-15;0;19.6;10.9;1.3;1993;8;15;-23.43;-46.46;735;87.0;75.0;59.0;939.4;940.7;937.9;4;3;3;1.0;4.0;2.0;10.0;10.0;10.0;73.66666666666667;939.3333333333334;10.0;2.3333333333333335;4
83075;1993-08-16;0;23;13.1;4.3;1993;8;16;-23.43;-46.46;735;81.0;81.0;55.0;940.2;941.1;936.5;4;3;3;1.0;4.0;1.0;6.0;10.0;8.0;72.33333333333333;939.2666666666668;8.0;2.0;4
83075;1993-08-17;0;24.6;11.9;5.5;1993;8;17;-23.43;-46.46;735;84.0;85.0;43.0;939.2;940.4;934.4;8;3;7;0.0;1.0;5.0;10.0;10.0;8.0;70.66666666666667;938.0;9.333333333333334;2.0;3
83075;1993-08-18;0;23.2;12.3;1.4;1993;8;18;-23.43;-46.46;735;72.0;87.0;79.0;936.1;937.4;935.1;8;8;4;0.0;0.0;4.0;5.0;10.0;10.0;79.33333333333333;936.1999999999999;8.333333333333334;1.3333333333333333;4
83075;1993-08-19;0;20.6;10;4.8;1993;8;19;-23.43;-46.46;735;82.0;73.0;43.0;939.0;939.7;935.6;4;4;8;3.0;1.0;0.0;9.0;10.0;4.0;66.0;938.1;7.666666666666667;1.3333333333333333;4
83075;1993-08-20;0;22.6;10.2;6.1;1993;8;20;-23.43;-46.46;735;86.0;82.0;28.0;939.4;940.2;936.1;8;4;8;0.0;1.0;0.0;10.0;10.0;5.0;65.33333333333333;938.5666666666666;8.333333333333334;0.3333333333333333;4
83075;1993-08-21;0;17.6;10.9;1.8;1993;8;21;-23.43;-46.46;735;77.0;72.0;59.0;941.0;931.5;941.4;4;7;5;3.0;3.0;2.0;9.0;10.0;4.0;69.33333333333333;937.9666666666667;7.666666666666667;2.6666666666666665;4
83075;1993-08-22;0;22;8.5;9.1;1993;8;22;-23.43;-46.46;735;77.0;74.0;40.0;943.7;943.6;938.3;4;3;4;2.0;1.0;3.0;4.0;2.0;1.0;63.666666666666664;941.8666666666668;2.3333333333333335;2.0;4
83075;1993-08-23;0;20.6;11.5;0;1993;8;23;-23.43;-46.46;735;79.0;79.0;63.0;941.4;939.7;935.8;4;8;8;3.0;0.0;0.0;9.0;10.0;10.0;73.66666666666667;938.9666666666666;9.666666666666666;1.0;4
83075;1993-08-24;23.8;17.8;13.4;0;1993;8;24;-23.43;-46.46;735;92.0;93.0;88.0;937.4;936.4;934.1;0;8;8;1.0;0.0;0.0;10.0;10.0;10.0;91.0;935.9666666666667;10.0;0.3333333333333333;0
83075;1993-08-25;12.2;23.8;12.5;8.8;1993;8;25;-23.43;-46.46;735;93.0;75.0;56.0;936.2;936.2;932.9;8;7;7;0.0;3.0;4.0;10.0;4.0;5.0;74.66666666666667;935.1;6.333333333333333;2.3333333333333335;7
83075;1993-08-26;0;25.8;12.4;5.7;1993;8;26;-23.43;-46.46;735;78.0;86.0;45.0;936.0;937.8;932.7;8;8;7;0.0;0.0;4.0;10.0;10.0;8.0;69.66666666666667;935.5;9.333333333333334;1.3333333333333333;7
83075;1993-08-27;0;27.5;13.6;7.8;1993;8;27;-23.43;-46.46;735;71.0;68.0;33.0;935.3;935.6;931.3;8;8;6;0.0;0.0;4.0;0.0;0.0;8.0;57.333333333333336;934.0666666666666;2.6666666666666665;1.3333333333333333;6
83075;1993-08-31;0;32.8;15.4;8.1;1993;8;31;-23.43;-46.46;735;54.0;45.0;23.0;928.5;932.0;926.3;8;3;7;0.0;1.0;5.0;1.0;8.0;5.0;40.666666666666664;928.9333333333334;4.666666666666667;2.0;3
83075;1993-09-01;0.3;29.6;19.3;2.2;1993;9;1;-23.43;-46.46;735;78.0;80.0;57.0;928.9;928.9;925.1;7;7;7;3.0;3.0;3.0;10.0;10.0;8.0;71.66666666666667;927.6333333333333;9.333333333333334;3.0;7
83075;1993-09-02;1.7;27;20.7;0;1993;9;2;-23.43;-46.46;735;70.0;78.0;62.0;929.7;932.6;929.6;8;8;0;0.0;0.0;3.0;9.0;10.0;9.0;70.0;930.6333333333333;9.333333333333334;1.0;0
83075;1993-09-03;0;31.6;20.7;6.6;1993;9;3;-23.43;-46.46;735;65.0;74.0;51.0;930.8;932.2;927.9;8;5;4;0.0;1.0;3.0;5.0;0.0;8.0;63.333333333333336;930.3000000000001;4.333333333333333;1.3333333333333333;5
83075;1993-09-04;11.6;24.2;16.2;7;1993;9;4;-23.43;-46.46;735;85.0;73.0;67.0;929.2;930.2;929.7;8;8;4;0.0;0.0;3.0;10.0;2.0;8.0;75.0;929.7000000000002;6.666666666666667;1.0;4
83075;1993-09-06;0;25.8;14.7;4.2;1993;9;6;-23.43;-46.46;735;73.0;70.0;49.0;933.8;934.1;931.3;8;8;7;0.0;0.0;3.0;0.0;8.0;8.0;64.0;933.0666666666666;5.333333333333333;1.0;7
83075;1993-09-07;0;26.2;11.9;4.4;1993;9;7;-23.43;-46.46;735;83.0;87.0;49.0;936.9;938.2;934.7;1;3;7;1.0;3.0;5.0;10.0;10.0;8.0;73.0;936.6;9.333333333333334;3.0;1
83075;1993-09-08;0;28.2;13.6;5.5;1993;9;8;-23.43;-46.46;735;58.0;68.0;30.0;932.2;934.0;928.7;8;8;7;0.0;0.0;3.0;0.0;6.0;8.0;52.0;931.6333333333333;4.666666666666667;1.0;7
83075;1993-09-09;0;18;14.9;0;1993;9;9;-23.43;-46.46;735;85.0;88.0;90.0;936.0;937.7;936.4;4;8;3;1.0;0.0;2.0;10.0;10.0;10.0;87.66666666666667;936.6999999999999;10.0;1.0;4
83075;1993-09-11;0;27;15.4;9.8;1993;9;11;-23.43;-46.46;735;77.0;61.0;60.0;937.9;937.4;934.4;3;3;4;5.0;3.0;5.0;8.0;0.0;6.0;66.0;936.5666666666666;4.666666666666667;4.333333333333333;3
83075;1993-09-12;0.6;26.5;21;2.3;1993;9;12;-23.43;-46.46;735;88.0;76.0;68.0;931.1;931.2;928.0;4;4;4;1.0;1.0;3.0;10.0;10.0;6.0;77.33333333333333;930.1;8.666666666666666;1.6666666666666667;4
83075;1993-09-13;0;21.8;11.4;8.4;1993;9;13;-23.43;-46.46;735;82.0;71.0;49.0;943.3;942.6;937.5;3;3;4;3.0;1.0;3.0;8.0;8.0;6.0;67.33333333333333;941.1333333333333;7.333333333333333;2.3333333333333335;3
83075;1993-09-14;0;22.5;13.2;3;1993;9;14;-23.43;-46.46;735;83.0;74.0;57.0;940.1;938.1;933.3;3;3;3;5.0;3.0;1.0;10.0;9.0;9.0;71.33333333333333;937.1666666666666;9.333333333333334;3.0;3
83075;1993-09-15;5.5;22.6;14.2;0.3;1993;9;15;-23.43;-46.46;735;88.0;86.0;86.0;937.7;929.0;933.5;3;8;8;1.0;0.0;0.0;10.0;10.0;10.0;86.66666666666667;933.4;10.0;0.3333333333333333;3
83075;1993-09-16;30.3;24.2;14.1;5.8;1993;9;16;-23.43;-46.46;735;90.0;73.0;56.0;935.8;934.5;930.4;8;7;7;0.0;3.0;5.0;10.0;4.0;8.0;73.0;933.5666666666666;7.333333333333333;2.6666666666666665;7
83075;1993-09-17;4.2;22.4;14.1;5.9;1993;9;17;-23.43;-46.46;735;86.0;89.0;67.0;933.5;935.1;932.4;8;8;4;0.0;0.0;4.0;2.0;10.0;6.0;80.66666666666667;933.6666666666666;6.0;1.3333333333333333;4
83075;1993-09-18;0;26.5;12.3;9.8;1993;9;18;-23.43;-46.46;735;78.0;71.0;38.0;935.8;935.0;929.4;4;3;5;1.0;1.0;1.0;9.0;0.0;1.0;62.333333333333336;933.4;3.3333333333333335;1.0;4
83075;1993-09-20;0;31.4;16.9;2.4;1993;9;20;-23.43;-46.46;735;64.0;66.0;48.0;930.0;929.1;925.7;8;8;6;0.0;0.0;3.0;10.0;0.0;8.0;59.333333333333336;928.2666666666668;6.0;1.0;6
83075;1993-09-21;0.3;18.2;15.3;0;1993;9;21;-23.43;-46.46;735;87.0;92.0;93.0;931.2;933.6;934.6;8;5;4;0.0;3.0;1.0;8.0;10.0;10.0;90.66666666666667;933.1333333333333;9.333333333333334;1.3333333333333333;5
83075;1993-09-22;42.2;18;13.7;0;1993;9;22;-23.43;-46.46;735;94.0;86.0;89.0;934.6;936.1;933.1;4;5;5;1.0;1.0;2.0;10.0;10.0;10.0;89.66666666666667;934.6;10.0;1.3333333333333333;4
83075;1993-09-23;7.5;17.8;15.1;0;1993;9;23;-23.43;-46.46;735;90.0;91.0;94.0;934.8;934.4;932.0;5;8;8;1.0;0.0;0.0;10.0;10.0;10.0;91.66666666666667;933.7333333333332;10.0;0.3333333333333333;5
83075;1993-09-24;28.9;25.7;16;0.9;1993;9;24;-23.43;-46.46;735;94.0;89.0;80.0;932.2;932.3;929.9;8;8;7;0.0;0.0;3.0;10.0;10.0;10.0;87.66666666666667;931.4666666666667;10.0;1.0;7
83075;1993-09-25;16.9;20.2;14.5;0.1;1993;9;25;-23.43;-46.46;735;93.0;86.0;81.0;933.3;937.8;937.5;4;5;5;1.0;2.0;7.0;10.0;10.0;10.0;86.66666666666667;936.1999999999999;10.0;3.3333333333333335;4
83075;1993-09-26;0;23.4;13.9;4.5;1993;9;26;-23.43;-46.46;735;87.0;71.0;58.0;940.5;939.0;933.5;3;3;8;1.0;6.0;0.0;10.0;8.0;8.0;72.0;937.6666666666666;8.666666666666666;2.3333333333333335;3
83075;1993-09-27;22.1;21.6;14.3;0;1993;9;27;-23.43;-46.46;735;86.0;87.0;93.0;934.9;932.2;929.9;4;7;8;1.0;1.0;0.0;10.0;10.0;10.0;88.66666666666667;932.3333333333334;10.0;0.6666666666666666;4
83075;1993-09-28;14.9;24.4;13.5;9.6;1993;9;28;-23.43;-46.46;735;75.0;68.0;47.0;940.3;934.9;930.8;8;3;5;0.0;3.0;2.0;9.0;2.0;6.0;63.333333333333336;935.3333333333334;5.666666666666667;1.6666666666666667;3
83075;1993-09-29;0;24.6;14.3;1.6;1993;9;29;-23.43;-46.46;735;82.0;77.0;58.0;935.5;935.8;931.1;2;4;3;1.0;3.0;2.0;9.0;10.0;8.0;72.33333333333333;934.1333333333333;9.0;2.0;2
83075;1993-09-30;0;24.2;17;0.8;1993;9;30;-23.43;-46.46;735;83.0;88.0;70.0;933.7;935.9;932.0;4;8;3;1.0;0.0;1.0;9.0;10.0;10.0;80.33333333333333;933.8666666666667;9.666666666666666;0.6666666666666666;4
83075;1993-10-01;17.4;23;19.5;0;1993;10;1;-23.43;-46.46;735;91.0;87.0;77.0;928.9;931.6;930.1;8;0;7;0.0;3.0;3.0;10.0;10.0;10.0;85.0;930.1999999999999;10.0;2.0;0
83075;1993-10-02;0;27.8;20.8;0;1993;10;2;-23.43;-46.46;735;77.0;73.0;57.0;931.6;932.8;929.3;8;7;7;0.0;1.0;3.0;8.0;10.0;9.0;69.0;931.2333333333332;9.0;1.3333333333333333;7
83075;1993-10-03;5;28.8;19.4;5.1;1993;10;3;-23.43;-46.46;735;78.0;80.0;68.0;932.7;934.3;930.0;5;5;4;4.0;1.0;3.0;10.0;9.0;10.0;75.33333333333333;932.3333333333334;9.666666666666666;2.6666666666666665;5
83075;1993-10-04;0;22.5;15.6;3;1993;10;4;-23.43;-46.46;735;77.0;68.0;60.0;934.1;937.1;934.3;8;4;3;0.0;1.0;3.0;9.0;8.0;10.0;68.33333333333333;935.1666666666666;9.0;1.3333333333333333;4
83075;1993-10-05;0;26.6;14.6;7.8;1993;10;5;-23.43;-46.46;735;87.0;92.0;45.0;935.1;935.6;930.2;8;8;7;0.0;0.0;3.0;4.0;10.0;5.0;74.66666666666667;933.6333333333333;6.333333333333333;1.0;7
83075;1993-10-06;10;21.2;12.9;0;1993;10;6;-23.43;-46.46;735;83.0;87.0;92.0;933.9;939.3;938.5;4;1;4;3.0;1.0;2.0;9.0;10.0;10.0;87.33333333333333;937.2333333333332;9.666666666666666;2.0;4
83075;1993-10-08;0;15;10.3;0;1993;10;8;-23.43;-46.46;735;87.0;83.0;81.0;934.7;936.0;936.0;8;5;4;0.0;3.0;2.0;10.0;10.0;10.0;83.66666666666667;935.5666666666666;10.0;1.6666666666666667;5
83075;1993-10-09;2.8;16.4;12.9;0;1993;10;9;-23.43;-46.46;735;92.0;87.0;89.0;930.9;938.0;937.0;4;8;4;1.0;0.0;2.0;9.0;10.0;10.0;89.33333333333333;935.3000000000001;9.666666666666666;1.0;4
83075;1993-10-11;0;26.7;17.8;3.6;1993;10;11;-23.43;-46.46;735;78.0;76.0;65.0;937.3;938.4;934.4;3;4;4;5.0;3.0;5.0;8.0;10.0;8.0;73.0;936.6999999999999;8.666666666666666;4.333333333333333;3
83075;1993-10-12;0;26.7;19.9;0;1993;10;12;-23.43;-46.46;735;80.0;81.0;82.0;930.8;931.1;927.7;3;3;7;1.0;1.0;2.0;9.0;10.0;10.0;81.0;929.8666666666668;9.666666666666666;1.3333333333333333;3
83075;1993-10-13;0;33.2;17.9;10.2;1993;10;13;-23.43;-46.46;735;57.0;54.0;31.0;933.2;933.7;929.1;8;8;7;0.0;0.0;2.0;10.0;8.0;8.0;47.333333333333336;932.0;8.666666666666666;0.6666666666666666;7
83075;1993-10-15;0;31.4;19.3;6;1993;10;15;-23.43;-46.46;735;53.0;49.0;38.0;930.9;932.3;927.8;8;8;7;0.0;0.0;3.0;0.0;10.0;8.0;46.666666666666664;930.3333333333334;6.0;1.0;7
83075;1993-10-16;0.5;31;17.3;6.8;1993;10;16;-23.43;-46.46;735;79.0;55.0;39.0;933.6;933.0;927.3;7;7;7;5.0;3.0;3.0;10.0;8.0;8.0;57.666666666666664;931.2999999999998;8.666666666666666;3.6666666666666665;7
83075;1993-10-17;0;28.4;17.8;1.3;1993;10;17;-23.43;-46.46;735;75.0;60.0;47.0;932.7;931.9;929.5;8;8;1;0.0;0.0;1.0;6.0;9.0;9.0;60.666666666666664;931.3666666666667;8.0;0.3333333333333333;1
83075;1993-10-18;0;29.8;19.1;5.7;1993;10;18;-23.43;-46.46;735;62.0;50.0;49.0;931.1;933.7;929.0;8;5;7;0.0;1.0;3.0;8.0;8.0;9.0;53.666666666666664;931.2666666666668;8.333333333333334;1.3333333333333333;5
83075;1993-10-19;35.7;27.2;18.3;3.7;1993;10;19;-23.43;-46.46;735;93.0;78.0;83.0;935.7;934.3;930.8;8;3;5;0.0;1.0;4.0;10.0;10.0;8.0;84.66666666666667;933.6;9.333333333333334;1.6666666666666667;3
83075;1993-10-20;24.6;30.8;18;7.1;1993;10;20;-23.43;-46.46;735;84.0;77.0;46.0;934.6;931.6;925.8;8;3;7;0.0;2.0;1.0;10.0;8.0;8.0;69.0;930.6666666666666;8.666666666666666;1.0;3
83075;1993-10-22;5.8;30.6;18.3;5.4;1993;10;22;-23.43;-46.46;735;77.0;87.0;53.0;930.4;931.7;924.6;8;8;4;0.0;0.0;1.0;10.0;10.0;8.0;72.33333333333333;928.9;9.333333333333334;0.3333333333333333;4
83075;1993-10-23;12.6;28.2;19;1.5;1993;10;23;-23.43;-46.46;735;85.0;84.0;58.0;927.2;930.4;926.7;8;8;7;0.0;0.0;5.0;10.0;10.0;8.0;75.66666666666667;928.1;9.333333333333334;1.6666666666666667;7
83075;1993-10-24;1.7;21.6;16.9;0;1993;10;24;-23.43;-46.46;735;77.0;90.0;84.0;931.4;935.5;933.7;5;5;4;1.0;1.0;5.0;10.0;10.0;10.0;83.66666666666667;933.5333333333334;10.0;2.3333333333333335;5
83075;1993-10-25;0;26.2;16.5;1.9;1993;10;25;-23.43;-46.46;735;85.0;85.0;63.0;935.5;933.6;930.0;3;3;4;3.0;1.0;2.0;9.0;10.0;8.0;77.66666666666667;933.0333333333333;9.0;2.0;3
83075;1993-10-26;0;22;15.1;0;1993;10;26;-23.43;-46.46;735;88.0;86.0;89.0;933.5;933.6;935.2;8;8;4;0.0;0.0;3.0;10.0;10.0;10.0;87.66666666666667;934.1;10.0;1.0;4
83075;1993-10-27;11.2;19.2;14.7;0;1993;10;27;-23.43;-46.46;735;89.0;79.0;79.0;938.5;939.1;937.1;4;3;3;1.0;1.0;4.0;9.0;10.0;10.0;82.33333333333333;938.2333333333332;9.666666666666666;2.0;4
83075;1993-10-28;0;22.6;14;1.8;1993;10;28;-23.43;-46.46;735;84.0;64.0;63.0;940.1;940.4;937.5;4;3;3;4.0;1.0;5.0;9.0;10.0;8.0;70.33333333333333;939.3333333333334;9.0;3.3333333333333335;4
83075;1993-10-29;0;27.8;16.3;8.6;1993;10;29;-23.43;-46.46;735;80.0;73.0;46.0;939.7;941.0;934.7;4;3;4;5.0;1.0;2.0;10.0;9.0;5.0;66.33333333333333;938.4666666666667;8.0;2.6666666666666665;4
83075;1993-10-31;0;32.5;17.5;11;1993;10;31;-23.43;-46.46;735;60.0;60.0;31.0;934.4;932.9;927.2;8;8;0;0.0;0.0;3.0;0.0;5.0;5.0;50.333333333333336;931.5;3.3333333333333335;1.0;0
83075;1993-11-01;11.6;21.8;18.5;0;1993;11;1;-23.43;-46.46;735;88.0;84.0;86.0;931.4;933.1;932.8;8;8;1;0.0;0.0;5.0;10.0;10.0;10.0;86.0;932.4333333333334;10.0;1.6666666666666667;1
83075;1993-11-02;0.3;26.8;19.9;0;1993;11;2;-23.43;-46.46;735;69.0;83.0;64.0;930.8;930.3;928.0;8;8;0;0.0;0.0;1.0;9.0;10.0;10.0;72.0;929.6999999999999;9.666666666666666;0.3333333333333333;0
83075;1993-11-03;0.4;28.5;20.1;2.6;1993;11;3;-23.43;-46.46;735;86.0;78.0;72.0;934.1;934.3;931.6;3;8;4;3.0;0.0;4.0;10.0;8.0;10.0;78.66666666666667;933.3333333333334;9.333333333333334;2.3333333333333335;3
83075;1993-11-04;0;24;16.2;6.1;1993;11;4;-23.43;-46.46;735;79.0;73.0;66.0;937.0;938.0;935.4;4;8;3;3.0;0.0;3.0;10.0;8.0;8.0;72.66666666666667;936.8000000000001;8.666666666666666;2.0;4
83075;1993-11-05;0;27;15.1;9.5;1993;11;5;-23.43;-46.46;735;82.0;62.0;40.0;931.6;933.2;928.2;8;8;7;0.0;0.0;2.0;8.0;2.0;1.0;61.333333333333336;931.0;3.6666666666666665;0.6666666666666666;7
83075;1993-11-06;16.8;16.6;12.4;0;1993;11;6;-23.43;-46.46;735;90.0;88.0;79.0;941.9;942.7;940.8;4;8;4;2.0;0.0;3.0;10.0;10.0;10.0;85.66666666666667;941.7999999999998;10.0;1.6666666666666667;4
83075;1993-11-07;0;26.2;14.9;7;1993;11;7;-23.43;-46.46;735;74.0;66.0;42.0;936.1;934.8;930.4;8;8;0;0.0;0.0;3.0;8.0;4.0;1.0;60.666666666666664;933.7666666666668;4.333333333333333;1.0;0
83075;1993-11-08;0.7;18.2;9.3;2.3;1993;11;8;-23.43;-46.46;735;83.0;74.0;47.0;939.1;938.4;936.8;4;8;4;3.0;0.0;1.0;10.0;5.0;8.0;68.0;938.1;7.666666666666667;1.3333333333333333;4
83075;1993-11-09;6.1;15;11.5;0;1993;11;9;-23.43;-46.46;735;88.0;91.0;90.0;939.3;940.4;940.4;3;3;4;3.0;3.0;3.0;10.0;10.0;10.0;89.66666666666667;940.0333333333333;10.0;3.0;3
83075;1993-11-11;0;30.7;17.5;8.5;1993;11;11;-23.43;-46.46;735;79.0;68.0;44.0;936.8;937.0;931.0;3;1;8;3.0;1.0;0.0;9.0;8.0;6.0;63.666666666666664;934.9333333333334;7.666666666666667;1.3333333333333333;3
83075;1993-11-12;7.7;23.4;18.7;0.6;1993;11;12;-23.43;-46.46;735;86.0;88.0;78.0;929.6;931.9;931.5;8;8;4;0.0;0.0;1.0;10.0;10.0;10.0;84.0;931.0;10.0;0.3333333333333333;4
83075;1993-11-14;0;34.2;19.3;10.3;1993;11;14;-23.43;-46.46;735;52.0;45.0;30.0;930.7;929.9;924.6;3;8;8;2.0;0.0;0.0;8.0;2.0;5.0;42.333333333333336;928.4;5.0;0.6666666666666666;3
83075;1993-11-15;0;34;19.9;8;1993;11;15;-23.43;-46.46;735;48.0;46.0;33.0;927.5;929.2;922.4;3;8;8;1.0;0.0;0.0;8.0;4.0;8.0;42.333333333333336;926.3666666666667;6.666666666666667;0.3333333333333333;3
83075;1993-11-16;0;35.4;20.5;11.7;1993;11;16;-23.43;-46.46;735;43.0;53.0;29.0;925.5;926.6;920.9;8;8;7;0.0;0.0;6.0;4.0;6.0;6.0;41.666666666666664;924.3333333333334;5.333333333333333;2.0;7
83075;1993-11-17;0;33.6;19.5;8.4;1993;11;17;-23.43;-46.46;735;45.0;45.0;38.0;923.6;925.3;920.8;8;8;7;0.0;0.0;1.0;10.0;9.0;5.0;42.666666666666664;923.2333333333332;8.0;0.3333333333333333;7
83075;1993-11-18;19;30;19.1;6.5;1993;11;18;-23.43;-46.46;735;93.0;68.0;68.0;929.7;928.7;925.3;3;7;7;1.0;3.0;2.0;10.0;6.0;8.0;76.33333333333333;927.9;8.0;2.0;3
83075;1993-11-19;0.1;30;20.3;4.3;1993;11;19;-23.43;-46.46;735;83.0;71.0;82.0;927.7;928.1;926.9;3;8;3;3.0;0.0;2.0;10.0;9.0;10.0;78.66666666666667;927.5666666666667;9.666666666666666;1.6666666666666667;3
83075;1993-11-20;0;27.4;18.3;7.8;1993;11;20;-23.43;-46.46;735;87.0;74.0;58.0;929.5;932.9;928.5;5;8;5;3.0;0.0;3.0;10.0;10.0;5.0;73.0;930.3000000000001;8.333333333333334;2.0;5
83075;1993-11-21;0;25.4;15.5;5.3;1993;11;21;-23.43;-46.46;735;65.0;61.0;67.0;933.6;933.6;930.9;4;4;3;1.0;1.0;3.0;10.0;8.0;10.0;64.33333333333333;932.6999999999999;9.333333333333334;1.6666666666666667;4
83075;1993-11-22;0;32.9;17.7;7.8;1993;11;22;-23.43;-46.46;735;89.0;72.0;44.0;933.4;931.9;925.9;4;3;7;3.0;2.0;3.0;10.0;4.0;8.0;68.33333333333333;930.4;7.333333333333333;2.6666666666666665;4
83075;1993-11-23;0.2;32.6;18.2;8.3;1993;11;23;-23.43;-46.46;735;77.0;66.0;44.0;930.7;931.4;925.3;8;8;7;0.0;0.0;4.0;5.0;4.0;8.0;62.333333333333336;929.1333333333332;5.666666666666667;1.3333333333333333;7
83075;1993-11-24;49.5;32.3;18.7;11;1993;11;24;-23.43;-46.46;735;76.0;57.0;42.0;931.9;931.3;925.3;3;8;7;1.0;0.0;3.0;10.0;1.0;8.0;58.333333333333336;929.5;6.333333333333333;1.3333333333333333;3
83075;1993-11-25;0;28;21.4;2;1993;11;25;-23.43;-46.46;735;68.0;70.0;58.0;926.8;931.1;926.8;8;7;0;0.0;2.0;1.0;8.0;10.0;10.0;65.33333333333333;928.2333333333332;9.333333333333334;1.0;7
83075;1993-11-26;0;28.8;20.1;4.5;1993;11;26;-23.43;-46.46;735;68.0;69.0;55.0;929.5;929.8;924.6;8;7;8;0.0;2.0;0.0;10.0;9.0;8.0;64.0;927.9666666666667;9.0;0.6666666666666666;7
83075;1993-11-27;10;29.8;20.1;8.7;1993;11;27;-23.43;-46.46;735;93.0;74.0;53.0;928.1;926.9;922.5;4;7;7;1.0;3.0;4.0;10.0;9.0;0.0;73.33333333333333;925.8333333333334;6.333333333333333;2.6666666666666665;4
83075;1993-11-28;0;29.8;23.3;11.9;1993;11;28;-23.43;-46.46;735;65.0;47.0;30.0;925.2;925.9;921.7;8;0;0;0.0;2.0;2.0;0.0;0.0;0.0;47.333333333333336;924.2666666666668;0.0;1.3333333333333333;0
83075;1993-11-29;0;31.2;18;11.8;1993;11;29;-23.43;-46.46;735;46.0;44.0;61.0;924.3;927.9;923.6;7;7;7;1.0;2.0;3.0;0.0;0.0;0.0;50.333333333333336;925.2666666666665;0.0;2.0;7
83075;1993-11-30;0;34;16.2;11.2;1993;11;30;-23.43;-46.46;735;62.0;68.0;31.0;927.6;929.0;922.4;3;1;7;1.0;2.0;4.0;0.0;0.0;8.0;53.666666666666664;926.3333333333334;2.6666666666666665;2.3333333333333335;3
83075;1993-12-01;4.9;25.4;19.3;0.1;1993;12;1;-23.43;-46.46;735;84.0;78.0;83.0;933.0;934.0;933.9;7;7;0;3.0;2.0;1.0;9.0;10.0;10.0;81.66666666666667;933.6333333333333;9.666666666666666;2.0;7
83075;1993-12-02;0.6;28.2;19.2;4.6;1993;12;2;-23.43;-46.46;735;89.0;68.0;87.0;930.4;930.1;928.8;8;8;4;0.0;0.0;1.0;10.0;6.0;10.0;81.33333333333333;929.7666666666668;8.666666666666666;0.3333333333333333;4
83075;1993-12-03;0;28.6;19.7;6.1;1993;12;3;-23.43;-46.46;735;84.0;78.0;60.0;935.2;935.1;931.1;3;1;5;3.0;1.0;5.0;10.0;9.0;8.0;74.0;933.8000000000001;9.0;3.0;3
83075;1993-12-04;0;27.4;17.2;7.5;1993;12;4;-23.43;-46.46;735;81.0;77.0;56.0;937.2;938.2;933.2;3;4;3;3.0;1.0;3.0;9.0;4.0;5.0;71.33333333333333;936.2000000000002;6.0;2.3333333333333335;3
83075;1993-12-05;0;28.2;16.2;8.7;1993;12;5;-23.43;-46.46;735;65.0;53.0;34.0;930.4;932.0;926.1;7;7;7;2.0;1.0;2.0;9.0;4.0;4.0;50.666666666666664;929.5;5.666666666666667;1.6666666666666667;7
83075;1993-12-06;0;16.8;13.3;0;1993;12;6;-23.43;-46.46;735;87.0;81.0;75.0;942.2;943.1;941.5;7;3;3;1.0;5.0;3.0;9.0;10.0;10.0;81.0;942.2666666666668;9.666666666666666;3.0;7
83075;1993-12-07;0;25;15;5.7;1993;12;7;-23.43;-46.46;735;70.0;85.0;72.0;933.9;936.3;933.8;8;3;5;0.0;1.0;3.0;9.0;9.0;4.0;75.66666666666667;934.6666666666666;7.333333333333333;1.3333333333333333;3
83075;1993-12-08;0;18.7;5.8;7.5;1993;12;8;-23.43;-46.46;735;76.0;51.0;25.0;939.0;941.3;938.1;8;8;3;0.0;0.0;3.0;5.0;1.0;6.0;50.666666666666664;939.4666666666667;4.0;1.0;3
83075;1993-12-09;2.4;17.8;11.3;1.2;1993;12;9;-23.43;-46.46;735;87.0;57.0;65.0;943.2;942.8;940.7;3;3;4;1.0;3.0;1.0;10.0;9.0;9.0;69.66666666666667;942.2333333333332;9.333333333333334;1.6666666666666667;3
83075;1993-12-11;0;31.8;17.4;8.6;1993;12;11;-23.43;-46.46;735;77.0;73.0;30.0;936.3;936.7;930.7;3;8;8;3.0;0.0;0.0;6.0;0.0;6.0;60.0;934.5666666666666;4.0;1.0;3
83075;1993-12-12;2.5;28.5;17.2;10.3;1993;12;12;-23.43;-46.46;735;82.0;64.0;53.0;933.3;932.9;928.0;3;3;5;2.0;2.0;2.0;10.0;8.0;8.0;66.33333333333333;931.4;8.666666666666666;2.0;3
83075;1993-12-13;0;30.8;18.4;6.6;1993;12;13;-23.43;-46.46;735;77.0;68.0;45.0;930.3;929.9;925.6;3;3;8;3.0;2.0;0.0;9.0;0.0;8.0;63.333333333333336;928.5999999999999;5.666666666666667;1.6666666666666667;3
83075;1993-12-14;18;31.8;19.2;6.9;1993;12;14;-23.43;-46.46;735;78.0;62.0;57.0;927.7;927.8;924.4;8;8;3;0.0;0.0;1.0;5.0;8.0;9.0;65.66666666666667;926.6333333333333;7.333333333333333;0.3333333333333333;3
83075;1993-12-15;6;31.9;21.5;8;1993;12;15;-23.43;-46.46;735;78.0;56.0;55.0;927.0;926.9;923.5;8;7;7;0.0;4.0;1.0;8.0;8.0;8.0;63.0;925.8000000000001;8.0;1.6666666666666667;7
83075;1993-12-16;0;30.8;22.2;5.6;1993;12;16;-23.43;-46.46;735;66.0;69.0;54.0;924.4;926.6;921.6;8;7;7;0.0;5.0;1.0;8.0;10.0;8.0;63.0;924.1999999999999;8.666666666666666;2.0;7
83075;1993-12-17;1.1;25.4;16.9;0;1993;12;17;-23.43;-46.46;735;75.0;86.0;88.0;924.8;930.2;931.1;7;4;5;2.0;6.0;5.0;10.0;10.0;10.0;83.0;928.6999999999999;10.0;4.333333333333333;7
83075;1993-12-18;0.6;22.8;16.9;0.6;1993;12;18;-23.43;-46.46;735;82.0;82.0;71.0;933.9;933.4;930.8;4;3;4;2.0;3.0;1.0;10.0;10.0;10.0;78.33333333333333;932.6999999999999;10.0;2.0;4
83075;1993-12-19;0;29.8;17.9;4;1993;12;19;-23.43;-46.46;735;84.0;81.0;60.0;932.5;931.3;926.3;4;8;7;1.0;0.0;6.0;10.0;10.0;8.0;75.0;930.0333333333333;9.333333333333334;2.3333333333333335;4
83075;1993-12-20;10.9;29;19.3;3.9;1993;12;20;-23.43;-46.46;735;91.0;82.0;84.0;930.2;929.3;927.8;8;7;4;0.0;6.0;5.0;10.0;8.0;10.0;85.66666666666667;929.1;9.333333333333334;3.6666666666666665;7
83075;1993-12-21;5.8;21;15.9;2.5;1993;12;21;-23.43;-46.46;735;85.0;75.0;63.0;931.8;936.6;935.0;4;4;4;3.0;6.0;5.0;10.0;10.0;9.0;74.33333333333333;934.4666666666667;9.666666666666666;4.666666666666667;4
83075;1993-12-22;0;23;13.7;5.6;1993;12;22;-23.43;-46.46;735;78.0;55.0;66.0;938.0;937.9;936.6;4;3;3;1.0;5.0;3.0;9.0;2.0;9.0;66.33333333333333;937.5;6.666666666666667;3.0;4
83075;1993-12-23;0;24.8;14.7;7.5;1993;12;23;-23.43;-46.46;735;82.0;59.0;57.0;938.3;938.1;935.2;3;3;3;7.0;3.0;4.0;8.0;8.0;8.0;66.0;937.2000000000002;8.0;4.666666666666667;3
83075;1993-12-24;0;23.7;16.7;0;1993;12;24;-23.43;-46.46;735;77.0;75.0;84.0;931.1;937.2;934.4;4;3;8;3.0;2.0;0.0;10.0;10.0;10.0;78.66666666666667;934.2333333333335;10.0;1.6666666666666667;4
83075;1993-12-25;0.8;23.5;17.7;0;1993;12;25;-23.43;-46.46;735;87.0;78.0;89.0;936.0;935.8;933.8;8;3;8;0.0;1.0;0.0;10.0;10.0;10.0;84.66666666666667;935.1999999999999;10.0;0.3333333333333333;3
83075;1993-12-27;0;29.2;19.1;4.3;1993;12;27;-23.43;-46.46;735;83.0;65.0;68.0;933.4;932.4;928.7;8;7;8;0.0;3.0;0.0;9.0;4.0;10.0;72.0;931.5;7.666666666666667;1.0;7
83075;1993-12-29;19.4;27.2;19;1.7;1993;12;29;-23.43;-46.46;735;92.0;80.0;64.0;929.1;929.1;926.0;8;7;5;0.0;1.0;2.0;10.0;10.0;9.0;78.66666666666667;928.0666666666666;9.666666666666666;1.0;7
83075;1993-12-30;6.8;21.8;15.1;0;1993;12;30;-23.43;-46.46;735;89.0;91.0;91.0;928.0;933.3;934.3;7;4;4;2.0;4.0;2.0;10.0;10.0;10.0;90.33333333333333;931.8666666666667;10.0;2.6666666666666665;7
83075;1993-12-31;4.1;22.2;14.1;3.8;1993;12;31;-23.43;-46.46;735;83.0;70.0;78.0;936.6;935.9;934.9;4;3;4;1.0;4.0;3.0;10.0;6.0;10.0;77.0;935.8000000000001;8.666666666666666;2.6666666666666665;4
83075;1994-01-01;0;28.4;17.3;3.6;1994;1;1;-23.43;-46.46;735;87.0;80.0;59.0;936.1;934.8;930.0;4;3;4;1.0;1.0;3.0;10.0;10.0;8.0;75.33333333333333;933.6333333333333;9.333333333333334;1.6666666666666667;4
83075;1994-01-02;17.2;33.8;18.9;9.8;1994;1;2;-23.43;-46.46;735;84.0;73.0;40.0;932.3;932.7;927.1;8;8;7;0.0;0.0;1.0;10.0;5.0;8.0;65.66666666666667;930.6999999999999;7.666666666666667;0.3333333333333333;7
83075;1994-01-03;0.2;27.2;21.5;0.7;1994;1;3;-23.43;-46.46;735;68.0;79.0;75.0;927.5;929.8;927.7;8;7;7;0.0;4.0;3.0;10.0;10.0;8.0;74.0;928.3333333333334;9.333333333333334;2.3333333333333335;7
83075;1994-01-04;3.1;24;17.6;0;1994;1;4;-23.43;-46.46;735;91.0;84.0;80.0;933.2;935.4;934.1;8;8;4;0.0;0.0;3.0;10.0;10.0;10.0;85.0;934.2333333333332;10.0;1.0;4
83075;1994-01-05;0;26;16.2;6.9;1994;1;5;-23.43;-46.46;735;83.0;80.0;58.0;939.0;942.2;935.0;8;8;3;0.0;0.0;3.0;2.0;8.0;5.0;73.66666666666667;938.7333333333332;5.0;1.0;3
83075;1994-01-06;0;22;14.1;1.3;1994;1;6;-23.43;-46.46;735;81.0;81.0;66.0;936.0;939.7;936.0;8;8;7;0.0;0.0;5.0;2.0;8.0;10.0;76.0;937.2333333333332;6.666666666666667;1.6666666666666667;7
83075;1994-01-07;0;26.2;10;8;1994;1;7;-23.43;-46.46;735;83.0;84.0;45.0;938.4;940.4;933.6;8;8;0;0.0;0.0;3.0;0.0;4.0;5.0;70.66666666666667;937.4666666666667;3.0;1.0;0
83075;1994-01-08;0;27;12.7;2.3;1994;1;8;-23.43;-46.46;735;88.0;94.0;52.0;937.9;939.7;932.5;8;8;3;0.0;0.0;1.0;0.0;10.0;10.0;78.0;936.6999999999999;6.666666666666667;0.3333333333333333;3
83075;1994-01-11;0;32.6;18.8;7.4;1994;1;11;-23.43;-46.46;735;76.0;51.0;44.0;934.8;932.4;926.2;8;0;7;0.0;5.0;4.0;8.0;6.0;9.0;57.0;931.1333333333332;7.666666666666667;3.0;0
83075;1994-01-12;0;30.9;14.7;9.3;1994;1;12;-23.43;-46.46;735;80.0;70.0;44.0;930.2;936.6;931.0;3;8;4;5.0;0.0;1.0;10.0;0.0;6.0;64.66666666666667;932.6;5.333333333333333;2.0;3
83075;1994-01-13;0;21.6;18.3;0;1994;1;13;-23.43;-46.46;735;82.0;87.0;88.0;934.4;933.7;931.5;4;4;8;1.0;1.0;0.0;10.0;10.0;10.0;85.66666666666667;933.1999999999999;10.0;0.6666666666666666;4
83075;1994-01-14;6.8;26.4;18.3;1.3;1994;1;14;-23.43;-46.46;735;92.0;76.0;57.0;932.0;931.2;928.3;8;4;4;0.0;1.0;4.0;10.0;9.0;9.0;75.0;930.5;9.333333333333334;1.6666666666666667;4
83075;1994-01-15;0;27.4;18.1;5.2;1994;1;15;-23.43;-46.46;735;81.0;66.0;52.0;930.3;929.9;926.6;8;7;7;0.0;3.0;3.0;10.0;8.0;8.0;66.33333333333333;928.9333333333333;8.666666666666666;2.0;7
83075;1994-01-16;0;29.4;19.5;10.6;1994;1;16;-23.43;-46.46;735;70.0;66.0;44.0;928.5;929.2;925.4;8;7;7;0.0;6.0;5.0;0.0;8.0;8.0;60.0;927.6999999999999;5.333333333333333;3.6666666666666665;7
83075;1994-01-17;1.7;31.4;18.5;7.4;1994;1;17;-23.43;-46.46;735;84.0;62.0;45.0;927.9;928.7;924.5;7;7;7;1.0;1.0;2.0;10.0;5.0;9.0;63.666666666666664;927.0333333333333;8.0;1.3333333333333333;7
83075;1994-01-18;21.4;33.4;19.5;9.9;1994;1;18;-23.43;-46.46;735;89.0;69.0;39.0;928.7;929.3;923.8;3;4;7;1.0;1.0;4.0;10.0;5.0;8.0;65.66666666666667;927.2666666666668;7.666666666666667;2.0;3
83075;1994-01-19;9;31.4;20;2.9;1994;1;19;-23.43;-46.46;735;69.0;77.0;75.0;926.5;931.5;929.5;8;8;4;0.0;0.0;6.0;10.0;9.0;10.0;73.66666666666667;929.1666666666666;9.666666666666666;2.0;4
83075;1994-01-20;6.8;29;19;1.8;1994;1;20;-23.43;-46.46;735;93.0;84.0;88.0;934.3;934.7;933.3;8;8;4;0.0;0.0;1.7;10.0;10.0;10.0;88.33333333333333;934.1;10.0;0.5666666666666667;4
83075;1994-01-21;83;29.6;19.3;5.8;1994;1;21;-23.43;-46.46;735;94.0;76.0;60.0;934.4;932.4;927.1;8;8;7;0.0;0.0;1.0;10.0;8.0;8.0;76.66666666666667;931.3000000000001;8.666666666666666;0.3333333333333333;7
83075;1994-01-22;9;28.4;18.6;5.4;1994;1;22;-23.43;-46.46;735;90.0;83.0;68.0;930.8;931.1;928.1;8;4;4;0.0;1.0;5.0;10.0;9.0;8.0;80.33333333333333;930.0;9.0;2.0;4
83075;1994-01-23;3.3;27;18.7;1.7;1994;1;23;-23.43;-46.46;735;93.0;78.0;70.0;932.3;933.2;930.7;8;3;8;0.0;5.0;0.0;10.0;8.0;10.0;80.33333333333333;932.0666666666666;9.333333333333334;1.6666666666666667;3
83075;1994-01-24;4.7;29.2;19.7;4.6;1994;1;24;-23.43;-46.46;735;86.0;76.0;71.0;933.2;932.5;929.4;4;3;3;3.0;4.0;1.0;10.0;8.0;6.0;77.66666666666667;931.6999999999999;8.0;2.6666666666666665;4
83075;1994-01-25;12.3;30.4;20.9;9.4;1994;1;25;-23.43;-46.46;735;88.0;75.0;55.0;932.6;930.6;925.0;4;8;7;1.0;0.0;4.0;10.0;8.0;8.0;72.66666666666667;929.4;8.666666666666666;1.6666666666666667;4
83075;1994-01-26;0;28.4;22.1;2.6;1994;1;26;-23.43;-46.46;735;83.0;76.0;74.0;928.5;928.3;926.1;8;7;7;0.0;3.0;1.0;8.0;10.0;8.0;77.66666666666667;927.6333333333333;8.666666666666666;1.3333333333333333;7
83075;1994-01-27;1.5;25.4;18.6;0;1994;1;27;-23.43;-46.46;735;75.0;81.0;93.0;926.9;929.8;930.8;7;8;4;1.0;0.0;2.0;10.0;10.0;10.0;83.0;929.1666666666666;10.0;1.0;7
83075;1994-01-28;28.8;29.2;18.9;1.7;1994;1;28;-23.43;-46.46;735;95.0;85.0;73.0;933.1;932.4;930.0;8;8;4;0.0;0.0;3.0;10.0;10.0;10.0;84.33333333333333;931.8333333333334;10.0;1.0;4
83075;1994-01-29;29.8;30.3;19.7;4.3;1994;1;29;-23.43;-46.46;735;91.0;85.0;74.0;933.7;934.1;931.7;8;8;5;0.0;0.0;3.0;10.0;10.0;8.0;83.33333333333333;933.1666666666666;9.333333333333334;1.0;5
83075;1994-01-31;16;31.2;18.6;4.9;1994;1;31;-23.43;-46.46;735;89.0;85.0;68.0;933.0;932.7;929.6;3;8;4;2.0;0.0;6.0;10.0;9.0;10.0;80.66666666666667;931.7666666666668;9.666666666666666;2.6666666666666665;3
83075;1994-02-01;1.6;28.4;16.1;9.4;1994;2;1;-23.43;-46.46;735;79.0;69.0;46.0;932.1;932.1;927.5;8;7;3;0.0;1.0;6.0;5.0;6.0;4.0;64.66666666666667;930.5666666666666;5.0;2.3333333333333335;7
83075;1994-02-02;0.1;34.6;21;7.2;1994;2;2;-23.43;-46.46;735;81.0;72.0;38.0;931.6;933.8;928.1;8;8;7;0.0;0.0;2.0;10.0;8.0;8.0;63.666666666666664;931.1666666666666;8.666666666666666;0.6666666666666666;7
83075;1994-02-03;34.4;24.2;17.2;0;1994;2;3;-23.43;-46.46;735;83.0;76.0;81.0;929.7;933.1;932.2;8;3;4;0.0;1.0;3.0;10.0;10.0;10.0;80.0;931.6666666666666;10.0;1.3333333333333333;3
83075;1994-02-04;1;22.8;16.4;1.7;1994;2;4;-23.43;-46.46;735;89.0;75.0;77.0;938.6;939.6;937.8;8;3;4;0.0;4.0;5.0;10.0;8.0;10.0;80.33333333333333;938.6666666666666;9.333333333333334;3.0;3
83075;1994-02-05;0;26.2;17;6.8;1994;2;5;-23.43;-46.46;735;83.0;82.0;57.0;939.6;941.6;934.6;3;3;8;3.0;1.0;0.0;10.0;10.0;4.0;74.0;938.6;8.0;1.3333333333333333;3
83075;1994-02-06;0;23.6;14.7;3.3;1994;2;6;-23.43;-46.46;735;76.0;86.0;65.0;937.5;940.1;935.5;0;8;8;1.0;0.0;0.0;5.0;9.0;8.0;75.66666666666667;937.6999999999999;7.333333333333333;0.3333333333333333;0
83075;1994-02-08;0;28.5;14;8.4;1994;2;8;-23.43;-46.46;735;82.0;79.0;32.0;934.9;937.2;929.0;8;8;0;0.0;0.0;3.0;10.0;8.0;10.0;64.33333333333333;933.6999999999999;9.333333333333334;1.0;0
83075;1994-02-09;0;33;16.1;6.7;1994;2;9;-23.43;-46.46;735;55.0;56.0;23.0;932.4;935.4;927.4;8;8;7;0.0;0.0;0.5;0.0;0.0;9.0;44.666666666666664;931.7333333333332;3.0;0.16666666666666666;7
83075;1994-02-10;0;35.8;17.9;8;1994;2;10;-23.43;-46.46;735;65.0;58.0;21.0;931.4;932.1;922.6;8;8;0;0.0;0.0;3.0;8.0;2.0;8.0;48.0;928.6999999999999;6.0;1.0;0
83075;1994-02-11;1.6;27.4;16.7;7.1;1994;2;11;-23.43;-46.46;735;78.0;64.0;49.0;930.9;933.4;930.1;8;5;4;0.0;1.0;1.0;10.0;10.0;4.0;63.666666666666664;931.4666666666667;8.0;0.6666666666666666;5
83075;1994-02-12;0;32.7;18.1;7.6;1994;2;12;-23.43;-46.46;735;82.0;69.0;44.0;934.5;934.6;929.3;4;3;5;1.0;3.0;1.0;0.0;1.0;8.0;65.0;932.7999999999998;3.0;1.6666666666666667;4
83075;1994-02-13;7.9;30.5;19.8;5.2;1994;2;13;-23.43;-46.46;735;75.0;78.0;51.0;929.8;930.2;926.3;4;8;6;1.0;0.0;1.0;10.0;5.0;8.0;68.0;928.7666666666668;7.666666666666667;0.6666666666666666;4
83075;1994-02-14;4;30.4;19.7;3.2;1994;2;14;-23.43;-46.46;735;86.0;82.0;83.0;930.9;930.9;929.0;8;3;3;0.0;1.0;1.0;10.0;8.0;9.0;83.66666666666667;930.2666666666668;9.0;0.6666666666666666;3
83075;1994-02-15;0.7;32.4;20;9.9;1994;2;15;-23.43;-46.46;735;87.0;63.0;48.0;931.3;930.8;926.8;4;8;7;1.0;0.0;3.0;10.0;6.0;8.0;66.0;929.6333333333332;8.0;1.3333333333333333;4
83075;1994-02-16;0;32.6;21.7;5.8;1994;2;16;-23.43;-46.46;735;65.0;64.0;48.0;928.2;932.8;928.1;8;8;7;0.0;0.0;3.0;9.0;9.0;8.0;59.0;929.6999999999999;8.666666666666666;1.0;7
83075;1994-02-17;0;34.3;22.6;8.9;1994;2;17;-23.43;-46.46;735;71.0;62.0;42.0;930.0;931.9;926.4;8;8;7;0.0;0.0;3.0;6.0;2.0;8.0;58.333333333333336;929.4333333333334;5.333333333333333;1.0;7
83075;1994-02-18;0;33.6;22.3;7.1;1994;2;18;-23.43;-46.46;735;74.0;65.0;69.0;930.4;930.7;929.3;8;4;4;0.0;1.0;3.0;8.0;1.0;9.0;69.33333333333333;930.1333333333332;6.0;1.3333333333333333;4
83075;1994-02-19;0;33.4;21.4;6.5;1994;2;19;-23.43;-46.46;735;77.0;76.0;50.0;930.9;932.4;927.3;3;3;3;1.0;1.0;2.0;5.0;8.0;5.0;67.66666666666667;930.1999999999999;6.0;1.3333333333333333;3
83075;1994-02-20;0;31.4;22.6;7.4;1994;2;20;-23.43;-46.46;735;81.0;70.0;65.0;931.4;932.2;928.9;4;8;3;2.0;0.0;4.0;8.0;9.0;9.0;72.0;930.8333333333334;8.666666666666666;2.0;4
83075;1994-02-21;0.5;32.4;20.9;7.4;1994;2;21;-23.43;-46.46;735;81.0;71.0;43.0;931.5;933.0;927.2;4;3;4;2.0;3.0;3.0;10.0;1.0;8.0;65.0;930.5666666666666;6.333333333333333;2.6666666666666665;4
83075;1994-02-22;0;33.4;20.3;8.6;1994;2;22;-23.43;-46.46;735;80.0;74.0;41.0;930.0;931.6;926.0;8;8;7;0.0;0.0;3.0;6.0;4.0;8.0;65.0;929.1999999999999;6.0;1.0;7
83075;1994-02-23;5.5;32;20.9;7.9;1994;2;23;-23.43;-46.46;735;77.0;72.0;53.0;930.4;931.2;926.1;8;8;5;0.0;0.0;5.0;10.0;9.0;8.0;67.33333333333333;929.2333333333332;9.0;1.6666666666666667;5
83075;1994-02-24;0.8;32.6;20.7;9.9;1994;2;24;-23.43;-46.46;735;82.0;65.0;42.0;929.8;930.0;923.6;8;8;7;0.0;0.0;3.0;10.0;2.0;8.0;63.0;927.8000000000001;6.666666666666667;1.0;7
83075;1994-02-26;3.8;29.7;20.7;5.3;1994;2;26;-23.43;-46.46;735;81.0;72.0;50.0;930.0;931.5;927.1;8;7;8;0.0;1.0;0.0;10.0;8.0;8.0;67.66666666666667;929.5333333333333;8.666666666666666;0.3333333333333333;7
83075;1994-02-27;1.8;31.2;20.5;8.4;1994;2;27;-23.43;-46.46;735;80.0;65.0;51.0;932.2;932.2;926.7;8;7;7;0.0;3.0;2.0;10.0;8.0;6.0;65.33333333333333;930.3666666666668;8.0;1.6666666666666667;7
83075;1994-02-28;0;31.2;19.7;9.5;1994;2;28;-23.43;-46.46;735;84.0;66.0;46.0;932.1;931.5;926.6;8;7;8;0.0;2.0;0.0;10.0;1.0;6.0;65.33333333333333;930.0666666666666;5.666666666666667;0.6666666666666666;7
83075;1994-03-01;0;23.4;17.2;0;1994;3;1;-23.43;-46.46;735;77.0;75.0;67.0;932.1;932.9;931.5;4;4;5;1.0;1.0;2.0;0.0;10.0;10.0;73.0;932.1666666666666;6.666666666666667;1.3333333333333333;4
83075;1994-03-02;1.2;34.4;20.7;8.7;1994;3;2;-23.43;-46.46;735;78.0;66.0;41.0;932.2;932.1;926.8;8;8;7;0.0;0.0;2.0;8.0;0.0;8.0;61.666666666666664;930.3666666666668;5.333333333333333;0.6666666666666666;7
83075;1994-03-03;10.6;21.6;16.6;0.1;1994;3;3;-23.43;-46.46;735;90.0;96.0;76.0;936.4;937.8;935.9;4;8;4;2.0;0.0;4.0;10.0;10.0;9.0;87.33333333333333;936.6999999999999;9.666666666666666;2.0;4
83075;1994-03-04;0;24.6;15.7;5.2;1994;3;4;-23.43;-46.46;735;81.0;78.0;52.0;940.1;939.4;935.0;8;3;3;0.0;3.0;3.0;10.0;9.0;8.0;70.33333333333333;938.1666666666666;9.0;2.0;3
83075;1994-03-05;0;28.4;16.7;8.6;1994;3;5;-23.43;-46.46;735;87.0;80.0;52.0;937.2;938.3;930.1;8;8;7;0.0;0.0;3.0;10.0;4.0;5.0;73.0;935.1999999999999;6.333333333333333;1.0;7
83075;1994-03-08;0.1;22.4;9.7;0;1994;3;8;-23.43;-46.46;735;58.0;90.0;89.0;932.1;936.8;937.1;8;3;8;0.0;1.0;0.0;0.0;10.0;10.0;79.0;935.3333333333334;6.666666666666667;0.3333333333333333;3
83075;1994-03-09;0;24.7;13.4;0;1994;3;9;-23.43;-46.46;735;54.0;85.0;77.0;932.9;940.5;939.0;5;4;3;0.1;0.1;0.5;0.0;10.0;10.0;72.0;937.4666666666667;6.666666666666667;0.2333333333333333;5
83075;1994-03-10;0;31.7;19.2;3.8;1994;3;10;-23.43;-46.46;735;57.0;44.0;49.0;929.0;929.2;930.1;8;8;7;0.0;0.0;2.0;6.0;9.0;9.0;50.0;929.4333333333334;8.0;0.6666666666666666;7
83075;1994-03-11;0;30;15.1;8.6;1994;3;11;-23.43;-46.46;735;79.0;69.0;53.0;934.9;934.3;928.7;0;8;4;1.0;0.0;3.0;9.0;0.0;2.0;67.0;932.6333333333332;3.6666666666666665;1.3333333333333333;0
83075;1994-03-12;0;32.9;18.6;10.6;1994;3;12;-23.43;-46.46;735;57.0;53.0;40.0;930.6;930.9;925.2;8;8;7;0.0;0.0;1.0;10.0;1.0;4.0;50.0;928.9;5.0;0.3333333333333333;7
83075;1994-03-13;2.5;26.4;18.5;7.4;1994;3;13;-23.43;-46.46;735;86.0;82.0;67.0;934.1;934.1;931.1;8;3;4;0.0;1.0;4.0;10.0;9.0;8.0;78.33333333333333;933.1;9.0;1.6666666666666667;3
83075;1994-03-14;0;27.6;18.3;3.5;1994;3;14;-23.43;-46.46;735;80.0;79.0;66.0;933.6;934.6;930.4;4;3;4;1.0;1.0;3.0;8.0;10.0;9.0;75.0;932.8666666666667;9.0;1.6666666666666667;4
83075;1994-03-15;0;28.6;18.2;6.5;1994;3;15;-23.43;-46.46;735;82.0;75.0;62.0;933.6;933.5;930.0;8;4;4;0.0;1.0;3.0;6.0;6.0;8.0;73.0;932.3666666666667;6.666666666666667;1.3333333333333333;4
83075;1994-03-16;0;28.8;18.5;6.9;1994;3;16;-23.43;-46.46;735;79.0;76.0;48.0;932.8;933.2;928.0;8;3;4;0.0;2.0;2.0;9.0;8.0;8.0;67.66666666666667;931.3333333333334;8.333333333333334;1.3333333333333333;3
83075;1994-03-17;0;31.6;18.3;9.4;1994;3;17;-23.43;-46.46;735;79.0;77.0;73.0;930.2;931.3;927.5;4;8;4;1.0;0.0;5.0;10.0;1.0;8.0;76.33333333333333;929.6666666666666;6.333333333333333;2.0;4
83075;1994-03-18;0;31.6;19.5;7.8;1994;3;18;-23.43;-46.46;735;83.0;70.0;45.0;930.5;930.0;925.2;8;8;7;0.0;0.0;3.0;10.0;1.0;8.0;66.0;928.5666666666666;6.333333333333333;1.0;7
83075;1994-03-20;24.9;26.6;19.7;0.6;1994;3;20;-23.43;-46.46;735;92.0;87.0;71.0;929.7;931.6;929.5;7;7;8;1.0;3.0;0.0;10.0;10.0;9.0;83.33333333333333;930.2666666666668;9.666666666666666;1.3333333333333333;7
83075;1994-03-21;0;28.5;19.7;7.6;1994;3;21;-23.43;-46.46;735;83.0;77.0;48.0;930.1;931.1;926.3;8;7;7;0.0;3.0;3.0;8.0;9.0;8.0;69.33333333333333;929.1666666666666;8.333333333333334;2.0;7
83075;1994-03-22;5.4;29.4;19.7;7.2;1994;3;22;-23.43;-46.46;735;67.0;84.0;55.0;927.5;929.4;924.4;8;7;7;0.0;1.0;5.0;0.0;10.0;8.0;68.66666666666667;927.1;6.0;2.0;7
83075;1994-03-23;0;29;18.9;9.4;1994;3;23;-23.43;-46.46;735;71.0;70.0;49.0;927.6;930.2;927.3;8;7;7;0.0;1.0;5.0;4.0;0.0;8.0;63.333333333333336;928.3666666666668;4.0;2.0;7
83075;1994-03-24;0;30.8;19;7.1;1994;3;24;-23.43;-46.46;735;83.0;78.0;49.0;931.4;934.3;930.3;8;3;8;0.0;1.0;0.0;10.0;5.0;8.0;70.0;932.0;7.666666666666667;0.3333333333333333;3
83075;1994-03-25;3.7;29.9;20.3;4.2;1994;3;25;-23.43;-46.46;735;89.0;75.0;55.0;934.8;935.6;931.2;8;8;7;0.0;0.0;3.0;10.0;10.0;8.0;73.0;933.8666666666668;9.333333333333334;1.0;7
83075;1994-03-26;10.7;27.6;19;0.8;1994;3;26;-23.43;-46.46;735;77.0;84.0;77.0;932.9;934.1;932.6;8;3;4;0.0;1.0;1.0;10.0;10.0;10.0;79.33333333333333;933.1999999999999;10.0;0.6666666666666666;3
83075;1994-03-27;4.7;22.4;17;0;1994;3;27;-23.43;-46.46;735;94.0;76.0;67.0;936.5;939.3;937.3;8;4;3;0.0;3.0;3.0;10.0;10.0;10.0;79.0;937.6999999999999;10.0;2.0;4
83075;1994-03-28;0;25;16.5;6.1;1994;3;28;-23.43;-46.46;735;84.0;73.0;61.0;939.3;938.0;934.4;8;3;4;0.0;1.0;1.0;8.0;10.0;8.0;72.66666666666667;937.2333333333332;8.666666666666666;0.6666666666666666;3
83075;1994-03-29;0;29.6;17.3;8.4;1994;3;29;-23.43;-46.46;735;79.0;84.0;51.0;937.7;937.3;931.9;4;3;3;2.0;3.0;1.0;10.0;10.0;6.0;71.33333333333333;935.6333333333333;8.666666666666666;2.0;4
83075;1994-03-30;0;31.4;18.1;8.1;1994;3;30;-23.43;-46.46;735;75.0;83.0;44.0;933.4;934.1;929.3;8;4;7;0.0;1.0;3.0;0.0;1.0;8.0;67.33333333333333;932.2666666666668;3.0;1.3333333333333333;4
83075;1994-03-31;1.5;27;19.1;0.4;1994;3;31;-23.43;-46.46;735;81.0;89.0;67.0;933.0;934.9;930.3;8;8;7;0.0;0.0;1.0;9.0;10.0;10.0;79.0;932.7333333333332;9.666666666666666;0.3333333333333333;7
83075;1994-04-01;0.6;24.4;16.7;3;1994;4;1;-23.43;-46.46;735;88.0;63.0;69.0;933.2;934.2;933.2;3;3;5;1.0;4.0;4.0;10.0;8.0;10.0;73.33333333333333;933.5333333333334;9.333333333333334;3.0;3
83075;1994-04-02;0;34.4;21.3;10.9;1994;4;2;-23.43;-46.46;735;77.0;67.0;39.0;931.5;929.4;923.7;8;8;7;0.0;0.0;2.0;10.0;1.0;6.0;61.0;928.2000000000002;5.666666666666667;0.6666666666666666;7
83075;1994-04-03;3.6;24.8;16.7;5.5;1994;4;3;-23.43;-46.46;735;83.0;74.0;63.0;938.1;937.4;934.7;3;3;3;2.0;4.0;3.0;10.0;9.0;8.0;73.33333333333333;936.7333333333332;9.0;3.0;3
83075;1994-04-07;0;23.1;14.6;6.4;1994;4;7;-23.43;-46.46;735;93.0;82.0;62.0;941.5;942.0;937.6;8;3;8;0.0;3.0;0.0;10.0;9.0;6.0;79.0;940.3666666666667;8.333333333333334;1.0;3
83075;1994-04-08;1;16.3;9.3;7.4;1994;4;8;-23.43;-46.46;735;71.0;70.0;64.0;940.9;943.3;941.0;8;8;4;0.0;0.0;4.0;0.0;9.0;2.0;68.33333333333333;941.7333333333332;3.6666666666666665;1.3333333333333333;4
83075;1994-04-09;0.2;18.5;13.3;0;1994;4;9;-23.43;-46.46;735;85.0;85.0;75.0;941.9;943.0;940.8;4;4;4;0.3;0.1;0.5;10.0;10.0;10.0;81.66666666666667;941.9;10.0;0.3;4
83075;1994-04-10;0;22.5;15.7;2.2;1994;4;10;-23.43;-46.46;735;68.0;74.0;65.0;935.1;937.6;935.4;8;8;4;0.0;0.0;3.0;10.0;10.0;9.0;69.0;936.0333333333333;9.666666666666666;1.0;4
83075;1994-04-12;0;33.7;19.7;10.7;1994;4;12;-23.43;-46.46;735;63.0;43.0;35.0;927.7;928.5;921.7;8;0;1;0.0;3.0;3.0;0.0;0.0;4.0;47.0;925.9666666666667;1.3333333333333333;2.0;0
83075;1994-04-13;0;25.8;18.1;4.6;1994;4;13;-23.43;-46.46;735;85.0;73.0;63.0;937.5;937.3;933.6;8;8;3;0.0;0.0;3.0;10.0;9.0;8.0;73.66666666666667;936.1333333333333;9.0;1.0;3
83075;1994-04-14;5.9;22;17.3;0;1994;4;14;-23.43;-46.46;735;83.0;86.0;77.0;936.4;937.4;934.5;8;8;4;0.0;0.0;2.0;10.0;10.0;10.0;82.0;936.1;10.0;0.6666666666666666;4
83075;1994-04-15;0;25.4;17.4;2;1994;4;15;-23.43;-46.46;735;89.0;81.0;72.0;937.3;936.9;934.6;8;3;4;0.0;1.0;4.0;10.0;10.0;10.0;80.66666666666667;936.2666666666665;10.0;1.6666666666666667;3
83075;1994-04-16;0.1;25.3;15.4;6.6;1994;4;16;-23.43;-46.46;735;86.0;73.0;84.0;937.6;937.1;933.5;8;3;3;0.0;1.0;1.0;10.0;8.0;4.0;81.0;936.0666666666666;7.333333333333333;0.6666666666666666;3
83075;1994-04-17;0;28.8;16.3;7;1994;4;17;-23.43;-46.46;735;85.0;82.0;52.0;935.5;934.5;927.8;3;8;7;2.0;0.0;4.0;10.0;1.0;8.0;73.0;932.6;6.333333333333333;2.0;3
83075;1994-04-18;0;23.4;18.6;0;1994;4;18;-23.43;-46.46;735;74.0;78.0;80.0;931.1;932.0;931.1;7;7;7;2.0;2.0;3.0;1.0;10.0;10.0;77.33333333333333;931.4;7.0;2.3333333333333335;7
83075;1994-04-19;7.8;20.4;16.2;0;1994;4;19;-23.43;-46.46;735;90.0;91.0;90.0;933.5;936.0;935.2;8;5;4;0.0;1.0;2.0;10.0;10.0;10.0;90.33333333333333;934.9;10.0;1.0;5
83075;1994-04-20;7.7;25.4;16.5;3.3;1994;4;20;-23.43;-46.46;735;88.0;82.0;66.0;937.8;937.2;933.0;8;3;3;0.0;3.0;1.0;10.0;10.0;8.0;78.66666666666667;936.0;9.333333333333334;1.3333333333333333;3
83075;1994-04-21;0;30.5;18.8;8.8;1994;4;21;-23.43;-46.46;735;89.0;72.0;54.0;936.2;934.0;930.7;8;4;7;0.0;1.0;4.0;10.0;8.0;6.0;71.66666666666667;933.6333333333333;8.0;1.6666666666666667;4
83075;1994-04-22;43.1;27.2;19;0.9;1994;4;22;-23.43;-46.46;735;92.0;79.0;65.0;933.9;935.9;933.5;8;8;7;0.0;0.0;1.0;8.0;10.0;9.0;78.66666666666667;934.4333333333334;9.0;0.3333333333333333;7
83075;1994-04-23;1.4;25.4;18.1;1.5;1994;4;23;-23.43;-46.46;735;93.0;82.0;83.0;938.8;939.6;937.3;5;3;4;2.0;1.0;3.0;10.0;9.0;10.0;86.0;938.5666666666666;9.666666666666666;2.0;5
83075;1994-04-24;0;24.4;18.1;1.8;1994;4;24;-23.43;-46.46;735;85.0;81.0;74.0;939.7;940.0;937.0;3;3;4;3.0;2.0;3.0;10.0;10.0;9.0;80.0;938.9;9.666666666666666;2.6666666666666665;3
83075;1994-04-25;0;26.8;18.1;6.2;1994;4;25;-23.43;-46.46;735;83.0;80.0;65.0;939.2;938.5;932.2;3;3;8;2.0;2.0;0.0;10.0;9.0;6.0;76.0;936.6333333333333;8.333333333333334;1.3333333333333333;3
83075;1994-04-26;0.1;28.2;17.3;4.5;1994;4;26;-23.43;-46.46;735;84.0;89.0;60.0;934.9;936.8;931.5;8;8;7;0.0;0.0;3.0;9.0;9.0;8.0;77.66666666666667;934.4;8.666666666666666;1.0;7
83075;1994-04-28;0;30.9;18.3;7.2;1994;4;28;-23.43;-46.46;735;81.0;80.0;44.0;932.5;936.4;931.5;8;8;5;0.0;0.0;1.0;0.0;1.0;6.0;68.33333333333333;933.4666666666667;2.3333333333333335;0.3333333333333333;5
83075;1994-04-29;0;27.6;18.7;7.6;1994;4;29;-23.43;-46.46;735;85.0;76.0;58.0;936.3;940.1;933.5;4;3;3;1.0;2.0;3.0;10.0;5.0;6.0;73.0;936.6333333333333;7.0;2.0;4
83075;1994-04-30;0;26.6;16.7;8.3;1994;4;30;-23.43;-46.46;735;84.0;77.0;48.0;937.8;941.5;934.6;4;8;3;1.0;0.0;3.0;6.0;6.0;6.0;69.66666666666667;937.9666666666667;6.0;1.3333333333333333;4
83075;1994-05-01;1.3;22.4;16.1;0.6;1994;5;1;-23.43;-46.46;735;78.0;74.0;75.0;935.9;936.7;934.8;5;4;4;6.0;3.0;4.0;10.0;9.0;10.0;75.66666666666667;935.7999999999998;9.666666666666666;4.333333333333333;5
83075;1994-05-02;0;34.2;21.8;6.1;1994;5;2;-23.43;-46.46;735;60.0;78.0;42.0;926.3;929.5;922.5;8;1;7;0.0;1.0;3.0;8.0;9.0;8.0;60.0;926.1;8.333333333333334;1.3333333333333333;1
83075;1994-05-03;0;25;15.1;4.3;1994;5;3;-23.43;-46.46;735;78.0;76.0;65.0;936.6;935.7;932.7;3;3;4;1.0;2.0;4.0;8.0;9.0;10.0;73.0;935.0;9.0;2.3333333333333335;3
83075;1994-05-04;0;29.8;16;7.4;1994;5;4;-23.43;-46.46;735;85.0;88.0;40.0;932.4;934.8;929.0;4;4;7;1.0;1.0;4.0;10.0;10.0;5.0;71.0;932.0666666666666;8.333333333333334;2.0;4
83075;1994-05-05;0;28.2;16.1;6.7;1994;5;5;-23.43;-46.46;735;55.0;62.0;65.0;931.9;936.5;932.8;8;8;4;0.0;0.0;3.0;9.0;2.0;8.0;60.666666666666664;933.7333333333332;6.333333333333333;1.0;4
83075;1994-05-07;0;20.3;14.2;0.7;1994;5;7;-23.43;-46.46;735;90.0;84.0;79.0;941.7;942.7;938.7;8;3;4;0.0;1.0;3.0;10.0;10.0;9.0;84.33333333333333;941.0333333333334;9.666666666666666;1.3333333333333333;3
83075;1994-05-08;0.1;16.8;8.7;2.1;1994;5;8;-23.43;-46.46;735;86.0;92.0;64.0;942.9;931.3;942.1;4;8;4;1.0;0.0;3.0;5.0;10.0;5.0;80.66666666666667;938.7666666666665;6.666666666666667;1.3333333333333333;4
83075;1994-05-09;0;21.3;14.2;2;1994;5;9;-23.43;-46.46;735;87.0;82.0;71.0;943.1;942.9;938.9;4;4;4;0.1;0.2;0.3;10.0;10.0;9.0;80.0;941.6333333333333;9.666666666666666;0.20000000000000004;4
83075;1994-05-10;0;21.5;14;0;1994;5;10;-23.43;-46.46;735;84.0;82.0;71.0;936.8;938.1;934.3;4;3;4;3.0;4.0;3.0;10.0;10.0;10.0;79.0;936.4;10.0;3.3333333333333335;4
83075;1994-05-11;0;28.2;19.9;0.4;1994;5;11;-23.43;-46.46;735;63.0;77.0;60.0;929.9;934.2;930.8;3;0;7;1.0;3.0;3.0;6.0;10.0;9.0;66.66666666666667;931.6333333333332;8.333333333333334;2.3333333333333335;3
83075;1994-05-12;0.6;32;19.7;7.5;1994;5;12;-23.43;-46.46;735;60.0;71.0;46.0;924.8;929.8;923.5;8;7;0;0.0;3.0;5.0;4.0;9.0;9.0;59.0;926.0333333333333;7.333333333333333;2.6666666666666665;7
83075;1994-05-13;0.2;22.9;18.1;0;1994;5;13;-23.43;-46.46;735;76.0;79.0;70.0;934.4;935.3;934.0;8;8;7;0.0;0.0;2.0;10.0;10.0;10.0;75.0;934.5666666666666;10.0;0.6666666666666666;7
83075;1994-05-15;17.7;20.8;14.3;3.6;1994;5;15;-23.43;-46.46;735;90.0;85.0;74.0;938.3;938.1;933.8;3;8;4;1.0;0.0;3.0;10.0;10.0;9.0;83.0;936.7333333333332;9.666666666666666;1.3333333333333333;3
83075;1994-05-17;0;24.2;13.6;6.8;1994;5;17;-23.43;-46.46;735;84.0;90.0;43.0;934.5;937.4;931.2;8;8;7;0.0;0.0;3.0;10.0;10.0;4.0;72.33333333333333;934.3666666666668;8.0;1.0;7
83075;1994-05-18;0;25.4;12.7;7.1;1994;5;18;-23.43;-46.46;735;86.0;92.0;47.0;935.2;937.3;930.3;8;8;7;0.0;0.0;1.0;0.0;10.0;4.0;75.0;934.2666666666668;4.666666666666667;0.3333333333333333;7
83075;1994-05-19;0;25.4;13.1;7.9;1994;5;19;-23.43;-46.46;735;86.0;88.0;37.0;934.5;936.8;930.1;8;8;7;0.0;0.0;1.0;10.0;6.0;4.0;70.33333333333333;933.8000000000001;6.666666666666667;0.3333333333333333;7
83075;1994-05-21;0;26;16.6;3.3;1994;5;21;-23.43;-46.46;735;79.0;84.0;49.0;935.8;937.3;932.4;8;8;3;0.0;0.0;1.0;10.0;9.0;6.0;70.66666666666667;935.1666666666666;8.333333333333334;0.3333333333333333;3
83075;1994-05-22;0.1;24.8;17.2;2.8;1994;5;22;-23.43;-46.46;735;84.0;79.0;62.0;935.9;937.2;932.6;8;3;5;0.0;3.0;1.0;8.0;9.0;6.0;75.0;935.2333333333332;7.666666666666667;1.3333333333333333;3
83075;1994-05-23;0;25.2;18;0.9;1994;5;23;-23.43;-46.46;735;87.0;84.0;77.0;935.2;935.7;932.5;3;8;8;2.0;0.0;0.0;10.0;10.0;8.0;82.66666666666667;934.4666666666667;9.333333333333334;0.6666666666666666;3
83075;1994-05-25;0.2;28.4;16.1;8;1994;5;25;-23.43;-46.46;735;90.0;78.0;49.0;934.2;934.8;928.0;8;7;7;0.0;1.0;3.0;10.0;1.0;6.0;72.33333333333333;932.3333333333334;5.666666666666667;1.3333333333333333;7
83075;1994-05-28;2.1;23.4;10.9;4.2;1994;5;28;-23.43;-46.46;735;91.0;87.0;72.0;933.5;935.0;932.9;8;8;3;0.0;0.0;3.0;10.0;10.0;8.0;83.33333333333333;933.8000000000001;9.333333333333334;1.0;3
83075;1994-05-29;0;20.2;13.9;0.2;1994;5;29;-23.43;-46.46;735;88.0;82.0;81.0;934.2;937.2;936.9;8;8;4;0.0;0.0;2.0;9.0;10.0;10.0;83.66666666666667;936.1;9.666666666666666;0.6666666666666666;4
83075;1994-05-30;0;20.2;14.3;0.6;1994;5;30;-23.43;-46.46;735;83.0;82.0;70.0;939.2;941.6;937.7;4;3;8;3.0;2.0;0.0;10.0;9.0;10.0;78.33333333333333;939.5;9.666666666666666;1.6666666666666667;4
83075;1994-05-31;0;24.3;14.7;6.8;1994;5;31;-23.43;-46.46;735;86.0;85.0;62.0;940.4;939.4;934.5;8;4;3;0.0;2.0;1.0;10.0;9.0;8.0;77.66666666666667;938.1;9.0;1.0;4
83075;1994-06-01;0;26.4;16;5.3;1994;6;1;-23.43;-46.46;735;85.0;71.0;63.0;936.7;935.3;931.6;4;8;4;3.0;0.0;3.0;10.0;8.0;8.0;73.0;934.5333333333333;8.666666666666666;2.0;4
83075;1994-06-02;19;26.2;19.5;0.5;1994;6;2;-23.43;-46.46;735;83.0;93.0;66.0;929.8;934.8;932.3;8;8;4;0.0;0.0;4.0;10.0;10.0;10.0;80.66666666666667;932.2999999999998;10.0;1.3333333333333333;4
83075;1994-06-03;0;22.6;16.8;0;1994;6;3;-23.43;-46.46;735;77.0;74.0;65.0;935.0;934.4;931.6;3;3;4;3.0;2.0;2.0;10.0;10.0;10.0;72.0;933.6666666666666;10.0;2.3333333333333335;3
83075;1994-06-04;0;30.4;16.1;8.9;1994;6;4;-23.43;-46.46;735;69.0;87.0;35.0;930.0;931.7;925.4;8;8;7;0.0;0.0;3.0;5.0;2.0;8.0;63.666666666666664;929.0333333333333;5.0;1.0;7
83075;1994-06-05;0;26.6;15.8;4.9;1994;6;5;-23.43;-46.46;735;84.0;88.0;59.0;937.4;940.0;933.9;8;3;8;0.0;1.0;0.0;2.0;10.0;6.0;77.0;937.1;6.0;0.3333333333333333;3
83075;1994-06-08;0;19;8.7;6;1994;6;8;-23.43;-46.46;735;81.0;94.0;48.0;944.1;944.1;939.0;8;3;3;0.0;1.0;1.0;0.0;10.0;1.0;74.33333333333333;942.4;3.6666666666666665;0.6666666666666666;3
83075;1994-06-09;0;30.2;15.2;9.1;1994;6;9;-23.43;-46.46;735;86.0;75.0;26.0;941.0;940.3;932.8;3;8;7;0.1;0.0;0.3;9.0;2.0;0.0;62.333333333333336;938.0333333333333;3.6666666666666665;0.13333333333333333;3
83075;1994-06-10;0;25;15.4;4;1994;6;10;-23.43;-46.46;735;83.0;76.0;76.0;937.0;937.0;933.2;5;8;4;3.0;0.0;3.0;10.0;10.0;9.0;78.33333333333333;935.7333333333332;9.666666666666666;2.0;5
83075;1994-06-11;0;31.7;19.2;3.7;1994;6;11;-23.43;-46.46;735;75.0;65.0;60.0;934.7;935.4;932.4;8;8;4;0.0;0.0;7.0;8.0;8.0;8.0;66.66666666666667;934.1666666666666;8.0;2.3333333333333335;4
83075;1994-06-12;21.1;28.2;19.7;0.6;1994;6;12;-23.43;-46.46;735;91.0;76.0;64.0;930.2;932.3;929.4;8;0;6;0.0;3.0;3.0;10.0;10.0;9.0;77.0;930.6333333333333;9.666666666666666;2.0;0
83075;1994-06-13;0;23;9.2;6.9;1994;6;13;-23.43;-46.46;735;86.0;92.0;44.0;939.2;940.8;934.5;8;4;7;0.0;1.0;1.0;0.0;4.0;8.0;74.0;938.1666666666666;4.0;0.6666666666666666;4
83075;1994-06-14;0;21.5;11.2;2.6;1994;6;14;-23.43;-46.46;735;75.0;85.0;64.0;936.9;939.3;936.3;8;8;3;0.0;0.0;1.0;8.0;10.0;6.0;74.66666666666667;937.5;8.0;0.3333333333333333;3
83075;1994-06-15;0;22.2;1.7;5.5;1994;6;15;-23.43;-46.46;735;85.0;78.0;59.0;939.3;940.3;935.6;8;3;3;0.0;1.0;1.0;10.0;10.0;5.0;74.0;938.4;8.333333333333334;0.6666666666666666;3
83075;1994-06-16;0;22.8;13;4.3;1994;6;16;-23.43;-46.46;735;89.0;94.0;67.0;938.3;940.5;935.2;4;3;8;1.0;1.0;0.0;10.0;10.0;8.0;83.33333333333333;938.0;9.333333333333334;0.6666666666666666;4
83075;1994-06-18;0;27.8;11.6;7.6;1994;6;18;-23.43;-46.46;735;86.0;91.0;36.0;935.5;937.4;930.5;8;8;7;0.0;0.0;1.0;0.0;2.0;0.0;71.0;934.4666666666667;0.6666666666666666;0.3333333333333333;7
83075;1994-06-19;0;27.2;12.8;7.7;1994;6;19;-23.43;-46.46;735;77.0;82.0;39.0;934.8;937.2;929.5;8;8;7;0.0;0.0;1.0;2.0;0.0;4.0;66.0;933.8333333333334;2.0;0.3333333333333333;7
83075;1994-06-20;0;31.2;14.6;7.5;1994;6;20;-23.43;-46.46;735;83.0;61.0;42.0;935.0;935.1;928.3;5;8;7;3.0;0.0;3.0;9.0;5.0;5.0;62.0;932.7999999999998;6.333333333333333;2.0;5
83075;1994-06-21;0;23.1;15.3;2.5;1994;6;21;-23.43;-46.46;735;85.0;60.0;69.0;931.9;930.9;930.2;8;0;7;0.0;3.0;5.0;0.0;8.0;10.0;71.33333333333333;931.0;6.0;2.6666666666666665;0
83075;1994-06-22;3.1;19.4;14.6;0;1994;6;22;-23.43;-46.46;735;82.0;77.0;98.0;931.5;934.8;934.1;8;7;8;0.0;1.0;0.0;10.0;10.0;10.0;85.66666666666667;933.4666666666667;10.0;0.3333333333333333;7
83075;1994-06-23;7.7;22.8;13.7;5.3;1994;6;23;-23.43;-46.46;735;99.0;94.0;59.0;935.1;936.3;931.3;8;8;7;0.0;0.0;3.0;10.0;9.0;8.0;84.0;934.2333333333332;9.0;1.0;7
83075;1994-06-26;7.5;14.7;1.6;8.7;1994;6;26;-23.43;-46.46;735;61.0;63.0;29.0;939.5;940.6;937.2;8;8;7;0.0;0.0;2.0;0.0;0.0;0.0;51.0;939.1;0.0;0.6666666666666666;7
83075;1994-06-28;0;20.6;4.1;8.4;1994;6;28;-23.43;-46.46;735;70.0;84.0;32.0;941.5;943.8;939.1;8;8;3;0.0;0.0;3.0;0.0;0.0;0.0;62.0;941.4666666666667;0.0;1.0;3
83075;1994-06-29;0;19.8;5.6;7.9;1994;6;29;-23.43;-46.46;735;83.0;91.0;44.0;943.2;944.0;938.3;8;4;3;0.0;1.0;1.0;5.0;5.0;0.0;72.66666666666667;941.8333333333334;3.3333333333333335;0.6666666666666666;4
83075;1994-07-01;0;31.2;16.3;8.1;1994;7;1;-23.43;-46.46;735;84.0;72.0;48.0;933.5;931.7;924.7;3;8;8;3.0;0.0;0.0;10.0;6.0;8.0;68.0;929.9666666666667;8.0;1.0;3
83075;1994-07-02;20.3;25.8;19.1;2.2;1994;7;2;-23.43;-46.46;735;85.0;95.0;71.0;934.5;936.1;932.6;4;8;3;2.0;0.0;2.0;10.0;10.0;8.0;83.66666666666667;934.4;9.333333333333334;1.3333333333333333;4
83075;1994-07-03;0;22.5;16.9;0;1994;7;3;-23.43;-46.46;735;83.0;75.0;81.0;934.8;934.5;934.6;3;4;3;2.0;1.0;5.0;10.0;10.0;10.0;79.66666666666667;934.6333333333333;10.0;2.6666666666666665;3
83075;1994-07-04;0;25.9;17.9;4.3;1994;7;4;-23.43;-46.46;735;56.0;89.0;58.0;925.8;927.5;925.1;0;7;7;3.0;3.0;6.0;5.0;10.0;8.0;67.66666666666667;926.1333333333333;7.666666666666667;4.0;0
83075;1994-07-06;0;24.5;12.8;5.6;1994;7;6;-23.43;-46.46;735;81.0;83.0;62.0;936.7;939.1;935.9;8;8;4;0.0;0.0;4.0;9.0;8.0;6.0;75.33333333333333;937.2333333333335;7.666666666666667;1.3333333333333333;4
83075;1994-07-07;0;26.5;12.8;7.4;1994;7;7;-23.43;-46.46;735;73.0;69.0;52.0;933.0;934.5;928.6;8;8;7;0.0;0.0;3.0;0.0;8.0;8.0;64.66666666666667;932.0333333333333;5.333333333333333;1.0;7
83075;1994-07-08;0;17.8;7.8;2.2;1994;7;8;-23.43;-46.46;735;83.0;83.0;61.0;942.4;941.1;937.1;3;8;2;1.0;0.0;1.0;1.0;10.0;9.0;75.66666666666667;940.1999999999999;6.666666666666667;0.6666666666666666;3
83075;1994-07-10;0;24.5;14.7;2.2;1994;7;10;-23.43;-46.46;735;83.0;75.0;71.0;936.7;938.1;936.1;3;0;4;3.0;1.0;5.0;10.0;8.0;9.0;76.33333333333333;936.9666666666667;9.0;3.0;3
83075;1994-07-11;0;32.4;18.1;6.3;1994;7;11;-23.43;-46.46;735;78.0;71.0;55.0;936.9;935.3;929.2;4;3;4;3.0;2.0;6.0;10.0;8.0;9.0;68.0;933.7999999999998;9.0;3.6666666666666665;4
83075;1994-07-12;97.2;28.3;18.9;2.4;1994;7;12;-23.43;-46.46;735;83.0;82.0;71.0;930.4;933.1;930.2;4;8;4;1.0;0.0;7.0;10.0;9.0;9.0;78.66666666666667;931.2333333333332;9.333333333333334;2.6666666666666665;4
83075;1994-07-13;0;21.3;9.4;6.7;1994;7;13;-23.43;-46.46;735;89.0;88.0;41.0;944.9;945.1;938.6;4;3;4;1.0;3.0;1.0;0.0;10.0;0.0;72.66666666666667;942.8666666666667;3.3333333333333335;1.6666666666666667;4
83075;1994-07-14;0;24;7.7;7;1994;7;14;-23.43;-46.46;735;79.0;88.0;41.0;940.4;942.3;936.9;8;8;7;0.0;0.0;2.0;6.0;6.0;5.0;69.33333333333333;939.8666666666667;5.666666666666667;0.6666666666666666;7
83075;1994-07-16;0;26.5;9;8.9;1994;7;16;-23.43;-46.46;735;70.0;77.0;37.0;940.4;942.3;936.7;8;8;3;0.0;0.0;1.0;6.0;0.0;0.0;61.333333333333336;939.7999999999998;2.0;0.3333333333333333;3
83075;1994-07-17;0;26.7;9.2;9.1;1994;7;17;-23.43;-46.46;735;70.0;70.0;38.0;939.3;940.4;934.6;8;8;7;0.0;0.0;3.0;0.0;0.0;0.0;59.333333333333336;938.0999999999999;0.0;1.0;7
83075;1994-07-18;0;27.1;10.5;8.6;1994;7;18;-23.43;-46.46;735;73.0;75.0;45.0;936.7;939.9;933.3;8;8;0;0.0;0.0;1.0;0.0;0.0;1.0;64.33333333333333;936.6333333333332;0.3333333333333333;0.3333333333333333;0
83075;1994-07-19;0;27.6;11.5;9;1994;7;19;-23.43;-46.46;735;86.0;75.0;36.0;933.0;938.0;930.4;8;8;0;0.0;0.0;3.0;0.0;0.0;0.0;65.66666666666667;933.8000000000001;0.0;1.0;0
83075;1994-07-20;0;27.8;14.5;8.9;1994;7;20;-23.43;-46.46;735;66.0;50.0;31.0;933.5;935.7;929.3;8;8;0;0.0;0.0;3.0;0.0;0.0;4.0;49.0;932.8333333333334;1.3333333333333333;1.0;0
83075;1994-07-21;0;29.1;13.5;8.6;1994;7;21;-23.43;-46.46;735;39.0;62.0;30.0;932.5;935.5;927.3;8;8;0;0.0;0.0;3.0;0.0;0.0;5.0;43.666666666666664;931.7666666666668;1.6666666666666667;1.0;0
83075;1994-07-22;0;29.5;15.6;8.4;1994;7;22;-23.43;-46.46;735;63.0;68.0;38.0;930.7;934.8;925.6;8;8;0;0.0;0.0;3.0;5.0;4.0;4.0;56.333333333333336;930.3666666666667;4.333333333333333;1.0;0
83075;1994-07-23;21.3;23.9;12;0;1994;7;23;-23.43;-46.46;735;59.0;92.0;88.0;928.9;936.3;938.7;8;8;5;0.0;0.0;1.0;4.0;10.0;10.0;79.66666666666667;934.6333333333332;8.0;0.3333333333333333;5
83075;1994-07-25;0;26.8;9.7;8.1;1994;7;25;-23.43;-46.46;735;93.0;91.0;39.0;940.0;940.0;932.9;4;8;7;1.0;0.0;1.0;10.0;10.0;0.0;74.33333333333333;937.6333333333333;6.666666666666667;0.6666666666666666;4
83075;1994-07-26;0;25.6;11.4;5;1994;7;26;-23.43;-46.46;735;76.0;82.0;61.0;936.3;938.2;934.1;8;8;4;0.0;0.0;1.0;0.0;9.0;9.0;73.0;936.1999999999999;6.0;0.3333333333333333;4
83075;1994-07-27;0;28.5;12.5;9.3;1994;7;27;-23.43;-46.46;735;84.0;77.0;28.0;936.9;939.7;933.5;8;8;3;0.0;0.0;1.0;0.0;0.0;0.0;63.0;936.6999999999999;0.0;0.3333333333333333;3
83075;1994-07-28;0;28.9;10.8;9;1994;7;28;-23.43;-46.46;735;58.0;64.0;39.0;936.7;939.4;933.1;8;8;7;0.0;0.0;3.0;0.0;0.0;6.0;53.666666666666664;936.4;2.0;1.0;7
83075;1994-07-30;0;28.3;13.5;7.7;1994;7;30;-23.43;-46.46;735;69.0;77.0;40.0;937.8;940.9;934.1;8;8;4;0.0;0.0;1.0;0.0;0.0;4.0;62.0;937.5999999999999;1.3333333333333333;0.3333333333333333;4
83075;1994-07-31;0;26.7;11.9;5.9;1994;7;31;-23.43;-46.46;735;81.0;90.0;56.0;937.4;942.0;935.3;8;4;8;0.0;1.0;0.0;0.0;10.0;0.0;75.66666666666667;938.2333333333332;3.3333333333333335;0.3333333333333333;4
83075;1994-08-02;3.4;27;18.4;0.6;1994;8;2;-23.43;-46.46;735;84.0;85.0;73.0;934.2;935.5;932.3;8;8;5;0.0;0.0;1.0;10.0;10.0;9.0;80.66666666666667;934.0;9.666666666666666;0.3333333333333333;5
83075;1994-08-03;3.5;26.4;15.7;6.3;1994;8;3;-23.43;-46.46;735;87.0;77.0;71.0;934.8;935.7;932.8;5;5;3;3.0;1.0;1.0;10.0;8.0;9.0;78.33333333333333;934.4333333333334;9.0;1.6666666666666667;5
83075;1994-08-04;0.4;20;15.4;0.9;1994;8;4;-23.43;-46.46;735;76.0;74.0;81.0;930.3;934.7;934.2;8;5;4;0.0;3.0;3.0;5.0;10.0;10.0;77.0;933.0666666666666;8.333333333333334;2.0;5
83075;1994-08-05;0;29;15.6;8.4;1994;8;5;-23.43;-46.46;735;86.0;86.0;40.0;935.6;937.3;929.8;8;8;7;0.0;0.0;1.0;5.0;4.0;4.0;70.66666666666667;934.2333333333332;4.333333333333333;0.3333333333333333;7
83075;1994-08-06;0;19.5;15;0;1994;8;6;-23.43;-46.46;735;83.0;84.0;78.0;939.9;941.5;940.0;8;5;5;0.0;1.0;3.0;9.0;10.0;10.0;81.66666666666667;940.4666666666667;9.666666666666666;1.3333333333333333;5
83075;1994-08-07;0.3;21.6;15.7;0.2;1994;8;7;-23.43;-46.46;735;64.0;85.0;75.0;932.1;936.7;934.5;8;7;7;0.0;4.0;5.0;10.0;10.0;10.0;74.66666666666667;934.4333333333334;10.0;3.0;7
83075;1994-08-08;0;23;10;7.6;1994;8;8;-23.43;-46.46;735;88.0;77.0;46.0;939.3;939.5;933.5;8;2;8;0.0;1.0;0.0;2.0;9.0;0.0;70.33333333333333;937.4333333333334;3.6666666666666665;0.3333333333333333;2
83075;1994-08-09;0;19.3;12.5;0;1994;8;9;-23.43;-46.46;735;67.0;80.0;76.0;937.4;938.9;938.6;4;4;4;0.1;0.3;0.5;0.0;10.0;10.0;74.33333333333333;938.3000000000001;6.666666666666667;0.3;4
83075;1994-08-10;0;29.2;14.6;9.8;1994;8;10;-23.43;-46.46;735;81.0;66.0;54.0;939.0;938.3;932.3;4;0;4;1.0;5.0;6.0;9.0;2.0;0.0;67.0;936.5333333333333;3.6666666666666665;4.0;4
83075;1994-08-11;0;31.3;18.2;6.4;1994;8;11;-23.43;-46.46;735;85.0;68.0;56.0;935.6;932.2;927.0;4;8;8;1.0;0.0;0.0;10.0;5.0;9.0;69.66666666666667;931.6;8.0;0.3333333333333333;4
83075;1994-08-12;6.5;25;16.5;6.4;1994;8;12;-23.43;-46.46;735;91.0;67.0;58.0;933.8;936.2;934.1;8;4;4;0.0;3.0;3.0;10.0;6.0;8.0;72.0;934.6999999999999;8.0;2.0;4
83075;1994-08-13;0;25.7;12.4;7.4;1994;8;13;-23.43;-46.46;735;90.0;85.0;41.0;942.2;943.1;936.4;3;8;5;1.0;0.0;2.0;10.0;10.0;0.0;72.0;940.5666666666667;6.666666666666667;1.0;3
83075;1994-08-14;0;26.5;12.5;7.4;1994;8;14;-23.43;-46.46;735;72.0;74.0;35.0;940.2;941.8;936.5;8;3;8;0.0;1.0;0.0;9.0;4.0;1.0;60.333333333333336;939.5;4.666666666666667;0.3333333333333333;3
83075;1994-08-15;0;26.7;10.7;7.4;1994;8;15;-23.43;-46.46;735;67.0;78.0;40.0;939.1;940.4;933.7;8;8;7;0.0;0.0;3.0;0.0;0.0;0.0;61.666666666666664;937.7333333333332;0.0;1.0;7
83075;1994-08-16;0;26.8;11.5;4.1;1994;8;16;-23.43;-46.46;735;67.0;70.0;76.0;937.0;938.8;936.3;8;3;3;0.0;1.0;3.0;0.0;0.0;10.0;71.0;937.3666666666667;3.3333333333333335;1.3333333333333333;3
83075;1994-08-17;0.3;16.3;12.6;0.1;1994;8;17;-23.43;-46.46;735;80.0;87.0;84.0;940.9;942.9;941.5;4;4;4;3.0;1.0;5.0;10.0;10.0;10.0;83.66666666666667;941.7666666666668;10.0;3.0;4
83075;1994-08-18;0;22.9;11.2;4.5;1994;8;18;-23.43;-46.46;735;75.0;84.0;59.0;943.1;943.2;938.5;3;3;4;1.0;3.0;3.0;10.0;10.0;0.0;72.66666666666667;941.6;6.666666666666667;2.3333333333333335;3
83075;1994-08-19;0;26.9;13.1;0.2;1994;8;19;-23.43;-46.46;735;90.0;81.0;44.0;942.2;942.7;936.6;8;2;8;0.0;3.0;0.0;10.0;6.0;2.0;71.66666666666667;940.5;6.0;1.0;2
83075;1994-08-22;0;28.9;11.1;9.1;1994;8;22;-23.43;-46.46;735;66.0;64.0;24.0;935.7;937.6;929.4;8;0;7;0.0;1.0;3.0;0.0;0.0;0.0;51.333333333333336;934.2333333333335;0.0;1.3333333333333333;0
83075;1994-08-23;0;27.9;13.7;5.6;1994;8;23;-23.43;-46.46;735;57.0;62.0;73.0;932.5;935.0;933.6;8;8;4;0.0;0.0;3.0;0.0;5.0;9.0;64.0;933.6999999999999;4.666666666666667;1.0;4
83075;1994-08-24;0;16.5;12.8;0;1994;8;24;-23.43;-46.46;735;95.0;83.0;90.0;938.0;938.9;936.8;4;3;4;3.0;1.0;1.0;10.0;10.0;10.0;89.33333333333333;937.9;10.0;1.6666666666666667;4
83075;1994-08-25;0;24.4;11.9;4.1;1994;8;25;-23.43;-46.46;735;87.0;86.0;70.0;939.2;939.2;933.8;4;3;8;1.0;1.0;0.0;10.0;10.0;8.0;81.0;937.4;9.333333333333334;0.6666666666666666;4
83075;1994-08-27;0;21.8;12.3;0;1994;8;27;-23.43;-46.46;735;83.0;77.0;70.0;937.9;940.7;937.5;8;8;5;0.0;0.0;2.0;10.0;10.0;8.0;76.66666666666667;938.6999999999999;9.333333333333334;0.6666666666666666;5
83075;1994-08-28;0;21.8;13.1;3.4;1994;8;28;-23.43;-46.46;735;85.0;85.0;68.0;940.5;941.1;936.2;3;3;4;1.0;3.0;1.0;10.0;10.0;10.0;79.33333333333333;939.2666666666668;10.0;1.6666666666666667;3
83075;1994-08-29;0;28.1;13.9;5.5;1994;8;29;-23.43;-46.46;735;90.0;86.0;52.0;939.0;938.9;932.5;4;8;8;1.0;0.0;0.0;10.0;10.0;10.0;76.0;936.8000000000001;10.0;0.3333333333333333;4
83075;1994-08-31;0;32.5;14.9;5.6;1994;8;31;-23.43;-46.46;735;69.0;73.0;24.0;933.8;937.1;929.6;8;8;4;0.0;0.0;1.0;0.0;0.0;8.0;55.333333333333336;933.5;2.6666666666666665;0.3333333333333333;4
83075;1994-09-01;21.3;26.6;19.4;2;1994;9;1;-23.43;-46.46;735;89.0;91.0;67.0;927.4;927.2;921.1;4;8;7;1.0;0.0;4.0;5.0;10.0;8.0;82.33333333333333;925.2333333333332;7.666666666666667;1.6666666666666667;4
83075;1994-09-02;36.9;32.2;18.4;9.6;1994;9;2;-23.43;-46.46;735;92.0;83.0;50.0;934.0;930.2;929.3;8;3;7;0.0;1.0;4.0;10.0;8.0;8.0;75.0;931.1666666666666;8.666666666666666;1.6666666666666667;3
83075;1994-09-03;0;25.8;18.5;0.4;1994;9;3;-23.43;-46.46;735;86.0;82.0;70.0;934.7;935.9;932.7;4;3;3;1.0;3.0;2.0;9.0;10.0;10.0;79.33333333333333;934.4333333333334;9.666666666666666;2.0;4
83075;1994-09-04;1.1;24;14.5;5.2;1994;9;4;-23.43;-46.46;735;82.0;69.0;55.0;936.1;938.0;934.7;8;8;4;0.0;0.0;1.0;9.0;9.0;8.0;68.66666666666667;936.2666666666668;8.666666666666666;0.3333333333333333;4
83075;1994-09-05;0;29.4;18.1;6.6;1994;9;5;-23.43;-46.46;735;71.0;78.0;44.0;933.7;937.3;929.2;8;8;7;0.0;0.0;3.0;6.0;9.0;6.0;64.33333333333333;933.4;7.0;1.0;7
83075;1994-09-06;7.9;17.9;13.1;1.3;1994;9;6;-23.43;-46.46;735;93.0;83.0;88.0;942.1;943.5;941.9;8;3;5;0.0;1.0;3.0;10.0;8.0;10.0;88.0;942.5;9.333333333333334;1.3333333333333333;3
83075;1994-09-07;2;18.3;4;6.4;1994;9;7;-23.43;-46.46;735;77.0;88.0;24.0;937.5;943.4;940.2;7;4;5;3.0;3.0;1.0;10.0;10.0;8.0;63.0;940.3666666666668;9.333333333333334;2.3333333333333335;7
83075;1994-09-09;0;15.7;11.7;0;1994;9;9;-23.43;-46.46;735;85.0;83.0;77.0;942.1;943.2;941.7;4;4;4;0.5;0.3;0.5;10.0;10.0;10.0;81.66666666666667;942.3333333333334;10.0;0.43333333333333335;4
83075;1994-09-10;0;31.8;15.1;8.7;1994;9;10;-23.43;-46.46;735;82.0;71.0;29.0;936.6;936.9;930.7;3;8;8;1.0;0.0;0.0;6.0;8.0;4.0;60.666666666666664;934.7333333333332;6.0;0.3333333333333333;3
83075;1994-09-11;0;31.7;14.3;3.4;1994;9;11;-23.43;-46.46;735;80.0;66.0;52.0;930.0;927.1;925.4;8;8;7;0.0;0.0;9.0;10.0;8.0;10.0;66.0;927.5;9.333333333333334;3.0;7
83075;1994-09-12;0;27.3;17.2;4.9;1994;9;12;-23.43;-46.46;735;78.0;69.0;67.0;936.0;936.8;932.9;4;8;4;3.0;0.0;5.0;10.0;10.0;9.0;71.33333333333333;935.2333333333332;9.666666666666666;2.6666666666666665;4
83075;1994-09-13;0;32.2;14.2;7;1994;9;13;-23.43;-46.46;735;83.0;66.0;28.0;935.7;936.6;928.1;8;3;7;0.0;0.3;0.3;10.0;0.0;8.0;59.0;933.4666666666667;6.0;0.19999999999999998;3
83075;1994-09-14;0;32;15.9;4.2;1994;9;14;-23.43;-46.46;735;83.0;78.0;26.0;935.7;935.3;927.3;4;8;7;0.5;0.0;0.3;10.0;9.0;9.0;62.333333333333336;932.7666666666668;9.333333333333334;0.26666666666666666;4
83075;1994-09-15;0;31.1;17.4;3.8;1994;9;15;-23.43;-46.46;735;60.0;57.0;49.0;930.2;931.1;929.1;8;3;7;0.0;0.1;0.5;4.0;8.0;10.0;55.333333333333336;930.1333333333333;7.333333333333333;0.19999999999999998;3
83075;1994-09-16;0;20.5;15.8;0;1994;9;16;-23.43;-46.46;735;73.0;81.0;74.0;934.4;939.1;938.3;0;4;0;0.3;0.5;0.3;10.0;10.0;10.0;76.0;937.2666666666668;10.0;0.3666666666666667;0
83075;1994-09-17;0;22.2;14.5;0.5;1994;9;17;-23.43;-46.46;735;86.0;83.0;68.0;941.5;942.6;938.4;3;0;3;0.1;0.3;0.1;10.0;10.0;8.0;79.0;940.8333333333334;9.333333333333334;0.16666666666666666;3
83075;1994-09-18;0;25.6;14.2;7.7;1994;9;18;-23.43;-46.46;735;74.0;77.0;56.0;942.2;942.9;937.7;4;3;4;0.3;0.1;0.4;10.0;10.0;1.0;69.0;940.9333333333334;7.0;0.26666666666666666;4
83075;1994-09-19;0;28.7;14.3;9.4;1994;9;19;-23.43;-46.46;735;83.0;71.0;40.0;941.7;940.3;934.0;3;4;8;0.2;0.3;0.0;10.0;0.0;1.0;64.66666666666667;938.6666666666666;3.6666666666666665;0.16666666666666666;3
83075;1994-09-20;0;31.7;13.6;9.3;1994;9;20;-23.43;-46.46;735;85.0;64.0;34.0;938.5;938.6;931.8;8;8;5;0.0;0.0;0.1;0.0;0.0;0.0;61.0;936.2999999999998;0.0;0.03333333333333333;5
83075;1994-09-21;0;33.5;14.4;9.4;1994;9;21;-23.43;-46.46;735;58.0;55.0;23.0;935.1;936.7;928.6;8;8;7;0.0;0.0;0.1;0.0;0.0;0.0;45.333333333333336;933.4666666666667;0.0;0.03333333333333333;7
83075;1994-09-23;0;34.4;16.3;7.7;1994;9;23;-23.43;-46.46;735;48.0;43.0;26.0;932.7;935.2;927.0;4;3;8;0.1;0.1;0.0;0.0;0.0;0.0;39.0;931.6333333333333;0.0;0.06666666666666667;4
83075;1994-09-25;0;34.2;16.5;6.1;1994;9;25;-23.43;-46.46;735;47.0;48.0;28.0;931.5;932.5;924.4;8;8;7;0.0;0.0;0.5;0.0;0.0;10.0;41.0;929.4666666666667;3.3333333333333335;0.16666666666666666;7
83075;1994-09-26;0;28.3;16.4;5.7;1994;9;26;-23.43;-46.46;735;51.0;68.0;65.0;928.7;934.6;933.9;8;8;4;0.0;0.0;0.7;0.0;0.0;5.0;61.333333333333336;932.4000000000001;1.6666666666666667;0.2333333333333333;4
83075;1994-09-27;0.1;19.5;12.7;0;1994;9;27;-23.43;-46.46;735;86.0;83.0;85.0;938.7;942.0;940.7;4;4;4;0.3;0.4;0.1;10.0;10.0;10.0;84.66666666666667;940.4666666666667;10.0;0.26666666666666666;4
83075;1994-09-28;0.4;20.5;12.4;1.4;1994;9;28;-23.43;-46.46;735;84.0;73.0;65.0;941.5;940.9;937.2;4;3;4;0.5;0.4;0.5;9.0;10.0;8.0;74.0;939.8666666666668;9.0;0.4666666666666666;4
83075;1994-09-29;0;27.6;13.1;9.4;1994;9;29;-23.43;-46.46;735;84.0;65.0;37.0;940.3;938.8;931.8;3;4;8;0.1;0.1;0.0;10.0;0.0;0.0;62.0;936.9666666666666;3.3333333333333335;0.06666666666666667;3
83075;1994-10-01;8.5;27.6;16.5;11.3;1994;10;1;-23.43;-46.46;735;87.0;61.0;37.0;925.0;928.8;925.3;8;7;7;0.0;2.0;5.0;10.0;4.0;5.0;61.666666666666664;926.3666666666667;6.333333333333333;2.3333333333333335;7
83075;1994-10-02;0;32.6;19.9;8.2;1994;10;2;-23.43;-46.46;735;77.0;70.0;45.0;931.6;932.3;928.1;8;8;7;0.0;0.0;4.0;9.0;1.0;8.0;64.0;930.6666666666666;6.0;1.3333333333333333;7
83075;1994-10-03;4.9;30.2;19.7;6.2;1994;10;3;-23.43;-46.46;735;89.0;84.0;56.0;935.3;935.5;930.8;8;3;0;0.0;1.0;1.0;10.0;9.0;8.0;76.33333333333333;933.8666666666667;9.0;0.6666666666666666;3
83075;1994-10-04;0;27;14.7;7.6;1994;10;4;-23.43;-46.46;735;84.0;79.0;52.0;937.8;938.7;933.5;8;4;8;0.0;1.0;0.0;9.0;6.0;8.0;71.66666666666667;936.6666666666666;7.666666666666667;0.3333333333333333;4
83075;1994-10-05;0;28.6;17.6;5.7;1994;10;5;-23.43;-46.46;735;72.0;75.0;69.0;932.3;937.1;932.7;8;8;4;0.0;0.0;3.0;8.0;4.0;9.0;72.0;934.0333333333334;7.0;1.0;4
83075;1994-10-06;0;20.6;11.8;7.2;1994;10;6;-23.43;-46.46;735;100.0;82.0;56.0;943.5;943.5;940.5;4;8;3;1.0;0.0;3.0;10.0;4.0;6.0;79.33333333333333;942.5;6.666666666666667;1.3333333333333333;4
83075;1994-10-07;0;13.5;2.8;2.4;1994;10;7;-23.43;-46.46;735;59.0;72.0;66.0;943.8;946.5;945.5;8;8;4;0.0;0.0;3.0;0.0;10.0;9.0;65.66666666666667;945.2666666666668;6.333333333333333;1.0;4
83075;1994-10-08;0;28.7;15.5;8.7;1994;10;8;-23.43;-46.46;735;59.0;67.0;35.0;935.2;937.9;933.1;8;8;7;0.0;0.0;2.0;2.0;4.0;0.0;53.666666666666664;935.4;2.0;0.6666666666666666;7
83075;1994-10-09;0;18.2;10.5;0;1994;10;9;-23.43;-46.46;735;84.0;87.0;70.0;944.8;943.5;940.2;4;3;5;0.5;0.3;0.3;10.0;10.0;10.0;80.33333333333333;942.8333333333334;10.0;0.3666666666666667;4
83075;1994-10-10;0;33.8;16.1;8.5;1994;10;10;-23.43;-46.46;735;55.0;50.0;27.0;934.3;935.1;927.6;8;8;3;0.0;0.0;2.0;1.0;0.0;9.0;44.0;932.3333333333334;3.3333333333333335;0.6666666666666666;3
83075;1994-10-11;0;31.7;19.6;10.4;1994;10;11;-23.43;-46.46;735;76.0;65.0;35.0;928.0;929.8;923.2;7;7;7;1.0;3.0;4.0;4.0;5.0;6.0;58.666666666666664;927.0;5.0;2.6666666666666665;7
83075;1994-10-12;0;31.2;18.3;8.1;1994;10;12;-23.43;-46.46;735;86.0;71.0;59.0;935.8;935.6;931.1;4;8;4;1.0;0.0;3.0;10.0;6.0;8.0;72.0;934.1666666666666;8.0;1.3333333333333333;4
83075;1994-10-13;0;35.9;14.1;8.8;1994;10;13;-23.43;-46.46;735;83.0;68.0;29.0;935.8;934.1;925.4;8;8;7;0.0;0.0;3.0;0.0;0.0;6.0;60.0;931.7666666666668;2.0;1.0;7
83075;1994-10-14;2;24.5;16.4;3.8;1994;10;14;-23.43;-46.46;735;78.0;75.0;64.0;935.6;937.2;935.3;0;8;4;1.0;0.0;5.0;10.0;9.0;6.0;72.33333333333333;936.0333333333334;8.333333333333334;2.0;0
83075;1994-10-15;0;21.9;15.5;0;1994;10;15;-23.43;-46.46;735;68.0;80.0;73.0;938.4;938.6;934.6;4;5;5;3.0;1.0;5.0;10.0;10.0;10.0;73.66666666666667;937.1999999999999;10.0;3.0;4
83075;1994-10-16;0;33.4;18.5;6.2;1994;10;16;-23.43;-46.46;735;78.0;73.0;36.0;937.0;934.4;926.5;3;8;3;4.0;0.0;2.0;10.0;9.0;8.0;62.333333333333336;932.6333333333333;9.0;2.0;3
83075;1994-10-17;0.3;35;18.6;7.2;1994;10;17;-23.43;-46.46;735;73.0;66.0;30.0;930.9;932.4;921.0;8;8;0;0.0;0.0;3.0;6.0;2.0;8.0;56.333333333333336;928.1;5.333333333333333;1.0;0
83075;1994-10-18;7.3;32.4;18.9;7.3;1994;10;18;-23.43;-46.46;735;82.0;77.0;40.0;930.5;931.6;924.0;8;8;7;0.0;0.0;3.0;10.0;10.0;6.0;66.33333333333333;928.6999999999999;8.666666666666666;1.0;7
83075;1994-10-19;0;34.2;18.5;8.9;1994;10;19;-23.43;-46.46;735;66.0;65.0;35.0;927.6;931.5;923.0;5;8;7;1.0;0.0;3.0;10.0;4.0;4.0;55.333333333333336;927.3666666666667;6.0;1.3333333333333333;5
83075;1994-10-20;0;33.5;18.9;5;1994;10;20;-23.43;-46.46;735;74.0;48.0;67.0;927.4;928.7;930.3;8;7;5;0.0;4.0;4.0;5.0;1.0;9.0;63.0;928.7999999999998;5.0;2.6666666666666665;7
83075;1994-10-21;14;23.6;17.3;0;1994;10;21;-23.43;-46.46;735;88.0;77.0;75.0;935.3;934.3;932.9;8;4;4;0.0;2.0;5.0;10.0;10.0;10.0;80.0;934.1666666666666;10.0;2.3333333333333335;4
83075;1994-10-22;4.9;24.3;11.8;0.5;1994;10;22;-23.43;-46.46;735;87.0;93.0;79.0;935.7;937.7;933.8;3;8;3;1.0;0.0;1.0;10.0;10.0;10.0;86.33333333333333;935.7333333333332;10.0;0.6666666666666666;3
83075;1994-10-23;6.9;29.2;17.5;2.8;1994;10;23;-23.43;-46.46;735;89.0;90.0;67.0;936.7;936.1;930.6;4;8;4;1.0;0.0;1.0;9.0;10.0;10.0;82.0;934.4666666666667;9.666666666666666;0.6666666666666666;4
83075;1994-10-24;0;29.6;18.1;1.5;1994;10;24;-23.43;-46.46;735;88.0;82.0;80.0;933.7;933.2;929.2;4;8;8;1.0;0.0;0.0;10.0;10.0;10.0;83.33333333333333;932.0333333333334;10.0;0.3333333333333333;4
83075;1994-10-25;1.7;30.9;19.1;7.4;1994;10;25;-23.43;-46.46;735;84.0;72.0;51.0;930.4;932.6;926.5;8;7;7;0.0;3.0;1.0;10.0;8.0;9.0;69.0;929.8333333333334;9.0;1.3333333333333333;7
83075;1994-10-26;24.4;25.5;17.5;1.7;1994;10;26;-23.43;-46.46;735;89.0;93.0;75.0;931.8;933.5;929.0;8;8;3;0.0;0.0;2.0;10.0;10.0;9.0;85.66666666666667;931.4333333333334;9.666666666666666;0.6666666666666666;3
83075;1994-10-27;51.3;25.7;17.9;0.5;1994;10;27;-23.43;-46.46;735;95.0;89.0;94.0;932.1;932.8;929.3;3;3;4;3.0;2.0;1.0;10.0;10.0;10.0;92.66666666666667;931.4;10.0;2.0;3
83075;1994-10-28;8.8;27.8;17.4;2.8;1994;10;28;-23.43;-46.46;735;86.0;81.0;75.0;932.5;932.9;929.1;4;8;4;1.0;0.0;1.0;10.0;8.0;10.0;80.66666666666667;931.5;9.333333333333334;0.6666666666666666;4
83075;1994-10-29;5;22;12.7;0;1994;10;29;-23.43;-46.46;735;75.0;83.0;80.0;934.5;940.3;941.8;5;4;4;3.0;3.0;5.0;10.0;10.0;10.0;79.33333333333333;938.8666666666667;10.0;3.6666666666666665;5
83075;1994-10-30;0;22;12.8;0.3;1994;10;30;-23.43;-46.46;735;89.0;78.0;77.0;943.6;943.0;939.0;4;5;3;3.0;3.0;3.0;10.0;10.0;10.0;81.33333333333333;941.8666666666667;10.0;3.0;4
83075;1994-10-31;1.1;30.6;14.5;4.5;1994;10;31;-23.43;-46.46;735;88.0;79.0;45.0;940.5;938.6;931.7;3;3;0;5.0;3.0;5.0;10.0;9.0;9.0;70.66666666666667;936.9333333333334;9.333333333333334;4.333333333333333;3
83075;1994-11-01;0;28;16.3;5.4;1994;11;1;-23.43;-46.46;735;79.0;78.0;58.0;930.6;933.2;930.6;4;8;4;1.0;0.0;3.0;5.0;8.0;8.0;71.66666666666667;931.4666666666667;7.0;1.3333333333333333;4
83075;1994-11-03;37.8;29.6;18.7;5.5;1994;11;3;-23.43;-46.46;735;91.0;82.0;65.0;933.2;934.1;929.7;8;8;7;0.0;0.0;3.0;10.0;9.0;8.0;79.33333333333333;932.3333333333334;9.0;1.0;7
83075;1994-11-04;0;29.6;15.5;8.2;1994;11;4;-23.43;-46.46;735;86.0;85.0;41.0;936.9;937.6;932.5;8;8;7;0.0;0.0;3.0;10.0;2.0;8.0;70.66666666666667;935.6666666666666;6.666666666666667;1.0;7
83075;1994-11-05;0;26.9;19.1;4.8;1994;11;5;-23.43;-46.46;735;87.0;81.0;68.0;937.3;937.4;931.4;8;3;4;0.0;3.0;3.0;10.0;8.0;8.0;78.66666666666667;935.3666666666667;8.666666666666666;2.0;3
83075;1994-11-07;0;14.7;5.7;0.9;1994;11;7;-23.43;-46.46;735;87.0;90.0;86.0;947.8;947.9;945.4;4;8;4;1.0;0.0;1.0;9.0;10.0;10.0;87.66666666666667;947.0333333333333;9.666666666666666;0.6666666666666666;4
83075;1994-11-08;0;18.3;10.1;0;1994;11;8;-23.43;-46.46;735;81.0;84.0;84.0;938.2;942.0;942.3;3;4;5;3.0;4.0;4.0;10.0;10.0;10.0;83.0;940.8333333333334;10.0;3.6666666666666665;3
83075;1994-11-09;0;26.1;11.9;7.9;1994;11;9;-23.43;-46.46;735;87.0;78.0;46.0;942.3;941.9;935.0;4;4;8;0.3;0.3;0.0;10.0;10.0;0.0;70.33333333333333;939.7333333333332;6.666666666666667;0.19999999999999998;4
83075;1994-11-10;0;24.8;14.8;1.9;1994;11;10;-23.43;-46.46;735;58.0;74.0;81.0;933.7;938.7;936.2;0;0;3;5.0;3.0;3.0;0.0;10.0;10.0;71.0;936.2000000000002;6.666666666666667;3.6666666666666665;0
83075;1994-11-11;0;33.9;16.5;10.7;1994;11;11;-23.43;-46.46;735;74.0;61.0;25.0;928.4;931.8;924.0;8;8;7;0.0;0.0;3.0;0.0;0.0;1.0;53.333333333333336;928.0666666666666;0.3333333333333333;1.0;7
83075;1994-11-12;6;32;18.6;5.1;1994;11;12;-23.43;-46.46;735;89.0;74.0;89.0;934.4;933.9;933.1;8;8;0;0.0;0.0;1.0;10.0;5.0;9.0;84.0;933.8000000000001;8.0;0.3333333333333333;0
83075;1994-11-13;1;33.2;19.7;3.5;1994;11;13;-23.43;-46.46;735;65.0;72.0;80.0;929.9;930.3;926.0;4;8;4;1.0;0.0;3.0;9.0;9.0;10.0;72.33333333333333;928.7333333333332;9.333333333333334;1.3333333333333333;4
83075;1994-11-14;2.2;28;18.5;0.9;1994;11;14;-23.43;-46.46;735;87.0;80.0;69.0;931.1;931.8;928.1;4;4;4;1.0;1.0;5.0;10.0;10.0;10.0;78.66666666666667;930.3333333333334;10.0;2.3333333333333335;4
83075;1994-11-15;0;29.6;19.1;7.3;1994;11;15;-23.43;-46.46;735;84.0;70.0;70.0;931.7;930.7;927.2;3;4;4;3.0;1.0;3.0;9.0;5.0;9.0;74.66666666666667;929.8666666666668;7.666666666666667;2.3333333333333335;3
83075;1994-11-16;1;32.7;19.1;9.8;1994;11;16;-23.43;-46.46;735;92.0;66.0;42.0;930.6;930.5;923.5;4;3;0;1.0;1.0;1.0;10.0;5.0;6.0;66.66666666666667;928.1999999999999;7.0;1.0;4
83075;1994-11-17;0;29.8;20.5;4;1994;11;17;-23.43;-46.46;735;70.0;75.0;66.0;928.0;930.9;925.6;7;8;4;1.0;0.0;3.0;8.0;8.0;9.0;70.33333333333333;928.1666666666666;8.333333333333334;1.3333333333333333;7
83075;1994-11-18;1.1;25.4;18.7;0;1994;11;18;-23.43;-46.46;735;82.0;80.0;99.0;929.0;929.6;927.6;4;8;5;3.0;0.0;1.0;10.0;10.0;10.0;87.0;928.7333333333332;10.0;1.3333333333333333;4
83075;1994-11-19;11.5;21.3;13.1;0.1;1994;11;19;-23.43;-46.46;735;95.0;76.0;74.0;929.1;931.4;930.3;8;3;4;0.0;3.0;5.0;10.0;10.0;10.0;81.66666666666667;930.2666666666668;10.0;2.6666666666666665;3
83075;1994-11-20;0;19.2;12.9;0.4;1994;11;20;-23.43;-46.46;735;83.0;80.0;74.0;933.6;933.9;932.9;4;5;4;3.0;5.0;3.0;8.0;10.0;10.0;79.0;933.4666666666667;9.333333333333334;3.6666666666666665;4
83075;1994-11-21;0;18.9;12.9;0;1994;11;21;-23.43;-46.46;735;86.0;60.0;59.0;935.5;936.9;936.8;4;3;4;3.0;4.0;3.0;10.0;10.0;10.0;68.33333333333333;936.4;10.0;3.3333333333333335;4
83075;1994-11-22;0;19.5;12.3;0;1994;11;22;-23.43;-46.46;735;76.0;62.0;62.0;938.4;939.2;938.1;3;3;4;1.0;3.0;3.0;10.0;10.0;10.0;66.66666666666667;938.5666666666666;10.0;2.3333333333333335;3
83075;1994-11-23;0;24.6;11.6;10.4;1994;11;23;-23.43;-46.46;735;73.0;56.0;39.0;940.2;940.2;936.7;4;8;4;3.0;0.0;3.0;1.0;1.0;5.0;56.0;939.0333333333334;2.3333333333333335;2.0;4
83075;1994-11-24;0;24.5;12.7;9.7;1994;11;24;-23.43;-46.46;735;72.0;63.0;53.0;940.0;939.3;936.2;4;4;4;1.0;5.0;4.0;2.0;5.0;5.0;62.666666666666664;938.5;4.0;3.3333333333333335;4
83075;1994-11-25;0;29.6;13.8;8.2;1994;11;25;-23.43;-46.46;735;79.0;71.0;39.0;938.8;937.6;932.1;4;8;0;3.0;0.0;1.0;4.0;2.0;9.0;63.0;936.1666666666666;5.0;1.3333333333333333;4
83075;1994-11-26;0;30.8;15.8;9;1994;11;26;-23.43;-46.46;735;73.0;64.0;54.0;934.5;933.8;927.5;8;0;8;0.0;3.0;0.0;4.0;4.0;5.0;63.666666666666664;931.9333333333334;4.333333333333333;1.0;0
83075;1994-11-27;0;31.7;18.5;8;1994;11;27;-23.43;-46.46;735;69.0;58.0;41.0;930.3;930.8;930.5;3;0;2;1.0;5.0;1.0;2.0;9.0;5.0;56.0;930.5333333333333;5.333333333333333;2.3333333333333335;3
83075;1994-11-28;9.3;24.6;18.2;0.3;1994;11;28;-23.43;-46.46;735;80.0;93.0;77.0;929.6;931.5;927.2;4;8;8;3.0;0.0;0.0;8.0;10.0;10.0;83.33333333333333;929.4333333333334;9.333333333333334;1.0;4
83075;1994-11-29;49;28.7;16.9;3.6;1994;11;29;-23.43;-46.46;735;93.0;86.0;56.0;928.6;928.1;924.4;8;7;0;0.0;5.0;7.0;4.0;10.0;6.0;78.33333333333333;927.0333333333333;6.666666666666667;4.0;7
83075;1994-11-30;0.4;27.4;17.5;10.1;1994;11;30;-23.43;-46.46;735;70.0;54.0;51.0;933.9;935.3;932.2;0;2;3;1.0;3.0;1.0;9.0;2.0;2.0;58.333333333333336;933.7999999999998;4.333333333333333;1.6666666666666667;0
83075;1994-12-01;0;25.6;17.1;2;1994;12;1;-23.43;-46.46;735;76.0;67.0;71.0;934.2;935.0;932.6;4;4;4;3.0;6.0;4.0;10.0;6.0;10.0;71.33333333333333;933.9333333333334;8.666666666666666;4.333333333333333;4
83075;1994-12-02;22.6;31.6;20.1;4.4;1994;12;2;-23.43;-46.46;735;91.0;80.0;57.0;932.8;933.9;928.0;6;8;0;1.0;0.0;1.0;10.0;9.0;8.0;76.0;931.5666666666666;9.0;0.6666666666666666;6
83075;1994-12-03;6;26.8;19.3;3.1;1994;12;3;-23.43;-46.46;735;92.0;85.0;90.0;933.5;933.5;931.9;8;8;3;0.0;0.0;1.0;10.0;10.0;10.0;89.0;932.9666666666667;10.0;0.3333333333333333;3
83075;1994-12-05;0;25.9;17.9;3.7;1994;12;5;-23.43;-46.46;735;69.0;73.0;57.0;932.1;935.5;931.4;8;7;8;0.0;3.0;0.0;9.0;6.0;10.0;66.33333333333333;933.0;8.333333333333334;1.0;7
83075;1994-12-07;0;19.2;5;8.1;1994;12;7;-23.43;-46.46;735;86.0;84.0;49.0;947.4;946.7;942.4;0;4;3;2.0;3.0;1.0;0.0;4.0;1.0;73.0;945.5;1.6666666666666667;2.0;0
83075;1994-12-08;0;21.4;10.3;0;1994;12;8;-23.43;-46.46;735;80.0;82.0;62.0;942.7;942.7;939.1;3;3;5;3.0;2.0;2.0;10.0;10.0;8.0;74.66666666666667;941.5;9.333333333333334;2.3333333333333335;3
83075;1994-12-09;0;29.9;12;6.8;1994;12;9;-23.43;-46.46;735;78.0;85.0;91.0;937.7;939.1;932.6;4;0;4;0.1;0.1;0.1;0.0;10.0;5.0;84.66666666666667;936.4666666666667;5.0;0.10000000000000002;4
83075;1994-12-10;0;27.8;14.2;9.5;1994;12;10;-23.43;-46.46;735;87.0;67.0;69.0;938.9;937.8;933.8;4;8;0;3.0;0.0;5.0;10.0;8.0;0.0;74.33333333333333;936.8333333333334;6.0;2.6666666666666665;4
83075;1994-12-11;0;35.3;17.2;9.1;1994;12;11;-23.43;-46.46;735;81.0;75.0;40.0;930.2;932.7;925.4;8;4;4;0.0;1.0;3.0;0.0;0.0;6.0;65.33333333333333;929.4333333333334;2.0;1.3333333333333333;4
83075;1994-12-12;37.1;32.9;17.8;8.9;1994;12;12;-23.43;-46.46;735;88.0;59.0;46.0;934.5;933.5;927.0;8;7;7;0.0;4.0;3.0;9.0;2.0;8.0;64.33333333333333;931.6666666666666;6.333333333333333;2.3333333333333335;7
83075;1994-12-13;5;33.4;18.4;10.1;1994;12;13;-23.43;-46.46;735;89.0;63.0;46.0;932.7;930.8;923.7;8;7;7;0.0;4.0;3.0;10.0;6.0;4.0;66.0;929.0666666666666;6.666666666666667;2.3333333333333335;7
83075;1994-12-14;0;33.7;20.9;5.7;1994;12;14;-23.43;-46.46;735;59.0;63.0;49.0;926.9;928.3;923.7;4;8;8;1.0;0.0;0.0;4.0;9.0;9.0;57.0;926.2999999999998;7.333333333333333;0.3333333333333333;4
83075;1994-12-15;0;31.6;18.9;2.5;1994;12;15;-23.43;-46.46;735;76.0;67.0;87.0;927.4;928.2;927.3;8;8;7;0.0;0.0;1.0;8.0;9.0;9.0;76.66666666666667;927.6333333333332;8.666666666666666;0.3333333333333333;7
83075;1994-12-16;22;31.5;19.1;6.2;1994;12;16;-23.43;-46.46;735;80.0;63.0;70.0;930.9;932.3;928.0;4;4;4;3.0;1.0;5.0;10.0;8.0;10.0;71.0;930.4;9.333333333333334;3.0;4
83075;1994-12-17;0;32.6;20.5;8.1;1994;12;17;-23.43;-46.46;735;83.0;68.0;57.0;930.9;928.5;922.9;4;0;0;1.0;2.0;1.0;10.0;8.0;6.0;69.33333333333333;927.4333333333334;8.0;1.3333333333333333;4
83075;1994-12-18;18.6;26.6;19.5;0.7;1994;12;18;-23.43;-46.46;735;87.0;78.0;78.0;927.4;928.7;925.3;8;0;0;0.0;1.0;3.0;8.0;10.0;9.0;81.0;927.1333333333332;9.0;1.3333333333333333;0
83075;1994-12-19;8.6;25.9;16.8;5.7;1994;12;19;-23.43;-46.46;735;90.0;75.0;60.0;929.6;933.4;931.3;4;4;4;3.0;3.0;3.0;8.0;10.0;4.0;75.0;931.4333333333334;7.333333333333333;3.0;4
83075;1994-12-20;0;28.3;16.9;7.6;1994;12;20;-23.43;-46.46;735;89.0;80.0;64.0;933.1;933.9;929.9;4;3;4;1.0;1.0;5.0;9.0;4.0;9.0;77.66666666666667;932.3000000000001;7.333333333333333;2.3333333333333335;4
83075;1994-12-21;0;29.7;18;5;1994;12;21;-23.43;-46.46;735;82.0;78.0;63.0;932.5;932.7;926.6;4;4;4;1.0;1.0;3.0;10.0;9.0;8.0;74.33333333333333;930.6;9.0;1.6666666666666667;4
83075;1994-12-22;44.4;26.1;17.1;0;1994;12;22;-23.43;-46.46;735;81.0;92.0;79.0;928.5;928.0;923.9;3;8;8;3.0;0.0;0.0;10.0;10.0;10.0;84.0;926.8000000000001;10.0;1.0;3
83075;1994-12-23;46.6;26.8;17.7;1.1;1994;12;23;-23.43;-46.46;735;97.0;81.0;84.0;925.3;926.4;926.3;8;8;4;0.0;0.0;5.0;10.0;10.0;10.0;87.33333333333333;926.0;10.0;1.6666666666666667;4
83075;1994-12-24;0.4;28.6;16.6;8.7;1994;12;24;-23.43;-46.46;735;97.0;77.0;56.0;930.5;927.4;929.6;8;8;3;0.0;0.0;2.0;2.0;5.0;8.0;76.66666666666667;929.1666666666666;5.0;0.6666666666666666;3
83075;1994-12-25;0;31.5;17.1;7.9;1994;12;25;-23.43;-46.46;735;83.0;74.0;68.0;933.1;933.9;929.6;3;3;4;2.0;1.0;2.0;9.0;8.0;0.0;75.0;932.1999999999999;5.666666666666667;1.6666666666666667;3
83075;1994-12-26;0;32;19.1;5.2;1994;12;26;-23.43;-46.46;735;82.0;73.0;77.0;932.5;933.3;931.3;8;5;3;0.0;1.0;3.0;10.0;9.0;10.0;77.33333333333333;932.3666666666667;9.666666666666666;1.3333333333333333;5
83075;1994-12-27;0;30.9;18.3;4.8;1994;12;27;-23.43;-46.46;735;86.0;68.0;89.0;933.6;933.2;932.2;8;8;3;0.0;0.0;1.0;10.0;8.0;9.0;81.0;933.0;9.0;0.3333333333333333;3
83075;1994-12-29;0;31.5;20.5;4.7;1994;12;29;-23.43;-46.46;735;80.0;53.0;65.0;932.3;933.5;932.4;8;8;0;0.0;0.0;3.0;10.0;9.0;10.0;66.0;932.7333333333332;9.666666666666666;1.0;0
83075;1994-12-30;0;32;19.7;4.8;1994;12;30;-23.43;-46.46;735;68.0;68.0;46.0;932.7;933.6;928.0;8;4;7;0.0;1.0;1.0;4.0;10.0;8.0;60.666666666666664;931.4333333333334;7.333333333333333;0.6666666666666666;4
83075;1994-12-31;4.8;30.4;19.4;3.3;1994;12;31;-23.43;-46.46;735;65.0;85.0;73.0;930.3;932.1;928.5;8;0;0;0.0;1.0;5.0;6.0;9.0;8.0;74.33333333333333;930.3000000000001;7.666666666666667;2.0;0
83075;1995-01-03;0;32.9;20.6;5.7;1995;1;3;-23.43;-46.46;735;69.0;68.0;63.0;929.6;934.1;930.9;8;8;4;0.0;0.0;4.0;0.0;0.0;10.0;66.66666666666667;931.5333333333333;3.3333333333333335;1.3333333333333333;4
83075;1995-01-04;23.5;26.9;19.3;3.6;1995;1;4;-23.43;-46.46;735;93.0;81.0;73.0;929.1;927.8;924.2;7;7;0;1.0;3.0;5.0;10.0;10.0;9.0;82.33333333333333;927.0333333333334;9.666666666666666;3.0;7
83075;1995-01-06;0;24.4;10.9;8.3;1995;1;6;-23.43;-46.46;735;82.0;78.0;44.0;938.5;938.5;933.5;4;8;7;2.0;0.0;3.0;10.0;9.0;4.0;68.0;936.8333333333334;7.666666666666667;1.6666666666666667;4
83075;1995-01-07;4.1;24.7;13.7;8.2;1995;1;7;-23.43;-46.46;735;94.0;82.0;48.0;943.1;943.4;937.5;8;3;7;0.0;1.0;3.0;10.0;8.0;2.0;74.66666666666667;941.3333333333334;6.666666666666667;1.3333333333333333;3
83075;1995-01-08;0;28.2;11.6;8.3;1995;1;8;-23.43;-46.46;735;84.0;92.0;38.0;934.0;937.2;928.4;8;8;7;0.0;0.0;2.0;0.0;10.0;0.0;71.33333333333333;933.1999999999999;3.3333333333333335;0.6666666666666666;7
83075;1995-01-09;0;32.8;15.1;9;1995;1;9;-23.43;-46.46;735;59.0;55.0;76.0;934.0;937.7;930.0;8;8;7;0.0;0.0;4.0;0.0;0.0;0.0;63.333333333333336;933.9;0.0;1.3333333333333333;7
83075;1995-01-10;0;28.3;17.3;3.3;1995;1;10;-23.43;-46.46;735;83.0;78.0;86.0;939.5;938.4;935.9;8;3;5;0.0;3.0;3.0;10.0;1.0;10.0;82.33333333333333;937.9333333333334;7.0;2.0;3
83075;1995-01-11;2.3;21.5;13.4;0.6;1995;1;11;-23.43;-46.46;735;88.0;78.0;90.0;938.2;938.3;936.8;3;3;8;2.0;2.0;0.0;10.0;10.0;10.0;85.33333333333333;937.7666666666668;10.0;1.3333333333333333;3
83075;1995-01-12;0;30.6;17.2;7.3;1995;1;12;-23.43;-46.46;735;82.0;75.0;68.0;936.7;937.9;934.1;8;8;4;0.0;0.0;3.0;1.0;1.0;1.0;75.0;936.2333333333332;1.0;1.0;4
83075;1995-01-13;2.6;30.7;20.9;2.9;1995;1;13;-23.43;-46.46;735;87.0;76.0;63.0;934.5;934.4;931.3;8;8;4;0.0;0.0;5.0;10.0;9.0;10.0;75.33333333333333;933.4;9.666666666666666;1.6666666666666667;4
83075;1995-01-14;2.2;33.5;19.5;8.3;1995;1;14;-23.43;-46.46;735;89.0;72.0;47.0;933.6;931.6;926.0;8;8;7;0.0;0.0;1.0;10.0;2.0;8.0;69.33333333333333;930.4;6.666666666666667;0.3333333333333333;7
83075;1995-01-15;26.3;33.8;19.1;10.2;1995;1;15;-23.43;-46.46;735;90.0;78.0;45.0;934.2;934.4;927.2;8;8;7;0.0;0.0;3.0;10.0;5.0;6.0;71.0;931.9333333333334;7.0;1.0;7
83075;1995-01-16;0;35.4;22;11.2;1995;1;16;-23.43;-46.46;735;77.0;67.0;34.0;929.6;930.7;924.2;8;8;7;0.0;0.0;5.0;1.0;1.0;2.0;59.333333333333336;928.1666666666666;1.3333333333333333;1.6666666666666667;7
83075;1995-01-17;0;34.8;23.3;9.7;1995;1;17;-23.43;-46.46;735;61.0;55.0;42.0;926.3;929.3;924.6;8;7;7;0.0;1.0;5.0;1.0;0.0;8.0;52.666666666666664;926.7333333333332;3.0;2.0;7
83075;1995-01-18;0;31.3;20.6;3.9;1995;1;18;-23.43;-46.46;735;78.0;79.0;54.0;930.1;932.9;928.7;3;3;6;2.0;3.0;3.0;6.0;10.0;10.0;70.33333333333333;930.5666666666666;8.666666666666666;2.6666666666666665;3
83075;1995-01-19;0;32.5;19.5;7.2;1995;1;19;-23.43;-46.46;735;89.0;68.0;49.0;931.5;933.6;927.7;3;8;7;1.0;0.0;3.0;10.0;10.0;6.0;68.66666666666667;930.9333333333334;8.666666666666666;1.3333333333333333;3
83075;1995-01-20;1;32.6;19.7;7.2;1995;1;20;-23.43;-46.46;735;84.0;77.0;73.0;932.0;933.7;929.9;3;8;4;3.0;0.0;5.0;10.0;6.0;9.0;78.0;931.8666666666667;8.333333333333334;2.6666666666666665;3
83075;1995-01-21;8.6;30;20.5;5.8;1995;1;21;-23.43;-46.46;735;92.0;74.0;64.0;932.4;931.6;927.4;8;7;0;0.0;2.0;1.0;10.0;6.0;8.0;76.66666666666667;930.4666666666667;8.0;1.0;7
83075;1995-01-22;2.8;27.1;18.9;5.1;1995;1;22;-23.43;-46.46;735;87.0;77.0;65.0;929.8;930.1;928.8;8;6;4;0.0;1.0;5.0;10.0;9.0;10.0;76.33333333333333;929.5666666666666;9.666666666666666;2.0;6
83075;1995-01-23;0;27.3;18.5;1.8;1995;1;23;-23.43;-46.46;735;78.0;74.0;67.0;930.3;931.7;929.8;4;8;5;2.0;0.0;4.0;5.0;10.0;10.0;73.0;930.6;8.333333333333334;2.0;4
83075;1995-01-24;0;30.5;17.9;8.9;1995;1;24;-23.43;-46.46;735;80.0;71.0;52.0;931.8;933.3;929.1;4;8;4;1.0;0.0;1.0;10.0;1.0;9.0;67.66666666666667;931.4;6.666666666666667;0.6666666666666666;4
83075;1995-01-25;0;34.6;17.5;8.8;1995;1;25;-23.43;-46.46;735;83.0;78.0;38.0;931.1;931.2;925.8;3;8;8;1.0;0.0;0.0;1.0;4.0;6.0;66.33333333333333;929.3666666666668;3.6666666666666665;0.3333333333333333;3
83075;1995-01-26;0;33.6;20.8;8.1;1995;1;26;-23.43;-46.46;735;72.0;73.0;46.0;928.8;930.9;925.6;3;8;7;2.0;0.0;3.0;0.0;4.0;9.0;63.666666666666664;928.4333333333333;4.333333333333333;1.6666666666666667;3
83075;1995-01-27;0;33.1;20.9;6.9;1995;1;27;-23.43;-46.46;735;80.0;71.0;59.0;930.0;931.7;926.4;4;7;4;3.0;1.0;5.0;10.0;9.0;9.0;70.0;929.3666666666667;9.333333333333334;3.0;4
83075;1995-01-28;16.9;29.9;19.4;3.5;1995;1;28;-23.43;-46.46;735;91.0;80.0;80.0;930.1;930.4;927.8;8;7;7;0.0;3.0;3.0;10.0;10.0;9.0;83.66666666666667;929.4333333333334;9.666666666666666;2.0;7
83075;1995-01-29;34.1;28.7;17.7;2.5;1995;1;29;-23.43;-46.46;735;89.0;89.0;84.0;930.0;931.0;928.9;0;8;4;3.0;0.0;1.0;9.0;9.0;10.0;87.33333333333333;929.9666666666667;9.333333333333334;1.3333333333333333;0
83075;1995-01-30;2;30.4;19.2;3.2;1995;1;30;-23.43;-46.46;735;88.0;91.0;60.0;931.0;931.4;926.1;3;8;7;3.0;0.0;3.0;9.0;10.0;9.0;79.66666666666667;929.5;9.333333333333334;2.0;3
83075;1995-01-31;84.7;31.3;19.1;5.8;1995;1;31;-23.43;-46.46;735;94.0;79.0;76.0;930.3;931.1;928.6;8;8;3;0.0;0.0;3.0;10.0;8.0;10.0;83.0;930.0;9.333333333333334;1.0;3
83075;1995-02-01;12.8;29.6;19.5;2.2;1995;2;1;-23.43;-46.46;735;95.0;71.0;70.0;933.0;932.6;928.2;8;7;7;0.0;2.0;3.0;10.0;9.0;10.0;78.66666666666667;931.2666666666668;9.666666666666666;1.6666666666666667;7
83075;1995-02-02;0;30.9;20.6;6.5;1995;2;2;-23.43;-46.46;735;86.0;75.0;57.0;929.1;927.4;923.8;8;0;1;0.0;3.0;5.0;9.0;9.0;9.0;72.66666666666667;926.7666666666668;9.0;2.6666666666666665;0
83075;1995-02-03;0;34.4;19.8;8.9;1995;2;3;-23.43;-46.46;735;83.0;73.0;38.0;933.2;934.7;927.0;8;8;0;0.0;0.0;1.0;0.0;2.0;6.0;64.66666666666667;931.6333333333333;2.6666666666666665;0.3333333333333333;0
83075;1995-02-04;10.8;28.3;12.9;10.2;1995;2;4;-23.43;-46.46;735;94.0;76.0;45.0;927.5;932.2;927.1;7;0;0;3.0;3.0;3.0;9.0;8.0;0.0;71.66666666666667;928.9333333333334;5.666666666666667;3.0;7
83075;1995-02-05;0;30.1;17.9;6.6;1995;2;5;-23.43;-46.46;735;72.0;66.0;75.0;930.6;932.1;928.5;8;7;4;0.0;2.0;5.0;10.0;0.0;9.0;71.0;930.4;6.333333333333333;2.3333333333333335;7
83075;1995-02-06;0;24.5;11.4;5.9;1995;2;6;-23.43;-46.46;735;71.0;71.0;45.0;935.8;937.7;934.2;8;8;7;0.0;0.0;5.0;5.0;1.0;8.0;62.333333333333336;935.9;4.666666666666667;1.6666666666666667;7
83075;1995-02-07;0;24.5;11.5;6.7;1995;2;7;-23.43;-46.46;735;78.0;94.0;63.0;940.8;942.8;936.5;8;4;3;0.0;1.0;1.0;2.0;10.0;4.0;78.33333333333333;940.0333333333333;5.333333333333333;0.6666666666666666;4
83075;1995-02-08;0;27.7;12.4;9.2;1995;2;8;-23.43;-46.46;735;63.0;62.0;34.0;932.4;935.6;929.1;8;8;6;0.0;0.0;2.0;0.0;0.0;6.0;53.0;932.3666666666667;2.0;0.6666666666666666;6
83075;1995-02-09;0;25.4;15.2;0.5;1995;2;9;-23.43;-46.46;735;53.0;83.0;81.0;933.4;940.4;939.4;8;5;4;0.0;1.0;1.0;0.0;8.0;10.0;72.33333333333333;937.7333333333332;6.0;0.6666666666666666;5
83075;1995-02-10;0;28.8;15.4;7.7;1995;2;10;-23.43;-46.46;735;87.0;84.0;61.0;937.6;936.5;932.4;8;8;4;0.0;0.0;5.0;6.0;5.0;0.0;77.33333333333333;935.5;3.6666666666666665;1.6666666666666667;4
83075;1995-02-11;6.6;24.1;14.4;2.2;1995;2;11;-23.43;-46.46;735;92.0;79.0;69.0;938.0;937.3;933.3;8;8;3;0.0;0.0;5.0;10.0;10.0;8.0;80.0;936.1999999999999;9.333333333333334;1.6666666666666667;3
83075;1995-02-12;0;32.2;15.2;10;1995;2;12;-23.43;-46.46;735;74.0;75.0;30.0;935.8;935.9;929.8;8;8;4;0.0;0.0;3.0;0.0;0.0;2.0;59.666666666666664;933.8333333333334;0.6666666666666666;1.0;4
83075;1995-02-14;53.6;28.8;19.5;2;1995;2;14;-23.43;-46.46;735;92.0;83.0;65.0;932.3;932.2;927.5;8;5;7;0.0;1.0;1.0;10.0;10.0;10.0;80.0;930.6666666666666;10.0;0.6666666666666666;5
83075;1995-02-15;0.8;30.4;19;7.9;1995;2;15;-23.43;-46.46;735;90.0;79.0;56.0;929.9;931.6;926.4;8;7;7;0.0;3.0;5.0;10.0;9.0;8.0;75.0;929.3000000000001;9.0;2.6666666666666665;7
83075;1995-02-16;0;30.4;19.7;4.2;1995;2;16;-23.43;-46.46;735;82.0;81.0;61.0;928.7;930.8;926.7;7;7;6;1.0;3.0;3.0;6.0;10.0;4.0;74.66666666666667;928.7333333333332;6.666666666666667;2.3333333333333335;7
83075;1995-02-17;1;30.9;20.2;9.5;1995;2;17;-23.43;-46.46;735;75.0;69.0;56.0;931.0;930.7;925.3;7;0;6;1.0;3.0;3.0;10.0;4.0;4.0;66.66666666666667;929.0;6.0;2.3333333333333335;7
83075;1995-02-18;0.2;28.7;20.4;3.7;1995;2;18;-23.43;-46.46;735;85.0;77.0;86.0;929.2;930.3;930.2;0;7;0;3.0;1.0;5.0;0.0;9.0;10.0;82.66666666666667;929.9;6.333333333333333;3.0;0
83075;1995-02-19;15.5;23;16.7;0;1995;2;19;-23.43;-46.46;735;89.0;88.0;94.0;929.7;931.9;931.6;7;8;4;3.0;0.0;4.0;10.0;10.0;10.0;90.33333333333333;931.0666666666666;10.0;2.3333333333333335;7
83075;1995-02-20;29.7;22.3;17.3;0;1995;2;20;-23.43;-46.46;735;92.0;95.0;91.0;933.3;934.1;931.8;3;8;8;1.0;0.0;0.0;10.0;10.0;10.0;92.66666666666667;933.0666666666666;10.0;0.3333333333333333;3
83075;1995-02-22;0;33.1;24;10.8;1995;2;22;-23.43;-46.46;735;81.0;69.0;46.0;932.3;933.8;929.5;8;8;0;0.0;0.0;3.0;0.0;0.0;4.0;65.33333333333333;931.8666666666667;1.3333333333333333;1.0;0
83075;1995-02-23;0;33.7;20.1;10.3;1995;2;23;-23.43;-46.46;735;71.0;59.0;39.0;930.1;932.1;925.7;8;7;7;0.0;1.0;3.0;0.0;10.0;8.0;56.333333333333336;929.3000000000001;6.0;1.3333333333333333;7
83075;1995-02-24;0;34.9;20.3;11.1;1995;2;24;-23.43;-46.46;735;71.0;65.0;31.0;929.3;932.4;925.4;8;8;7;0.0;0.0;3.0;0.0;6.0;5.0;55.666666666666664;929.0333333333333;3.6666666666666665;1.0;7
83075;1995-02-25;0;32.6;21;8.9;1995;2;25;-23.43;-46.46;735;62.0;62.0;52.0;928.3;933.1;930.1;8;8;4;0.0;0.0;3.0;0.0;0.0;8.0;58.666666666666664;930.5;2.6666666666666665;1.0;4
83075;1995-02-26;0;32.9;20.5;6.7;1995;2;26;-23.43;-46.46;735;80.0;79.0;41.0;932.2;936.5;930.2;5;8;8;1.0;0.0;0.0;9.0;10.0;6.0;66.66666666666667;932.9666666666667;8.333333333333334;0.3333333333333333;5
83075;1995-02-27;0;34.7;20.6;8.8;1995;2;27;-23.43;-46.46;735;81.0;73.0;43.0;933.5;935.2;928.5;3;3;8;3.0;2.0;0.0;9.0;2.0;4.0;65.66666666666667;932.4;5.0;1.6666666666666667;3
83075;1995-02-28;0;34;20.3;9.1;1995;2;28;-23.43;-46.46;735;83.0;70.0;45.0;931.0;933.4;925.3;8;8;7;0.0;0.0;3.0;0.0;0.0;9.0;66.0;929.9;3.0;1.0;7
83075;1995-03-01;0.2;27.8;19.9;0.1;1995;3;1;-23.43;-46.46;735;90.0;80.0;93.0;930.3;931.5;929.3;8;3;8;0.0;1.0;0.0;10.0;10.0;10.0;87.66666666666667;930.3666666666667;10.0;0.3333333333333333;3
83075;1995-03-02;23.1;23.9;19.2;0;1995;3;2;-23.43;-46.46;735;92.0;86.0;84.0;929.1;930.6;930.3;8;7;5;0.0;2.0;3.0;10.0;10.0;10.0;87.33333333333333;930.0;10.0;1.6666666666666667;7
83075;1995-03-03;0;33.6;20.2;8.6;1995;3;3;-23.43;-46.46;735;79.0;65.0;43.0;929.6;933.1;926.3;8;8;7;0.0;0.0;4.0;2.0;4.0;4.0;62.333333333333336;929.6666666666666;3.3333333333333335;1.3333333333333333;7
83075;1995-03-04;0;27.4;13.7;9.6;1995;3;4;-23.43;-46.46;735;67.0;72.0;54.0;931.6;935.1;931.0;8;8;4;0.0;0.0;5.0;0.0;0.0;8.0;64.33333333333333;932.5666666666666;2.6666666666666665;1.6666666666666667;4
83075;1995-03-05;0.1;25.4;17.1;3.6;1995;3;5;-23.43;-46.46;735;82.0;82.0;66.0;932.7;934.8;931.1;4;8;8;1.0;0.0;0.0;10.0;10.0;8.0;76.66666666666667;932.8666666666667;9.333333333333334;0.3333333333333333;4
83075;1995-03-06;0;20.8;10.9;2.4;1995;3;6;-23.43;-46.46;735;74.0;79.0;62.0;939.7;941.7;938.7;5;8;8;2.0;0.0;0.0;8.0;10.0;9.0;71.66666666666667;940.0333333333334;9.0;0.6666666666666666;5
83075;1995-03-07;0;26.2;12.7;8.6;1995;3;7;-23.43;-46.46;735;90.0;89.0;50.0;938.4;940.4;935.0;8;8;7;0.0;0.0;3.0;5.0;4.0;2.0;76.33333333333333;937.9333333333334;3.6666666666666665;1.0;7
83075;1995-03-08;0;29;13.1;9.3;1995;3;8;-23.43;-46.46;735;63.0;61.0;28.0;932.6;935.5;927.5;8;8;7;0.0;0.0;3.0;5.0;0.0;4.0;50.666666666666664;931.8666666666667;3.0;1.0;7
83075;1995-03-09;0;19.7;13.8;0;1995;3;9;-23.43;-46.46;735;83.0;79.0;76.0;943.0;944.9;943.1;3;4;4;3.0;3.0;3.0;10.0;10.0;10.0;79.33333333333333;943.6666666666666;10.0;3.0;3
83075;1995-03-10;0;25.7;15.9;7.7;1995;3;10;-23.43;-46.46;735;80.0;69.0;54.0;936.6;937.7;933.1;4;4;4;1.0;3.0;5.0;10.0;9.0;1.0;67.66666666666667;935.8000000000001;6.666666666666667;3.0;4
83075;1995-03-11;0;25.4;15.6;3.7;1995;3;11;-23.43;-46.46;735;84.0;85.0;75.0;936.4;937.7;934.0;8;8;3;0.0;0.0;1.0;9.0;10.0;9.0;81.33333333333333;936.0333333333333;9.333333333333334;0.3333333333333333;3
83075;1995-03-13;0;21.8;15.5;0.4;1995;3;13;-23.43;-46.46;735;86.0;72.0;89.0;933.5;933.9;933.5;4;5;8;1.0;1.0;0.0;6.0;10.0;10.0;82.33333333333333;933.6333333333333;8.666666666666666;0.6666666666666666;4
83075;1995-03-15;2.4;25.1;16.1;4.2;1995;3;15;-23.43;-46.46;735;86.0;88.0;59.0;930.9;930.6;928.2;5;8;6;1.0;0.0;2.0;10.0;10.0;4.0;77.66666666666667;929.9;8.0;1.0;5
83075;1995-03-16;12.6;28.8;14.3;9.6;1995;3;16;-23.43;-46.46;735;85.0;72.0;48.0;932.2;934.3;929.3;8;8;7;0.0;0.0;3.0;10.0;1.0;6.0;68.33333333333333;931.9333333333334;5.666666666666667;1.0;7
83075;1995-03-17;0;29.9;16.3;9.7;1995;3;17;-23.43;-46.46;735;80.0;72.0;40.0;932.3;935.5;930.4;8;8;7;0.0;0.0;3.0;0.0;0.0;6.0;64.0;932.7333333333332;2.0;1.0;7
83075;1995-03-18;0;29.3;17.1;5.8;1995;3;18;-23.43;-46.46;735;70.0;65.0;49.0;933.5;937.6;932.1;8;3;3;0.0;3.0;1.0;1.0;4.0;9.0;61.333333333333336;934.4;4.666666666666667;1.3333333333333333;3
83075;1995-03-19;0;28.5;17.6;2;1995;3;19;-23.43;-46.46;735;75.0;73.0;64.0;935.5;937.4;932.8;4;4;8;1.0;1.0;0.0;1.0;10.0;8.0;70.66666666666667;935.2333333333332;6.333333333333333;0.6666666666666666;4
83075;1995-03-20;0;27.4;17.5;0.7;1995;3;20;-23.43;-46.46;735;87.0;88.0;66.0;936.6;938.2;933.7;8;8;4;0.0;0.0;1.0;5.0;10.0;9.0;80.33333333333333;936.1666666666666;8.0;0.3333333333333333;4
83075;1995-03-21;0;25.4;19.2;0;1995;3;21;-23.43;-46.46;735;85.0;85.0;69.0;936.6;936.9;933.2;4;3;5;3.0;3.0;1.0;10.0;10.0;10.0;79.66666666666667;935.5666666666666;10.0;2.3333333333333335;4
83075;1995-03-22;0;23.3;18.7;0;1995;3;22;-23.43;-46.46;735;85.0;83.0;88.0;934.6;933.7;930.3;4;4;8;1.0;1.0;0.0;10.0;10.0;10.0;85.33333333333333;932.8666666666668;10.0;0.6666666666666666;4
83075;1995-03-23;0.3;30.3;16.9;9.2;1995;3;23;-23.43;-46.46;735;89.0;79.0;51.0;931.0;930.2;921.9;8;8;7;0.0;0.0;5.0;8.0;0.0;9.0;73.0;927.6999999999999;5.666666666666667;1.6666666666666667;7
83075;1995-03-24;36.3;26.7;17.7;1.1;1995;3;24;-23.43;-46.46;735;82.0;91.0;72.0;924.3;926.2;923.3;3;8;7;2.0;0.0;3.0;0.0;10.0;10.0;81.66666666666667;924.6;6.666666666666667;1.6666666666666667;3
83075;1995-03-25;9.8;22.9;17.9;0;1995;3;25;-23.43;-46.46;735;89.0;92.0;80.0;927.2;933.4;933.1;8;4;4;0.0;3.0;3.0;9.0;10.0;10.0;87.0;931.2333333333332;9.666666666666666;2.0;4
83075;1995-03-26;0.5;24.6;16.2;5.2;1995;3;26;-23.43;-46.46;735;82.0;64.0;76.0;935.9;934.3;932.9;4;3;4;3.0;2.0;4.0;10.0;9.0;9.0;74.0;934.3666666666667;9.333333333333334;3.0;4
83075;1995-03-27;0;27.1;16.4;8;1995;3;27;-23.43;-46.46;735;85.0;76.0;68.0;936.0;936.2;930.9;4;3;4;1.0;1.0;4.0;10.0;9.0;6.0;76.33333333333333;934.3666666666667;8.333333333333334;2.0;4
83075;1995-03-28;0;29.8;14.3;9.5;1995;3;28;-23.43;-46.46;735;73.0;77.0;62.0;934.0;934.9;927.9;3;8;8;5.0;0.0;0.0;1.0;0.0;5.0;70.66666666666667;932.2666666666668;2.0;1.6666666666666667;3
83075;1995-03-29;0;32.3;17.6;9.5;1995;3;29;-23.43;-46.46;735;83.0;69.0;53.0;931.5;932.4;924.8;8;8;7;0.0;0.0;5.0;4.0;2.0;6.0;68.33333333333333;929.5666666666666;4.0;1.6666666666666667;7
83075;1995-03-30;23.2;32.3;18.5;2.1;1995;3;30;-23.43;-46.46;735;80.0;89.0;87.0;928.8;932.6;929.1;4;8;8;1.0;0.0;0.0;10.0;10.0;10.0;85.33333333333333;930.1666666666666;10.0;0.3333333333333333;4
83075;1995-03-31;9.4;29.5;19.3;6;1995;3;31;-23.43;-46.46;735;95.0;81.0;67.0;931.3;930.5;924.0;8;8;7;0.0;0.0;3.0;10.0;8.0;10.0;81.0;928.6;9.333333333333334;1.0;7
83075;1995-04-01;27.3;28.3;19.3;0.4;1995;4;1;-23.43;-46.46;735;95.0;83.0;89.0;931.4;931.7;929.7;8;8;7;0.0;0.0;4.0;10.0;10.0;10.0;89.0;930.9333333333334;10.0;1.3333333333333333;7
83075;1995-04-03;20.7;32.9;18.2;9.8;1995;4;3;-23.43;-46.46;735;82.0;82.0;46.0;932.9;934.0;926.6;8;8;7;0.0;0.0;5.0;9.0;5.0;2.0;70.0;931.1666666666666;5.333333333333333;1.6666666666666667;7
83075;1995-04-04;0;25.9;16.6;5.6;1995;4;4;-23.43;-46.46;735;82.0;78.0;62.0;935.9;937.4;933.3;4;4;4;3.0;2.0;3.0;10.0;8.0;9.0;74.0;935.5333333333333;9.0;2.6666666666666665;4
83075;1995-04-05;0;28.4;15.7;8.9;1995;4;5;-23.43;-46.46;735;89.0;77.0;46.0;933.8;935.9;929.2;2;4;7;1.0;1.0;3.0;10.0;2.0;5.0;70.66666666666667;932.9666666666666;5.666666666666667;1.6666666666666667;2
83075;1995-04-06;0;19.5;10;5.4;1995;4;6;-23.43;-46.46;735;87.0;94.0;54.0;941.1;943.1;939.5;8;8;5;0.0;0.0;1.0;10.0;10.0;0.0;78.33333333333333;941.2333333333332;6.666666666666667;0.3333333333333333;5
83075;1995-04-07;0.1;20.9;14.8;0.7;1995;4;7;-23.43;-46.46;735;82.0;89.0;75.0;937.9;941.7;939.4;8;4;4;0.0;2.0;1.0;4.0;10.0;10.0;82.0;939.6666666666666;8.0;1.0;4
83075;1995-04-08;0;23.4;13.8;0;1995;4;8;-23.43;-46.46;735;64.0;81.0;75.0;930.2;935.1;935.4;8;5;5;0.0;1.0;3.0;0.0;10.0;10.0;73.33333333333333;933.5666666666667;6.666666666666667;1.3333333333333333;5
83075;1995-04-09;0;20.5;12.1;4.9;1995;4;9;-23.43;-46.46;735;80.0;75.0;63.0;946.4;947.2;944.4;4;3;4;1.0;5.0;7.0;10.0;9.0;6.0;72.66666666666667;946.0;8.333333333333334;4.333333333333333;4
83075;1995-04-10;0;28.2;15.3;6.3;1995;4;10;-23.43;-46.46;735;77.0;73.0;65.0;937.5;936.6;931.8;4;8;5;1.0;0.0;5.0;9.0;9.0;0.0;71.66666666666667;935.2999999999998;6.0;2.0;4
83075;1995-04-12;0;29.7;18.5;3.9;1995;4;12;-23.43;-46.46;735;76.0;68.0;71.0;931.6;931.3;925.7;4;8;4;7.0;0.0;7.0;9.0;10.0;8.0;71.66666666666667;929.5333333333334;9.0;4.666666666666667;4
83075;1995-04-13;0;20.8;11.2;3.5;1995;4;13;-23.43;-46.46;735;76.0;73.0;72.0;934.5;935.6;933.7;5;8;5;1.0;0.0;3.0;2.0;10.0;9.0;73.66666666666667;934.6;7.0;1.3333333333333333;5
83075;1995-04-14;0;23.4;13.1;7.8;1995;4;14;-23.43;-46.46;735;85.0;74.0;65.0;936.9;937.8;934.7;4;3;4;3.0;1.0;5.0;2.0;1.0;8.0;74.66666666666667;936.4666666666666;3.6666666666666665;3.0;4
83075;1995-04-15;0;24.9;12.5;8.5;1995;4;15;-23.43;-46.46;735;85.0;73.0;64.0;937.8;939.2;934.0;4;3;4;1.0;3.0;5.0;5.0;4.0;8.0;74.0;937.0;5.666666666666667;3.0;4
83075;1995-04-16;0;26.3;15;6.9;1995;4;16;-23.43;-46.46;735;85.0;84.0;63.0;937.1;938.1;932.7;4;3;4;1.0;1.0;3.0;10.0;9.0;8.0;77.33333333333333;935.9666666666667;9.0;1.6666666666666667;4
83075;1995-04-17;0;28.2;13.2;7.8;1995;4;17;-23.43;-46.46;735;82.0;93.0;47.0;936.1;936.4;927.8;4;8;7;1.0;0.0;1.0;10.0;10.0;2.0;74.0;933.4333333333334;7.333333333333333;0.6666666666666666;4
83075;1995-04-18;0;27.7;15.2;5.5;1995;4;18;-23.43;-46.46;735;78.0;73.0;59.0;930.3;932.4;927.4;8;8;7;0.0;0.0;3.0;10.0;1.0;10.0;70.0;930.0333333333333;7.0;1.0;7
83075;1995-04-19;0;30.3;17.1;8.6;1995;4;19;-23.43;-46.46;735;84.0;78.0;55.0;931.5;933.4;927.2;2;8;7;1.0;0.0;3.0;9.0;6.0;8.0;72.33333333333333;930.7000000000002;7.666666666666667;1.3333333333333333;2
83075;1995-04-20;6.4;22.6;18.2;0.2;1995;4;20;-23.43;-46.46;735;89.0;93.0;86.0;930.8;933.1;931.1;4;8;0;1.0;0.0;5.0;10.0;10.0;10.0;89.33333333333333;931.6666666666666;10.0;2.0;4
83075;1995-04-21;16.3;22.2;16;0;1995;4;21;-23.43;-46.46;735;86.0;88.0;87.0;933.0;935.9;934.4;7;4;5;1.0;2.0;1.0;10.0;10.0;10.0;87.0;934.4333333333334;10.0;1.3333333333333333;7
83075;1995-04-22;0.2;23.6;15.5;4.2;1995;4;22;-23.43;-46.46;735;89.0;88.0;73.0;936.2;935.6;931.4;4;8;4;1.0;0.0;2.0;10.0;10.0;8.0;83.33333333333333;934.4000000000001;9.333333333333334;1.0;4
83075;1995-04-23;0;26.5;17.3;8.1;1995;4;23;-23.43;-46.46;735;92.0;87.0;57.0;934.2;934.6;929.4;8;8;7;0.0;0.0;3.0;10.0;4.0;4.0;78.66666666666667;932.7333333333335;6.0;1.0;7
83075;1995-04-24;0;28.5;16.3;8.2;1995;4;24;-23.43;-46.46;735;91.0;83.0;61.0;933.5;936.1;930.3;8;8;7;0.0;0.0;3.0;10.0;2.0;6.0;78.33333333333333;933.2999999999998;6.0;1.0;7
83075;1995-04-25;0;24.5;16.2;4.3;1995;4;25;-23.43;-46.46;735;84.0;85.0;62.0;935.5;937.8;934.1;3;3;4;2.0;3.0;5.0;10.0;10.0;9.0;77.0;935.8000000000001;9.666666666666666;3.3333333333333335;3
83075;1995-04-26;0;25.7;16.2;5.5;1995;4;26;-23.43;-46.46;735;88.0;82.0;68.0;936.9;937.3;932.0;3;3;5;5.0;2.0;2.0;10.0;10.0;4.0;79.33333333333333;935.4;8.0;3.0;3
83075;1995-04-27;0;26.1;16.1;5.3;1995;4;27;-23.43;-46.46;735;90.0;86.0;64.0;934.2;936.0;929.9;3;3;3;3.0;1.0;1.0;10.0;10.0;6.0;80.0;933.3666666666667;8.666666666666666;1.6666666666666667;3
83075;1995-04-28;0;25.7;16.3;5.8;1995;4;28;-23.43;-46.46;735;78.0;78.0;67.0;934.2;935.6;930.7;3;3;3;3.0;3.0;1.0;10.0;5.0;8.0;74.33333333333333;933.5;7.666666666666667;2.3333333333333335;3
83075;1995-04-29;0;28.7;15.1;8.9;1995;4;29;-23.43;-46.46;735;89.0;88.0;53.0;934.3;937.1;929.8;4;4;7;1.0;1.0;3.0;6.0;4.0;4.0;76.66666666666667;933.7333333333332;4.666666666666667;1.6666666666666667;4
83075;1995-05-02;27.8;23.4;18.2;0.4;1995;5;2;-23.43;-46.46;735;95.0;94.0;82.0;935.2;936.4;931.8;3;8;8;1.0;0.0;0.0;10.0;10.0;10.0;90.33333333333333;934.4666666666666;10.0;0.3333333333333333;3
83075;1995-05-03;8.2;31.4;19.3;7.6;1995;5;3;-23.43;-46.46;735;70.0;79.0;49.0;929.6;932.9;927.2;1;8;7;1.0;0.0;3.0;0.0;4.0;9.0;66.0;929.9;4.333333333333333;1.3333333333333333;1
83075;1995-05-04;0;27.6;16.7;7.9;1995;5;4;-23.43;-46.46;735;83.0;77.0;59.0;936.1;938.3;932.4;4;4;5;5.0;2.0;1.0;10.0;1.0;9.0;73.0;935.6;6.666666666666667;2.6666666666666665;4
83075;1995-05-05;0;27.9;14.4;2.9;1995;5;5;-23.43;-46.46;735;72.0;91.0;61.0;933.1;935.3;929.5;8;8;1;0.0;0.0;1.0;0.0;10.0;10.0;74.66666666666667;932.6333333333333;6.666666666666667;0.3333333333333333;1
83075;1995-05-06;0;24.5;7.2;8.4;1995;5;6;-23.43;-46.46;735;84.0;82.0;39.0;942.8;942.9;936.2;8;4;1;0.0;1.0;1.0;9.0;1.0;0.0;68.33333333333333;940.6333333333332;3.3333333333333335;0.6666666666666666;4
83075;1995-05-07;0;26.5;14.5;8.6;1995;5;7;-23.43;-46.46;735;90.0;83.0;48.0;940.9;940.3;932.4;8;3;7;0.0;1.0;3.0;10.0;0.0;4.0;73.66666666666667;937.8666666666667;4.666666666666667;1.3333333333333333;3
83075;1995-05-08;8.8;15;10;0;1995;5;8;-23.43;-46.46;735;92.0;94.0;93.0;938.1;941.1;940.3;4;3;3;3.0;1.0;1.0;10.0;10.0;10.0;93.0;939.8333333333334;10.0;1.6666666666666667;4
83075;1995-05-09;0;24.4;8.7;9.2;1995;5;9;-23.43;-46.46;735;80.0;66.0;38.0;947.4;946.9;941.3;3;8;4;1.0;0.0;1.0;1.0;0.0;0.0;61.333333333333336;945.1999999999999;0.3333333333333333;0.6666666666666666;3
83075;1995-05-10;0;24.6;15.8;3;1995;5;10;-23.43;-46.46;735;79.0;75.0;63.0;936.3;935.6;930.9;4;4;8;3.0;3.0;0.0;10.0;10.0;4.0;72.33333333333333;934.2666666666668;8.0;2.0;4
83075;1995-05-12;15.7;26.5;17.7;7.9;1995;5;12;-23.43;-46.46;735;84.0;69.0;90.0;929.7;931.4;929.0;8;4;4;0.0;3.0;7.0;10.0;9.0;6.0;81.0;930.0333333333333;8.333333333333334;3.3333333333333335;4
83075;1995-05-13;0;25.9;15.7;6.2;1995;5;13;-23.43;-46.46;735;88.0;83.0;65.0;937.1;939.6;933.5;4;3;8;1.0;3.0;0.0;10.0;10.0;8.0;78.66666666666667;936.7333333333332;9.333333333333334;1.3333333333333333;4
83075;1995-05-14;0;27.3;16.1;6.5;1995;5;14;-23.43;-46.46;735;87.0;86.0;64.0;937.9;939.2;933.0;4;3;8;1.0;2.0;0.0;10.0;10.0;6.0;79.0;936.6999999999999;8.666666666666666;1.0;4
83075;1995-05-15;0;27.5;15.1;6.1;1995;5;15;-23.43;-46.46;735;87.0;89.0;57.0;936.4;937.5;930.8;8;8;7;0.0;0.0;1.0;10.0;9.0;8.0;77.66666666666667;934.9;9.0;0.3333333333333333;7
83075;1995-05-16;0;28.5;15.4;6.3;1995;5;16;-23.43;-46.46;735;82.0;95.0;59.0;933.7;937.2;929.6;7;8;8;1.0;0.0;0.0;0.0;10.0;8.0;78.66666666666667;933.5;6.0;0.3333333333333333;7
83075;1995-05-17;0.8;28.5;16.8;8.1;1995;5;17;-23.43;-46.46;735;80.0;84.0;58.0;933.5;937.7;930.4;8;8;7;0.0;0.0;3.0;10.0;1.0;5.0;74.0;933.8666666666667;5.333333333333333;1.0;7
83075;1995-05-18;4.3;23.3;12.9;0;1995;5;18;-23.43;-46.46;735;87.0;92.0;83.0;933.9;937.5;936.5;8;4;4;0.0;3.0;5.0;9.0;10.0;10.0;87.33333333333333;935.9666666666667;9.666666666666666;2.6666666666666665;4
83075;1995-05-19;1.4;19.1;11.8;6;1995;5;19;-23.43;-46.46;735;88.0;76.0;68.0;938.0;936.5;933.8;4;4;4;2.0;3.0;3.0;10.0;8.0;5.0;77.33333333333333;936.1;7.666666666666667;2.6666666666666665;4
83075;1995-05-20;0;20;9.4;8;1995;5;20;-23.43;-46.46;735;83.0;84.0;59.0;936.4;937.7;932.7;5;3;8;2.0;1.0;0.0;9.0;5.0;6.0;75.33333333333333;935.6;6.666666666666667;1.0;5
83075;1995-05-21;0.2;18.1;11.8;2;1995;5;21;-23.43;-46.46;735;87.0;91.0;70.0;936.9;939.9;936.4;3;3;3;2.0;3.0;1.0;9.0;10.0;8.0;82.66666666666667;937.7333333333332;9.0;2.0;3
83075;1995-05-22;0.3;20.2;12.1;3.7;1995;5;22;-23.43;-46.46;735;88.0;98.0;68.0;938.5;939.3;935.5;5;3;5;1.0;1.0;1.0;10.0;10.0;4.0;84.66666666666667;937.7666666666668;8.0;1.0;5
83075;1995-05-23;0;22.8;12.9;5.9;1995;5;23;-23.43;-46.46;735;89.0;90.0;64.0;938.5;938.9;934.2;3;4;3;1.0;1.0;1.0;10.0;10.0;6.0;81.0;937.2000000000002;8.666666666666666;1.0;3
83075;1995-05-24;0;24.4;13.5;5.8;1995;5;24;-23.43;-46.46;735;88.0;85.0;72.0;937.6;938.6;934.1;3;8;8;3.0;0.0;0.0;5.0;9.0;8.0;81.66666666666667;936.7666666666668;7.333333333333333;1.0;3
83075;1995-05-25;0;21.2;14.2;0.9;1995;5;25;-23.43;-46.46;735;88.0;86.0;79.0;938.4;939.7;937.3;4;8;4;2.0;0.0;2.0;10.0;9.0;10.0;84.33333333333333;938.4666666666666;9.666666666666666;1.3333333333333333;4
83075;1995-05-26;0;18.5;13.2;1.1;1995;5;26;-23.43;-46.46;735;88.0;94.0;74.0;940.2;942.0;940.2;4;4;3;3.0;3.0;3.0;10.0;10.0;9.0;85.33333333333333;940.8000000000001;9.666666666666666;3.0;4
83075;1995-05-27;0.1;22.4;12.5;6.1;1995;5;27;-23.43;-46.46;735;87.0;85.0;63.0;942.2;942.9;937.6;4;3;3;3.0;5.0;3.0;10.0;9.0;1.0;78.33333333333333;940.9;6.666666666666667;3.6666666666666665;4
83075;1995-05-29;0;24.4;12.1;7.3;1995;5;29;-23.43;-46.46;735;93.0;92.0;47.0;938.9;940.4;935.3;8;8;7;0.0;0.0;3.0;10.0;1.0;6.0;77.33333333333333;938.1999999999999;5.666666666666667;1.0;7
83075;1995-05-30;0;20.6;12.3;6.1;1995;5;30;-23.43;-46.46;735;83.0;84.0;51.0;937.9;940.2;936.5;8;3;5;0.0;2.0;2.0;10.0;9.0;8.0;72.66666666666667;938.1999999999999;9.0;1.3333333333333333;3
83075;1995-05-31;0;22.8;10.2;7.5;1995;5;31;-23.43;-46.46;735;82.0;82.0;50.0;940.1;941.9;934.5;8;8;6;0.0;0.0;1.0;4.0;10.0;2.0;71.33333333333333;938.8333333333334;5.333333333333333;0.3333333333333333;6
83075;1995-06-01;4.2;32.1;20.9;7.8;1995;6;1;-23.43;-46.46;735;89.0;64.0;56.0;930.2;933.2;927.4;8;7;7;0.0;3.0;3.0;8.0;6.0;9.0;69.66666666666667;930.2666666666668;7.666666666666667;2.0;7
83075;1995-06-02;29.4;23.3;17.7;0;1995;6;2;-23.43;-46.46;735;95.0;97.0;94.0;932.7;936.1;935.4;8;8;4;0.0;0.0;1.0;10.0;10.0;10.0;95.33333333333333;934.7333333333335;10.0;0.3333333333333333;4
83075;1995-06-03;0;28.5;19.2;3.8;1995;6;3;-23.43;-46.46;735;70.0;71.0;62.0;931.3;933.9;930.0;3;3;4;1.0;3.0;1.0;10.0;9.0;9.0;67.66666666666667;931.7333333333332;9.333333333333334;1.6666666666666667;3
83075;1995-06-04;0;27.4;17.9;5.9;1995;6;4;-23.43;-46.46;735;84.0;78.0;66.0;936.4;938.0;933.0;5;8;3;3.0;0.0;3.0;10.0;10.0;9.0;76.0;935.8000000000001;9.666666666666666;2.0;5
83075;1995-06-05;0.1;23.8;16.2;0;1995;6;5;-23.43;-46.46;735;71.0;90.0;93.0;931.2;932.5;929.2;4;8;7;1.0;0.0;1.0;10.0;10.0;10.0;84.66666666666667;930.9666666666667;10.0;0.6666666666666666;4
83075;1995-06-06;0;25.1;9.3;8.4;1995;6;6;-23.43;-46.46;735;77.0;71.0;45.0;938.9;939.7;933.6;8;8;7;0.0;0.0;4.0;4.0;2.0;0.0;64.33333333333333;937.4;2.0;1.3333333333333333;7
83075;1995-06-07;0;27.5;14.2;7.8;1995;6;7;-23.43;-46.46;735;78.0;57.0;46.0;934.7;936.2;930.4;8;7;7;0.0;3.0;3.0;6.0;9.0;4.0;60.333333333333336;933.7666666666668;6.333333333333333;2.0;7
83075;1995-06-08;9.6;16;10.3;0;1995;6;8;-23.43;-46.46;735;95.0;92.0;85.0;941.7;942.1;940.5;3;8;4;1.0;0.0;1.0;10.0;10.0;10.0;90.66666666666667;941.4333333333334;10.0;0.6666666666666666;3
83075;1995-06-09;0;26.2;10.9;9.2;1995;6;9;-23.43;-46.46;735;77.0;58.0;31.0;944.6;944.8;937.5;8;3;4;0.0;2.0;1.0;0.0;0.0;0.0;55.333333333333336;942.3000000000001;0.0;1.0;3
83075;1995-06-10;9.8;22.3;15.6;0.8;1995;6;10;-23.43;-46.46;735;79.0;89.0;77.0;933.0;932.9;929.3;3;8;8;1.0;0.0;0.0;9.0;10.0;9.0;81.66666666666667;931.7333333333332;9.333333333333334;0.3333333333333333;3
83075;1995-06-11;0;31.2;15.6;8.4;1995;6;11;-23.43;-46.46;735;83.0;75.0;41.0;937.6;938.1;932.9;8;8;5;0.0;0.0;1.0;0.0;1.0;4.0;66.33333333333333;936.1999999999999;1.6666666666666667;0.3333333333333333;5
83075;1995-06-12;0;27.8;15.3;8.9;1995;6;12;-23.43;-46.46;735;77.0;59.0;55.0;932.1;932.7;929.3;8;3;4;0.0;1.0;1.0;1.0;4.0;5.0;63.666666666666664;931.3666666666668;3.3333333333333335;0.6666666666666666;3
83075;1995-06-13;0;26.3;11.3;8.2;1995;6;13;-23.43;-46.46;735;69.0;78.0;41.0;938.2;940.2;933.4;8;8;7;0.0;0.0;3.0;0.0;1.0;0.0;62.666666666666664;937.2666666666668;0.3333333333333333;1.0;7
83075;1995-06-14;0;25.7;11.5;7.9;1995;6;14;-23.43;-46.46;735;70.0;82.0;46.0;936.8;940.3;933.6;8;8;1;0.0;0.0;2.0;0.0;0.0;6.0;66.0;936.9;2.0;0.6666666666666666;1
83075;1995-06-15;0;26.1;10.7;6.2;1995;6;15;-23.43;-46.46;735;87.0;89.0;41.0;936.7;938.7;931.7;8;8;7;0.0;0.0;3.0;8.0;10.0;4.0;72.33333333333333;935.7000000000002;7.333333333333333;1.0;7
83075;1995-06-16;0;26.3;13.3;4.4;1995;6;16;-23.43;-46.46;735;77.0;76.0;38.0;934.5;937.4;931.5;8;8;0;0.0;0.0;3.0;5.0;10.0;9.0;63.666666666666664;934.4666666666667;8.0;1.0;0
83075;1995-06-17;0;24.9;14;2.8;1995;6;17;-23.43;-46.46;735;75.0;52.0;85.0;934.2;935.2;935.7;8;0;8;0.0;5.0;0.0;5.0;10.0;10.0;70.66666666666667;935.0333333333334;8.333333333333334;1.6666666666666667;0
83075;1995-06-19;30.5;17.2;12;0;1995;6;19;-23.43;-46.46;735;95.0;98.0;89.0;938.4;941.1;940.5;5;6;5;1.0;1.0;2.0;10.0;10.0;10.0;94.0;940.0;10.0;1.3333333333333333;5
83075;1995-06-20;0.5;18.9;11.1;3.8;1995;6;20;-23.43;-46.46;735;91.0;85.0;63.0;942.7;943.3;939.8;4;3;5;3.0;1.0;1.0;10.0;10.0;8.0;79.66666666666667;941.9333333333334;9.333333333333334;1.6666666666666667;4
83075;1995-06-21;0;19.1;10.9;2;1995;6;21;-23.43;-46.46;735;86.0;82.0;69.0;942.1;942.3;938.4;5;3;4;3.0;3.0;1.0;9.0;10.0;8.0;79.0;940.9333333333334;9.0;2.3333333333333335;5
83075;1995-06-24;0;26.1;12.1;7.5;1995;6;24;-23.43;-46.46;735;84.0;80.0;50.0;935.4;937.2;930.9;8;8;7;0.0;0.0;1.0;9.0;10.0;10.0;71.33333333333333;934.5;9.666666666666666;0.3333333333333333;7
83075;1995-06-25;0;22.1;14.5;0;1995;6;25;-23.43;-46.46;735;68.0;63.0;89.0;934.0;935.4;929.4;8;7;5;0.0;9.0;3.0;9.0;10.0;10.0;73.33333333333333;932.9333333333334;9.666666666666666;4.0;7
83075;1995-06-26;12.4;18.8;12;0.7;1995;6;26;-23.43;-46.46;735;80.0;90.0;77.0;937.1;941.2;938.3;7;4;3;5.0;1.0;1.0;2.0;10.0;9.0;82.33333333333333;938.8666666666668;7.0;2.3333333333333335;7
83075;1995-06-27;0;27.5;12.3;6;1995;6;27;-23.43;-46.46;735;93.0;95.0;55.0;939.9;940.9;934.3;8;8;7;0.0;0.0;2.0;8.0;10.0;5.0;81.0;938.3666666666667;7.666666666666667;0.6666666666666666;7
83075;1995-06-28;0;28.1;12.6;8.6;1995;6;28;-23.43;-46.46;735;85.0;84.0;41.0;937.2;939.9;932.4;8;8;7;0.0;0.0;2.0;8.0;0.0;0.0;70.0;936.5;2.6666666666666665;0.6666666666666666;7
83075;1995-06-29;0;20.1;13.4;0;1995;6;29;-23.43;-46.46;735;79.0;90.0;85.0;937.6;943.3;941.9;8;5;5;0.0;1.0;2.0;6.0;10.0;10.0;84.66666666666667;940.9333333333334;8.666666666666666;1.0;5
83075;1995-06-30;0;17.9;13.3;0;1995;6;30;-23.43;-46.46;735;90.0;94.0;94.0;944.3;943.5;941.9;5;3;3;1.0;3.0;1.0;10.0;10.0;10.0;92.66666666666667;943.2333333333332;10.0;1.6666666666666667;5
83075;1995-07-01;0;31.2;21.4;2.7;1995;7;1;-23.43;-46.46;735;75.0;60.0;60.0;928.5;929.6;927.8;8;7;2;0.0;4.0;3.0;8.0;10.0;10.0;65.0;928.6333333333332;9.333333333333334;2.3333333333333335;7
83075;1995-07-02;32.6;19.9;16.8;0;1995;7;2;-23.43;-46.46;735;95.0;95.0;90.0;937.3;937.9;937.3;3;8;5;2.0;0.0;1.0;10.0;10.0;10.0;93.33333333333333;937.5;10.0;1.0;3
83075;1995-07-04;0;28.4;17.5;4.2;1995;7;4;-23.43;-46.46;735;87.0;84.0;67.0;936.1;937.3;931.9;5;8;1;3.0;0.0;1.0;10.0;8.0;9.0;79.33333333333333;935.1;9.0;1.3333333333333333;5
83075;1995-07-05;1.3;23.6;16.1;1.1;1995;7;5;-23.43;-46.46;735;88.0;79.0;95.0;928.8;930.8;931.9;8;0;8;0.0;3.0;0.0;4.0;9.0;10.0;87.33333333333333;930.5;7.666666666666667;1.0;0
83075;1995-07-06;0;26.3;11.3;8.7;1995;7;6;-23.43;-46.46;735;74.0;74.0;47.0;936.4;940.1;933.1;8;8;6;0.0;0.0;3.0;0.0;0.0;0.0;65.0;936.5333333333333;0.0;1.0;6
83075;1995-07-07;0;24.8;15.3;5.7;1995;7;7;-23.43;-46.46;735;73.0;83.0;71.0;933.8;937.6;932.9;8;4;4;0.0;1.0;2.0;4.0;9.0;9.0;75.66666666666667;934.7666666666668;7.333333333333333;1.0;4
83075;1995-07-08;0;28.6;12.6;6.3;1995;7;8;-23.43;-46.46;735;91.0;92.0;59.0;941.8;941.2;934.9;3;8;8;1.0;0.0;0.0;10.0;10.0;5.0;80.66666666666667;939.3000000000001;8.333333333333334;0.3333333333333333;3
83075;1995-07-09;0;28.3;10.5;9.3;1995;7;9;-23.43;-46.46;735;84.0;66.0;28.0;940.4;942.6;934.3;8;3;8;0.0;3.0;0.0;0.0;0.0;0.0;59.333333333333336;939.1;0.0;1.0;3
83075;1995-07-10;0.2;28.6;15.9;6.6;1995;7;10;-23.43;-46.46;735;85.0;75.0;66.0;931.7;931.6;926.9;8;3;4;0.0;1.0;5.0;10.0;8.0;5.0;75.33333333333333;930.0666666666667;7.666666666666667;2.0;3
83075;1995-07-11;0;32.8;17.6;9.5;1995;7;11;-23.43;-46.46;735;67.0;49.0;40.0;935.3;934.7;928.9;8;0;8;0.0;1.0;0.0;0.0;0.0;2.0;52.0;932.9666666666667;0.6666666666666666;0.3333333333333333;0
83075;1995-07-12;0;30.7;16.6;7.4;1995;7;12;-23.43;-46.46;735;80.0;70.0;66.0;932.2;932.8;927.5;3;4;5;1.0;2.0;5.0;9.0;4.0;9.0;72.0;930.8333333333334;7.333333333333333;2.6666666666666665;3
83075;1995-07-14;0;27.2;13;7.8;1995;7;14;-23.43;-46.46;735;88.0;86.0;54.0;937.8;940.7;934.9;8;3;3;0.0;1.0;3.0;0.0;4.0;8.0;76.0;937.8000000000001;4.0;1.3333333333333333;3
83075;1995-07-15;0;26.4;15.5;5.4;1995;7;15;-23.43;-46.46;735;77.0;75.0;52.0;937.8;938.6;933.6;8;8;7;0.0;0.0;2.0;9.0;1.0;10.0;68.0;936.6666666666666;6.666666666666667;0.6666666666666666;7
83075;1995-07-16;0;25.9;17.3;0.5;1995;7;16;-23.43;-46.46;735;78.0;80.0;56.0;936.7;939.2;935.6;8;3;8;0.0;1.0;0.0;10.0;10.0;10.0;71.33333333333333;937.1666666666666;10.0;0.3333333333333333;3
83075;1995-07-17;0;26.8;15.7;6.8;1995;7;17;-23.43;-46.46;735;84.0;84.0;48.0;937.6;939.4;933.3;8;8;4;0.0;0.0;2.0;4.0;1.0;8.0;72.0;936.7666666666668;4.333333333333333;0.6666666666666666;4
83075;1995-07-18;0;25.8;13.9;5.4;1995;7;18;-23.43;-46.46;735;78.0;79.0;49.0;936.3;939.5;934.1;8;3;7;0.0;1.0;2.0;4.0;8.0;9.0;68.66666666666667;936.6333333333333;7.0;1.0;3
83075;1995-07-19;0;26.1;12.8;5.8;1995;7;19;-23.43;-46.46;735;61.0;67.0;36.0;936.5;939.2;934.3;8;8;7;0.0;0.0;5.0;6.0;8.0;6.0;54.666666666666664;936.6666666666666;6.666666666666667;1.6666666666666667;7
83075;1995-07-20;0;22.3;15;3.6;1995;7;20;-23.43;-46.46;735;66.0;62.0;52.0;936.9;940.7;938.9;8;5;7;0.0;2.0;3.0;9.0;8.0;10.0;60.0;938.8333333333334;9.0;1.6666666666666667;5
83075;1995-07-21;0;20.4;11.6;2.8;1995;7;21;-23.43;-46.46;735;71.0;82.0;72.0;940.7;941.7;940.3;8;8;5;0.0;0.0;5.0;9.0;9.0;10.0;75.0;940.9;9.333333333333334;1.6666666666666667;5
83075;1995-07-22;14.3;18;11.4;1.6;1995;7;22;-23.43;-46.46;735;94.0;81.0;74.0;940.3;939.8;937.1;3;3;8;1.0;2.0;0.0;10.0;10.0;9.0;83.0;939.0666666666666;9.666666666666666;1.0;3
83075;1995-07-23;0;24.5;11.4;9.2;1995;7;23;-23.43;-46.46;735;91.0;81.0;40.0;938.6;939.0;933.9;5;8;7;1.0;0.0;4.0;10.0;1.0;1.0;70.66666666666667;937.1666666666666;4.0;1.6666666666666667;5
83075;1995-07-24;0;26.6;11.5;7.5;1995;7;24;-23.43;-46.46;735;79.0;90.0;49.0;937.4;941.1;934.0;8;3;8;0.0;1.0;0.0;5.0;10.0;4.0;72.66666666666667;937.5;6.333333333333333;0.3333333333333333;3
83075;1995-07-25;0;26.8;12.8;8.6;1995;7;25;-23.43;-46.46;735;87.0;80.0;43.0;938.0;941.3;934.8;8;8;3;0.0;0.0;2.0;8.0;0.0;6.0;70.0;938.0333333333333;4.666666666666667;0.6666666666666666;3
83075;1995-07-26;0;27.7;13.9;9.6;1995;7;26;-23.43;-46.46;735;76.0;71.0;45.0;937.5;939.0;932.2;8;3;8;0.0;2.0;0.0;4.0;6.0;4.0;64.0;936.2333333333332;4.666666666666667;0.6666666666666666;3
83075;1995-07-27;0;27.9;13.8;9.5;1995;7;27;-23.43;-46.46;735;75.0;78.0;39.0;934.2;937.1;929.9;8;8;7;0.0;0.0;3.0;5.0;0.0;5.0;64.0;933.7333333333335;3.3333333333333335;1.0;7
83075;1995-07-28;0;28.4;14;9.4;1995;7;28;-23.43;-46.46;735;76.0;67.0;34.0;933.4;936.6;929.5;8;3;7;0.0;2.0;5.0;6.0;5.0;1.0;59.0;933.1666666666666;4.0;2.3333333333333335;3
83075;1995-07-29;0;28.2;12.8;8.6;1995;7;29;-23.43;-46.46;735;68.0;71.0;32.0;933.4;938.0;929.6;8;8;0;0.0;0.0;3.0;0.0;6.0;0.0;57.0;933.6666666666666;2.0;1.0;0
83075;1995-07-30;0;28.7;12.6;8.9;1995;7;30;-23.43;-46.46;735;75.0;68.0;40.0;933.8;937.4;930.3;8;8;4;0.0;0.0;2.0;6.0;0.0;6.0;61.0;933.8333333333334;4.0;0.6666666666666666;4
83075;1995-07-31;0;28.4;12.3;9;1995;7;31;-23.43;-46.46;735;73.0;73.0;38.0;934.1;937.0;930.1;8;8;5;0.0;0.0;1.0;6.0;0.0;0.0;61.333333333333336;933.7333333333332;2.0;0.3333333333333333;5
83075;1995-08-01;17.8;30.6;20.5;2;1995;8;1;-23.43;-46.46;735;88.0;71.0;70.0;929.7;929.7;926.7;3;7;8;1.0;4.0;0.0;10.0;10.0;9.0;76.33333333333333;928.7000000000002;9.666666666666666;1.6666666666666667;3
83075;1995-08-03;10.3;32.5;19.7;9.1;1995;8;3;-23.43;-46.46;735;85.0;76.0;61.0;931.2;932.4;924.7;4;7;0;3.0;1.0;5.0;2.0;4.0;6.0;74.0;929.4333333333334;4.0;3.0;4
83075;1995-08-04;0;29.8;18.4;8.1;1995;8;4;-23.43;-46.46;735;85.0;83.0;56.0;934.4;935.6;928.6;4;8;8;1.0;0.0;0.0;10.0;4.0;4.0;74.66666666666667;932.8666666666667;6.0;0.3333333333333333;4
83075;1995-08-05;23.1;23;15.9;0;1995;8;5;-23.43;-46.46;735;94.0;88.0;74.0;935.0;938.2;935.3;4;8;8;1.0;0.0;0.0;10.0;10.0;9.0;85.33333333333333;936.1666666666666;9.666666666666666;0.3333333333333333;4
83075;1995-08-06;0;25.3;12;5.7;1995;8;6;-23.43;-46.46;735;68.0;75.0;68.0;935.8;939.0;936.5;8;8;5;0.0;0.0;3.0;0.0;9.0;8.0;70.33333333333333;937.1;5.666666666666667;1.0;5
83075;1995-08-07;4.6;15.7;12.5;0;1995;8;7;-23.43;-46.46;735;88.0;90.0;89.0;934.5;938.3;938.2;8;5;3;0.0;1.0;1.0;10.0;10.0;10.0;89.0;937.0;10.0;0.6666666666666666;5
83075;1995-08-08;0;29.7;14.9;7.3;1995;8;8;-23.43;-46.46;735;89.0;88.0;50.0;937.1;938.9;931.0;8;8;7;0.0;0.0;3.0;4.0;0.0;6.0;75.66666666666667;935.6666666666666;3.3333333333333335;1.0;7
83075;1995-08-10;0;31.3;17.1;6.7;1995;8;10;-23.43;-46.46;735;88.0;83.0;44.0;931.0;931.5;924.4;8;8;7;0.0;0.0;1.0;10.0;2.0;5.0;71.66666666666667;928.9666666666667;5.666666666666667;0.3333333333333333;7
83075;1995-08-12;0;32.2;17.4;9.9;1995;8;12;-23.43;-46.46;735;81.0;62.0;23.0;930.8;930.6;926.3;8;6;4;0.0;2.0;3.0;4.0;1.0;1.0;55.333333333333336;929.2333333333332;2.0;1.6666666666666667;6
83075;1995-08-13;0;30.6;14.3;9.2;1995;8;13;-23.43;-46.46;735;68.0;66.0;34.0;934.2;937.8;929.9;8;8;0;0.0;0.0;1.0;0.0;9.0;1.0;56.0;933.9666666666667;3.3333333333333335;0.3333333333333333;0
83075;1995-08-14;0;31.3;20.5;9.4;1995;8;14;-23.43;-46.46;735;62.0;62.0;25.0;932.0;934.4;924.8;7;8;7;1.0;0.0;5.0;0.0;0.0;2.0;49.666666666666664;930.4;0.6666666666666666;2.0;7
83075;1995-08-15;0;32;14.3;9.5;1995;8;15;-23.43;-46.46;735;56.0;60.0;24.0;928.0;932.1;924.6;8;8;7;0.0;0.0;5.0;0.0;4.0;1.0;46.666666666666664;928.2333333333332;1.6666666666666667;1.6666666666666667;7
83075;1995-08-16;0;24.8;16.1;5;1995;8;16;-23.43;-46.46;735;47.0;81.0;69.0;929.8;939.7;936.0;8;4;4;0.0;1.0;3.0;0.0;10.0;0.0;65.66666666666667;935.1666666666666;3.3333333333333335;1.3333333333333333;4
83075;1995-08-17;0;21.8;14.4;0;1995;8;17;-23.43;-46.46;735;84.0;84.0;77.0;941.3;943.1;939.9;4;4;4;3.0;1.0;4.0;0.0;10.0;10.0;81.66666666666667;941.4333333333334;6.666666666666667;2.6666666666666665;4
83075;1995-08-18;0;29.3;15.5;9;1995;8;18;-23.43;-46.46;735;87.0;77.0;36.0;941.9;941.1;933.2;4;8;8;1.0;0.0;0.0;10.0;1.0;1.0;66.66666666666667;938.7333333333332;4.0;0.3333333333333333;4
83075;1995-08-19;0;21.5;13.5;0;1995;8;19;-23.43;-46.46;735;76.0;85.0;77.0;936.6;943.2;940.6;8;4;4;0.0;1.0;3.0;0.0;10.0;10.0;79.33333333333333;940.1333333333333;6.666666666666667;1.3333333333333333;4
83075;1995-08-20;0;19.9;12.7;0.4;1995;8;20;-23.43;-46.46;735;85.0;65.0;75.0;943.2;943.8;941.1;4;4;4;1.0;3.0;3.0;10.0;10.0;10.0;75.0;942.6999999999999;10.0;2.3333333333333335;4
83075;1995-08-21;0;24.7;13.9;7.5;1995;8;21;-23.43;-46.46;735;85.0;94.0;54.0;943.3;943.1;937.9;3;3;3;3.0;3.0;1.0;10.0;4.0;8.0;77.66666666666667;941.4333333333334;7.333333333333333;2.3333333333333335;3
83075;1995-08-22;0;28.1;14.7;8.4;1995;8;22;-23.43;-46.46;735;86.0;77.0;44.0;941.0;941.8;935.0;3;8;8;1.0;0.0;0.0;10.0;1.0;8.0;69.0;939.2666666666668;6.333333333333333;0.3333333333333333;3
83075;1995-08-23;0;28.8;14.3;7.7;1995;8;23;-23.43;-46.46;735;76.0;72.0;38.0;937.6;941.0;934.8;8;8;4;0.0;0.0;3.0;0.0;0.0;2.0;62.0;937.7999999999998;0.6666666666666666;1.0;4
83075;1995-08-24;0;28.6;13.2;9.4;1995;8;24;-23.43;-46.46;735;64.0;65.0;23.0;937.4;940.4;934.6;8;3;4;0.0;1.0;1.0;0.0;0.0;0.0;50.666666666666664;937.4666666666667;0.0;0.6666666666666666;3
83075;1995-08-26;0;30.1;12.2;9.4;1995;8;26;-23.43;-46.46;735;62.0;63.0;38.0;937.4;941.1;933.0;8;8;7;0.0;0.0;1.0;10.0;0.0;0.0;54.333333333333336;937.1666666666666;3.3333333333333335;0.3333333333333333;7
83075;1995-08-27;0;30.5;12.8;9.5;1995;8;27;-23.43;-46.46;735;60.0;59.0;31.0;935.7;938.6;931.4;8;8;7;0.0;0.0;3.0;0.0;0.0;0.0;50.0;935.2333333333335;0.0;1.0;7
83075;1995-08-29;0;30.8;15;9;1995;8;29;-23.43;-46.46;735;59.0;64.0;35.0;934.7;938.7;931.4;8;8;3;0.0;0.0;1.0;10.0;0.0;0.0;52.666666666666664;934.9333333333334;3.3333333333333335;0.3333333333333333;3
83075;1995-08-31;0;32;15.1;9.2;1995;8;31;-23.43;-46.46;735;57.0;58.0;23.0;935.1;940.6;931.5;8;8;3;0.0;0.0;3.0;0.0;0.0;0.0;46.0;935.7333333333332;0.0;1.0;3
83075;1995-09-01;0;30.9;20.3;2.3;1995;9;1;-23.43;-46.46;735;64.0;79.0;61.0;928.5;931.3;924.4;7;7;0;1.0;3.0;3.0;8.0;10.0;9.0;68.0;928.0666666666666;9.0;2.3333333333333335;7
83075;1995-09-03;0;31.1;18.5;6.7;1995;9;3;-23.43;-46.46;735;78.0;67.0;54.0;929.1;933.0;928.5;8;8;7;0.0;0.0;2.0;5.0;8.0;8.0;66.33333333333333;930.1999999999999;7.0;0.6666666666666666;7
83075;1995-09-04;0;30.3;17.4;7.1;1995;9;4;-23.43;-46.46;735;88.0;82.0;67.0;932.5;934.4;928.1;8;8;3;0.0;0.0;3.0;6.0;1.0;5.0;79.0;931.6666666666666;4.0;1.0;3
83075;1995-09-05;0;25.1;15.7;2.2;1995;9;5;-23.43;-46.46;735;90.0;89.0;68.0;938.1;938.3;933.9;4;8;6;1.0;0.0;1.0;10.0;10.0;8.0;82.33333333333333;936.7666666666668;9.333333333333334;0.6666666666666666;4
83075;1995-09-06;0;26.2;18.3;4.7;1995;9;6;-23.43;-46.46;735;83.0;89.0;43.0;938.7;939.4;933.8;4;8;7;1.0;0.0;3.0;10.0;10.0;4.0;71.66666666666667;937.2999999999998;8.0;1.3333333333333333;4
83075;1995-09-07;2.8;16.8;12;0;1995;9;7;-23.43;-46.46;735;92.0;90.0;93.0;938.2;940.2;937.4;5;3;3;1.0;2.0;1.0;10.0;10.0;10.0;91.66666666666667;938.6;10.0;1.3333333333333333;5
83075;1995-09-08;0;29.7;14.6;7.2;1995;9;8;-23.43;-46.46;735;90.0;90.0;38.0;936.0;936.7;928.3;8;8;7;0.0;0.0;4.0;0.0;2.0;6.0;72.66666666666667;933.6666666666666;2.6666666666666665;1.3333333333333333;7
83075;1995-09-10;8.8;22.6;16.6;0;1995;9;10;-23.43;-46.46;735;78.0;78.0;76.0;929.9;931.2;928.9;3;8;8;1.0;0.0;0.0;10.0;10.0;10.0;77.33333333333333;930.0;10.0;0.3333333333333333;3
83075;1995-09-11;0;34.1;19.8;11.3;1995;9;11;-23.43;-46.46;735;63.0;56.0;37.0;931.0;931.3;923.9;8;7;7;0.0;3.0;3.0;6.0;0.0;4.0;52.0;928.7333333333332;3.3333333333333335;2.0;7
83075;1995-09-12;0.1;22.2;16.3;0;1995;9;12;-23.43;-46.46;735;79.0;83.0;66.0;932.6;936.2;933.3;4;4;3;5.0;3.0;2.0;10.0;10.0;10.0;76.0;934.0333333333334;10.0;3.3333333333333335;4
83075;1995-09-13;0.2;24.6;12.7;3;1995;9;13;-23.43;-46.46;735;83.0;81.0;55.0;942.2;941.2;934.7;4;3;4;5.0;3.0;1.0;10.0;10.0;9.0;73.0;939.3666666666668;9.666666666666666;3.0;4
83075;1995-09-14;0;33;13.9;7.4;1995;9;14;-23.43;-46.46;735;81.0;71.0;33.0;936.9;936.9;927.6;4;8;7;1.0;0.0;6.0;0.0;0.0;0.0;61.666666666666664;933.8000000000001;0.0;2.3333333333333335;4
83075;1995-09-15;0;26.2;12.2;0;1995;9;15;-23.43;-46.46;735;67.0;86.0;88.0;930.6;937.0;937.1;8;4;4;0.0;1.0;1.0;9.0;10.0;10.0;80.33333333333333;934.9;9.666666666666666;0.6666666666666666;4
83075;1995-09-16;0.9;22.2;11.4;4.9;1995;9;16;-23.43;-46.46;735;87.0;72.0;67.0;940.0;939.1;936.9;5;4;5;1.0;1.0;3.0;10.0;8.0;9.0;75.33333333333333;938.6666666666666;9.0;1.6666666666666667;5
83075;1995-09-17;0;20.4;14;4.2;1995;9;17;-23.43;-46.46;735;86.0;75.0;85.0;939.2;937.4;935.4;3;3;8;3.0;3.0;0.0;10.0;5.0;10.0;82.0;937.3333333333334;8.333333333333334;2.0;3
83075;1995-09-18;2.3;30.9;15.1;4.6;1995;9;18;-23.43;-46.46;735;93.0;83.0;44.0;935.2;935.3;929.1;8;8;7;0.0;0.0;5.0;10.0;8.0;1.0;73.33333333333333;933.1999999999999;6.333333333333333;1.6666666666666667;7
83075;1995-09-19;0.1;30;15.6;6.5;1995;9;19;-23.43;-46.46;735;80.0;67.0;44.0;935.0;935.3;930.0;1;0;1;3.0;5.0;3.0;10.0;8.0;4.0;63.666666666666664;933.4333333333334;7.333333333333333;3.6666666666666665;1
83075;1995-09-20;2.1;18.5;10.6;0;1995;9;20;-23.43;-46.46;735;87.0;85.0;87.0;939.1;943.5;943.1;8;4;3;0.0;3.0;3.0;10.0;10.0;10.0;86.33333333333333;941.9;10.0;2.0;4
83075;1995-09-21;0;16.3;10.7;0;1995;9;21;-23.43;-46.46;735;86.0;86.0;77.0;945.0;944.9;941.8;4;3;3;4.0;3.0;3.0;10.0;10.0;10.0;83.0;943.9;10.0;3.3333333333333335;4
83075;1995-09-22;0;24.5;12.5;8.2;1995;9;22;-23.43;-46.46;735;83.0;72.0;56.0;943.4;942.9;938.1;3;8;4;5.0;0.0;3.0;10.0;5.0;2.0;70.33333333333333;941.4666666666667;5.666666666666667;2.6666666666666665;3
83075;1995-09-23;0;20.1;13.7;0;1995;9;23;-23.43;-46.46;735;81.0;77.0;81.0;940.5;942.0;939.7;8;4;8;0.0;1.0;0.0;0.0;10.0;10.0;79.66666666666667;940.7333333333332;6.666666666666667;0.3333333333333333;4
83075;1995-09-25;2.4;24;14.5;2;1995;9;25;-23.43;-46.46;735;91.0;94.0;71.0;938.5;940.3;936.1;8;8;4;0.0;0.0;1.0;10.0;10.0;9.0;85.33333333333333;938.3000000000001;9.666666666666666;0.3333333333333333;4
83075;1995-09-26;0;25;15.8;0;1995;9;26;-23.43;-46.46;735;85.0;78.0;84.0;937.8;935.9;934.7;4;8;4;3.0;0.0;3.0;10.0;10.0;10.0;82.33333333333333;936.1333333333332;10.0;2.0;4
83075;1995-09-28;0;25.3;15;0.2;1995;9;28;-23.43;-46.46;735;91.0;81.0;87.0;937.1;938.0;936.3;8;8;4;0.0;0.0;5.0;10.0;10.0;10.0;86.33333333333333;937.1333333333332;10.0;1.6666666666666667;4
83075;1995-09-29;0.3;21.1;15.3;0;1995;9;29;-23.43;-46.46;735;91.0;89.0;79.0;939.1;941.4;939.7;8;4;4;0.0;1.0;1.0;10.0;10.0;10.0;86.33333333333333;940.0666666666666;10.0;0.6666666666666666;4
83075;1995-09-30;0;26.6;15.2;7.6;1995;9;30;-23.43;-46.46;735;87.0;85.0;58.0;941.8;941.3;936.2;5;3;8;2.0;3.0;0.0;10.0;5.0;4.0;76.66666666666667;939.7666666666668;6.333333333333333;1.6666666666666667;5
83075;1995-10-01;0;31.8;20.8;7.5;1995;10;1;-23.43;-46.46;735;70.0;68.0;48.0;927.0;928.6;924.0;8;7;0;0.0;2.0;3.0;4.0;5.0;9.0;62.0;926.5333333333333;6.0;1.6666666666666667;7
83075;1995-10-02;6.3;30;18.9;8.8;1995;10;2;-23.43;-46.46;735;95.0;80.0;52.0;930.7;932.8;929.5;7;1;6;1.0;5.0;7.0;10.0;9.0;9.0;75.66666666666667;931.0;9.333333333333334;4.333333333333333;7
83075;1995-10-03;57.9;24.7;18.7;0;1995;10;3;-23.43;-46.46;735;94.0;94.0;82.0;934.9;938.0;936.7;8;8;4;0.0;0.0;1.0;10.0;10.0;10.0;90.0;936.5333333333334;10.0;0.3333333333333333;4
83075;1995-10-04;2.7;30.3;17.7;9.4;1995;10;4;-23.43;-46.46;735;89.0;76.0;56.0;932.0;933.3;926.2;7;8;1;1.0;0.0;3.0;8.0;2.0;8.0;73.66666666666667;930.5;6.0;1.3333333333333333;7
83075;1995-10-05;9.8;21.3;12.5;0;1995;10;5;-23.43;-46.46;735;89.0;88.0;88.0;936.2;940.4;936.0;4;5;3;1.0;3.0;1.0;9.0;10.0;9.0;88.33333333333333;937.5333333333333;9.333333333333334;1.6666666666666667;4
83075;1995-10-08;0;30.4;15;7.5;1995;10;8;-23.43;-46.46;735;60.0;70.0;47.0;930.7;935.6;928.2;8;8;5;0.0;0.0;5.0;2.0;4.0;8.0;59.0;931.5;4.666666666666667;1.6666666666666667;5
83075;1995-10-09;0;32.5;13.7;9.3;1995;10;9;-23.43;-46.46;735;57.0;52.0;21.0;934.2;937.3;928.4;8;8;7;0.0;0.0;3.0;0.0;0.0;0.0;43.333333333333336;933.3000000000001;0.0;1.0;7
83075;1995-10-11;0;34.6;21.2;9.9;1995;10;11;-23.43;-46.46;735;59.0;42.0;33.0;927.3;928.4;922.2;8;7;7;0.0;3.2;1.0;9.0;0.0;2.0;44.666666666666664;925.9666666666666;3.6666666666666665;1.4000000000000001;7
83075;1995-10-12;0;25.9;15.1;3.6;1995;10;12;-23.43;-46.46;735;75.0;82.0;62.0;935.1;935.0;930.7;3;8;3;1.0;0.0;1.0;9.0;10.0;4.0;73.0;933.6;7.666666666666667;0.6666666666666666;3
83075;1995-10-13;0;26.3;16.2;0.6;1995;10;13;-23.43;-46.46;735;85.0;74.0;86.0;931.9;930.7;927.7;4;8;8;1.0;0.0;0.0;0.0;9.0;10.0;81.66666666666667;930.1;6.333333333333333;0.3333333333333333;4
83075;1995-10-14;31.8;24.9;17.8;0.4;1995;10;14;-23.43;-46.46;735;87.0;89.0;64.0;930.6;935.6;934.8;8;8;7;0.0;0.0;1.0;10.0;10.0;8.0;80.0;933.6666666666666;9.333333333333334;0.3333333333333333;7
83075;1995-10-16;30.4;21.9;17;0;1995;10;16;-23.43;-46.46;735;94.0;89.0;77.0;937.7;937.8;935.5;8;7;8;0.0;3.0;0.0;10.0;10.0;10.0;86.66666666666667;937.0;10.0;1.0;7
83075;1995-10-18;12;26.6;13;4.5;1995;10;18;-23.43;-46.46;735;93.0;87.0;64.0;936.6;936.4;931.2;8;8;4;0.0;0.0;3.0;10.0;10.0;6.0;81.33333333333333;934.7333333333332;8.666666666666666;1.0;4
83075;1995-10-19;1.7;21.6;15.3;0;1995;10;19;-23.43;-46.46;735;85.0;90.0;82.0;935.8;937.6;934.4;8;8;4;0.0;0.0;3.0;10.0;10.0;10.0;85.66666666666667;935.9333333333334;10.0;1.0;4
83075;1995-10-20;17.6;22.6;15.4;1.5;1995;10;20;-23.43;-46.46;735;88.0;93.0;88.0;936.1;934.9;932.2;3;8;8;1.0;0.0;0.0;10.0;10.0;10.0;89.66666666666667;934.4;10.0;0.3333333333333333;3
83075;1995-10-22;3.1;21.7;11.6;8.1;1995;10;22;-23.43;-46.46;735;89.0;70.0;68.0;934.8;936.3;934.5;8;6;4;0.0;1.0;5.0;10.0;6.0;6.0;75.66666666666667;935.1999999999999;7.333333333333333;2.0;6
83075;1995-10-23;0;24.5;12.3;10.9;1995;10;23;-23.43;-46.46;735;80.0;62.0;56.0;937.8;937.8;933.9;8;3;4;0.0;5.0;3.0;10.0;8.0;0.0;66.0;936.5;6.0;2.6666666666666665;3
83075;1995-10-27;0;33.8;18.7;7;1995;10;27;-23.43;-46.46;735;57.0;54.0;32.0;929.9;930.4;923.1;8;4;7;0.0;1.0;3.0;1.0;8.0;10.0;47.666666666666664;927.8000000000001;6.333333333333333;1.3333333333333333;4
83075;1995-10-28;0;24.1;15.5;0.3;1995;10;28;-23.43;-46.46;735;83.0;65.0;74.0;928.9;931.4;931.6;5;4;5;1.0;3.0;2.0;10.0;10.0;10.0;74.0;930.6333333333333;10.0;2.0;5
83075;1995-10-29;10.1;17;12.2;0;1995;10;29;-23.43;-46.46;735;90.0;81.0;89.0;936.3;938.4;937.7;4;5;5;1.0;1.0;1.0;10.0;10.0;10.0;86.66666666666667;937.4666666666666;10.0;1.0;4
83075;1995-10-30;24.4;16.8;11.5;0.1;1995;10;30;-23.43;-46.46;735;85.0;93.0;80.0;939.4;939.6;937.6;4;4;4;3.0;3.0;5.0;10.0;10.0;10.0;86.0;938.8666666666667;10.0;3.6666666666666665;4
83075;1995-10-31;6.6;19.5;11.8;0.1;1995;10;31;-23.43;-46.46;735;90.0;66.0;79.0;938.5;938.2;937.0;4;4;3;5.0;1.0;3.0;10.0;10.0;10.0;78.33333333333333;937.9;10.0;3.0;4
83075;1995-11-01;6.4;30.3;19.5;3.8;1995;11;1;-23.43;-46.46;735;91.0;92.0;40.0;928.9;933.0;929.1;2;8;0;2.0;0.0;3.0;10.0;10.0;8.0;74.33333333333333;930.3333333333334;9.333333333333334;1.6666666666666667;2
83075;1995-11-02;0;29.7;19.3;0;1995;11;2;-23.43;-46.46;735;90.0;79.0;80.0;932.0;932.8;930.2;8;8;3;0.0;0.0;5.0;10.0;8.0;10.0;83.0;931.6666666666666;9.333333333333334;1.6666666666666667;3
83075;1995-11-03;0;25.3;18.2;1.1;1995;11;3;-23.43;-46.46;735;87.0;88.0;70.0;938.8;939.4;937.6;5;5;4;1.0;1.0;3.0;10.0;10.0;8.0;81.66666666666667;938.5999999999999;9.333333333333334;1.6666666666666667;5
83075;1995-11-04;0;30;19.7;7.1;1995;11;4;-23.43;-46.46;735;79.0;68.0;59.0;929.3;929.0;924.9;8;6;7;0.0;3.0;5.0;10.0;6.0;8.0;68.66666666666667;927.7333333333332;8.0;2.6666666666666665;6
83075;1995-11-05;12.7;21.9;12.4;2.1;1995;11;5;-23.43;-46.46;735;95.0;94.0;76.0;938.4;939.5;935.8;8;8;4;0.0;0.0;1.0;5.0;10.0;8.0;88.33333333333333;937.9;7.666666666666667;0.3333333333333333;4
83075;1995-11-07;0.1;23.3;12.1;6.9;1995;11;7;-23.43;-46.46;735;91.0;87.0;60.0;940.9;941.1;935.5;3;3;3;1.0;3.0;3.0;10.0;10.0;0.0;79.33333333333333;939.1666666666666;6.666666666666667;2.3333333333333335;3
83075;1995-11-08;0;29.1;14.3;6.9;1995;11;8;-23.43;-46.46;735;88.0;86.0;48.0;935.6;938.4;930.6;3;4;3;2.0;1.0;2.0;10.0;10.0;6.0;74.0;934.8666666666667;8.666666666666666;1.6666666666666667;3
83075;1995-11-09;0;33.5;15.1;8.7;1995;11;9;-23.43;-46.46;735;42.0;47.0;20.0;931.9;934.3;924.3;8;8;0;0.0;0.0;3.0;0.0;0.0;0.0;36.333333333333336;930.1666666666666;0.0;1.0;0
83075;1995-11-10;0;26.9;12.5;6.5;1995;11;10;-23.43;-46.46;735;84.0;85.0;56.0;932.6;934.8;930.1;4;8;4;1.0;0.0;1.0;10.0;10.0;0.0;75.0;932.5;6.666666666666667;0.6666666666666666;4
83075;1995-11-11;12;24.9;18.8;0;1995;11;11;-23.43;-46.46;735;77.0;87.0;81.0;929.3;934.7;933.1;4;3;4;3.0;2.0;3.0;8.0;10.0;10.0;81.66666666666667;932.3666666666667;9.333333333333334;2.6666666666666665;4
83075;1995-11-12;0;31.5;16.7;6.6;1995;11;12;-23.43;-46.46;735;85.0;72.0;46.0;932.4;932.4;926.0;3;8;4;3.0;0.0;1.0;10.0;5.0;8.0;67.66666666666667;930.2666666666668;7.666666666666667;1.3333333333333333;3
83075;1995-11-13;4.7;21.3;15.3;0;1995;11;13;-23.43;-46.46;735;93.0;94.0;82.0;938.9;938.9;935.9;8;3;8;0.0;2.0;0.0;10.0;10.0;10.0;89.66666666666667;937.9;10.0;0.6666666666666666;3
83075;1995-11-14;0.1;23.7;16.2;3.7;1995;11;14;-23.43;-46.46;735;88.0;79.0;58.0;937.3;935.9;932.1;8;8;7;0.0;0.0;5.0;10.0;10.0;4.0;75.0;935.0999999999999;8.0;1.6666666666666667;7
83075;1995-11-15;0.1;26.7;18.7;0;1995;11;15;-23.43;-46.46;735;79.0;76.0;67.0;932.7;933.0;929.4;8;7;0;0.0;2.0;3.0;2.0;10.0;10.0;74.0;931.6999999999999;7.333333333333333;1.6666666666666667;7
83075;1995-11-16;17.5;27.5;17;6.6;1995;11;16;-23.43;-46.46;735;94.0;69.0;67.0;932.3;931.5;926.8;8;8;5;0.0;0.0;1.0;5.0;8.0;5.0;76.66666666666667;930.1999999999999;6.0;0.3333333333333333;5
83075;1995-11-17;0;31.7;17.2;10.1;1995;11;17;-23.43;-46.46;735;84.0;73.0;39.0;929.9;928.7;922.5;3;8;7;3.0;0.0;7.0;10.0;0.0;4.0;65.33333333333333;927.0333333333333;4.666666666666667;3.3333333333333335;3
83075;1995-11-18;0;26.3;15.9;2.1;1995;11;18;-23.43;-46.46;735;60.0;73.0;82.0;925.6;930.2;930.7;8;8;4;0.0;0.0;5.0;4.0;9.0;10.0;71.66666666666667;928.8333333333334;7.666666666666667;1.6666666666666667;4
83075;1995-11-19;0.1;23.3;14.5;7.5;1995;11;19;-23.43;-46.46;735;81.0;70.0;58.0;934.5;937.4;935.5;5;4;4;5.0;3.0;3.0;9.0;9.0;1.0;69.66666666666667;935.8000000000001;6.333333333333333;3.6666666666666665;5
83075;1995-11-20;0;23.7;13;5.8;1995;11;20;-23.43;-46.46;735;81.0;61.0;50.0;937.8;937.7;934.1;4;4;4;1.0;1.0;3.0;10.0;8.0;3.0;64.0;936.5333333333333;7.0;1.6666666666666667;4
83075;1995-11-21;0;25.5;13.1;11;1995;11;21;-23.43;-46.46;735;72.0;62.0;44.0;936.7;937.3;933.0;8;4;4;0.0;3.0;3.0;9.0;8.0;4.0;59.333333333333336;935.6666666666666;7.0;2.0;4
83075;1995-11-22;0;26.2;12.9;10.3;1995;11;22;-23.43;-46.46;735;76.0;63.0;59.0;936.3;935.2;930.8;8;3;4;0.0;3.0;3.0;9.0;1.0;1.0;66.0;934.1;3.6666666666666665;2.0;3
83075;1995-11-24;7.6;28.4;16.8;4.3;1995;11;24;-23.43;-46.46;735;80.0;76.0;67.0;931.9;931.3;927.6;8;8;3;0.0;0.0;3.0;4.0;10.0;8.0;74.33333333333333;930.2666666666665;7.333333333333333;1.0;3
83075;1995-11-25;5.3;24.5;17.3;4.3;1995;11;25;-23.43;-46.46;735;82.0;93.0;69.0;930.1;930.1;927.8;3;8;4;1.0;0.0;1.0;5.0;2.0;10.0;81.33333333333333;929.3333333333334;5.666666666666667;0.6666666666666666;3
83075;1995-11-26;0;31.4;16.4;8.6;1995;11;26;-23.43;-46.46;735;82.0;71.0;41.0;929.8;937.2;925.7;8;8;5;0.0;0.0;5.0;10.0;0.0;9.0;64.66666666666667;930.9;6.333333333333333;1.6666666666666667;5
83075;1995-11-27;0;33.8;18.8;11;1995;11;27;-23.43;-46.46;735;81.0;52.0;38.0;928.8;929.1;922.1;8;8;7;0.0;0.0;3.0;10.0;0.0;4.0;57.0;926.6666666666666;4.666666666666667;1.0;7
83075;1995-11-28;15;26.1;15.9;0.4;1995;11;28;-23.43;-46.46;735;55.0;91.0;73.0;925.7;933.9;933.4;8;4;4;0.0;1.0;3.0;0.0;10.0;10.0;73.0;931.0;6.666666666666667;1.3333333333333333;4
83075;1995-11-29;0;27.3;14.1;10.8;1995;11;29;-23.43;-46.46;735;84.0;65.0;55.0;936.8;937.1;933.3;4;2;5;3.0;2.0;1.0;10.0;2.0;4.0;68.0;935.7333333333332;5.333333333333333;2.0;4
83075;1995-11-30;0;28.6;16.2;6.3;1995;11;30;-23.43;-46.46;735;84.0;82.0;42.0;937.4;938.4;932.9;3;8;5;1.0;0.0;1.0;9.0;10.0;1.0;69.33333333333333;936.2333333333332;6.666666666666667;0.6666666666666666;3
83075;1995-12-01;0;31.9;19.3;5.9;1995;12;1;-23.43;-46.46;735;85.0;70.0;63.0;933.2;934.7;930.5;3;3;7;1.0;2.0;3.0;10.0;8.0;8.0;72.66666666666667;932.8000000000001;8.666666666666666;2.0;3
83075;1995-12-02;8.5;28;19.1;2.8;1995;12;2;-23.43;-46.46;735;92.0;85.0;91.0;933.7;934.0;931.5;3;8;4;1.0;0.0;1.0;10.0;10.0;10.0;89.33333333333333;933.0666666666666;10.0;0.6666666666666666;3
83075;1995-12-03;0;28;18.3;5.8;1995;12;3;-23.43;-46.46;735;93.0;78.0;70.0;937.9;935.9;930.5;4;8;8;1.0;0.0;0.0;10.0;8.0;6.0;80.33333333333333;934.7666666666668;8.0;0.3333333333333333;4
83075;1995-12-04;20.7;24.5;15.8;5.2;1995;12;4;-23.43;-46.46;735;85.0;91.0;53.0;931.3;932.9;928.6;4;5;6;5.0;2.0;5.0;10.0;10.0;1.0;76.33333333333333;930.9333333333333;7.0;4.0;4
83075;1995-12-05;0;24.8;14.2;6.6;1995;12;5;-23.43;-46.46;735;90.0;86.0;67.0;937.6;938.2;933.9;3;8;2;2.0;0.0;1.0;10.0;9.0;6.0;81.0;936.5666666666667;8.333333333333334;1.0;3
83075;1995-12-06;0;26.9;11.3;8.6;1995;12;6;-23.43;-46.46;735;84.0;74.0;44.0;939.4;941.5;934.1;8;8;7;0.0;0.0;2.0;0.0;0.0;0.0;67.33333333333333;938.3333333333334;0.0;0.6666666666666666;7
83075;1995-12-07;0;23.2;12.7;5;1995;12;7;-23.43;-46.46;735;94.0;91.0;49.0;938.8;941.1;935.2;8;3;4;0.0;1.0;2.0;6.0;10.0;8.0;78.0;938.3666666666668;8.0;1.0;3
83075;1995-12-08;0;30.4;14.6;6.4;1995;12;8;-23.43;-46.46;735;73.0;82.0;33.0;933.9;938.8;931.4;8;3;7;0.0;1.0;3.0;0.0;10.0;10.0;62.666666666666664;934.6999999999999;6.666666666666667;1.3333333333333333;3
83075;1995-12-09;0;24.6;13;0;1995;12;9;-23.43;-46.46;735;53.0;67.0;85.0;928.6;937.1;939.3;8;4;4;0.0;3.0;5.0;0.0;9.0;10.0;68.33333333333333;935.0;6.333333333333333;2.6666666666666665;4
83075;1995-12-10;0;28.3;12.1;9.4;1995;12;10;-23.43;-46.46;735;80.0;69.0;61.0;935.2;934.8;928.8;8;4;4;0.0;1.0;3.0;5.0;0.0;0.0;70.0;932.9333333333334;1.6666666666666667;1.3333333333333333;4
83075;1995-12-11;0.1;21.6;15.6;0;1995;12;11;-23.43;-46.46;735;86.0;85.0;85.0;934.8;937.2;936.5;8;8;4;0.0;0.0;1.0;10.0;10.0;10.0;85.33333333333333;936.1666666666666;10.0;0.3333333333333333;4
83075;1995-12-13;44;20.2;16;0;1995;12;13;-23.43;-46.46;735;94.0;93.0;100.0;930.1;928.9;929.8;8;8;4;0.0;0.0;3.0;10.0;10.0;10.0;95.66666666666667;929.6;10.0;1.0;4
83075;1995-12-14;12.2;21.7;14.7;2.9;1995;12;14;-23.43;-46.46;735;92.0;69.0;71.0;932.1;933.2;932.2;5;4;4;3.0;3.0;1.0;10.0;8.0;10.0;77.33333333333333;932.5;9.333333333333334;2.3333333333333335;5
83075;1995-12-16;0;32.5;16;9.1;1995;12;16;-23.43;-46.46;735;80.0;72.0;40.0;931.9;932.8;927.6;8;8;7;0.0;0.0;1.0;8.0;1.0;5.0;64.0;930.7666666666665;4.666666666666667;0.3333333333333333;7
83075;1995-12-19;1.4;28.5;18.6;1.8;1995;12;19;-23.43;-46.46;735;86.0;78.0;60.0;934.2;933.8;929.9;8;8;7;0.0;0.0;1.0;10.0;10.0;4.0;74.66666666666667;932.6333333333333;8.0;0.3333333333333333;7
83075;1995-12-20;0.9;26.4;19;0;1995;12;20;-23.43;-46.46;735;75.0;77.0;64.0;932.2;934.3;931.8;8;5;5;0.0;3.0;1.0;5.0;10.0;10.0;72.0;932.7666666666668;8.333333333333334;1.3333333333333333;5
83075;1995-12-22;0;29.3;19.8;3.8;1995;12;22;-23.43;-46.46;735;85.0;75.0;54.0;931.2;932.0;927.0;8;7;7;0.0;1.0;1.0;10.0;10.0;4.0;71.33333333333333;930.0666666666666;8.0;0.6666666666666666;7
83075;1995-12-23;1.5;29.8;20.6;5.2;1995;12;23;-23.43;-46.46;735;78.0;68.0;83.0;929.4;931.1;927.9;8;7;8;0.0;5.0;0.0;8.0;9.0;10.0;76.33333333333333;929.4666666666667;9.0;1.6666666666666667;7
83075;1995-12-24;7.4;30.7;19.3;7.3;1995;12;24;-23.43;-46.46;735;79.0;77.0;52.0;930.0;931.1;925.5;8;7;6;0.0;3.0;1.0;10.0;9.0;8.0;69.33333333333333;928.8666666666667;9.0;1.3333333333333333;7
83075;1995-12-25;3.4;30;18.8;6.1;1995;12;25;-23.43;-46.46;735;85.0;63.0;60.0;930.1;929.2;925.4;5;7;8;1.0;3.0;0.0;8.0;2.0;10.0;69.33333333333333;928.2333333333335;6.666666666666667;1.3333333333333333;5
83075;1995-12-26;2.2;27.2;18.6;5.3;1995;12;26;-23.43;-46.46;735;89.0;68.0;68.0;928.3;928.9;925.5;8;8;0;0.0;0.0;2.0;10.0;6.0;10.0;75.0;927.5666666666666;8.666666666666666;0.6666666666666666;0
83075;1995-12-29;101.7;28.3;17.3;3.8;1995;12;29;-23.43;-46.46;735;96.0;84.0;64.0;927.0;928.8;925.3;8;8;7;0.0;0.0;4.0;10.0;10.0;10.0;81.33333333333333;927.0333333333333;10.0;1.3333333333333333;7
83075;1995-12-30;23.4;23.8;18.3;0.2;1995;12;30;-23.43;-46.46;735;95.0;92.0;77.0;928.2;930.6;930.1;8;8;5;0.0;0.0;4.0;10.0;10.0;10.0;88.0;929.6333333333333;10.0;1.3333333333333333;5
83075;1995-12-31;2.6;24.8;16.5;2.6;1995;12;31;-23.43;-46.46;735;87.0;79.0;63.0;931.7;934.3;931.0;5;8;4;1.0;0.0;1.0;10.0;9.0;6.0;76.33333333333333;932.3333333333334;8.333333333333334;0.6666666666666666;5
83075;1996-01-01;0;26.5;15.8;1.9;1996;1;1;-23.43;-46.46;735;81.0;75.0;70.0;933.8;933.5;930.8;8;4;4;0.0;1.0;5.0;2.0;8.0;10.0;75.33333333333333;932.6999999999999;6.666666666666667;2.0;4
83075;1996-01-02;0;32.3;21.3;10;1996;1;2;-23.43;-46.46;735;71.0;58.0;47.0;927.9;930.6;924.6;8;7;8;0.0;1.0;0.0;10.0;1.0;4.0;58.666666666666664;927.6999999999999;5.0;0.3333333333333333;7
83075;1996-01-04;0;32.8;18.8;8.3;1996;1;4;-23.43;-46.46;735;69.0;70.0;47.0;928.0;932.9;924.4;8;3;8;0.0;3.0;0.0;6.0;1.0;6.0;62.0;928.4333333333334;4.333333333333333;1.0;3
83075;1996-01-05;0;24.5;15;5.2;1996;1;5;-23.43;-46.46;735;84.0;84.0;58.0;936.2;935.4;932.9;8;8;7;0.0;0.0;3.0;0.0;10.0;8.0;75.33333333333333;934.8333333333334;6.0;1.0;7
83075;1996-01-06;0;25.6;13.3;6.4;1996;1;6;-23.43;-46.46;735;67.0;83.0;47.0;932.8;935.5;933.2;8;8;7;0.0;0.0;2.0;0.0;4.0;9.0;65.66666666666667;933.8333333333334;4.333333333333333;0.6666666666666666;7
83075;1996-01-07;0;20.4;8.7;5.1;1996;1;7;-23.43;-46.46;735;89.0;84.0;60.0;940.8;939.9;937.0;8;3;3;0.0;3.0;1.0;1.0;10.0;8.0;77.66666666666667;939.2333333333332;6.333333333333333;1.3333333333333333;3
83075;1996-01-08;0;22.4;8.9;9.1;1996;1;8;-23.43;-46.46;735;77.0;74.0;31.0;940.6;940.9;936.9;4;8;8;2.0;0.0;0.0;10.0;0.0;0.0;60.666666666666664;939.4666666666667;3.3333333333333335;0.6666666666666666;4
83075;1996-01-09;0;23.8;14;0.1;1996;1;9;-23.43;-46.46;735;56.0;69.0;64.0;927.4;929.8;926.5;8;4;7;0.0;4.0;5.0;0.0;10.0;10.0;63.0;927.9;6.666666666666667;3.0;4
83075;1996-01-10;0;21.6;14.6;3;1996;1;10;-23.43;-46.46;735;78.0;72.0;57.0;935.3;936.1;933.3;4;3;3;5.0;2.0;5.0;6.0;10.0;9.0;69.0;934.9;8.333333333333334;4.0;4
83075;1996-01-11;0.1;25.1;18;0.5;1996;1;11;-23.43;-46.46;735;72.0;74.0;70.0;929.6;930.8;926.7;4;8;3;4.0;0.0;1.0;0.0;10.0;10.0;72.0;929.0333333333334;6.666666666666667;1.6666666666666667;4
83075;1996-01-12;13.7;25.7;15.6;4.9;1996;1;12;-23.43;-46.46;735;89.0;72.0;85.0;933.4;932.5;932.1;7;3;5;1.0;2.0;1.0;10.0;2.0;10.0;82.0;932.6666666666666;7.333333333333333;1.3333333333333333;7
83075;1996-01-13;0.1;31.8;20.6;8.6;1996;1;13;-23.43;-46.46;735;81.0;65.0;49.0;929.4;932.3;928.0;8;7;7;0.0;1.0;5.0;10.0;2.0;6.0;65.0;929.9;6.0;2.0;7
83075;1996-01-14;6.8;33.2;20.1;11;1996;1;14;-23.43;-46.46;735;83.0;55.0;28.0;931.3;934.2;929.8;8;8;4;0.0;0.0;3.0;1.0;4.0;6.0;55.333333333333336;931.7666666666668;3.6666666666666665;1.0;4
83075;1996-01-15;0;30.7;20.6;4.7;1996;1;15;-23.43;-46.46;735;79.0;71.0;60.0;933.7;935.0;931.0;4;8;4;2.0;0.0;1.0;9.0;6.0;9.0;70.0;933.2333333333332;8.0;1.0;4
83075;1996-01-16;0;32.2;19.4;8;1996;1;16;-23.43;-46.46;735;83.0;59.0;48.0;932.4;931.8;925.7;4;8;0;2.0;0.0;3.0;8.0;1.0;9.0;63.333333333333336;929.9666666666666;6.0;1.6666666666666667;4
83075;1996-01-17;0;32.2;21.4;4.1;1996;1;17;-23.43;-46.46;735;62.0;57.0;72.0;927.1;927.4;925.1;8;7;7;0.0;3.0;3.0;10.0;6.0;10.0;63.666666666666664;926.5333333333333;8.666666666666666;2.0;7
83075;1996-01-18;1.2;31.2;20.5;8.6;1996;1;18;-23.43;-46.46;735;77.0;68.0;53.0;926.9;928.3;923.5;8;0;7;0.0;3.0;3.0;9.0;9.0;9.0;66.0;926.2333333333332;9.0;2.0;0
83075;1996-01-19;6.1;28.6;19.8;1.6;1996;1;19;-23.43;-46.46;735;86.0;85.0;59.0;928.8;931.5;927.9;3;8;8;1.0;0.0;0.0;10.0;10.0;8.0;76.66666666666667;929.4;9.333333333333334;0.3333333333333333;3
83075;1996-01-20;0;31.2;19.6;3;1996;1;20;-23.43;-46.46;735;85.0;79.0;88.0;930.5;931.5;930.5;3;8;5;2.0;0.0;4.0;10.0;8.0;10.0;84.0;930.8333333333334;9.333333333333334;2.0;3
83075;1996-01-21;5.3;30;18.3;4.6;1996;1;21;-23.43;-46.46;735;87.0;72.0;84.0;933.0;932.7;931.6;2;8;5;1.0;0.0;3.0;10.0;2.0;10.0;81.0;932.4333333333334;7.333333333333333;1.3333333333333333;2
83075;1996-01-22;8.6;32.3;19.1;8.1;1996;1;22;-23.43;-46.46;735;71.0;60.0;45.0;931.0;929.4;923.7;7;7;7;2.0;2.0;4.0;4.0;5.0;6.0;58.666666666666664;928.0333333333334;5.0;2.6666666666666665;7
83075;1996-01-23;0;31.4;21;6.7;1996;1;23;-23.43;-46.46;735;62.0;62.0;55.0;928.0;929.4;926.5;7;7;7;1.0;2.0;5.0;8.0;4.0;9.0;59.666666666666664;927.9666666666667;7.0;2.6666666666666665;7
83075;1996-01-24;0;33.5;19.8;8.3;1996;1;24;-23.43;-46.46;735;71.0;68.0;62.0;929.6;933.1;928.9;8;4;4;0.0;1.0;2.0;8.0;4.0;8.0;67.0;930.5333333333333;6.666666666666667;1.0;4
83075;1996-01-26;39.6;33.8;19.5;6.2;1996;1;26;-23.43;-46.46;735;86.0;71.0;44.0;931.5;932.9;927.5;8;3;7;0.0;1.0;3.0;10.0;10.0;5.0;67.0;930.6333333333333;8.333333333333334;1.3333333333333333;3
83075;1996-01-28;24.5;34.2;18.9;10.3;1996;1;28;-23.43;-46.46;735;85.0;68.0;45.0;932.5;932.4;927.2;8;8;4;0.0;0.0;2.0;10.0;1.0;8.0;66.0;930.7000000000002;6.333333333333333;0.6666666666666666;4
83075;1996-01-29;0;32.8;21.2;9.5;1996;1;29;-23.43;-46.46;735;81.0;86.0;34.0;931.9;934.3;928.5;3;3;3;1.0;1.0;3.0;5.0;6.0;4.0;67.0;931.5666666666666;5.0;1.6666666666666667;3
83075;1996-01-30;0;35.5;20.4;8.1;1996;1;30;-23.43;-46.46;735;83.0;72.0;36.0;931.1;933.1;926.4;8;8;7;0.0;0.0;3.0;9.0;0.0;5.0;63.666666666666664;930.1999999999999;4.666666666666667;1.0;7
83075;1996-01-31;0;32.3;21.6;8.1;1996;1;31;-23.43;-46.46;735;67.0;73.0;49.0;929.5;932.2;926.6;8;8;5;0.0;0.0;1.0;0.0;5.0;9.0;63.0;929.4333333333334;4.666666666666667;0.3333333333333333;5
83075;1996-02-01;0.5;22.6;18;0;1996;2;1;-23.43;-46.46;735;86.0;92.0;89.0;933.0;933.5;930.6;3;8;8;3.0;0.0;0.0;9.0;10.0;10.0;89.0;932.3666666666667;9.666666666666666;1.0;3
83075;1996-02-02;3.4;28.4;18.4;1.7;1996;2;2;-23.43;-46.46;735;86.0;80.0;91.0;929.8;932.6;931.4;3;4;7;3.0;1.0;5.0;10.0;10.0;10.0;85.66666666666667;931.2666666666668;10.0;3.0;3
83075;1996-02-03;14.2;26.6;18.7;1.5;1996;2;3;-23.43;-46.46;735;80.0;79.0;77.0;932.9;935.3;933.3;8;4;5;0.0;2.0;3.0;10.0;10.0;10.0;78.66666666666667;933.8333333333334;10.0;1.6666666666666667;4
83075;1996-02-05;0;21.4;15.1;3.8;1996;2;5;-23.43;-46.46;735;83.0;82.0;85.0;933.7;933.8;933.6;5;8;4;2.0;0.0;5.0;9.0;5.0;10.0;83.33333333333333;933.6999999999999;8.0;2.3333333333333335;5
83075;1996-02-06;0.4;18;11.9;0;1996;2;6;-23.43;-46.46;735;84.0;87.0;81.0;934.8;938.3;937.8;8;4;4;0.0;2.0;4.0;10.0;10.0;10.0;84.0;936.9666666666666;10.0;2.0;4
83075;1996-02-07;0;24.8;11.8;5.1;1996;2;7;-23.43;-46.46;735;90.0;90.0;48.0;937.2;937.1;933.0;3;8;7;1.0;0.0;2.0;10.0;10.0;9.0;76.0;935.7666666666668;9.666666666666666;1.0;3
83075;1996-02-08;0;21.7;5.7;9;1996;2;8;-23.43;-46.46;735;69.0;66.0;32.0;939.1;940.9;938.2;8;8;4;0.0;0.0;1.0;0.0;0.0;2.0;55.666666666666664;939.4;0.6666666666666666;0.3333333333333333;4
83075;1996-02-09;5.2;26.3;11.8;9.3;1996;2;9;-23.43;-46.46;735;87.0;59.0;41.0;931.5;932.7;929.8;4;8;8;5.0;0.0;0.0;10.0;0.0;2.0;62.333333333333336;931.3333333333334;4.0;1.6666666666666667;4
83075;1996-02-10;0;28.1;13.8;7.5;1996;2;10;-23.43;-46.46;735;76.0;72.0;48.0;934.3;933.5;927.7;4;3;4;1.0;5.0;2.0;2.0;8.0;9.0;65.33333333333333;931.8333333333334;6.333333333333333;2.6666666666666665;4
83075;1996-02-11;0.1;27.4;16.7;3;1996;2;11;-23.43;-46.46;735;78.0;73.0;93.0;928.7;928.3;926.5;8;3;8;0.0;1.0;0.0;8.0;6.0;10.0;81.33333333333333;927.8333333333334;8.0;0.3333333333333333;3
83075;1996-02-12;11.5;26.1;16.8;1.4;1996;2;12;-23.43;-46.46;735;89.0;83.0;91.0;931.9;932.9;930.9;8;8;4;0.0;0.0;1.0;10.0;10.0;10.0;87.66666666666667;931.9;10.0;0.3333333333333333;4
83075;1996-02-13;0.2;23.1;16.2;0.5;1996;2;13;-23.43;-46.46;735;93.0;78.0;75.0;937.8;939.8;938.0;8;4;4;0.0;3.0;3.0;10.0;9.0;10.0;82.0;938.5333333333333;9.666666666666666;2.0;4
83075;1996-02-14;0;22.7;16.6;0.8;1996;2;14;-23.43;-46.46;735;87.0;77.0;84.0;940.0;938.5;937.2;4;4;4;3.0;3.0;3.0;10.0;10.0;10.0;82.66666666666667;938.5666666666666;10.0;3.0;4
83075;1996-02-15;0.3;29.6;18.8;4.5;1996;2;15;-23.43;-46.46;735;89.0;84.0;57.0;938.6;939.1;934.5;4;8;4;1.0;0.0;3.0;10.0;9.0;9.0;76.66666666666667;937.4;9.333333333333334;1.3333333333333333;4
83075;1996-02-17;0;31.4;19.6;6.5;1996;2;17;-23.43;-46.46;735;74.0;67.0;72.0;933.8;933.8;930.4;4;8;5;2.0;0.0;3.0;8.0;2.0;10.0;71.0;932.6666666666666;6.666666666666667;1.6666666666666667;4
83075;1996-02-18;0;29.1;18.8;3.2;1996;2;18;-23.43;-46.46;735;84.0;80.0;82.0;933.1;934.2;931.8;3;8;8;2.0;0.0;0.0;5.0;10.0;10.0;82.0;933.0333333333334;8.333333333333334;0.6666666666666666;3
83075;1996-02-19;17.9;28.8;18.2;5.1;1996;2;19;-23.43;-46.46;735;89.0;79.0;86.0;934.6;934.1;932.6;8;8;4;0.0;0.0;3.0;10.0;8.0;10.0;84.66666666666667;933.7666666666668;9.333333333333334;1.0;4
83075;1996-02-20;7;31.2;18.6;8.1;1996;2;20;-23.43;-46.46;735;93.0;75.0;64.0;933.5;932.5;926.9;8;8;4;0.0;0.0;3.0;8.0;2.0;9.0;77.33333333333333;930.9666666666667;6.333333333333333;1.0;4
83075;1996-02-21;0.7;30.6;18.6;6.3;1996;2;21;-23.43;-46.46;735;82.0;73.0;71.0;930.0;929.8;926.8;8;0;4;0.0;3.0;3.0;10.0;9.0;10.0;75.33333333333333;928.8666666666667;9.666666666666666;2.0;0
83075;1996-02-22;3.5;23.4;18.8;5;1996;2;22;-23.43;-46.46;735;91.0;84.0;71.0;930.2;932.8;929.0;8;8;4;0.0;0.0;2.0;10.0;9.0;6.0;82.0;930.6666666666666;8.333333333333334;0.6666666666666666;4
83075;1996-02-23;0;31.6;18.7;5.4;1996;2;23;-23.43;-46.46;735;84.0;84.0;48.0;932.5;934.8;929.2;3;8;7;2.0;0.0;5.0;4.0;10.0;8.0;72.0;932.1666666666666;7.333333333333333;2.3333333333333335;3
83075;1996-02-24;0;30.8;19.6;5.5;1996;2;24;-23.43;-46.46;735;82.0;78.0;85.0;932.6;934.4;930.9;3;8;3;1.0;0.0;3.0;10.0;1.0;10.0;81.66666666666667;932.6333333333333;7.0;1.3333333333333333;3
83075;1996-02-25;19.6;32.6;19.6;7.8;1996;2;25;-23.43;-46.46;735;89.0;79.0;50.0;934.0;932.9;927.4;8;8;0;0.0;0.0;3.0;10.0;1.0;8.0;72.66666666666667;931.4333333333334;6.333333333333333;1.0;0
83075;1996-02-26;0;31.6;20.5;3.2;1996;2;26;-23.43;-46.46;735;76.0;71.0;84.0;931.3;932.3;929.3;8;8;4;0.0;0.0;1.0;2.0;8.0;10.0;77.0;930.9666666666666;6.666666666666667;0.3333333333333333;4
83075;1996-02-27;7.8;29.8;19.4;5.2;1996;2;27;-23.43;-46.46;735;88.0;80.0;80.0;932.6;933.9;931.3;8;3;8;0.0;1.0;0.0;10.0;9.0;10.0;82.66666666666667;932.6;9.666666666666666;0.3333333333333333;3
83075;1996-02-29;32.1;31.2;18.6;7;1996;2;29;-23.43;-46.46;735;94.0;70.0;52.0;931.9;931.8;926.5;8;7;7;0.0;3.0;2.0;10.0;5.0;9.0;72.0;930.0666666666666;8.0;1.6666666666666667;7
83075;1996-03-02;46.8;27.3;18.4;0;1996;3;2;-23.43;-46.46;735;88.0;80.0;80.0;932.1;932.7;929.6;8;8;3;0.0;0.0;3.0;1.0;10.0;10.0;82.66666666666667;931.4666666666667;7.0;1.0;3
83075;1996-03-03;0;25.8;18.6;1.1;1996;3;3;-23.43;-46.46;735;91.0;81.0;87.0;935.0;934.0;931.3;8;8;4;0.0;0.0;2.0;10.0;10.0;10.0;86.33333333333333;933.4333333333334;10.0;0.6666666666666666;4
83075;1996-03-05;2.2;22;14.9;4.5;1996;3;5;-23.43;-46.46;735;88.0;83.0;69.0;934.5;934.3;934.0;5;4;4;3.0;3.0;4.0;10.0;10.0;9.0;80.0;934.2666666666668;9.666666666666666;3.3333333333333335;5
83075;1996-03-06;0;18.2;10.6;3.1;1996;3;6;-23.43;-46.46;735;83.0;79.0;73.0;938.8;940.2;938.1;8;3;4;0.0;2.0;4.0;10.0;9.0;9.0;78.33333333333333;939.0333333333333;9.333333333333334;2.0;3
83075;1996-03-07;0.2;22.4;12.2;4.5;1996;3;7;-23.43;-46.46;735;74.0;72.0;62.0;932.2;931.6;930.3;8;0;8;0.0;3.0;0.0;9.0;10.0;9.0;69.33333333333333;931.3666666666668;9.333333333333334;1.0;0
83075;1996-03-08;0;22;8;6.4;1996;3;8;-23.43;-46.46;735;82.0;86.0;45.0;939.8;941.5;938.1;4;4;4;1.0;3.0;1.0;9.0;10.0;6.0;71.0;939.8000000000001;8.333333333333334;1.6666666666666667;4
83075;1996-03-09;4.4;22.3;14.7;0.3;1996;3;9;-23.43;-46.46;735;63.0;86.0;69.0;927.6;929.3;920.2;8;7;8;0.0;3.0;0.0;0.0;10.0;10.0;72.66666666666667;925.7000000000002;6.666666666666667;1.0;7
83075;1996-03-11;66.9;25.4;17.8;0.2;1996;3;11;-23.43;-46.46;735;90.0;82.0;76.0;928.2;927.1;925.9;4;7;7;1.0;2.0;3.0;10.0;10.0;10.0;82.66666666666667;927.0666666666667;10.0;2.0;4
83075;1996-03-13;0;29.6;16.8;7;1996;3;13;-23.43;-46.46;735;87.0;83.0;59.0;932.4;934.2;929.2;8;8;7;0.0;0.0;1.0;4.0;1.0;9.0;76.33333333333333;931.9333333333334;4.666666666666667;0.3333333333333333;7
83075;1996-03-14;40.6;29;18.1;4.5;1996;3;14;-23.43;-46.46;735;95.0;83.0;67.0;934.5;936.8;932.6;3;8;4;2.0;0.0;4.0;9.0;0.0;9.0;81.66666666666667;934.6333333333333;6.0;2.0;3
83075;1996-03-16;8.6;29.4;17.4;6;1996;3;16;-23.43;-46.46;735;91.0;75.0;74.0;934.1;932.8;928.3;8;8;4;0.0;0.0;3.0;4.0;6.0;9.0;80.0;931.7333333333332;6.333333333333333;1.0;4
83075;1996-03-17;46.1;29.2;17.6;4.3;1996;3;17;-23.43;-46.46;735;92.0;82.0;60.0;932.0;933.7;929.4;8;8;7;0.0;0.0;1.0;10.0;8.0;9.0;78.0;931.6999999999999;9.0;0.3333333333333333;7
83075;1996-03-19;0;29.6;19.5;5.5;1996;3;19;-23.43;-46.46;735;77.0;66.0;66.0;934.5;935.3;932.1;3;8;5;1.0;0.0;3.0;8.0;9.0;9.0;69.66666666666667;933.9666666666667;8.666666666666666;1.3333333333333333;3
83075;1996-03-20;17;26.4;19.4;1.3;1996;3;20;-23.43;-46.46;735;79.0;70.0;59.0;935.5;935.5;932.9;8;8;3;0.0;0.0;6.0;9.0;10.0;9.0;69.33333333333333;934.6333333333333;9.333333333333334;2.0;3
83075;1996-03-22;8.4;24;18.2;0.5;1996;3;22;-23.43;-46.46;735;78.0;68.0;66.0;937.1;936.8;935.0;3;4;4;1.0;3.0;2.0;10.0;9.0;9.0;70.66666666666667;936.3000000000001;9.333333333333334;2.0;3
83075;1996-03-23;0;28.1;18;3.5;1996;3;23;-23.43;-46.46;735;77.0;69.0;61.0;936.1;935.0;930.7;4;5;4;1.0;1.0;3.0;10.0;9.0;10.0;69.0;933.9333333333334;9.666666666666666;1.6666666666666667;4
83075;1996-03-24;20.2;30.1;17.4;9.8;1996;3;24;-23.43;-46.46;735;28.0;70.0;44.0;932.9;931.4;932.8;8;8;0;0.0;0.0;5.0;0.0;0.0;6.0;47.333333333333336;932.3666666666667;2.0;1.6666666666666667;0
83075;1996-03-25;0;29.8;20;10.1;1996;3;25;-23.43;-46.46;735;61.0;64.0;52.0;927.8;930.7;932.5;1;7;7;1.0;3.0;5.0;0.0;9.0;4.0;59.0;930.3333333333334;4.333333333333333;3.0;1
83075;1996-03-26;0;31.1;18.8;7.1;1996;3;26;-23.43;-46.46;735;85.0;77.0;51.0;930.8;933.2;928.5;8;8;7;0.0;0.0;3.0;0.0;0.0;8.0;71.0;930.8333333333334;2.6666666666666665;1.0;7
83075;1996-03-27;0;32.8;19.1;7.8;1996;3;27;-23.43;-46.46;735;78.0;76.0;51.0;933.1;936.3;929.1;3;8;0;1.0;0.0;2.0;1.0;1.0;8.0;68.33333333333333;932.8333333333334;3.3333333333333335;1.0;3
83075;1996-03-29;0;31.8;19.7;7.9;1996;3;29;-23.43;-46.46;735;77.0;80.0;51.0;933.0;930.6;923.7;4;8;7;3.0;0.0;4.0;10.0;8.0;8.0;69.33333333333333;929.1;8.666666666666666;2.3333333333333335;4
83075;1996-03-30;0;32;21.1;8;1996;3;30;-23.43;-46.46;735;85.0;70.0;47.0;928.3;928.7;921.9;8;8;0;0.0;0.0;2.0;8.0;9.0;5.0;67.33333333333333;926.3000000000001;7.333333333333333;0.6666666666666666;0
83075;1996-03-31;0;32;20.5;6.6;1996;3;31;-23.43;-46.46;735;71.0;68.0;69.0;925.6;928.0;924.5;8;7;4;0.0;3.0;3.0;4.0;1.0;9.0;69.33333333333333;926.0333333333333;4.666666666666667;2.0;7
83075;1996-04-01;43.1;26.1;18;0.8;1996;4;1;-23.43;-46.46;735;95.0;91.0;80.0;933.1;934.3;931.2;8;7;8;0.0;3.0;0.0;10.0;10.0;8.0;88.66666666666667;932.8666666666668;9.333333333333334;1.0;7
83075;1996-04-02;19.8;27.6;19.6;1.1;1996;4;2;-23.43;-46.46;735;94.0;80.0;77.0;931.5;931.2;928.0;8;8;3;0.0;0.0;1.0;9.0;10.0;10.0;83.66666666666667;930.2333333333332;9.666666666666666;0.3333333333333333;3
83075;1996-04-03;9.5;29.4;18;7.1;1996;4;3;-23.43;-46.46;735;96.0;81.0;61.0;933.3;932.1;926.7;8;8;7;0.0;0.0;4.0;10.0;9.0;9.0;79.33333333333333;930.7000000000002;9.333333333333334;1.3333333333333333;7
83075;1996-04-04;0;29.2;20.5;8.3;1996;4;4;-23.43;-46.46;735;60.0;72.0;60.0;929.3;933.9;932.7;8;3;4;0.0;3.0;3.0;0.0;1.0;8.0;64.0;931.9666666666666;3.0;2.0;3
83075;1996-04-05;0;23;12.9;4.2;1996;4;5;-23.43;-46.46;735;87.0;84.0;61.0;935.5;935.2;933.6;8;8;4;0.0;0.0;3.0;1.0;10.0;8.0;77.33333333333333;934.7666666666668;6.333333333333333;1.0;4
83075;1996-04-06;0;20.2;11.9;4.9;1996;4;6;-23.43;-46.46;735;81.0;77.0;56.0;939.7;939.0;937.6;4;3;4;3.0;1.0;1.0;10.0;9.0;10.0;71.33333333333333;938.7666666666668;9.666666666666666;1.6666666666666667;4
83075;1996-04-07;0.2;16.8;13.2;0;1996;4;7;-23.43;-46.46;735;87.0;77.0;81.0;931.1;935.4;935.5;4;8;3;2.0;0.0;3.0;10.0;10.0;10.0;81.66666666666667;934.0;10.0;1.6666666666666667;4
83075;1996-04-09;27.4;23;15.1;2.4;1996;4;9;-23.43;-46.46;735;88.0;71.0;51.0;925.6;929.9;928.3;7;7;7;1.0;3.0;3.0;10.0;10.0;10.0;70.0;927.9333333333334;10.0;2.3333333333333335;7
83075;1996-04-10;52.1;27.1;12.9;9.7;1996;4;10;-23.43;-46.46;735;90.0;78.0;47.0;928.5;930.6;929.2;8;8;7;0.0;0.0;3.0;10.0;4.0;5.0;71.66666666666667;929.4333333333334;6.333333333333333;1.0;7
83075;1996-04-11;2.4;21.4;16.4;0;1996;4;11;-23.43;-46.46;735;90.0;81.0;80.0;929.2;932.2;931.6;8;4;4;0.0;3.0;3.0;10.0;10.0;10.0;83.66666666666667;931.0;10.0;2.0;4
83075;1996-04-12;1.5;27.9;18.2;2.2;1996;4;12;-23.43;-46.46;735;80.0;72.0;61.0;931.2;932.5;930.5;8;7;7;0.0;1.0;2.0;10.0;10.0;9.0;71.0;931.4;9.666666666666666;1.0;7
83075;1996-04-14;0;28.9;19.4;6.2;1996;4;14;-23.43;-46.46;735;95.0;78.0;57.0;930.5;932.5;930.2;2;3;8;2.1;1.0;0.0;10.0;8.0;6.0;76.66666666666667;931.0666666666666;8.0;1.0333333333333334;2
83075;1996-04-15;0.1;29.6;19;8.4;1996;4;15;-23.43;-46.46;735;86.0;76.0;50.0;931.1;931.6;928.9;8;8;7;0.0;0.0;3.0;4.0;1.0;5.0;70.66666666666667;930.5333333333333;3.3333333333333335;1.0;7
83075;1996-04-16;1.5;29.1;19.5;7.6;1996;4;16;-23.43;-46.46;735;82.0;66.0;57.0;930.5;929.3;927.4;7;8;7;2.0;0.0;3.0;10.0;2.0;10.0;68.33333333333333;929.0666666666666;7.333333333333333;1.6666666666666667;7
83075;1996-04-17;6.2;21.8;15.2;0;1996;4;17;-23.43;-46.46;735;86.0;89.0;80.0;929.2;930.3;929.5;8;8;4;0.0;0.0;3.0;9.0;10.0;10.0;85.0;929.6666666666666;9.666666666666666;1.0;4
83075;1996-04-18;0.1;19.6;13.5;5.2;1996;4;18;-23.43;-46.46;735;84.0;77.0;62.0;932.4;934.2;933.9;4;4;4;4.0;1.0;5.0;10.0;10.0;5.0;74.33333333333333;933.5;8.333333333333334;3.3333333333333335;4
83075;1996-04-19;0;20.1;13;2.9;1996;4;19;-23.43;-46.46;735;79.0;81.0;71.0;935.2;937.0;935.6;4;8;4;3.0;0.0;5.0;2.0;9.0;9.0;77.0;935.9333333333334;6.666666666666667;2.6666666666666665;4
83075;1996-04-20;0.1;20.6;13.3;4.7;1996;4;20;-23.43;-46.46;735;78.0;78.0;65.0;936.9;937.2;935.5;3;3;3;2.0;1.0;1.0;9.0;8.0;6.0;73.66666666666667;936.5333333333333;7.666666666666667;1.3333333333333333;3
83075;1996-04-21;0;24.2;14.6;7.3;1996;4;21;-23.43;-46.46;735;80.0;74.0;53.0;936.1;936.1;933.8;4;8;8;1.0;0.0;0.0;9.0;0.0;5.0;69.0;935.3333333333334;4.666666666666667;0.3333333333333333;4
83075;1996-04-24;0;28.9;16.6;9.5;1996;4;24;-23.43;-46.46;735;81.0;83.0;49.0;935.7;935.1;932.4;8;4;8;0.0;3.0;0.0;0.0;1.0;1.0;71.0;934.4000000000001;0.6666666666666666;1.0;4
83075;1996-04-25;0;28.7;15.2;9.1;1996;4;25;-23.43;-46.46;735;80.0;62.0;39.0;932.5;932.6;930.4;8;0;7;0.0;1.0;4.0;2.0;0.0;4.0;60.333333333333336;931.8333333333334;2.0;1.6666666666666667;0
83075;1996-04-26;0;23;16.3;0.1;1996;4;26;-23.43;-46.46;735;67.0;92.0;87.0;932.7;935.3;934.6;8;8;5;0.0;0.0;5.0;1.0;10.0;10.0;82.0;934.1999999999999;7.0;1.6666666666666667;5
83075;1996-04-27;0.4;19.3;14.4;0;1996;4;27;-23.43;-46.46;735;79.0;90.0;61.0;936.6;937.3;936.3;4;4;3;1.0;1.0;5.0;10.0;10.0;10.0;76.66666666666667;936.7333333333332;10.0;2.3333333333333335;4
83075;1996-04-28;0.1;22.3;13.9;2.9;1996;4;28;-23.43;-46.46;735;79.0;78.0;63.0;938.0;936.5;936.3;3;3;3;3.0;1.0;3.0;10.0;10.0;10.0;73.33333333333333;936.9333333333334;10.0;2.3333333333333335;3
83075;1996-04-29;0;26;14.9;5.4;1996;4;29;-23.43;-46.46;735;83.0;84.0;59.0;937.2;937.4;935.0;2;8;8;1.0;0.0;0.0;10.0;6.0;9.0;75.33333333333333;936.5333333333333;8.333333333333334;0.3333333333333333;2
83075;1996-05-01;0;31;18.2;7.3;1996;5;1;-23.43;-46.46;735;82.0;67.0;56.0;932.0;931.0;925.6;8;0;8;0.0;3.0;0.0;10.0;8.0;8.0;68.33333333333333;929.5333333333333;8.666666666666666;1.0;0
83075;1996-05-02;14.7;28.6;19.6;2.8;1996;5;2;-23.43;-46.46;735;95.0;81.0;58.0;929.6;930.1;925.1;8;7;7;0.0;3.0;3.0;10.0;9.0;8.0;78.0;928.2666666666668;9.0;2.0;7
83075;1996-05-03;24.4;28.2;17.9;4.1;1996;5;3;-23.43;-46.46;735;91.0;79.0;74.0;931.8;932.5;929.8;8;8;4;0.0;0.0;7.0;10.0;9.0;10.0;81.33333333333333;931.3666666666667;9.666666666666666;2.3333333333333335;4
83075;1996-05-04;0;29;19.8;8.7;1996;5;4;-23.43;-46.46;735;80.0;70.0;54.0;933.8;933.2;930.1;4;4;4;5.0;3.0;3.0;4.0;5.0;6.0;68.0;932.3666666666667;5.0;3.6666666666666665;4
83075;1996-05-05;0;24.8;14.6;6.4;1996;5;5;-23.43;-46.46;735;83.0;79.0;53.0;934.3;935.7;932.7;4;8;8;1.0;0.0;0.0;10.0;10.0;5.0;71.66666666666667;934.2333333333332;8.333333333333334;0.3333333333333333;4
83075;1996-05-06;0;24.1;11.6;6.4;1996;5;6;-23.43;-46.46;735;82.0;83.0;48.0;938.7;938.4;936.1;8;3;8;0.0;1.0;0.0;8.0;8.0;5.0;71.0;937.7333333333332;7.0;0.3333333333333333;3
83075;1996-05-07;0;17.6;12;0;1996;5;7;-23.43;-46.46;735;84.0;91.0;78.0;936.8;936.9;936.3;4;4;5;2.0;2.0;2.0;10.0;10.0;10.0;84.33333333333333;936.6666666666666;10.0;2.0;4
83075;1996-05-09;0.4;19.8;14.8;0;1996;5;9;-23.43;-46.46;735;72.0;86.0;80.0;930.2;934.4;934.1;8;8;4;0.0;0.0;2.0;8.0;10.0;10.0;79.33333333333333;932.9;9.333333333333334;0.6666666666666666;4
83075;1996-05-10;0;30.7;15.1;6.8;1996;5;10;-23.43;-46.46;735;71.0;79.0;37.0;930.0;932.4;930.0;8;8;7;0.0;0.0;5.0;0.0;0.0;10.0;62.333333333333336;930.8000000000001;3.3333333333333335;1.6666666666666667;7
83075;1996-05-11;0;23.8;13.5;9.9;1996;5;11;-23.43;-46.46;735;85.0;62.0;58.0;934.7;936.9;935.6;8;3;3;0.0;3.0;3.0;10.0;2.0;6.0;68.33333333333333;935.7333333333332;6.0;2.0;3
83075;1996-05-12;7;29.8;17.6;9.3;1996;5;12;-23.43;-46.46;735;91.0;63.0;55.0;931.9;931.5;928.9;8;7;7;0.0;5.0;5.0;6.0;8.0;5.0;69.66666666666667;930.7666666666668;6.333333333333333;3.3333333333333335;7
83075;1996-05-13;0;27.2;11.2;9;1996;5;13;-23.43;-46.46;735;84.0;77.0;32.0;934.7;934.7;930.1;8;8;7;0.0;0.0;5.0;0.0;2.0;4.0;64.33333333333333;933.1666666666666;2.0;1.6666666666666667;7
83075;1996-05-15;0;26.6;15.6;6.1;1996;5;15;-23.43;-46.46;735;75.0;74.0;63.0;930.3;930.2;926.2;8;8;4;0.0;0.0;3.0;5.0;5.0;9.0;70.66666666666667;928.9;6.333333333333333;1.0;4
83075;1996-05-16;15.8;19;14.8;0;1996;5;16;-23.43;-46.46;735;85.0;89.0;85.0;928.6;929.2;929.6;3;8;4;1.0;0.0;4.0;10.0;10.0;10.0;86.33333333333333;929.1333333333333;10.0;1.6666666666666667;3
83075;1996-05-17;1.6;21.4;13.7;4;1996;5;17;-23.43;-46.46;735;89.0;80.0;61.0;932.9;935.6;932.9;4;4;8;1.0;3.0;0.0;10.0;10.0;8.0;76.66666666666667;933.8000000000001;9.333333333333334;1.3333333333333333;4
83075;1996-05-18;0;19.6;13.2;0;1996;5;18;-23.43;-46.46;735;83.0;89.0;78.0;935.2;934.8;932.0;4;8;8;2.0;0.0;0.0;1.0;10.0;10.0;83.33333333333333;934.0;7.0;0.6666666666666666;4
83075;1996-05-19;0;24;12.9;5.3;1996;5;19;-23.43;-46.46;735;92.0;90.0;57.0;932.7;934.2;930.6;8;8;7;0.0;0.0;1.0;1.0;10.0;6.0;79.66666666666667;932.5;5.666666666666667;0.3333333333333333;7
83075;1996-05-21;0;21.6;14.8;0.1;1996;5;21;-23.43;-46.46;735;81.0;84.0;67.0;933.1;934.5;932.9;4;3;8;2.0;3.0;0.0;10.0;10.0;9.0;77.33333333333333;933.5;9.666666666666666;1.6666666666666667;4
83075;1996-05-23;0.2;22.5;16.1;1.5;1996;5;23;-23.43;-46.46;735;84.0;85.0;68.0;934.1;935.3;933.4;8;8;4;0.0;0.0;3.0;10.0;10.0;9.0;79.0;934.2666666666668;9.666666666666666;1.0;4
83075;1996-05-24;1.1;19.4;14.3;1.3;1996;5;24;-23.43;-46.46;735;80.0;77.0;74.0;934.8;936.3;935.7;4;4;4;1.0;1.0;4.0;9.0;10.0;10.0;77.0;935.6;9.666666666666666;2.0;4
83075;1996-05-25;0;19.4;11.4;3.8;1996;5;25;-23.43;-46.46;735;82.0;79.0;54.0;936.6;936.6;934.2;3;8;8;1.0;0.0;0.0;8.0;10.0;9.0;71.66666666666667;935.8000000000001;9.0;0.3333333333333333;3
83075;1996-05-26;0;21;11;7.7;1996;5;26;-23.43;-46.46;735;83.0;77.0;55.0;935.6;937.0;934.5;3;8;8;2.0;0.0;0.0;0.0;2.0;4.0;71.66666666666667;935.6999999999999;2.0;0.6666666666666666;3
83075;1996-05-27;0;23.2;10.6;5.7;1996;5;27;-23.43;-46.46;735;83.0;92.0;50.0;936.5;936.9;934.9;4;8;6;1.0;0.0;3.0;9.0;10.0;5.0;75.0;936.1;8.0;1.3333333333333333;4
83075;1996-05-28;0;23.9;11.4;5.6;1996;5;28;-23.43;-46.46;735;79.0;83.0;50.0;936.1;936.6;933.8;8;8;7;0.0;0.0;1.0;10.0;10.0;6.0;70.66666666666667;935.5;8.666666666666666;0.3333333333333333;7
83075;1996-05-31;0;25.6;10.8;8.1;1996;5;31;-23.43;-46.46;735;79.0;70.0;35.0;934.4;935.1;932.2;8;8;0;0.0;0.0;3.0;0.0;0.0;0.0;61.333333333333336;933.9;0.0;1.0;0
83075;1996-06-01;24.8;26.9;19;1.2;1996;6;1;-23.43;-46.46;735;92.0;74.0;73.0;931.9;930.8;928.0;8;7;8;0.0;1.0;0.0;8.0;10.0;6.0;79.66666666666667;930.2333333333332;8.0;0.3333333333333333;7
83075;1996-06-02;0;31.1;19.9;4.4;1996;6;2;-23.43;-46.46;735;79.0;77.0;53.0;927.3;929.8;925.3;8;7;7;0.0;1.0;3.2;6.0;10.0;8.0;69.66666666666667;927.4666666666666;8.0;1.4000000000000001;7
83075;1996-06-03;0;28.6;18.7;4.8;1996;6;3;-23.43;-46.46;735;86.0;81.0;82.0;934.2;935.2;931.3;8;8;4;0.0;0.0;3.0;10.0;9.0;10.0;83.0;933.5666666666666;9.666666666666666;1.0;4
83075;1996-06-04;0;31;19.2;9.5;1996;6;4;-23.43;-46.46;735;81.0;76.0;42.0;931.2;930.5;929.1;4;8;7;2.0;0.0;3.0;10.0;0.0;1.0;66.33333333333333;930.2666666666668;3.6666666666666665;1.6666666666666667;4
83075;1996-06-05;0;23.5;15.2;6.5;1996;6;5;-23.43;-46.46;735;83.0;81.0;66.0;934.3;934.8;933.0;8;3;3;0.0;2.0;1.0;10.0;10.0;1.0;76.66666666666667;934.0333333333333;7.0;1.0;3
83075;1996-06-06;7;19.6;13;2.6;1996;6;6;-23.43;-46.46;735;81.0;92.0;64.0;936.4;937.6;934.9;8;8;7;0.0;0.0;2.0;9.0;10.0;9.0;79.0;936.3000000000001;9.333333333333334;0.6666666666666666;7
83075;1996-06-07;0.6;20.8;12.6;4;1996;6;7;-23.43;-46.46;735;87.0;84.0;69.0;937.6;937.5;936.1;4;3;4;1.0;1.0;3.0;10.0;10.0;2.0;80.0;937.0666666666666;7.333333333333333;1.6666666666666667;4
83075;1996-06-09;0.4;16.8;12.8;0;1996;6;9;-23.43;-46.46;735;86.0;84.0;70.0;947.6;936.8;935.9;8;3;4;0.0;3.0;5.0;10.0;10.0;10.0;80.0;940.1;10.0;2.6666666666666665;3
83075;1996-06-11;0;28.9;13.2;9;1996;6;11;-23.43;-46.46;735;80.0;74.0;41.0;936.5;936.3;931.3;3;3;3;3.0;2.0;2.0;8.0;8.0;1.0;65.0;934.6999999999999;5.666666666666667;2.3333333333333335;3
83075;1996-06-12;3.3;30.7;20;6.4;1996;6;12;-23.43;-46.46;735;63.0;67.0;51.0;929.1;929.3;926.1;7;7;7;1.0;5.0;4.0;8.0;6.0;8.0;60.333333333333336;928.1666666666666;7.333333333333333;3.3333333333333335;7
83075;1996-06-15;0;25.2;11.2;8;1996;6;15;-23.43;-46.46;735;86.0;89.0;45.0;934.5;935.7;932.6;8;8;6;0.0;0.0;4.0;5.0;0.0;0.0;73.33333333333333;934.2666666666668;1.6666666666666667;1.3333333333333333;6
83075;1996-06-16;0;26.9;12.4;7.8;1996;6;16;-23.43;-46.46;735;80.0;73.0;41.0;933.4;933.0;931.2;8;8;7;0.0;0.0;5.0;0.0;0.0;8.0;64.66666666666667;932.5333333333334;2.6666666666666665;1.6666666666666667;7
83075;1996-06-17;0;27.5;15;7.1;1996;6;17;-23.43;-46.46;735;80.0;51.0;37.0;931.9;931.4;928.6;8;7;7;0.0;1.0;3.0;0.0;2.0;5.0;56.0;930.6333333333333;2.3333333333333335;1.3333333333333333;7
83075;1996-06-18;0;28;16.1;6.9;1996;6;18;-23.43;-46.46;735;63.0;57.0;36.0;931.0;932.5;931.1;8;8;7;0.0;0.0;3.0;0.0;9.0;9.0;52.0;931.5333333333333;6.0;1.0;7
83075;1996-06-19;0;25;15;3.6;1996;6;19;-23.43;-46.46;735;68.0;83.0;58.0;932.2;935.3;933.5;8;8;5;0.0;0.0;3.0;0.0;10.0;8.0;69.66666666666667;933.6666666666666;6.0;1.0;5
83075;1996-06-20;0;22.6;16.4;0.8;1996;6;20;-23.43;-46.46;735;82.0;83.0;73.0;936.5;936.5;933.0;4;4;4;3.0;1.0;3.0;10.0;10.0;10.0;79.33333333333333;935.3333333333334;10.0;2.3333333333333335;4
83075;1996-06-21;0;27.1;15.2;7.5;1996;6;21;-23.43;-46.46;735;84.0;54.0;32.0;935.0;933.5;931.8;3;7;7;1.0;1.0;3.0;10.0;9.0;5.0;56.666666666666664;933.4333333333334;8.0;1.6666666666666667;3
83075;1996-06-22;0;23.2;14.4;2.9;1996;6;22;-23.43;-46.46;735;82.0;81.0;62.0;934.3;935.7;933.6;4;3;8;3.0;1.0;0.0;10.0;10.0;10.0;75.0;934.5333333333333;10.0;1.3333333333333333;4
83075;1996-06-23;0;25.6;13.5;6.4;1996;6;23;-23.43;-46.46;735;81.0;80.0;68.0;934.8;936.4;934.5;8;8;4;0.0;0.0;3.0;10.0;4.0;6.0;76.33333333333333;935.2333333333332;6.666666666666667;1.0;4
83075;1996-06-24;1.1;17.5;13.4;1.9;1996;6;24;-23.43;-46.46;735;83.0;88.0;65.0;937.1;936.9;933.9;4;4;8;1.0;1.0;0.0;10.0;10.0;4.0;78.66666666666667;935.9666666666667;8.0;0.6666666666666666;4
83075;1996-06-25;0;27.4;14.8;4.2;1996;6;25;-23.43;-46.46;735;88.0;92.0;44.0;935.0;933.7;931.0;8;8;0;0.0;0.0;3.0;10.0;9.0;6.0;74.66666666666667;933.2333333333332;8.333333333333334;1.0;0
83075;1996-06-26;0;27.1;15.4;5.8;1996;6;26;-23.43;-46.46;735;74.0;79.0;47.0;932.3;932.6;928.7;8;8;7;0.0;0.0;5.0;10.0;10.0;6.0;66.66666666666667;931.2000000000002;8.666666666666666;1.6666666666666667;7
83075;1996-06-27;0;24.6;14.1;1.2;1996;6;27;-23.43;-46.46;735;51.0;49.0;91.0;928.8;926.7;927.1;7;7;8;3.0;5.0;0.0;2.0;10.0;10.0;63.666666666666664;927.5333333333333;7.333333333333333;2.6666666666666665;7
83075;1996-06-28;12.5;16.2;10.4;0.2;1996;6;28;-23.43;-46.46;735;88.0;85.0;81.0;929.9;932.5;931.9;7;8;4;3.0;0.0;3.0;10.0;10.0;10.0;84.66666666666667;931.4333333333334;10.0;2.0;7
83075;1996-06-29;11.8;14.3;8.6;2.9;1996;6;29;-23.43;-46.46;735;90.0;80.0;60.0;933.7;936.5;936.7;8;7;6;0.0;5.0;1.0;10.0;10.0;10.0;76.66666666666667;935.6333333333333;10.0;2.0;7
83075;1996-06-30;0.6;15.8;8.4;2;1996;6;30;-23.43;-46.46;735;79.0;90.0;69.0;940.2;941.7;939.7;5;3;4;1.0;2.0;3.0;8.0;10.0;9.0;79.33333333333333;940.5333333333334;9.0;2.0;5
83075;1996-07-01;16.2;24.7;18;0;1996;7;1;-23.43;-46.46;735;89.0;91.0;84.0;931.8;933.7;931.8;8;8;4;0.0;0.0;2.0;10.0;9.0;10.0;88.0;932.4333333333334;9.666666666666666;0.6666666666666666;4
83075;1996-07-03;15;24.7;19.4;0;1996;7;3;-23.43;-46.46;735;89.0;93.0;96.0;934.0;935.4;931.0;3;8;3;1.0;0.0;2.0;10.0;10.0;10.0;92.66666666666667;933.4666666666667;10.0;1.0;3
83075;1996-07-04;0;30.4;19.2;7;1996;7;4;-23.43;-46.46;735;67.0;69.0;58.0;928.7;929.9;929.5;8;8;4;0.0;0.0;4.0;0.0;0.0;5.0;64.66666666666667;929.3666666666667;1.6666666666666667;1.3333333333333333;4
83075;1996-07-06;0.4;22.8;10.7;7;1996;7;6;-23.43;-46.46;735;87.0;96.0;50.0;935.7;937.0;935.0;8;8;6;0.0;0.0;3.0;0.0;0.0;1.0;77.66666666666667;935.9;0.3333333333333333;1.0;6
83075;1996-07-07;0;19;12.8;0;1996;7;7;-23.43;-46.46;735;84.0;91.0;81.0;936.5;936.1;934.3;3;4;4;2.0;1.0;5.0;10.0;10.0;10.0;85.33333333333333;935.6333333333332;10.0;2.6666666666666665;3
83075;1996-07-08;0;25.8;8.2;9.3;1996;7;8;-23.43;-46.46;735;56.0;61.0;20.0;932.9;935.3;932.2;8;8;4;0.0;0.0;4.0;0.0;9.0;8.0;45.666666666666664;933.4666666666666;5.666666666666667;1.3333333333333333;4
83075;1996-07-09;0.3;23;12.3;7.9;1996;7;9;-23.43;-46.46;735;77.0;53.0;52.0;937.0;935.0;931.6;4;4;4;1.0;5.0;2.0;9.0;2.0;5.0;60.666666666666664;934.5333333333333;5.333333333333333;2.6666666666666665;4
83075;1996-07-10;17.1;19.2;14;0;1996;7;10;-23.43;-46.46;735;91.0;81.0;84.0;932.0;935.7;935.1;4;4;4;2.0;3.0;4.0;10.0;10.0;10.0;85.33333333333333;934.2666666666668;10.0;3.0;4
83075;1996-07-11;0;31.6;15.2;8.2;1996;7;11;-23.43;-46.46;735;81.0;69.0;43.0;933.0;934.4;930.5;4;8;8;1.0;0.0;0.0;8.0;0.0;6.0;64.33333333333333;932.6333333333333;4.666666666666667;0.3333333333333333;4
83075;1996-07-12;4.3;30.2;20.4;5.5;1996;7;12;-23.43;-46.46;735;85.0;64.0;82.0;927.4;926.1;925.2;7;7;7;1.0;3.0;1.0;6.0;9.0;10.0;77.0;926.2333333333332;8.333333333333334;1.6666666666666667;7
83075;1996-07-14;0;26;7;8.8;1996;7;14;-23.43;-46.46;735;71.0;69.0;27.0;933.5;935.5;934.1;8;8;7;0.0;0.0;3.0;0.0;2.0;1.0;55.666666666666664;934.3666666666667;1.0;1.0;7
83075;1996-07-15;0;15.8;10.5;0.3;1996;7;15;-23.43;-46.46;735;57.0;83.0;70.0;937.5;940.6;938.4;8;4;4;0.0;3.0;3.0;0.0;10.0;9.0;70.0;938.8333333333334;6.333333333333333;2.0;4
83075;1996-07-16;0;14.8;11.3;0;1996;7;16;-23.43;-46.46;735;82.0;91.0;81.0;939.4;940.7;937.8;4;4;5;3.0;1.0;3.0;10.0;10.0;10.0;84.66666666666667;939.2999999999998;10.0;2.3333333333333335;4
83075;1996-07-17;0;23.2;12;3.9;1996;7;17;-23.43;-46.46;735;84.0;89.0;63.0;939.0;938.2;934.8;4;8;4;1.0;0.0;3.0;10.0;10.0;8.0;78.66666666666667;937.3333333333334;9.333333333333334;1.3333333333333333;4
83075;1996-07-18;0;22.2;8.9;8.2;1996;7;18;-23.43;-46.46;735;87.0;80.0;37.0;936.8;937.6;934.8;4;8;8;3.0;0.0;0.0;10.0;4.0;0.0;68.0;936.4;4.666666666666667;1.0;4
83075;1996-07-19;0;23.3;6.2;7.3;1996;7;19;-23.43;-46.46;735;78.0;95.0;30.0;936.0;936.6;934.1;8;8;6;0.0;0.0;1.0;0.0;10.0;1.0;67.66666666666667;935.5666666666666;3.6666666666666665;0.3333333333333333;6
83075;1996-07-20;0;27;8;8.6;1996;7;20;-23.43;-46.46;735;57.0;66.0;32.0;934.8;934.9;933.0;8;8;6;0.0;0.0;3.0;0.0;0.0;2.0;51.666666666666664;934.2333333333332;0.6666666666666666;1.0;6
83075;1996-07-21;0.2;21.8;9.7;2.2;1996;7;21;-23.43;-46.46;735;48.0;97.0;68.0;933.5;935.6;936.0;7;4;4;1.0;1.0;3.0;8.0;10.0;9.0;71.0;935.0333333333333;9.0;1.6666666666666667;7
83075;1996-07-22;0;14.3;6.8;2;1996;7;22;-23.43;-46.46;735;75.0;87.0;59.0;939.8;942.9;941.4;4;3;4;5.0;1.0;3.0;10.0;10.0;9.0;73.66666666666667;941.3666666666667;9.666666666666666;3.0;4
83075;1996-07-23;0.1;17;7.3;7.6;1996;7;23;-23.43;-46.46;735;77.0;77.0;49.0;943.1;942.7;939.8;3;3;3;1.0;0.3;0.3;9.0;10.0;4.0;67.66666666666667;941.8666666666668;7.666666666666667;0.5333333333333333;3
83075;1996-07-24;0;21.4;7.8;7.4;1996;7;24;-23.43;-46.46;735;83.0;85.0;45.0;940.4;940.0;936.7;4;8;8;0.2;0.0;0.0;4.0;9.0;1.0;71.0;939.0333333333334;4.666666666666667;0.06666666666666667;4
83075;1996-07-26;0;26;10.4;9;1996;7;26;-23.43;-46.46;735;70.0;63.0;29.0;934.8;934.7;931.7;8;8;0;0.0;0.0;5.0;0.0;1.0;0.0;54.0;933.7333333333332;0.3333333333333333;1.6666666666666667;0
83075;1996-07-27;0;21.9;13.5;1.7;1996;7;27;-23.43;-46.46;735;63.0;74.0;57.0;932.9;937.0;936.0;8;8;4;0.0;0.0;1.0;9.0;10.0;10.0;64.66666666666667;935.3000000000001;9.666666666666666;0.3333333333333333;4
83075;1996-07-29;0;15.6;11.7;0;1996;7;29;-23.43;-46.46;735;87.0;90.0;79.0;939.9;941.8;940.3;5;4;4;1.0;3.0;3.0;10.0;10.0;10.0;85.33333333333333;940.6666666666666;10.0;2.3333333333333335;5
83075;1996-07-30;0;13.9;10.3;0;1996;7;30;-23.43;-46.46;735;83.0;74.0;80.0;940.3;943.0;940.5;4;4;4;5.0;1.0;4.0;10.0;9.0;10.0;79.0;941.2666666666668;9.666666666666666;3.3333333333333335;4
83075;1996-07-31;0;17.7;9.5;4.3;1996;7;31;-23.43;-46.46;735;83.0;71.0;58.0;942.1;943.2;939.3;4;3;4;3.0;1.0;3.0;10.0;10.0;6.0;70.66666666666667;941.5333333333334;8.666666666666666;2.3333333333333335;4
83075;1996-08-02;36.1;31.8;19.8;4.3;1996;8;2;-23.43;-46.46;735;92.0;80.0;51.0;934.2;934.6;928.2;8;8;7;0.0;0.0;3.0;9.0;9.0;9.0;74.33333333333333;932.3333333333334;9.0;1.0;7
83075;1996-08-04;0;28.7;19.5;7.3;1996;8;4;-23.43;-46.46;735;80.0;72.0;64.0;932.0;933.1;931.1;8;4;4;0.0;2.0;5.0;6.0;8.0;8.0;72.0;932.0666666666666;7.333333333333333;2.3333333333333335;4
83075;1996-08-06;0;19.3;8.7;2.7;1996;8;6;-23.43;-46.46;735;76.0;84.0;61.0;936.3;938.4;937.9;8;8;4;0.0;0.0;3.0;0.0;0.0;9.0;73.66666666666667;937.5333333333333;3.0;1.0;4
83075;1996-08-07;0;20.7;13.3;1.9;1996;8;7;-23.43;-46.46;735;88.0;89.0;70.0;935.0;934.8;933.0;8;8;4;0.0;0.0;1.0;10.0;10.0;9.0;82.33333333333333;934.2666666666668;9.666666666666666;0.3333333333333333;4
83075;1996-08-09;0;28.4;13;4.1;1996;8;9;-23.43;-46.46;735;75.0;68.0;38.0;932.0;929.7;926.8;4;8;0;3.0;0.0;3.0;2.0;5.0;10.0;60.333333333333336;929.5;5.666666666666667;2.0;4
83075;1996-08-10;0;19.8;13.7;0.1;1996;8;10;-23.43;-46.46;735;79.0;72.0;73.0;936.8;938.4;936.1;3;3;3;4.0;3.0;4.0;10.0;9.0;10.0;74.66666666666667;937.0999999999999;9.666666666666666;3.6666666666666665;3
83075;1996-08-11;0;32.3;17.8;7;1996;8;11;-23.43;-46.46;735;59.0;64.0;62.0;936.2;931.7;929.1;8;4;4;0.0;1.0;4.0;1.0;6.0;10.0;61.666666666666664;932.3333333333334;5.666666666666667;1.6666666666666667;4
83075;1996-08-12;16.8;26.8;18.8;4;1996;8;12;-23.43;-46.46;735;82.0;72.0;64.0;926.2;929.1;928.6;7;4;4;3.0;1.0;3.0;10.0;9.0;9.0;72.66666666666667;927.9666666666667;9.333333333333334;2.3333333333333335;7
83075;1996-08-13;0;24.7;13.3;6.2;1996;8;13;-23.43;-46.46;735;86.0;85.0;61.0;936.2;936.9;932.8;4;4;3;1.0;1.0;1.0;10.0;10.0;1.0;77.33333333333333;935.2999999999998;7.0;1.0;4
83075;1996-08-14;0;22.4;13.4;1.5;1996;8;14;-23.43;-46.46;735;78.0;83.0;92.0;933.5;933.4;931.5;3;8;4;1.0;0.0;2.0;0.0;8.0;10.0;84.33333333333333;932.8000000000001;6.0;1.0;3
83075;1996-08-16;0;17.7;7.2;7;1996;8;16;-23.43;-46.46;735;80.0;76.0;51.0;936.6;939.9;937.3;4;8;4;1.0;0.0;2.0;0.0;9.0;8.0;69.0;937.9333333333334;5.666666666666667;1.0;4
83075;1996-08-17;0;23.3;10.1;8.8;1996;8;17;-23.43;-46.46;735;82.0;73.0;59.0;938.9;939.2;938.9;4;3;4;1.0;3.0;6.0;6.0;10.0;1.0;71.33333333333333;939.0;5.666666666666667;3.3333333333333335;4
83075;1996-08-18;0;22.6;8.8;6.7;1996;8;18;-23.43;-46.46;735;80.0;86.0;40.0;939.5;939.2;938.2;3;3;3;2.0;2.0;1.0;2.0;10.0;0.0;68.66666666666667;938.9666666666667;4.0;1.6666666666666667;3
83075;1996-08-19;0;24;9.9;8.4;1996;8;19;-23.43;-46.46;735;84.0;75.0;35.0;939.3;939.8;937.1;8;3;3;0.0;1.0;2.0;9.0;8.0;0.0;64.66666666666667;938.7333333333332;5.666666666666667;1.0;3
83075;1996-08-23;0;26.8;12.6;8.8;1996;8;23;-23.43;-46.46;735;53.0;66.0;31.0;934.9;937.8;935.8;8;4;4;0.0;2.0;3.0;6.0;1.0;0.0;50.0;936.1666666666666;2.3333333333333335;1.6666666666666667;4
83075;1996-08-24;0;26;12.8;7.7;1996;8;24;-23.43;-46.46;735;78.0;82.0;38.0;937.0;937.8;934.5;4;8;4;1.0;0.0;2.0;10.0;10.0;1.0;66.0;936.4333333333334;7.0;1.0;4
83075;1996-08-25;0;27.8;12.6;9.5;1996;8;25;-23.43;-46.46;735;71.0;70.0;39.0;935.1;936.1;932.5;4;8;8;1.0;0.0;0.0;0.0;0.0;1.0;60.0;934.5666666666666;0.3333333333333333;0.3333333333333333;4
83075;1996-08-26;0;29.7;13.4;9.4;1996;8;26;-23.43;-46.46;735;58.0;64.0;32.0;933.4;933.3;929.2;8;8;0;0.0;0.0;3.0;0.0;0.0;0.0;51.333333333333336;931.9666666666666;0.0;1.0;0
83075;1996-08-28;0;20;15;0.1;1996;8;28;-23.43;-46.46;735;80.0;77.0;78.0;932.2;936.2;936.5;8;7;4;0.0;2.0;3.0;10.0;10.0;10.0;78.33333333333333;934.9666666666667;10.0;1.6666666666666667;7
83075;1996-08-29;0;19.5;14.4;0;1996;8;29;-23.43;-46.46;735;82.0;79.0;73.0;937.0;938.0;935.7;4;3;4;1.0;2.0;4.0;10.0;10.0;10.0;78.0;936.9;10.0;2.3333333333333335;4
83075;1996-08-30;0;24.7;14.7;9.2;1996;8;30;-23.43;-46.46;735;82.0;81.0;58.0;936.9;938.1;933.7;3;3;8;1.0;1.0;0.0;10.0;10.0;4.0;73.66666666666667;936.2333333333332;8.0;0.6666666666666666;3
83075;1996-08-31;0;30.6;15.6;3.7;1996;8;31;-23.43;-46.46;735;85.0;74.0;32.0;934.1;932.1;929.5;4;8;7;1.0;0.0;3.0;10.0;0.0;0.0;63.666666666666664;931.9;3.3333333333333335;1.3333333333333333;4
83075;1996-09-01;29.2;26.6;18.6;2.1;1996;9;1;-23.43;-46.46;735;92.0;83.0;60.0;933.5;935.2;931.3;8;7;7;0.0;1.0;5.0;10.0;10.0;9.0;78.33333333333333;933.3333333333334;9.666666666666666;2.0;7
83075;1996-09-02;0;31.6;20.4;2.7;1996;9;2;-23.43;-46.46;735;83.0;73.0;62.0;930.9;931.2;927.1;8;8;7;0.0;0.0;3.0;10.0;10.0;10.0;72.66666666666667;929.7333333333332;10.0;1.0;7
83075;1996-09-03;20.1;23.6;18.7;0;1996;9;3;-23.43;-46.46;735;94.0;88.0;86.0;934.7;935.8;934.3;8;8;4;0.0;0.0;1.0;10.0;10.0;10.0;89.33333333333333;934.9333333333334;10.0;0.3333333333333333;4
83075;1996-09-04;0;30.4;19.4;7.1;1996;9;4;-23.43;-46.46;735;81.0;75.0;54.0;931.6;933.4;931.0;3;8;8;3.0;0.0;0.0;2.0;6.0;8.0;70.0;932.0;5.333333333333333;1.0;3
83075;1996-09-05;0;24.4;15.4;4.8;1996;9;5;-23.43;-46.46;735;75.0;77.0;52.0;933.1;934.2;931.8;8;4;4;0.0;1.0;3.0;0.0;8.0;6.0;68.0;933.0333333333334;4.666666666666667;1.3333333333333333;4
83075;1996-09-06;0;19.3;11.8;5.2;1996;9;6;-23.43;-46.46;735;80.0;80.0;62.0;940.3;943.4;940.3;8;4;4;0.0;1.0;1.0;6.0;10.0;4.0;74.0;941.3333333333334;6.666666666666667;0.6666666666666666;4
83075;1996-09-07;0.3;27.4;14;6.4;1996;9;7;-23.43;-46.46;735;85.0;84.0;36.0;933.9;934.2;932.2;8;8;0;0.0;0.0;3.0;10.0;9.0;8.0;68.33333333333333;933.4333333333334;9.0;1.0;0
83075;1996-09-08;0;29;11.6;3.5;1996;9;8;-23.43;-46.46;735;81.0;84.0;35.0;932.8;933.4;929.2;8;8;7;0.0;0.0;1.0;0.0;9.0;10.0;66.66666666666667;931.7999999999998;6.333333333333333;0.3333333333333333;7
83075;1996-09-09;26.4;23.1;13.6;0.8;1996;9;9;-23.43;-46.46;735;64.0;72.0;83.0;929.2;933.7;934.5;8;0;4;0.0;3.0;3.0;10.0;10.0;10.0;73.0;932.4666666666667;10.0;2.0;0
83075;1996-09-10;0;24.6;14;5.8;1996;9;10;-23.43;-46.46;735;87.0;76.0;58.0;937.1;938.0;933.5;4;3;3;4.0;3.0;3.0;10.0;10.0;4.0;73.66666666666667;936.1999999999999;8.0;3.3333333333333335;4
83075;1996-09-11;6.1;32.3;17.2;10.9;1996;9;11;-23.43;-46.46;735;75.0;64.0;38.0;931.1;931.4;929.0;8;4;8;0.0;2.0;0.0;0.0;0.0;5.0;59.0;930.5;1.6666666666666667;0.6666666666666666;4
83075;1996-09-12;0;30.9;16.6;10;1996;9;12;-23.43;-46.46;735;84.0;70.0;27.0;929.9;933.3;930.6;8;4;4;0.0;1.0;3.0;8.0;0.0;0.0;60.333333333333336;931.2666666666665;2.6666666666666665;1.3333333333333333;4
83075;1996-09-13;0;20.5;13.5;0.2;1996;9;13;-23.43;-46.46;735;85.0;83.0;77.0;938.1;939.1;935.9;4;3;4;1.0;1.0;5.0;10.0;10.0;10.0;81.66666666666667;937.6999999999999;10.0;2.3333333333333335;4
83075;1996-09-14;0;24.6;14.8;5.9;1996;9;14;-23.43;-46.46;735;84.0;75.0;49.0;936.4;938.2;935.6;4;5;8;2.0;1.0;0.0;10.0;9.0;5.0;69.33333333333333;936.7333333333332;8.0;1.0;4
83075;1996-09-15;0;26.2;15.2;5.6;1996;9;15;-23.43;-46.46;735;83.0;80.0;46.0;937.4;937.3;933.8;4;4;8;3.0;2.0;0.0;10.0;10.0;4.0;69.66666666666667;936.1666666666666;8.0;1.6666666666666667;4
83075;1996-09-16;0;26.2;13.8;3.8;1996;9;16;-23.43;-46.46;735;81.0;73.0;44.0;935.2;933.7;929.6;4;8;7;1.0;0.0;3.0;9.0;2.0;9.0;66.0;932.8333333333334;6.666666666666667;1.3333333333333333;4
83075;1996-09-17;0.8;17.9;11.9;0;1996;9;17;-23.43;-46.46;735;82.0;82.0;78.0;932.6;935.6;935.8;4;4;4;4.0;3.0;5.0;10.0;10.0;10.0;80.66666666666667;934.6666666666666;10.0;4.0;4
83075;1996-09-18;0;15.9;11;0;1996;9;18;-23.43;-46.46;735;80.0;74.0;70.0;939.5;940.5;938.3;4;3;4;4.0;3.0;3.0;10.0;10.0;10.0;74.66666666666667;939.4333333333334;10.0;3.3333333333333335;4
83075;1996-09-19;0;24.1;12.3;9.1;1996;9;19;-23.43;-46.46;735;80.0;68.0;41.0;939.7;941.2;937.8;3;3;8;3.0;3.0;0.0;10.0;8.0;4.0;63.0;939.5666666666666;7.333333333333333;2.0;3
83075;1996-09-20;0;28;12.5;7;1996;9;20;-23.43;-46.46;735;83.0;81.0;42.0;937.4;939.4;934.8;8;3;8;0.0;3.0;0.0;0.0;10.0;0.0;68.66666666666667;937.1999999999999;3.3333333333333335;1.0;3
83075;1996-09-23;0;28.4;15.4;7.5;1996;9;23;-23.43;-46.46;735;59.0;55.0;57.0;933.0;934.5;932.0;8;8;4;0.0;0.0;2.0;0.0;1.0;0.0;57.0;933.1666666666666;0.3333333333333333;0.6666666666666666;4
83075;1996-09-24;0;25.3;16;1.9;1996;9;24;-23.43;-46.46;735;77.0;84.0;70.0;934.8;936.0;931.8;8;8;4;0.0;0.0;5.0;9.0;10.0;5.0;77.0;934.1999999999999;8.0;1.6666666666666667;4
83075;1996-09-25;2.6;23.5;15.8;0.5;1996;9;25;-23.43;-46.46;735;85.0;84.0;69.0;933.5;934.7;931.8;4;3;8;3.0;1.0;0.0;10.0;10.0;10.0;79.33333333333333;933.3333333333334;10.0;1.3333333333333333;4
83075;1996-09-26;0;23.6;15.8;2.9;1996;9;26;-23.43;-46.46;735;84.0;79.0;63.0;935.9;935.2;933.3;8;8;4;0.0;0.0;4.0;10.0;9.0;8.0;75.33333333333333;934.7999999999998;9.0;1.3333333333333333;4
83075;1996-09-27;0;25;15.8;3.7;1996;9;27;-23.43;-46.46;735;80.0;75.0;69.0;936.2;938.4;935.0;3;3;4;3.0;2.0;3.0;10.0;10.0;8.0;74.66666666666667;936.5333333333333;9.333333333333334;2.6666666666666665;3
83075;1996-09-28;5.8;22.3;14.8;2.4;1996;9;28;-23.43;-46.46;735;81.0;92.0;74.0;935.1;937.0;934.7;3;8;8;3.0;0.0;0.0;5.0;10.0;10.0;82.33333333333333;935.6;8.333333333333334;1.0;3
83075;1996-09-29;4.4;27.8;14.8;4.7;1996;9;29;-23.43;-46.46;735;86.0;81.0;60.0;934.9;935.3;933.2;8;8;5;0.0;0.0;1.0;10.0;10.0;10.0;75.66666666666667;934.4666666666666;10.0;0.3333333333333333;5
83075;1996-09-30;0;24.7;14.8;5.7;1996;9;30;-23.43;-46.46;735;84.0;79.0;59.0;934.9;936.2;934.9;5;8;3;1.0;0.0;3.0;2.0;10.0;4.0;74.0;935.3333333333334;5.333333333333333;1.3333333333333333;5
83075;1996-10-01;0;31;19;6.8;1996;10;1;-23.43;-46.46;735;84.0;81.0;52.0;932.7;933.3;926.2;8;8;7;0.0;0.0;3.0;9.0;10.0;5.0;72.33333333333333;930.7333333333332;8.0;1.0;7
83075;1996-10-02;0;33;20;9.5;1996;10;2;-23.43;-46.46;735;71.0;78.0;49.0;930.3;930.1;925.2;7;2;6;5.0;7.8;1.0;2.0;4.0;8.0;66.0;928.5333333333334;4.666666666666667;4.6000000000000005;7
83075;1996-10-03;2.9;25.4;16.5;6.6;1996;10;3;-23.43;-46.46;735;91.0;67.0;70.0;937.1;937.6;936.6;4;4;4;1.0;2.0;5.0;10.0;6.0;9.0;76.0;937.1;8.333333333333334;2.6666666666666665;4
83075;1996-10-04;0;31;19.2;6.5;1996;10;4;-23.43;-46.46;735;83.0;79.0;61.0;931.1;931.1;929.2;8;8;4;0.0;0.0;5.0;10.0;8.0;9.0;74.33333333333333;930.4666666666667;9.0;1.6666666666666667;4
83075;1996-10-05;0;21.8;15.1;1.4;1996;10;5;-23.43;-46.46;735;79.0;85.0;57.0;933.4;934.0;932.8;8;8;5;0.0;0.0;3.0;9.0;10.0;8.0;73.66666666666667;933.4;9.0;1.0;5
83075;1996-10-06;0;20.8;12.2;7.9;1996;10;6;-23.43;-46.46;735;84.0;77.0;49.0;941.0;941.4;938.9;4;3;4;1.0;1.0;2.0;10.0;4.0;2.0;70.0;940.4333333333334;5.333333333333333;1.3333333333333333;4
83075;1996-10-07;0;20.4;15.7;0.5;1996;10;7;-23.43;-46.46;735;87.0;76.0;73.0;933.8;934.9;933.3;3;8;7;1.0;0.0;1.0;10.0;10.0;10.0;78.66666666666667;934.0;10.0;0.6666666666666666;3
83075;1996-10-08;6.8;19.7;12.4;0;1996;10;8;-23.43;-46.46;735;71.0;79.0;91.0;927.8;931.3;932.5;4;0;5;2.0;4.0;3.0;0.0;10.0;10.0;80.33333333333333;930.5333333333333;6.666666666666667;3.0;4
83075;1996-10-09;45.1;15.1;10.6;0;1996;10;9;-23.43;-46.46;735;94.0;92.0;89.0;937.7;939.5;937.7;8;8;4;0.0;0.0;3.0;10.0;10.0;10.0;91.66666666666667;938.3000000000001;10.0;1.0;4
83075;1996-10-10;0;27.2;15.9;5.1;1996;10;10;-23.43;-46.46;735;83.0;79.0;56.0;934.9;933.4;929.0;3;3;3;4.0;3.0;1.0;10.0;10.0;10.0;72.66666666666667;932.4333333333334;10.0;2.6666666666666665;3
83075;1996-10-11;0;32.8;17.8;11.5;1996;10;11;-23.43;-46.46;735;60.0;57.0;31.0;929.5;930.7;928.5;8;8;0;0.0;0.0;1.0;1.0;2.0;9.0;49.333333333333336;929.5666666666666;4.0;0.3333333333333333;0
83075;1996-10-12;0;29.9;16.5;5.5;1996;10;12;-23.43;-46.46;735;78.0;79.0;59.0;932.8;932.7;929.5;3;8;5;1.0;0.0;3.0;1.0;8.0;8.0;72.0;931.6666666666666;5.666666666666667;1.3333333333333333;3
83075;1996-10-13;0.1;27.6;18.6;2;1996;10;13;-23.43;-46.46;735;86.0;80.0;58.0;930.4;928.0;924.6;8;8;7;0.0;0.0;5.0;10.0;10.0;10.0;74.66666666666667;927.6666666666666;10.0;1.6666666666666667;7
83075;1996-10-14;4.5;24.5;15.8;0.7;1996;10;14;-23.43;-46.46;735;79.0;69.0;70.0;927.5;927.6;927.7;8;0;7;0.0;1.0;4.0;10.0;10.0;10.0;72.66666666666667;927.6;10.0;1.6666666666666667;0
83075;1996-10-15;0;21;13.2;2.6;1996;10;15;-23.43;-46.46;735;83.0;80.0;65.0;931.8;935.6;934.3;4;3;4;4.0;2.0;5.0;10.0;10.0;10.0;76.0;933.9;10.0;3.6666666666666665;4
83075;1996-10-16;0;23.2;12.5;5.4;1996;10;16;-23.43;-46.46;735;77.0;68.0;54.0;934.9;937.0;933.7;4;3;4;3.0;3.0;3.0;0.0;10.0;6.0;66.33333333333333;935.2000000000002;5.333333333333333;3.0;4
83075;1996-10-17;0;30.1;13.4;8.2;1996;10;17;-23.43;-46.46;735;81.0;74.0;44.0;934.5;934.6;930.8;3;8;8;2.0;0.0;0.0;5.0;1.0;6.0;66.33333333333333;933.2999999999998;4.0;0.6666666666666666;3
83075;1996-10-18;0;31.1;15.5;9;1996;10;18;-23.43;-46.46;735;71.0;76.0;43.0;932.7;934.1;930.0;8;8;7;0.0;0.0;3.0;0.0;0.0;6.0;63.333333333333336;932.2666666666668;2.0;1.0;7
83075;1996-10-19;0;31.1;18.4;2.8;1996;10;19;-23.43;-46.46;735;65.0;63.0;42.0;930.8;931.3;929.4;8;8;7;0.0;0.0;3.0;0.0;10.0;10.0;56.666666666666664;930.5;6.666666666666667;1.0;7
83075;1996-10-20;0;27.6;17.8;1.5;1996;10;20;-23.43;-46.46;735;74.0;74.0;60.0;933.2;932.6;931.5;4;8;4;5.0;0.0;5.0;10.0;9.0;10.0;69.33333333333333;932.4333333333334;9.666666666666666;3.3333333333333335;4
83075;1996-10-21;0.7;19.7;15.5;0;1996;10;21;-23.43;-46.46;735;85.0;86.0;81.0;934.7;935.0;935.4;4;8;5;2.0;0.0;3.0;10.0;10.0;10.0;84.0;935.0333333333333;10.0;1.6666666666666667;4
83075;1996-10-22;0;28;15.2;5.8;1996;10;22;-23.43;-46.46;735;84.0;73.0;56.0;936.5;935.3;931.2;4;8;8;4.0;0.0;0.0;10.0;10.0;9.0;71.0;934.3333333333334;9.666666666666666;1.3333333333333333;4
83075;1996-10-23;0;30.2;15.4;6.3;1996;10;23;-23.43;-46.46;735;86.0;71.0;74.0;931.8;931.6;930.6;8;8;4;0.0;0.0;5.0;10.0;1.0;10.0;77.0;931.3333333333334;7.0;1.6666666666666667;4
83075;1996-10-24;0;23.7;15.1;4.8;1996;10;24;-23.43;-46.46;735;74.0;65.0;72.0;934.8;935.2;932.1;4;3;4;3.0;2.0;1.0;10.0;8.0;10.0;70.33333333333333;934.0333333333333;9.333333333333334;2.0;4
83075;1996-10-25;10.8;20.8;14.8;0;1996;10;25;-23.43;-46.46;735;77.0;94.0;89.0;933.2;933.1;930.2;4;8;8;2.0;0.0;0.0;10.0;10.0;10.0;86.66666666666667;932.1666666666666;10.0;0.6666666666666666;4
83075;1996-10-26;14.9;25.2;15.4;0.6;1996;10;26;-23.43;-46.46;735;92.0;80.0;69.0;930.6;933.0;930.9;8;7;7;0.0;2.0;2.0;10.0;10.0;10.0;80.33333333333333;931.5;10.0;1.3333333333333333;7
83075;1996-10-27;2.1;20.7;16.4;0;1996;10;27;-23.43;-46.46;735;89.0;92.0;79.0;931.7;931.1;930.0;4;8;4;1.0;0.0;4.0;10.0;10.0;10.0;86.66666666666667;930.9333333333334;10.0;1.6666666666666667;4
83075;1996-10-28;1.4;25.8;15.9;4;1996;10;28;-23.43;-46.46;735;87.0;78.0;57.0;931.3;931.5;929.4;3;8;4;1.0;0.0;2.0;10.0;10.0;5.0;74.0;930.7333333333332;8.333333333333334;1.0;3
83075;1996-10-31;0;32.4;15.6;0;1996;10;31;-23.43;-46.46;735;49.0;52.0;36.0;928.4;930.8;927.1;8;8;7;0.0;0.0;1.0;2.0;1.0;6.0;45.666666666666664;928.7666666666665;3.0;0.3333333333333333;7
83075;1996-11-02;17.1;31.9;19.3;4.8;1996;11;2;-23.43;-46.46;735;92.0;78.0;73.0;931.9;932.5;929.6;7;8;4;5.0;0.0;3.0;10.0;6.0;10.0;81.0;931.3333333333334;8.666666666666666;2.6666666666666665;7
83075;1996-11-03;0;26.4;15;6.1;1996;11;3;-23.43;-46.46;735;84.0;68.0;62.0;938.4;937.0;932.5;3;3;3;3.0;1.0;3.0;8.0;2.0;10.0;71.33333333333333;935.9666666666667;6.666666666666667;2.3333333333333335;3
83075;1996-11-05;0;21.8;13.6;6.1;1996;11;5;-23.43;-46.46;735;80.0;81.0;57.0;934.1;936.3;934.0;8;4;4;0.0;1.0;3.0;8.0;9.0;4.0;72.66666666666667;934.8000000000001;7.0;1.3333333333333333;4
83075;1996-11-07;0;18.8;10.2;8.4;1996;11;7;-23.43;-46.46;735;94.0;62.0;32.0;933.7;934.3;933.2;8;7;7;0.0;3.0;5.0;0.0;1.0;8.0;62.666666666666664;933.7333333333332;3.0;2.6666666666666665;7
83075;1996-11-08;2.2;15.5;11.8;0;1996;11;8;-23.43;-46.46;735;88.0;87.0;80.0;935.2;935.9;935.1;4;4;4;1.0;1.0;1.0;10.0;10.0;10.0;85.0;935.4;10.0;1.0;4
83075;1996-11-09;38.6;14.7;10.2;0;1996;11;9;-23.43;-46.46;735;90.0;88.0;82.0;939.8;940.4;938.3;4;8;4;1.0;0.0;3.0;10.0;10.0;10.0;86.66666666666667;939.5;10.0;1.3333333333333333;4
83075;1996-11-10;26.3;29.8;17.2;7.9;1996;11;10;-23.43;-46.46;735;89.0;72.0;57.0;931.0;931.0;928.9;8;7;7;0.0;3.0;2.0;10.0;8.0;6.0;72.66666666666667;930.3000000000001;8.0;1.6666666666666667;7
83075;1996-11-11;0;27.2;17.4;0.1;1996;11;11;-23.43;-46.46;735;42.0;77.0;71.0;928.4;932.9;931.8;8;4;4;0.0;3.0;3.0;8.0;10.0;10.0;63.333333333333336;931.0333333333333;9.333333333333334;2.0;4
83075;1996-11-12;0;28.3;17.4;1.3;1996;11;12;-23.43;-46.46;735;79.0;84.0;73.0;930.3;930.0;925.4;8;3;8;0.0;1.0;0.0;10.0;10.0;10.0;78.66666666666667;928.5666666666666;10.0;0.3333333333333333;3
83075;1996-11-13;1.7;28.3;18.8;0.7;1996;11;13;-23.43;-46.46;735;86.0;84.0;57.0;931.3;930.7;928.3;8;8;7;0.0;0.0;3.0;10.0;10.0;9.0;75.66666666666667;930.1;9.666666666666666;1.0;7
83075;1996-11-14;0.1;29.3;19.8;2.1;1996;11;14;-23.43;-46.46;735;86.0;75.0;90.0;928.6;928.2;926.3;8;8;0;0.0;0.0;1.0;10.0;9.0;10.0;83.66666666666667;927.7000000000002;9.666666666666666;0.3333333333333333;0
83075;1996-11-15;24.6;27.6;19.4;0.4;1996;11;15;-23.43;-46.46;735;90.0;79.0;90.0;927.3;927.7;927.0;3;8;8;1.0;0.0;0.0;10.0;10.0;10.0;86.33333333333333;927.3333333333334;10.0;0.3333333333333333;3
83075;1996-11-16;16.8;27.8;19.6;1.9;1996;11;16;-23.43;-46.46;735;91.0;78.0;63.0;927.8;927.6;925.7;4;0;0;1.0;3.0;5.0;10.0;10.0;9.0;77.33333333333333;927.0333333333334;9.666666666666666;3.0;4
83075;1996-11-17;0;29.6;19.2;7;1996;11;17;-23.43;-46.46;735;81.0;70.0;60.0;926.1;926.7;924.9;8;7;1;0.0;3.0;2.0;8.0;9.0;9.0;70.33333333333333;925.9000000000001;8.666666666666666;1.6666666666666667;7
83075;1996-11-18;3.4;24.9;17.8;4.8;1996;11;18;-23.43;-46.46;735;92.0;68.0;68.0;927.9;929.6;928.6;4;4;4;2.0;3.0;7.0;10.0;9.0;10.0;76.0;928.6999999999999;9.666666666666666;4.0;4
83075;1996-11-19;0;23.1;16.6;0;1996;11;19;-23.43;-46.46;735;76.0;72.0;77.0;930.3;931.2;930.1;3;3;4;1.0;1.0;5.0;2.0;10.0;10.0;75.0;930.5333333333333;7.333333333333333;2.3333333333333335;3
83075;1996-11-20;2;21.7;16.8;0;1996;11;20;-23.43;-46.46;735;87.0;88.0;88.0;931.0;932.6;930.2;3;8;4;2.0;0.0;4.0;10.0;10.0;10.0;87.66666666666667;931.2666666666668;10.0;2.0;3
83075;1996-11-21;5.6;19.7;15.9;0;1996;11;21;-23.43;-46.46;735;88.0;87.0;86.0;929.3;929.8;928.5;3;3;4;3.0;3.0;3.0;10.0;10.0;10.0;87.0;929.1999999999999;10.0;3.0;3
83075;1996-11-22;0.3;19.4;14.6;0;1996;11;22;-23.43;-46.46;735;93.0;78.0;79.0;929.1;929.4;928.4;4;3;4;2.0;2.0;7.0;9.0;10.0;10.0;83.33333333333333;928.9666666666667;9.666666666666666;3.6666666666666665;4
83075;1996-11-23;0.1;21.5;14.1;1.1;1996;11;23;-23.43;-46.46;735;78.0;68.0;71.0;929.1;929.3;928.2;4;8;4;2.0;0.0;4.0;10.0;9.0;10.0;72.33333333333333;928.8666666666668;9.666666666666666;2.0;4
83075;1996-11-24;0;27.9;11.3;8.7;1996;11;24;-23.43;-46.46;735;78.0;76.0;41.0;927.8;929.2;928.0;8;8;3;0.0;0.0;1.0;0.0;1.0;6.0;65.0;928.3333333333334;2.3333333333333335;0.3333333333333333;3
83075;1996-11-25;0;23.6;14.7;7.5;1996;11;25;-23.43;-46.46;735;60.0;66.0;65.0;928.5;931.2;930.6;8;4;4;0.0;2.0;4.0;0.0;9.0;8.0;63.666666666666664;930.1;5.666666666666667;2.0;4
83075;1996-11-26;0;24.8;14.4;8.7;1996;11;26;-23.43;-46.46;735;80.0;68.0;51.0;932.8;933.9;932.5;4;4;4;3.0;4.0;4.0;10.0;9.0;4.0;66.33333333333333;933.0666666666666;7.666666666666667;3.6666666666666665;4
83075;1996-11-27;0;26;12.7;8.5;1996;11;27;-23.43;-46.46;735;79.0;65.0;59.0;933.9;936.0;934.3;4;3;3;3.0;3.0;3.0;2.0;9.0;8.0;67.66666666666667;934.7333333333332;6.333333333333333;3.0;4
83075;1996-11-28;0;27.2;13.6;10.9;1996;11;28;-23.43;-46.46;735;75.0;62.0;47.0;935.2;937.0;934.8;3;3;3;5.0;4.0;3.0;6.0;1.0;5.0;61.333333333333336;935.6666666666666;4.0;4.0;3
83075;1996-11-29;0;28.3;14.3;7.5;1996;11;29;-23.43;-46.46;735;77.0;71.0;42.0;935.7;935.7;934.2;3;8;4;1.0;0.0;1.0;0.0;2.0;9.0;63.333333333333336;935.2000000000002;3.6666666666666665;0.6666666666666666;3
83075;1996-11-30;0;26.7;16.9;0.4;1996;11;30;-23.43;-46.46;735;67.0;76.0;54.0;933.8;934.6;931.5;8;8;7;0.0;0.0;1.0;8.0;10.0;10.0;65.66666666666667;933.3000000000001;9.333333333333334;0.3333333333333333;7
83075;1996-12-01;9.6;32;20.4;8.3;1996;12;1;-23.43;-46.46;735;90.0;76.0;54.0;928.8;930.1;924.9;8;7;7;0.0;1.0;2.0;8.0;9.0;4.0;73.33333333333333;927.9333333333334;7.0;1.0;7
83075;1996-12-02;2;25.1;17.9;0;1996;12;2;-23.43;-46.46;735;90.0;83.0;79.0;933.6;935.5;935.7;8;8;4;0.0;0.0;3.0;10.0;10.0;10.0;84.0;934.9333333333334;10.0;1.0;4
83075;1996-12-03;0;25;17.5;1.2;1996;12;3;-23.43;-46.46;735;78.0;82.0;58.0;934.6;934.1;929.9;4;8;3;1.0;0.0;1.0;5.0;10.0;8.0;72.66666666666667;932.8666666666667;7.666666666666667;0.6666666666666666;4
83075;1996-12-07;0;19.5;7.7;6.5;1996;12;7;-23.43;-46.46;735;40.0;76.0;44.0;934.7;935.8;933.7;7;8;8;3.0;0.0;0.0;4.0;8.0;8.0;53.333333333333336;934.7333333333332;6.666666666666667;1.0;7
83075;1996-12-08;2.1;17.1;12;0;1996;12;8;-23.43;-46.46;735;87.0;86.0;84.0;936.3;937.0;935.1;4;3;4;1.0;3.0;1.0;10.0;10.0;10.0;85.66666666666667;936.1333333333333;10.0;1.6666666666666667;4
83075;1996-12-09;1.8;19.5;11.6;1.2;1996;12;9;-23.43;-46.46;735;88.0;84.0;69.0;938.2;939.1;936.8;8;8;3;0.0;0.0;2.0;10.0;10.0;9.0;80.33333333333333;938.0333333333334;9.666666666666666;0.6666666666666666;3
83075;1996-12-10;0;31.8;18.7;6.6;1996;12;10;-23.43;-46.46;735;79.0;68.0;44.0;930.6;930.0;924.8;8;3;7;0.0;2.0;1.0;2.0;5.0;10.0;63.666666666666664;928.4666666666666;5.666666666666667;1.0;3
83075;1996-12-11;0;28.6;16.6;1.8;1996;12;11;-23.43;-46.46;735;80.0;79.0;59.0;932.6;932.5;929.9;4;3;4;2.0;1.0;1.0;10.0;10.0;10.0;72.66666666666667;931.6666666666666;10.0;1.3333333333333333;4
83075;1996-12-12;45.4;27.6;17.9;1.3;1996;12;12;-23.43;-46.46;735;91.0;82.0;68.0;927.9;927.4;925.8;3;7;7;1.0;1.0;1.0;10.0;10.0;10.0;80.33333333333333;927.0333333333333;10.0;1.0;3
83075;1996-12-13;3.5;30;19.9;5;1996;12;13;-23.43;-46.46;735;86.0;83.0;62.0;926.4;927.8;925.9;8;8;7;0.0;0.0;2.0;10.0;10.0;6.0;77.0;926.6999999999999;8.666666666666666;0.6666666666666666;7
83075;1996-12-14;1.5;27;18.6;2.3;1996;12;14;-23.43;-46.46;735;84.0;77.0;70.0;928.8;931.0;930.2;8;8;4;0.0;0.0;5.0;9.0;10.0;8.0;77.0;930.0;9.0;1.6666666666666667;4
83075;1996-12-15;0;29.6;17.2;7.1;1996;12;15;-23.43;-46.46;735;82.0;74.0;74.0;932.0;932.2;930.5;3;8;4;2.0;0.0;5.0;9.0;8.0;8.0;76.66666666666667;931.5666666666666;8.333333333333334;2.3333333333333335;3
83075;1996-12-16;0;31.5;17.2;5.2;1996;12;16;-23.43;-46.46;735;80.0;78.0;48.0;931.2;930.7;925.8;4;8;7;1.0;0.0;2.0;8.0;2.0;9.0;68.66666666666667;929.2333333333332;6.333333333333333;1.0;4
83075;1996-12-17;0.3;28;19.8;3.6;1996;12;17;-23.43;-46.46;735;76.0;63.0;81.0;927.4;927.7;928.3;4;7;7;1.0;1.0;3.0;9.0;6.0;10.0;73.33333333333333;927.7999999999998;8.333333333333334;1.6666666666666667;4
83075;1996-12-18;5.8;26;18.7;1.3;1996;12;18;-23.43;-46.46;735;82.0;89.0;67.0;929.8;932.5;931.0;7;8;4;3.0;0.0;1.0;10.0;10.0;8.0;79.33333333333333;931.1;9.333333333333334;1.3333333333333333;7
83075;1996-12-19;0.2;31.7;17.4;7.5;1996;12;19;-23.43;-46.46;735;83.0;75.0;48.0;932.2;931.7;927.7;3;8;7;1.0;0.0;3.0;10.0;1.0;5.0;68.66666666666667;930.5333333333334;5.333333333333333;1.3333333333333333;3
83075;1996-12-20;0;31.9;20.2;7.5;1996;12;20;-23.43;-46.46;735;77.0;67.0;49.0;928.9;927.8;924.1;3;7;7;1.0;3.0;6.0;10.0;9.0;6.0;64.33333333333333;926.9333333333333;8.333333333333334;3.3333333333333335;3
83075;1996-12-21;2.9;31.3;20.3;5.5;1996;12;21;-23.43;-46.46;735;78.0;71.0;50.0;928.6;929.3;926.4;7;5;7;1.0;1.0;3.0;10.0;9.0;9.0;66.33333333333333;928.1;9.333333333333334;1.6666666666666667;7
83075;1996-12-22;59.4;29.2;19;1.9;1996;12;22;-23.43;-46.46;735;88.0;91.0;59.0;929.1;930.7;927.5;8;8;7;0.0;0.0;5.0;10.0;10.0;10.0;79.33333333333333;929.1;10.0;1.6666666666666667;7
83075;1996-12-23;6;27.3;18.9;4.3;1996;12;23;-23.43;-46.46;735;88.0;76.0;70.0;927.3;927.9;926.1;8;7;7;0.0;1.0;4.0;10.0;9.0;8.0;78.0;927.0999999999999;9.0;1.6666666666666667;7
83075;1996-12-24;1.7;30.5;19.4;5.8;1996;12;24;-23.43;-46.46;735;80.0;76.0;51.0;927.7;929.3;927.3;8;7;7;0.0;1.0;1.0;10.0;9.0;8.0;69.0;928.1;9.0;0.6666666666666666;7
83075;1996-12-26;0;32.6;24;9.4;1996;12;26;-23.43;-46.46;735;83.0;72.0;45.0;928.8;929.3;925.8;4;8;8;2.0;0.0;0.0;10.0;0.0;5.0;66.66666666666667;927.9666666666666;5.0;0.6666666666666666;4
83075;1996-12-27;0;32.9;20.8;;1996;12;27;-23.43;-46.46;735;78.0;66.0;45.0;927.1;927.2;924.6;8;7;7;0.0;1.0;3.0;6.0;5.0;6.0;63.0;926.3000000000001;5.666666666666667;1.3333333333333333;7
83075;1996-12-28;14.7;29.2;20.7;2;1996;12;28;-23.43;-46.46;735;83.0;72.0;63.0;926.7;926.7;924.3;4;7;7;1.0;4.0;4.0;8.0;10.0;8.0;72.66666666666667;925.9;8.666666666666666;3.0;4
83075;1996-12-29;28.5;27.2;20;1.5;1996;12;29;-23.43;-46.46;735;81.0;88.0;70.0;925.1;926.8;924.7;8;7;7;0.0;3.0;3.0;9.0;10.0;8.0;79.66666666666667;925.5333333333334;9.0;2.0;7
83075;1996-12-30;0.6;28.4;21;0.4;1996;12;30;-23.43;-46.46;735;87.0;83.0;69.0;927.0;926.3;924.6;8;7;8;0.0;2.0;0.0;10.0;10.0;10.0;79.66666666666667;925.9666666666667;10.0;0.6666666666666666;7
83075;1996-12-31;6.9;29.9;21.3;7.1;1996;12;31;-23.43;-46.46;735;89.0;79.0;45.0;926.1;927.8;926.4;3;3;3;2.0;1.0;3.0;8.0;10.0;10.0;71.0;926.7666666666668;9.333333333333334;2.0;3
83075;1997-01-01;0;28.4;18.2;8.2;1997;1;1;-23.43;-46.46;735;80.0;67.0;55.0;927.4;928.1;926.7;3;3;4;3.0;3.0;3.0;5.0;8.0;9.0;67.33333333333333;927.4;7.333333333333333;3.0;3
83075;1997-01-02;0.2;31.2;20.2;7.4;1997;1;2;-23.43;-46.46;735;83.0;64.0;48.0;929.1;928.3;926.8;8;0;0;0.0;3.0;3.0;10.0;9.0;5.0;65.0;928.0666666666666;8.0;2.0;0
83075;1997-01-03;0;26.3;17.4;5.7;1997;1;3;-23.43;-46.46;735;78.0;72.0;59.0;928.5;927.5;924.8;4;4;4;5.0;2.0;6.0;9.0;8.0;6.0;69.66666666666667;926.9333333333334;7.666666666666667;4.333333333333333;4
83075;1997-01-04;18.8;27.3;17.2;2.1;1997;1;4;-23.43;-46.46;735;91.0;93.0;62.0;933.3;932.1;930.5;8;8;7;0.0;0.0;2.0;10.0;10.0;9.0;82.0;931.9666666666667;9.666666666666666;0.6666666666666666;7
83075;1997-01-06;3.5;15.7;8.6;3;1997;1;6;-23.43;-46.46;735;87.0;82.0;86.0;938.8;938.0;936.6;8;3;4;0.0;1.0;2.0;8.0;9.0;10.0;85.0;937.8000000000001;9.0;1.0;3
83075;1997-01-07;2.3;15.9;11.8;0;1997;1;7;-23.43;-46.46;735;89.0;87.0;83.0;934.7;936.3;934.0;8;3;5;0.0;3.0;1.0;10.0;10.0;10.0;86.33333333333333;935.0;10.0;1.3333333333333333;3
83075;1997-01-08;0;28.8;12.7;9.4;1997;1;8;-23.43;-46.46;735;59.0;65.0;37.0;935.7;936.2;934.4;8;8;0;0.0;0.0;2.0;1.0;2.0;2.0;53.666666666666664;935.4333333333334;1.6666666666666667;0.6666666666666666;0
83075;1997-01-10;12.1;22.7;17.6;0;1997;1;10;-23.43;-46.46;735;85.0;92.0;83.0;932.9;932.1;928.4;3;8;8;1.0;0.0;0.0;10.0;10.0;10.0;86.66666666666667;931.1333333333333;10.0;0.3333333333333333;3
83075;1997-01-11;0.1;33.9;19.6;7.4;1997;1;11;-23.43;-46.46;735;86.0;60.0;65.0;933.2;933.9;931.6;8;8;4;0.0;0.0;2.0;9.0;4.0;10.0;70.33333333333333;932.9;7.666666666666667;0.6666666666666666;4
83075;1997-01-12;0;26.5;17.4;0.5;1997;1;12;-23.43;-46.46;735;82.0;81.0;87.0;927.2;925.7;924.0;3;8;8;3.0;0.0;0.0;10.0;10.0;10.0;83.33333333333333;925.6333333333333;10.0;1.0;3
83075;1997-01-13;11.5;29;19.2;2.1;1997;1;13;-23.43;-46.46;735;94.0;77.0;61.0;928.9;930.0;928.7;8;7;7;0.0;3.0;2.0;10.0;9.0;10.0;77.33333333333333;929.2000000000002;9.666666666666666;1.6666666666666667;7
83075;1997-01-14;0;30.4;20.3;6.3;1997;1;14;-23.43;-46.46;735;81.0;70.0;64.0;929.0;930.8;929.3;8;8;0;0.0;0.0;5.0;2.0;5.0;9.0;71.66666666666667;929.6999999999999;5.333333333333333;1.6666666666666667;0
83075;1997-01-17;10.9;26.1;19;3.2;1997;1;17;-23.43;-46.46;735;89.0;76.0;63.0;931.0;931.1;929.1;8;4;4;0.0;2.0;5.0;10.0;9.0;8.0;76.0;930.4;9.0;2.3333333333333335;4
83075;1997-01-18;0.7;28.8;17;8.5;1997;1;18;-23.43;-46.46;735;83.0;74.0;52.0;930.2;929.9;929.0;4;8;3;2.0;0.0;3.0;2.0;6.0;6.0;69.66666666666667;929.6999999999999;4.666666666666667;1.6666666666666667;4
83075;1997-01-19;0;31.6;18.8;8.7;1997;1;19;-23.43;-46.46;735;79.0;72.0;54.0;929.9;928.5;925.9;3;3;0;3.0;1.0;2.0;9.0;8.0;8.0;68.33333333333333;928.1;8.333333333333334;2.0;3
83075;1997-01-21;4.8;29.1;20;1.2;1997;1;21;-23.43;-46.46;735;77.0;76.0;65.0;927.3;928.4;928.2;4;8;7;2.0;0.0;1.0;10.0;9.0;10.0;72.66666666666667;927.9666666666666;9.666666666666666;1.0;4
83075;1997-01-23;20.4;28;19.3;0.2;1997;1;23;-23.43;-46.46;735;89.0;81.0;60.0;929.4;929.7;928.4;8;8;7;0.0;0.0;1.0;10.0;10.0;10.0;76.66666666666667;929.1666666666666;10.0;0.3333333333333333;7
83075;1997-01-25;19.6;28.3;19.3;2.2;1997;1;25;-23.43;-46.46;735;83.0;79.0;62.0;930.1;930.2;928.9;7;8;7;1.0;0.0;1.0;10.0;10.0;10.0;74.66666666666667;929.7333333333335;10.0;0.6666666666666666;7
83075;1997-01-26;11.7;25.6;17.9;0;1997;1;26;-23.43;-46.46;735;91.0;84.0;90.0;930.2;930.1;929.1;8;8;7;0.0;0.0;7.0;10.0;10.0;10.0;88.33333333333333;929.8000000000001;10.0;2.3333333333333335;7
83075;1997-01-29;1.4;30.4;19.4;7.5;1997;1;29;-23.43;-46.46;735;89.0;67.0;56.0;929.5;931.8;929.3;8;8;7;0.0;0.0;2.0;10.0;6.0;8.0;70.66666666666667;930.1999999999999;8.0;0.6666666666666666;7
83075;1997-01-30;9.4;32;19.5;10.4;1997;1;30;-23.43;-46.46;735;86.0;75.0;48.0;930.4;932.2;929.6;8;0;8;0.0;3.0;0.0;9.0;6.0;6.0;69.66666666666667;930.7333333333332;7.0;1.0;0
83075;1997-01-31;9.6;30.4;19.4;6.9;1997;1;31;-23.43;-46.46;735;77.0;71.0;49.0;926.1;931.1;927.8;8;7;7;0.0;1.0;4.0;8.0;9.0;8.0;65.66666666666667;928.3333333333334;8.333333333333334;1.6666666666666667;7
83075;1997-02-01;0;26.7;17.8;3.6;1997;2;1;-23.43;-46.46;735;76.0;67.0;52.0;928.4;928.1;927.1;3;4;4;3.0;5.0;6.0;9.0;10.0;9.0;65.0;927.8666666666667;9.333333333333334;4.666666666666667;3
83075;1997-02-02;0;27.3;20.2;0.8;1997;2;2;-23.43;-46.46;735;62.0;71.0;69.0;927.9;930.9;930.4;0;0;0;3.0;3.0;3.0;8.0;9.0;10.0;67.33333333333333;929.7333333333332;9.0;3.0;0
83075;1997-02-03;0;26.8;16.8;4.7;1997;2;3;-23.43;-46.46;735;79.0;79.0;63.0;927.0;926.8;925.0;4;8;4;1.0;0.0;3.0;2.0;8.0;9.0;73.66666666666667;926.2666666666668;6.333333333333333;1.3333333333333333;4
83075;1997-02-04;0;27.8;17.9;6.8;1997;2;4;-23.43;-46.46;735;80.0;69.0;56.0;931.3;933.9;930.6;8;7;7;0.0;4.0;3.0;8.0;4.0;8.0;68.33333333333333;931.9333333333333;6.666666666666667;2.3333333333333335;7
83075;1997-02-07;0;25.4;12.2;6.9;1997;2;7;-23.43;-46.46;735;87.0;91.0;48.0;934.3;934.1;930.5;3;8;7;1.0;0.0;3.0;10.0;10.0;6.0;75.33333333333333;932.9666666666667;8.666666666666666;1.3333333333333333;3
83075;1997-02-08;0;29.8;12.8;8.8;1997;2;8;-23.43;-46.46;735;67.0;59.0;37.0;934.9;936.1;933.1;8;8;7;0.0;0.0;2.0;0.0;2.0;6.0;54.333333333333336;934.6999999999999;2.6666666666666665;0.6666666666666666;7
83075;1997-02-09;0;30;12.2;9;1997;2;9;-23.43;-46.46;735;47.0;54.0;21.0;932.9;933.3;930.5;8;8;5;0.0;0.0;1.0;0.0;0.0;0.0;40.666666666666664;932.2333333333332;0.0;0.3333333333333333;5
83075;1997-02-10;5;25.7;15.8;0;1997;2;10;-23.43;-46.46;735;86.0;71.0;41.0;928.5;927.9;927.5;7;7;7;1.0;2.0;6.0;9.0;9.0;5.0;66.0;927.9666666666667;7.666666666666667;3.0;7
83075;1997-02-11;7.6;33.2;18.6;8.8;1997;2;11;-23.43;-46.46;735;87.0;76.0;46.0;935.4;934.7;930.3;4;8;8;2.0;0.0;0.0;10.0;8.0;4.0;69.66666666666667;933.4666666666666;7.333333333333333;0.6666666666666666;4
83075;1997-02-12;38.1;25.1;18.7;1.5;1997;2;12;-23.43;-46.46;735;94.0;83.0;82.0;925.9;923.7;922.5;8;7;8;0.0;4.0;0.0;10.0;10.0;10.0;86.33333333333333;924.0333333333333;10.0;1.3333333333333333;7
83075;1997-02-13;0;30.2;18.3;6.8;1997;2;13;-23.43;-46.46;735;82.0;73.0;57.0;933.3;934.2;931.9;8;8;7;0.0;0.0;4.0;2.0;5.0;9.0;70.66666666666667;933.1333333333333;5.333333333333333;1.3333333333333333;7
83075;1997-02-14;12.3;31.5;18.3;8.1;1997;2;14;-23.43;-46.46;735;86.0;65.0;46.0;932.8;933.6;930.7;8;8;7;0.0;0.0;3.0;8.0;0.0;8.0;65.66666666666667;932.3666666666668;5.333333333333333;1.0;7
83075;1997-02-15;3.8;28.5;19.8;0.1;1997;2;15;-23.43;-46.46;735;86.0;88.0;61.0;932.0;933.0;931.8;8;8;7;0.0;0.0;1.0;10.0;10.0;10.0;78.33333333333333;932.2666666666668;10.0;0.3333333333333333;7
83075;1997-02-17;43.9;30.5;18;8.9;1997;2;17;-23.43;-46.46;735;92.0;77.0;50.0;932.2;932.2;929.0;0;8;7;2.0;0.0;3.0;10.0;4.0;8.0;73.0;931.1333333333333;7.333333333333333;1.6666666666666667;0
83075;1997-02-18;28.4;26.2;19.4;0.3;1997;2;18;-23.43;-46.46;735;91.0;79.0;69.0;931.8;931.8;930.3;8;0;0;0.0;2.0;3.0;10.0;10.0;10.0;79.66666666666667;931.2999999999998;10.0;1.6666666666666667;0
83075;1997-02-19;0;31.5;18.6;9.7;1997;2;19;-23.43;-46.46;735;85.0;69.0;51.0;931.1;931.5;931.0;8;7;7;0.0;2.0;1.0;2.0;6.0;8.0;68.33333333333333;931.1999999999999;5.333333333333333;1.0;7
83075;1997-02-20;0;31.3;21.1;7.6;1997;2;20;-23.43;-46.46;735;78.0;62.0;56.0;929.4;931.2;929.4;8;0;7;0.0;3.0;2.0;5.0;8.0;9.0;65.33333333333333;930.0;7.333333333333333;1.6666666666666667;0
83075;1997-02-21;0.9;26.9;19.8;2.7;1997;2;21;-23.43;-46.46;735;76.0;74.0;79.0;931.4;933.9;932.6;8;8;4;0.0;0.0;3.0;10.0;6.0;9.0;76.33333333333333;932.6333333333333;8.333333333333334;1.0;4
83075;1997-02-22;1.2;32;20.3;6.6;1997;2;22;-23.43;-46.46;735;84.0;71.0;52.0;934.2;935.2;933.7;4;4;7;1.0;2.0;4.0;10.0;2.0;8.0;69.0;934.3666666666668;6.666666666666667;2.3333333333333335;4
83075;1997-02-23;1;31.8;20.2;5.8;1997;2;23;-23.43;-46.46;735;87.0;73.0;90.0;934.5;934.0;931.8;8;8;4;0.0;0.0;4.0;6.0;1.0;10.0;83.33333333333333;933.4333333333334;5.666666666666667;1.3333333333333333;4
83075;1997-02-24;2.7;28;19.8;3.4;1997;2;24;-23.43;-46.46;735;85.0;86.0;66.0;933.2;932.5;929.9;8;8;3;0.0;0.0;7.0;10.0;10.0;10.0;79.0;931.8666666666667;10.0;2.3333333333333335;3
83075;1997-02-25;0;28.4;20;3.8;1997;2;25;-23.43;-46.46;735;79.0;78.0;66.0;930.6;930.1;927.9;5;8;4;3.0;0.0;5.0;10.0;8.0;10.0;74.33333333333333;929.5333333333333;9.333333333333334;2.6666666666666665;5
83075;1997-02-26;0;29.8;18.8;7.9;1997;2;26;-23.43;-46.46;735;76.0;73.0;54.0;928.9;930.6;927.7;5;8;4;3.0;0.0;4.0;8.0;1.0;8.0;67.66666666666667;929.0666666666666;5.666666666666667;2.3333333333333335;5
83075;1997-02-27;0;29.4;18.9;7.7;1997;2;27;-23.43;-46.46;735;76.0;71.0;58.0;929.6;930.6;927.9;4;3;4;1.0;1.0;6.0;8.0;1.0;9.0;68.33333333333333;929.3666666666667;6.0;2.6666666666666665;4
83075;1997-02-28;0.1;25.8;18;2.3;1997;2;28;-23.43;-46.46;735;77.0;75.0;68.0;930.1;929.8;927.5;4;8;4;3.0;0.0;3.0;8.0;10.0;10.0;73.33333333333333;929.1333333333333;9.333333333333334;2.0;4
83075;1997-03-01;0;24.5;17.2;1.3;1997;3;1;-23.43;-46.46;735;77.0;67.0;65.0;929.0;929.3;929.0;4;3;5;4.0;4.0;4.0;9.0;9.0;10.0;69.66666666666667;929.1;9.333333333333334;4.0;4
83075;1997-03-02;1.3;29.9;18.9;6.6;1997;3;2;-23.43;-46.46;735;81.0;74.0;51.0;931.1;931.4;930.4;7;7;7;3.0;3.0;2.0;9.0;6.0;6.0;68.66666666666667;930.9666666666667;7.0;2.6666666666666665;7
83075;1997-03-03;0.5;27.1;17.2;5.4;1997;3;3;-23.43;-46.46;735;78.0;74.0;89.0;927.0;928.4;928.1;4;3;8;2.0;1.0;0.0;9.0;10.0;10.0;80.33333333333333;927.8333333333334;9.666666666666666;1.0;4
83075;1997-03-04;4.3;27.4;17.9;9.8;1997;3;4;-23.43;-46.46;735;85.0;73.0;53.0;932.2;931.6;929.7;8;7;7;0.0;4.0;3.0;8.0;9.0;5.0;70.33333333333333;931.1666666666666;7.333333333333333;2.3333333333333335;7
83075;1997-03-05;0;28.8;15.8;8.5;1997;3;5;-23.43;-46.46;735;69.0;72.0;47.0;936.0;938.5;937.6;8;8;5;0.0;0.0;2.0;0.0;0.0;2.0;62.666666666666664;937.3666666666667;0.6666666666666666;0.6666666666666666;5
83075;1997-03-06;0;17.4;9;1.2;1997;3;6;-23.43;-46.46;735;87.0;84.0;73.0;935.4;934.2;931.9;3;8;8;1.0;0.0;0.0;9.0;10.0;10.0;81.33333333333333;933.8333333333334;9.666666666666666;0.3333333333333333;3
83075;1997-03-07;0;26;13.5;7.8;1997;3;7;-23.43;-46.46;735;75.0;65.0;44.0;931.9;931.6;930.2;8;7;7;0.0;5.0;4.0;5.0;1.0;4.0;61.333333333333336;931.2333333333332;3.3333333333333335;3.0;7
83075;1997-03-08;0;27.2;14.6;0;1997;3;8;-23.43;-46.46;735;72.0;72.0;37.0;934.3;933.1;931.3;8;8;7;0.0;0.0;3.0;10.0;10.0;10.0;60.333333333333336;932.9;10.0;1.0;7
83075;1997-03-09;0;30.3;13.5;6.7;1997;3;9;-23.43;-46.46;735;54.0;51.0;23.0;931.8;931.3;928.5;8;8;7;0.0;0.0;3.0;0.0;9.0;9.0;42.666666666666664;930.5333333333333;6.0;1.0;7
83075;1997-03-10;0;19.5;12.8;9.1;1997;3;10;-23.43;-46.46;735;80.0;79.0;68.0;930.9;934.3;933.6;5;3;4;2.0;3.0;4.0;10.0;10.0;6.0;75.66666666666667;932.9333333333333;8.666666666666666;3.0;5
83075;1997-03-11;12.3;32;19.7;4.8;1997;3;11;-23.43;-46.46;735;71.0;84.0;52.0;931.5;933.7;929.7;8;8;7;0.0;0.0;2.0;2.0;10.0;6.0;69.0;931.6333333333333;6.0;0.6666666666666666;7
83075;1997-03-12;8;29.4;17.8;8.9;1997;3;12;-23.43;-46.46;735;91.0;73.0;51.0;924.9;926.4;925.9;8;8;7;0.0;0.0;4.0;10.0;5.0;8.0;71.66666666666667;925.7333333333332;7.666666666666667;1.3333333333333333;7
83075;1997-03-13;0;30.9;19.9;6.5;1997;3;13;-23.43;-46.46;735;70.0;68.0;50.0;932.3;933.0;930.9;8;8;7;0.0;0.0;1.0;0.0;4.0;10.0;62.666666666666664;932.0666666666666;4.666666666666667;0.3333333333333333;7
83075;1997-03-14;0.1;29.2;18.7;4.3;1997;3;14;-23.43;-46.46;735;73.0;84.0;64.0;932.7;935.0;931.8;8;8;4;0.0;0.0;3.0;4.0;10.0;9.0;73.66666666666667;933.1666666666666;7.666666666666667;1.0;4
83075;1997-03-15;0.3;23.8;19.2;0;1997;3;15;-23.43;-46.46;735;83.0;83.0;94.0;932.8;932.1;930.1;3;3;4;1.0;1.0;3.0;10.0;10.0;10.0;86.66666666666667;931.6666666666666;10.0;1.6666666666666667;3
83075;1997-03-17;0;24.8;17;3.6;1997;3;17;-23.43;-46.46;735;82.0;71.0;68.0;929.3;930.0;929.3;4;4;4;2.0;2.0;3.0;10.0;8.0;10.0;73.66666666666667;929.5333333333333;9.333333333333334;2.3333333333333335;4
83075;1997-03-18;0;26;15.8;7.6;1997;3;18;-23.43;-46.46;735;80.0;70.0;60.0;931.2;932.6;930.3;3;3;4;3.0;3.0;5.0;10.0;2.0;9.0;70.0;931.3666666666668;7.0;3.6666666666666665;3
83075;1997-03-19;0;27.5;16.1;8.4;1997;3;19;-23.43;-46.46;735;82.0;75.0;52.0;931.6;932.2;930.6;4;8;8;2.0;0.0;0.0;6.0;9.0;8.0;69.66666666666667;931.4666666666667;7.666666666666667;0.6666666666666666;4
83075;1997-03-20;0;26.9;17.8;6.3;1997;3;20;-23.43;-46.46;735;78.0;74.0;61.0;930.1;932.2;929.8;3;3;4;3.0;3.0;3.0;9.0;6.0;9.0;71.0;930.7000000000002;8.0;3.0;3
83075;1997-03-21;0;26.9;17.4;5.8;1997;3;21;-23.43;-46.46;735;79.0;76.0;61.0;931.8;932.6;930.3;3;8;4;2.0;0.0;4.0;9.0;5.0;6.0;72.0;931.5666666666666;6.666666666666667;2.0;3
83075;1997-03-22;0;26.8;15.8;8.7;1997;3;22;-23.43;-46.46;735;80.0;73.0;54.0;931.8;932.4;930.0;3;3;3;3.0;3.0;3.0;4.0;1.0;4.0;69.0;931.4;3.0;3.0;3
83075;1997-03-23;0;30.1;15.8;7;1997;3;23;-23.43;-46.46;735;83.0;81.0;44.0;930.3;932.3;928.8;4;8;0;2.0;0.0;3.0;0.0;10.0;5.0;69.33333333333333;930.4666666666666;5.0;1.6666666666666667;4
83075;1997-03-24;0;27.5;16.1;6.5;1997;3;24;-23.43;-46.46;735;85.0;85.0;53.0;930.2;931.6;928.9;8;8;4;0.0;0.0;4.0;0.0;10.0;9.0;74.33333333333333;930.2333333333335;6.333333333333333;1.3333333333333333;4
83075;1997-03-25;0;26.6;16.8;6.9;1997;3;25;-23.43;-46.46;735;76.0;72.0;52.0;931.0;933.4;930.0;4;4;4;1.0;3.0;3.0;6.0;8.0;9.0;66.66666666666667;931.4666666666667;7.666666666666667;2.3333333333333335;4
83075;1997-03-26;0.1;25.6;17.1;6;1997;3;26;-23.43;-46.46;735;83.0;75.0;58.0;932.1;933.8;931.1;8;4;4;0.0;1.0;5.0;5.0;9.0;8.0;72.0;932.3333333333334;7.333333333333333;2.0;4
83075;1997-03-27;0;25.3;16.6;6.6;1997;3;27;-23.43;-46.46;735;78.0;69.0;50.0;932.2;934.6;933.5;3;3;4;2.0;3.0;3.0;10.0;8.0;9.0;65.66666666666667;933.4333333333334;9.0;2.6666666666666665;3
83075;1997-03-28;0;24.9;13.6;8.9;1997;3;28;-23.43;-46.46;735;78.0;73.0;50.0;934.3;937.8;935.8;4;3;4;3.0;1.0;3.0;8.0;2.0;4.0;67.0;935.9666666666666;4.666666666666667;2.3333333333333335;4
83075;1997-03-29;0;25.2;15.2;5.4;1997;3;29;-23.43;-46.46;735;81.0;67.0;52.0;936.6;937.4;935.2;4;3;3;2.0;3.0;1.0;8.0;6.0;8.0;66.66666666666667;936.4;7.333333333333333;2.0;4
83075;1997-03-30;0;22.1;14.4;0.5;1997;3;30;-23.43;-46.46;735;79.0;76.0;66.0;936.4;936.6;935.2;4;3;8;1.0;2.0;0.0;10.0;10.0;10.0;73.66666666666667;936.0666666666666;10.0;1.0;4
83075;1997-03-31;0.6;22.9;16.4;0;1997;3;31;-23.43;-46.46;735;83.0;83.0;76.0;935.1;935.6;932.5;4;8;8;1.0;0.0;0.0;10.0;10.0;10.0;80.66666666666667;934.4;10.0;0.3333333333333333;4
83075;1997-04-01;0;25.3;17.7;0.6;1997;4;1;-23.43;-46.46;735;83.0;82.0;70.0;928.4;927.2;925.9;4;8;4;3.0;0.0;3.0;9.0;10.0;10.0;78.33333333333333;927.1666666666666;9.666666666666666;2.0;4
83075;1997-04-02;0;32.2;19.8;9.6;1997;4;2;-23.43;-46.46;735;73.0;70.0;41.0;929.8;933.5;932.1;8;8;3;0.0;0.0;4.0;10.0;1.0;6.0;61.333333333333336;931.8000000000001;5.666666666666667;1.3333333333333333;3
83075;1997-04-04;0;29.5;18.6;9.7;1997;4;4;-23.43;-46.46;735;73.0;70.0;47.0;930.2;930.8;929.6;8;7;7;0.0;5.0;7.0;1.0;1.0;6.0;63.333333333333336;930.1999999999999;2.6666666666666665;4.0;7
83075;1997-04-05;0;22;16;1;1997;4;5;-23.43;-46.46;735;75.0;81.0;70.0;939.0;939.6;938.5;4;8;4;3.0;0.0;2.0;8.0;10.0;10.0;75.33333333333333;939.0333333333333;9.333333333333334;1.6666666666666667;4
83075;1997-04-06;3.9;20.8;11.4;2.3;1997;4;6;-23.43;-46.46;735;83.0;87.0;70.0;931.8;931.0;928.5;8;8;7;0.0;0.0;1.0;10.0;10.0;10.0;80.0;930.4333333333334;10.0;0.3333333333333333;7
83075;1997-04-07;0;25.5;12.7;5.6;1997;4;7;-23.43;-46.46;735;75.0;63.0;52.0;931.4;934.7;933.4;8;8;7;0.0;0.0;5.0;4.0;10.0;10.0;63.333333333333336;933.1666666666666;8.0;1.6666666666666667;7
83075;1997-04-08;0;23.6;1.2;0;1997;4;8;-23.43;-46.46;735;81.0;56.0;77.0;931.5;936.0;935.6;7;8;3;1.0;0.0;2.0;9.0;10.0;10.0;71.33333333333333;934.3666666666667;9.666666666666666;1.0;7
83075;1997-04-09;0;31.5;16.1;9;1997;4;9;-23.43;-46.46;735;55.0;58.0;31.0;929.8;930.4;927.9;8;8;7;0.0;0.0;2.0;10.0;0.0;1.0;48.0;929.3666666666667;3.6666666666666665;0.6666666666666666;7
83075;1997-04-10;0;27.7;12.8;3.7;1997;4;10;-23.43;-46.46;735;82.0;72.0;50.0;934.6;935.0;929.3;3;3;3;4.0;4.0;2.0;10.0;8.0;0.0;68.0;932.9666666666666;6.0;3.3333333333333335;3
83075;1997-04-11;3;24.2;18.5;0;1997;4;11;-23.43;-46.46;735;82.0;78.0;77.0;934.6;934.2;933.1;4;4;4;3.0;2.0;2.0;10.0;10.0;10.0;79.0;933.9666666666667;10.0;2.3333333333333335;4
83075;1997-04-13;1.3;28;15.3;8.7;1997;4;13;-23.43;-46.46;735;82.0;78.0;43.0;930.8;931.2;929.2;8;8;7;0.0;0.0;2.0;9.0;1.0;6.0;67.66666666666667;930.4;5.333333333333333;0.6666666666666666;7
83075;1997-04-15;0;27.5;15;6.7;1997;4;15;-23.43;-46.46;735;67.0;72.0;52.0;932.7;933.5;931.8;8;8;4;0.0;0.0;3.0;1.0;6.0;8.0;63.666666666666664;932.6666666666666;5.0;1.0;4
83075;1997-04-16;0;28.5;16.1;5.3;1997;4;16;-23.43;-46.46;735;80.0;87.0;54.0;934.3;935.0;931.4;8;8;4;0.0;0.0;1.0;6.0;10.0;8.0;73.66666666666667;933.5666666666666;8.0;0.3333333333333333;4
83075;1997-04-17;0;27;17.6;2.1;1997;4;17;-23.43;-46.46;735;76.0;81.0;69.0;933.0;933.5;931.8;8;8;7;0.0;0.0;1.0;5.0;10.0;10.0;75.33333333333333;932.7666666666668;8.333333333333334;0.3333333333333333;7
83075;1997-04-18;13.9;25;17;0;1997;4;18;-23.43;-46.46;735;90.0;84.0;60.0;934.1;932.3;930.9;8;8;7;0.0;0.0;3.0;10.0;10.0;10.0;78.0;932.4333333333334;10.0;1.0;7
83075;1997-04-19;0;28.4;16;9.5;1997;4;19;-23.43;-46.46;735;76.0;73.0;49.0;932.1;931.3;928.4;8;8;7;0.0;0.0;1.0;10.0;0.0;5.0;66.0;930.6;5.0;0.3333333333333333;7
83075;1997-04-20;0;26.6;16.6;3.5;1997;4;20;-23.43;-46.46;735;74.0;64.0;70.0;929.8;930.1;928.7;8;7;7;0.0;2.0;3.0;0.0;10.0;10.0;69.33333333333333;929.5333333333334;6.666666666666667;1.6666666666666667;7
83075;1997-04-22;0.1;24.3;16.8;5.5;1997;4;22;-23.43;-46.46;735;81.0;73.0;66.0;932.9;933.4;932.1;4;8;4;2.0;0.0;3.0;10.0;2.0;6.0;73.33333333333333;932.8000000000001;6.0;1.6666666666666667;4
83075;1997-04-23;0;23.6;15.3;1.5;1997;4;23;-23.43;-46.46;735;80.0;82.0;80.0;933.3;933.4;931.2;4;3;4;1.0;2.0;3.0;10.0;10.0;8.0;80.66666666666667;932.6333333333332;9.333333333333334;2.0;4
83075;1997-04-24;0;27.5;17;7.9;1997;4;24;-23.43;-46.46;735;82.0;73.0;45.0;932.6;931.8;929.8;3;3;7;2.0;1.0;3.0;10.0;4.0;2.0;66.66666666666667;931.4;5.333333333333333;2.0;3
83075;1997-04-25;0;28.5;13.7;9.1;1997;4;25;-23.43;-46.46;735;85.0;77.0;46.0;930.3;930.4;927.0;8;8;7;0.0;0.0;6.0;0.0;0.0;4.0;69.33333333333333;929.2333333333332;1.3333333333333333;2.0;7
83075;1997-04-26;0;25;15.2;6.1;1997;4;26;-23.43;-46.46;735;68.0;73.0;71.0;927.8;929.2;928.2;7;8;4;1.0;0.0;3.0;1.0;5.0;9.0;70.66666666666667;928.4;5.0;1.3333333333333333;7
83075;1997-04-27;0;26.5;15.2;6.4;1997;4;27;-23.43;-46.46;735;88.0;86.0;59.0;930.4;931.6;930.2;4;8;8;2.0;0.0;0.0;10.0;10.0;2.0;77.66666666666667;930.7333333333332;7.333333333333333;0.6666666666666666;4
83075;1997-04-28;0;26.9;17.3;8.5;1997;4;28;-23.43;-46.46;735;84.0;72.0;49.0;932.4;932.3;929.9;4;8;7;1.0;0.0;3.0;10.0;5.0;6.0;68.33333333333333;931.5333333333333;7.0;1.3333333333333333;4
83075;1997-04-29;0;27;14;9.4;1997;4;29;-23.43;-46.46;735;60.0;54.0;40.0;931.2;933.4;931.6;8;8;7;0.0;0.0;5.0;0.0;0.0;1.0;51.333333333333336;932.0666666666666;0.3333333333333333;1.6666666666666667;7
83075;1997-04-30;0;27.4;14;7.9;1997;4;30;-23.43;-46.46;735;48.0;94.0;45.0;933.0;934.5;932.2;8;8;7;0.0;0.0;2.0;0.0;8.0;6.0;62.333333333333336;933.2333333333332;4.666666666666667;0.6666666666666666;7
83075;1997-05-01;0.1;26;16.5;4.2;1997;5;1;-23.43;-46.46;735;83.0;86.0;65.0;927.2;928.1;925.7;8;8;4;0.0;0.0;6.0;10.0;10.0;10.0;78.0;927.0;10.0;2.0;4
83075;1997-05-02;0;32.7;20.2;8.9;1997;5;2;-23.43;-46.46;735;69.0;67.0;38.0;930.9;933.5;931.7;3;8;4;1.0;0.0;1.0;0.0;0.0;6.0;58.0;932.0333333333334;2.0;0.6666666666666666;3
83075;1997-05-03;0;30.3;19.1;6.5;1997;5;3;-23.43;-46.46;735;79.0;78.0;55.0;931.0;931.0;929.1;4;8;7;1.0;0.0;3.0;10.0;9.0;9.0;70.66666666666667;930.3666666666667;9.333333333333334;1.3333333333333333;4
83075;1997-05-04;0.1;25.2;15;0;1997;5;4;-23.43;-46.46;735;65.0;77.0;70.0;930.8;934.5;933.4;8;4;4;0.0;4.0;2.0;4.0;10.0;10.0;70.66666666666667;932.9;8.0;2.0;4
83075;1997-05-05;0;25.4;16.6;4.3;1997;5;5;-23.43;-46.46;735;83.0;81.0;61.0;939.3;938.4;936.1;4;3;4;2.0;3.0;2.0;10.0;10.0;6.0;75.0;937.9333333333333;8.666666666666666;2.3333333333333335;4
83075;1997-05-06;38.9;17.6;14.2;0;1997;5;6;-23.43;-46.46;735;90.0;92.0;86.0;928.3;926.5;924.6;3;8;8;1.0;0.0;0.0;10.0;10.0;10.0;89.33333333333333;926.4666666666667;10.0;0.3333333333333333;3
83075;1997-05-07;0;21.5;12.3;5.6;1997;5;7;-23.43;-46.46;735;74.0;71.0;56.0;936.3;939.9;937.6;5;4;3;1.0;1.0;5.0;10.0;9.0;9.0;67.0;937.9333333333333;9.333333333333334;2.3333333333333335;5
83075;1997-05-08;0;17.2;12.4;0;1997;5;8;-23.43;-46.46;735;83.0;84.0;88.0;938.5;941.9;942.4;4;4;4;2.0;3.0;3.0;10.0;10.0;10.0;85.0;940.9333333333334;10.0;2.6666666666666665;4
83075;1997-05-09;0.2;25.4;17.8;1.5;1997;5;9;-23.43;-46.46;735;49.0;68.0;72.0;929.2;930.8;930.6;7;8;8;1.0;0.0;0.0;2.0;9.0;10.0;63.0;930.1999999999999;7.0;0.3333333333333333;7
83075;1997-05-10;0;32.7;12.8;10;1997;5;10;-23.43;-46.46;735;76.0;69.0;42.0;930.9;931.9;931.4;8;8;7;0.0;0.0;4.0;0.0;2.0;9.0;62.333333333333336;931.4;3.6666666666666665;1.3333333333333333;7
83075;1997-05-11;0;28.4;18.5;6.6;1997;5;11;-23.43;-46.46;735;85.0;68.0;70.0;935.1;935.7;933.4;4;8;4;2.0;0.0;4.0;9.0;2.0;9.0;74.33333333333333;934.7333333333335;6.666666666666667;2.0;4
83075;1997-05-12;22.6;29.6;17;8.5;1997;5;12;-23.43;-46.46;735;91.0;72.0;52.0;926.1;929.4;928.2;8;3;8;0.0;3.0;0.0;0.0;4.0;8.0;71.66666666666667;927.9;4.0;1.0;3
83075;1997-05-13;0;22.9;13.6;6.9;1997;5;13;-23.43;-46.46;735;78.0;65.0;52.0;932.6;933.7;932.3;8;4;8;0.0;2.0;0.0;1.0;0.0;6.0;65.0;932.8666666666668;2.3333333333333335;0.6666666666666666;4
83075;1997-05-14;0;20;13.5;0.5;1997;5;14;-23.43;-46.46;735;82.0;78.0;72.0;934.4;935.1;934.0;8;3;4;0.0;3.0;3.0;6.0;10.0;10.0;77.33333333333333;934.5;8.666666666666666;2.0;3
83075;1997-05-15;0;19.8;12.5;0.6;1997;5;15;-23.43;-46.46;735;80.0;76.0;57.0;934.8;935.1;933.9;3;3;3;4.0;3.0;3.0;10.0;9.0;10.0;71.0;934.6;9.666666666666666;3.3333333333333335;3
83075;1997-05-16;0;22.1;12.6;1.2;1997;5;16;-23.43;-46.46;735;84.0;83.0;63.0;935.3;936.7;935.0;3;3;3;2.0;2.0;1.0;6.0;10.0;9.0;76.66666666666667;935.6666666666666;8.333333333333334;1.6666666666666667;3
83075;1997-05-17;0;23.7;12.8;5.5;1997;5;17;-23.43;-46.46;735;80.0;85.0;55.0;936.8;939.9;936.0;8;4;4;0.0;1.0;1.0;4.0;10.0;6.0;73.33333333333333;937.5666666666666;6.666666666666667;0.6666666666666666;4
83075;1997-05-18;0;25.2;13.4;9.2;1997;5;18;-23.43;-46.46;735;85.0;77.0;50.0;936.8;938.0;935.0;8;3;8;0.0;3.0;0.0;0.0;0.0;4.0;70.66666666666667;936.6;1.3333333333333333;1.0;3
83075;1997-05-19;0;26;13;7.2;1997;5;19;-23.43;-46.46;735;83.0;87.0;51.0;935.5;936.5;933.3;4;4;8;1.0;1.0;0.0;2.0;10.0;6.0;73.66666666666667;935.1;6.0;0.6666666666666666;4
83075;1997-05-20;0;27.2;13.7;9;1997;5;20;-23.43;-46.46;735;78.0;74.0;43.0;933.6;935.3;932.6;8;8;7;0.0;0.0;1.0;0.0;0.0;6.0;65.0;933.8333333333334;2.0;0.3333333333333333;7
83075;1997-05-21;0;26.7;13.6;6.4;1997;5;21;-23.43;-46.46;735;74.0;72.0;44.0;932.8;932.8;929.7;8;8;7;0.0;0.0;3.0;0.0;10.0;10.0;63.333333333333336;931.7666666666668;6.666666666666667;1.0;7
83075;1997-05-22;0;23;15.6;1;1997;5;22;-23.43;-46.46;735;73.0;69.0;68.0;929.7;930.5;930.8;8;0;7;0.0;3.0;6.0;1.0;10.0;10.0;70.0;930.3333333333334;7.0;3.0;0
83075;1997-05-23;1.7;20.4;13.3;6.6;1997;5;23;-23.43;-46.46;735;85.0;81.0;61.0;934.1;938.1;936.5;7;8;4;1.0;0.0;7.0;10.0;9.0;9.0;75.66666666666667;936.2333333333332;9.333333333333334;2.6666666666666665;7
83075;1997-05-24;0;18.8;14.2;0;1997;5;24;-23.43;-46.46;735;82.0;86.0;80.0;939.0;938.1;936.0;4;3;4;3.0;2.0;1.0;10.0;10.0;10.0;82.66666666666667;937.6999999999999;10.0;2.0;4
83075;1997-05-25;53;19.2;12.5;0.9;1997;5;25;-23.43;-46.46;735;94.0;87.0;84.0;936.3;933.6;933.2;8;8;5;0.0;0.0;1.0;10.0;10.0;10.0;88.33333333333333;934.3666666666668;10.0;0.3333333333333333;5
83075;1997-05-26;2.4;19.8;11;3.7;1997;5;26;-23.43;-46.46;735;86.0;89.0;62.0;935.2;936.0;934.7;4;8;4;1.0;0.0;1.0;10.0;9.0;8.0;79.0;935.3000000000001;9.0;0.6666666666666666;4
83075;1997-05-27;0;23;12;6.6;1997;5;27;-23.43;-46.46;735;83.0;76.0;59.0;936.3;936.8;933.1;4;3;8;1.0;2.0;0.0;10.0;6.0;9.0;72.66666666666667;935.4;8.333333333333334;1.0;4
83075;1997-05-28;12.2;20;12.8;0;1997;5;28;-23.43;-46.46;735;89.0;81.0;87.0;933.6;934.5;929.9;8;6;7;0.0;2.0;1.0;6.0;10.0;10.0;85.66666666666667;932.6666666666666;8.666666666666666;1.0;6
83075;1997-05-29;12.4;19.8;13.2;6.9;1997;5;29;-23.43;-46.46;735;85.0;80.0;59.0;929.8;932.6;931.7;7;7;5;1.0;1.0;2.0;4.0;2.0;6.0;74.66666666666667;931.3666666666668;4.0;1.3333333333333333;7
83075;1997-05-30;1.2;17.4;11.4;2.1;1997;5;30;-23.43;-46.46;735;78.0;89.0;79.0;935.1;937.5;936.5;4;5;4;3.0;2.0;4.0;9.0;10.0;9.0;82.0;936.3666666666667;9.333333333333334;3.0;4
83075;1997-05-31;1.4;16.4;10.7;1.3;1997;5;31;-23.43;-46.46;735;85.0;91.0;75.0;937.8;938.7;937.1;8;4;3;0.0;1.0;2.0;9.0;10.0;9.0;83.66666666666667;937.8666666666667;9.333333333333334;1.0;4
83075;1997-06-01;0;29.6;18.7;6.2;1997;6;1;-23.43;-46.46;735;82.0;72.0;69.0;926.8;929.3;928.4;4;8;4;1.0;0.0;6.0;8.0;4.0;9.0;74.33333333333333;928.1666666666666;7.0;2.3333333333333335;4
83075;1997-06-02;0;31.6;19.3;7.9;1997;6;2;-23.43;-46.46;735;72.0;69.0;38.0;931.1;934.5;932.4;8;4;4;0.0;1.0;3.0;2.0;8.0;5.0;59.666666666666664;932.6666666666666;5.0;1.3333333333333333;4
83075;1997-06-03;9.7;30;17.9;7.4;1997;6;3;-23.43;-46.46;735;90.0;70.0;58.0;929.6;930.7;928.9;8;8;7;0.0;0.0;3.0;10.0;2.0;9.0;72.66666666666667;929.7333333333335;7.0;1.0;7
83075;1997-06-04;0;19.7;14.6;0;1997;6;4;-23.43;-46.46;735;83.0;83.0;74.0;935.0;935.9;936.5;8;4;4;0.0;2.0;5.0;10.0;10.0;10.0;80.0;935.8000000000001;10.0;2.3333333333333335;4
83075;1997-06-05;0;24.6;15.5;7.1;1997;6;5;-23.43;-46.46;735;82.0;82.0;49.0;936.9;937.4;935.5;8;3;8;0.0;1.0;0.0;10.0;9.0;4.0;71.0;936.6;7.666666666666667;0.3333333333333333;3
83075;1997-06-06;11.3;19.5;14;3;1997;6;6;-23.43;-46.46;735;87.0;85.0;74.0;924.7;925.7;924.8;8;8;7;0.0;0.0;7.0;5.0;10.0;9.0;82.0;925.0666666666666;8.0;2.3333333333333335;7
83075;1997-06-08;0.2;24;12.1;6.7;1997;6;8;-23.43;-46.46;735;87.0;86.0;56.0;942.8;942.2;939.5;8;3;3;0.0;2.0;1.0;10.0;10.0;10.0;76.33333333333333;941.5;10.0;1.0;3
83075;1997-06-09;0;23.4;15.4;4.9;1997;6;9;-23.43;-46.46;735;65.0;67.0;66.0;930.6;931.5;931.0;8;4;4;0.0;1.0;3.0;8.0;9.0;10.0;66.0;931.0333333333333;9.0;1.3333333333333333;4
83075;1997-06-10;0;26;15.2;7.4;1997;6;10;-23.43;-46.46;735;69.0;82.0;87.0;930.7;934.7;935.3;8;3;4;0.0;2.0;6.0;0.0;10.0;10.0;79.33333333333333;933.5666666666666;6.666666666666667;2.6666666666666665;3
83075;1997-06-11;0;30.2;19.4;4.4;1997;6;11;-23.43;-46.46;735;83.0;83.0;59.0;935.9;936.0;933.7;4;8;7;1.0;0.0;1.0;10.0;2.0;10.0;75.0;935.2000000000002;7.333333333333333;0.6666666666666666;4
83075;1997-06-12;0;31.1;17.9;9.4;1997;6;12;-23.43;-46.46;735;74.0;66.0;54.0;929.7;932.2;930.7;8;3;4;0.0;2.0;3.0;4.0;9.0;6.0;64.66666666666667;930.8666666666668;6.333333333333333;1.6666666666666667;3
83075;1997-06-15;5.1;17.9;14.4;0;1997;6;15;-23.43;-46.46;735;87.0;87.0;90.0;929.5;929.8;925.7;0;0;7;0.3;0.4;0.2;10.0;10.0;10.0;88.0;928.3333333333334;10.0;0.3;0
83075;1997-06-16;3.4;19.8;12.6;8;1997;6;16;-23.43;-46.46;735;81.0;73.0;51.0;925.7;927.9;927.0;7;6;7;0.3;0.5;0.8;8.0;9.0;4.0;68.33333333333333;926.8666666666667;7.0;0.5333333333333333;7
83075;1997-06-17;0;19.2;11.4;0.5;1997;6;17;-23.43;-46.46;735;68.0;78.0;61.0;929.9;933.8;932.8;7;7;8;0.2;1.0;0.0;0.0;9.0;10.0;69.0;932.1666666666666;6.333333333333333;0.39999999999999997;7
83075;1997-06-18;0;20.8;10.4;6.2;1997;6;18;-23.43;-46.46;735;76.0;87.0;64.0;934.1;936.5;935.0;8;8;3;0.0;0.0;2.0;9.0;10.0;9.0;75.66666666666667;935.1999999999999;9.333333333333334;0.6666666666666666;3
83075;1997-06-19;0;26.6;12.8;4.4;1997;6;19;-23.43;-46.46;735;89.0;90.0;52.0;935.2;933.9;930.0;8;8;1;0.0;0.0;0.6;10.0;10.0;10.0;77.0;933.0333333333333;10.0;0.19999999999999998;1
83075;1997-06-20;15.7;21.8;12.6;0;1997;6;20;-23.43;-46.46;735;79.0;87.0;79.0;930.8;932.0;929.5;8;8;7;0.0;0.0;2.0;9.0;10.0;10.0;81.66666666666667;930.7666666666668;9.666666666666666;0.6666666666666666;7
83075;1997-06-21;12.2;27.4;12.2;8;1997;6;21;-23.43;-46.46;735;93.0;90.0;57.0;931.8;932.2;930.2;8;8;1;0.0;0.0;0.3;2.0;1.0;4.0;80.0;931.4;2.3333333333333335;0.09999999999999999;1
83075;1997-06-22;0;27.4;15;8;1997;6;22;-23.43;-46.46;735;84.0;82.0;56.0;931.0;933.3;930.9;8;8;7;0.0;0.0;5.0;0.0;0.0;1.0;74.0;931.7333333333332;0.3333333333333333;1.6666666666666667;7
83075;1997-06-23;0;27.6;14.2;8.1;1997;6;23;-23.43;-46.46;735;81.0;81.0;46.0;930.8;931.7;929.8;8;8;7;0.0;0.0;4.0;0.0;0.0;2.0;69.33333333333333;930.7666666666668;0.6666666666666666;1.3333333333333333;7
83075;1997-06-24;0;26.8;14.2;8.3;1997;6;24;-23.43;-46.46;735;78.0;77.0;46.0;929.8;931.5;930.7;8;8;7;0.0;0.0;3.0;0.0;0.0;1.0;67.0;930.6666666666666;0.3333333333333333;1.0;7
83075;1997-06-26;0;26;11.7;7.9;1997;6;26;-23.43;-46.46;735;67.0;67.0;45.0;930.1;929.9;928.8;8;7;7;0.0;3.0;5.0;0.0;0.0;10.0;59.666666666666664;929.6;3.3333333333333335;2.6666666666666665;7
83075;1997-06-30;0;17.2;12.2;0;1997;6;30;-23.43;-46.46;735;91.0;89.0;84.0;934.2;934.9;934.8;8;8;4;0.0;0.0;3.0;10.0;10.0;10.0;88.0;934.6333333333332;10.0;1.0;4
83075;1997-07-01;0.2;32.1;18.2;8.5;1997;7;1;-23.43;-46.46;735;86.0;63.0;44.0;929.5;932.4;930.5;8;8;7;0.0;0.0;1.0;10.0;2.0;6.0;64.33333333333333;930.8000000000001;6.0;0.3333333333333333;7
83075;1997-07-02;0;31.4;19.5;7.8;1997;7;2;-23.43;-46.46;735;78.0;74.0;56.0;933.9;935.2;933.9;3;8;4;2.0;0.0;5.0;5.0;8.0;5.0;69.33333333333333;934.3333333333334;6.0;2.3333333333333335;3
83075;1997-07-03;40.9;31.9;17.9;8.3;1997;7;3;-23.43;-46.46;735;89.0;75.0;55.0;930.4;932.2;929.7;3;8;7;4.0;0.0;3.0;10.0;2.0;6.0;73.0;930.7666666666668;6.0;2.3333333333333335;3
83075;1997-07-04;0;21.2;14.7;1.4;1997;7;4;-23.43;-46.46;735;81.0;84.0;64.0;938.2;938.6;938.1;4;4;4;3.0;4.0;4.0;10.0;8.0;9.0;76.33333333333333;938.3000000000001;9.0;3.6666666666666665;4
83075;1997-07-05;0;24.5;12.7;6.5;1997;7;5;-23.43;-46.46;735;84.0;74.0;57.0;937.3;938.0;935.0;3;3;4;1.0;1.0;4.0;2.0;0.0;6.0;71.66666666666667;936.7666666666668;2.6666666666666665;2.0;3
83075;1997-07-06;0;20.7;12;1.4;1997;7;6;-23.43;-46.46;735;80.0;71.0;49.0;925.7;926.4;923.5;7;7;7;3.0;1.0;4.0;0.0;0.0;0.0;66.66666666666667;925.1999999999999;0.0;2.6666666666666665;7
83075;1997-07-08;0;27.6;14;9.1;1997;7;8;-23.43;-46.46;735;82.0;77.0;44.0;940.6;939.6;936.5;3;8;7;1.0;0.0;2.0;10.0;0.0;4.0;67.66666666666667;938.9;4.666666666666667;1.0;3
83075;1997-07-09;0;27;15.6;8.7;1997;7;9;-23.43;-46.46;735;75.0;74.0;44.0;932.2;931.3;927.2;3;4;3;2.0;1.0;1.0;10.0;9.0;0.0;64.33333333333333;930.2333333333332;6.333333333333333;1.3333333333333333;3
83075;1997-07-10;4.9;18.4;14.8;0;1997;7;10;-23.43;-46.46;735;91.0;84.0;82.0;936.9;938.3;938.0;8;5;4;0.0;3.0;5.0;10.0;10.0;10.0;85.66666666666667;937.7333333333332;10.0;2.6666666666666665;5
83075;1997-07-11;8.3;30.7;19.7;3.9;1997;7;11;-23.43;-46.46;735;79.0;76.0;66.0;934.7;934.2;930.6;8;8;4;0.0;0.0;4.0;8.0;9.0;9.0;73.66666666666667;933.1666666666666;8.666666666666666;1.3333333333333333;4
83075;1997-07-12;0;28.5;19.2;2.1;1997;7;12;-23.43;-46.46;735;76.0;76.0;59.0;933.0;932.5;930.0;4;8;8;1.0;0.0;0.0;10.0;10.0;9.0;70.33333333333333;931.8333333333334;9.666666666666666;0.3333333333333333;4
83075;1997-07-13;0;25.3;14.2;7.9;1997;7;13;-23.43;-46.46;735;83.0;85.0;49.0;935.5;936.3;934.3;4;8;7;1.0;0.0;4.0;10.0;4.0;5.0;72.33333333333333;935.3666666666667;6.333333333333333;1.6666666666666667;4
83075;1997-07-14;0;25.3;13.6;8.3;1997;7;14;-23.43;-46.46;735;72.0;78.0;44.0;934.6;935.8;934.1;8;8;6;0.0;0.0;1.0;9.0;9.0;4.0;64.66666666666667;934.8333333333334;7.333333333333333;0.3333333333333333;6
83075;1997-07-15;0;28.5;12.3;8.6;1997;7;15;-23.43;-46.46;735;74.0;69.0;43.0;934.8;936.2;933.3;8;8;7;0.0;0.0;3.0;0.0;0.0;1.0;62.0;934.7666666666668;0.3333333333333333;1.0;7
83075;1997-07-16;0;27.8;13;8.2;1997;7;16;-23.43;-46.46;735;74.0;74.0;43.0;934.2;935.6;933.2;8;8;7;0.0;0.0;5.0;0.0;10.0;10.0;63.666666666666664;934.3333333333334;6.666666666666667;1.6666666666666667;7
83075;1997-07-17;0;23.2;15.6;0.8;1997;7;17;-23.43;-46.46;735;71.0;75.0;78.0;935.0;937.6;936.8;8;8;4;0.0;0.0;2.0;10.0;10.0;9.0;74.66666666666667;936.4666666666666;9.666666666666666;0.6666666666666666;4
83075;1997-07-18;0;21.7;13.8;4.4;1997;7;18;-23.43;-46.46;735;87.0;87.0;70.0;937.8;940.4;938.2;3;3;3;1.0;2.0;1.0;10.0;10.0;6.0;81.33333333333333;938.7999999999998;8.666666666666666;1.3333333333333333;3
83075;1997-07-19;0;26.6;14.4;8.7;1997;7;19;-23.43;-46.46;735;84.0;79.0;45.0;939.6;939.6;936.9;3;3;8;1.0;1.0;0.0;10.0;1.0;1.0;69.33333333333333;938.6999999999999;4.0;0.6666666666666666;3
83075;1997-07-20;0;26.6;14.1;8.5;1997;7;20;-23.43;-46.46;735;73.0;78.0;38.0;938.3;938.9;936.4;8;8;0;0.0;0.0;2.0;4.0;1.0;4.0;63.0;937.8666666666667;3.0;0.6666666666666666;0
83075;1997-07-21;0.4;18.4;12.8;0;1997;7;21;-23.43;-46.46;735;84.0;86.0;86.0;936.6;936.0;935.2;8;0;1;0.0;3.0;3.0;10.0;10.0;10.0;85.33333333333333;935.9333333333334;10.0;2.0;0
83075;1997-07-22;6.3;21.1;12.2;8.7;1997;7;22;-23.43;-46.46;735;84.0;72.0;53.0;935.9;937.1;936.0;7;6;0;2.0;4.0;3.0;10.0;6.0;1.0;69.66666666666667;936.3333333333334;5.666666666666667;3.0;7
83075;1997-07-23;0;20.1;12;4.3;1997;7;23;-23.43;-46.46;735;85.0;79.0;60.0;938.1;940.8;938.8;8;3;4;0.0;3.0;4.0;0.0;10.0;8.0;74.66666666666667;939.2333333333332;6.0;2.3333333333333335;3
83075;1997-07-24;0;20;13;1.4;1997;7;24;-23.43;-46.46;735;82.0;90.0;70.0;941.5;941.5;940.9;4;4;4;1.0;3.0;3.0;9.0;10.0;6.0;80.66666666666667;941.3000000000001;8.333333333333334;2.3333333333333335;4
83075;1997-07-25;0;21.3;12.4;5.8;1997;7;25;-23.43;-46.46;735;82.0;84.0;52.0;941.5;942.6;940.4;4;4;4;1.0;1.0;1.0;10.0;9.0;6.0;72.66666666666667;941.5;8.333333333333334;1.0;4
83075;1997-07-26;0;21.7;11.9;8.8;1997;7;26;-23.43;-46.46;735;83.0;80.0;55.0;941.0;941.0;938.3;4;8;8;1.0;0.0;0.0;4.0;2.0;6.0;72.66666666666667;940.1;4.0;0.3333333333333333;4
83075;1997-07-27;0;23.5;11.8;7.2;1997;7;27;-23.43;-46.46;735;85.0;85.0;42.0;939.1;939.4;936.4;4;3;8;1.0;1.0;0.0;10.0;10.0;4.0;70.66666666666667;938.3000000000001;8.0;0.6666666666666666;4
83075;1997-07-30;0;26;10.8;7.3;1997;7;30;-23.43;-46.46;735;70.0;65.0;37.0;935.1;937.7;935.6;8;8;5;0.0;0.0;3.0;0.0;0.0;9.0;57.333333333333336;936.1333333333333;3.0;1.0;5
83075;1997-07-31;0;27.8;13.8;8.2;1997;7;31;-23.43;-46.46;735;64.0;52.0;38.0;936.1;936.7;935.2;8;8;7;0.0;0.0;1.0;2.0;6.0;6.0;51.333333333333336;936.0;4.666666666666667;0.3333333333333333;7
83075;1997-08-01;0;32.7;20;6.4;1997;8;1;-23.43;-46.46;735;80.0;74.0;46.0;932.3;932.8;929.8;8;8;7;0.0;0.0;1.0;1.0;8.0;9.0;66.66666666666667;931.6333333333332;6.0;0.3333333333333333;7
83075;1997-08-02;0;31.8;19.2;9.1;1997;8;2;-23.43;-46.46;735;75.0;73.0;37.0;935.0;935.0;933.2;4;8;4;3.0;0.0;3.0;9.0;5.0;6.0;61.666666666666664;934.4;6.666666666666667;2.0;4
83075;1997-08-03;7.2;30.4;18;6.5;1997;8;3;-23.43;-46.46;735;81.0;72.0;59.0;932.0;934.0;931.5;8;8;4;0.0;0.0;5.0;9.0;1.0;9.0;70.66666666666667;932.5;6.333333333333333;1.6666666666666667;4
83075;1997-08-04;0.2;22.3;14.2;3.5;1997;8;4;-23.43;-46.46;735;73.0;72.0;67.0;939.0;937.3;937.0;3;2;4;5.0;5.0;2.0;9.0;8.0;9.0;70.66666666666667;937.7666666666668;8.666666666666666;4.0;3
83075;1997-08-05;0;25.1;15.4;6.1;1997;8;5;-23.43;-46.46;735;78.0;79.0;55.0;937.4;937.7;935.1;4;8;3;1.0;0.0;2.0;9.0;4.0;6.0;70.66666666666667;936.7333333333332;6.333333333333333;1.0;4
83075;1997-08-06;0;15.4;5.5;8.6;1997;8;6;-23.43;-46.46;735;62.0;63.0;48.0;924.1;927.1;926.6;7;7;7;2.0;0.4;0.5;2.0;0.0;0.0;57.666666666666664;925.9333333333334;0.6666666666666666;0.9666666666666667;7
83075;1997-08-07;0;23.9;14.8;6.7;1997;8;7;-23.43;-46.46;735;84.0;79.0;56.0;937.1;937.5;934.9;8;3;4;0.0;3.0;1.0;10.0;10.0;8.0;73.0;936.5;9.333333333333334;1.3333333333333333;3
83075;1997-08-08;3;22;11.2;0;1997;8;8;-23.43;-46.46;735;64.0;82.0;88.0;936.9;938.0;938.5;8;5;5;0.0;3.0;3.0;8.0;10.0;10.0;78.0;937.8000000000001;9.333333333333334;2.0;5
83075;1997-08-09;0;32.7;12.8;8.8;1997;8;9;-23.43;-46.46;735;85.0;80.0;28.0;928.1;928.4;925.0;8;3;7;0.0;1.0;2.0;0.0;0.0;4.0;64.33333333333333;927.1666666666666;1.3333333333333333;1.0;3
83075;1997-08-10;0;20.6;14.8;0;1997;8;10;-23.43;-46.46;735;84.0;81.0;87.0;940.0;937.8;936.0;3;3;4;3.0;1.0;3.0;10.0;10.0;10.0;84.0;937.9333333333334;10.0;2.3333333333333335;3
83075;1997-08-11;19.1;28.2;19.4;6.3;1997;8;11;-23.43;-46.46;735;88.0;70.0;57.0;932.5;932.9;930.6;8;4;4;0.0;1.0;1.0;10.0;9.0;6.0;71.66666666666667;932.0;8.333333333333334;0.6666666666666666;4
83075;1997-08-12;15.2;29.4;20;2.1;1997;8;12;-23.43;-46.46;735;91.0;79.0;70.0;930.3;930.4;929.5;8;7;4;0.0;2.0;4.0;9.0;10.0;10.0;80.0;930.0666666666666;9.666666666666666;2.0;7
83075;1997-08-14;0;26.2;11.2;8.9;1997;8;14;-23.43;-46.46;735;80.0;79.0;39.0;937.7;938.4;935.4;3;8;4;4.0;0.0;1.0;4.0;4.0;0.0;66.0;937.1666666666666;2.6666666666666665;1.6666666666666667;3
83075;1997-08-15;0;29;11.3;8.6;1997;8;15;-23.43;-46.46;735;83.0;87.0;34.0;936.6;937.8;934.7;8;8;7;0.0;0.0;3.0;0.0;6.0;0.0;68.0;936.3666666666668;2.0;1.0;7
83075;1997-08-16;0;29.2;12.1;9.5;1997;8;16;-23.43;-46.46;735;72.0;70.0;31.0;935.8;937.3;934.0;8;8;7;0.0;0.0;1.0;0.0;2.0;0.0;57.666666666666664;935.6999999999999;0.6666666666666666;0.3333333333333333;7
83075;1997-08-17;0;28.5;11.7;9.6;1997;8;17;-23.43;-46.46;735;63.0;64.0;31.0;934.6;936.9;933.7;8;8;7;0.0;0.0;4.0;0.0;0.0;1.0;52.666666666666664;935.0666666666666;0.3333333333333333;1.3333333333333333;7
83075;1997-08-18;0;28.9;13.2;9.6;1997;8;18;-23.43;-46.46;735;62.0;63.0;37.0;934.6;936.6;933.4;8;8;7;0.0;0.0;2.0;0.0;0.0;0.0;54.0;934.8666666666667;0.0;0.6666666666666666;7
83075;1997-08-19;0;29.2;14.6;9.5;1997;8;19;-23.43;-46.46;735;50.0;63.0;37.0;934.3;935.7;933.4;8;8;7;0.0;0.0;1.0;0.0;0.0;0.0;50.0;934.4666666666667;0.0;0.3333333333333333;7
83075;1997-08-20;0;29.3;14.3;7.5;1997;8;20;-23.43;-46.46;735;58.0;48.0;35.0;934.7;934.5;932.9;8;8;7;0.0;0.0;3.0;0.0;1.0;9.0;47.0;934.0333333333333;3.3333333333333335;1.0;7
83075;1997-08-21;0;22.4;15.4;0;1997;8;21;-23.43;-46.46;735;62.0;78.0;66.0;935.7;936.3;934.2;8;4;8;0.0;1.0;0.0;0.0;10.0;10.0;68.66666666666667;935.4;6.666666666666667;0.3333333333333333;4
83075;1997-08-22;0;29.4;14.8;5.1;1997;8;22;-23.43;-46.46;735;87.0;84.0;36.0;936.2;935.4;932.1;4;8;7;1.0;0.0;2.0;0.0;10.0;6.0;69.0;934.5666666666666;5.333333333333333;1.0;4
83075;1997-08-23;0;20.6;15.8;0;1997;8;23;-23.43;-46.46;735;87.0;84.0;74.0;933.8;934.8;932.3;3;4;3;1.0;3.0;1.0;10.0;10.0;10.0;81.66666666666667;933.6333333333332;10.0;1.6666666666666667;3
83075;1997-08-25;0;22;12.8;4.2;1997;8;25;-23.43;-46.46;735;85.0;74.0;53.0;932.4;935.8;935.1;8;3;4;0.0;2.0;2.0;9.0;9.0;6.0;70.66666666666667;934.4333333333333;8.0;1.3333333333333333;3
83075;1997-08-26;0;24;12;7.1;1997;8;26;-23.43;-46.46;735;81.0;78.0;50.0;937.7;938.9;936.5;3;3;4;2.0;1.0;3.0;10.0;10.0;0.0;69.66666666666667;937.6999999999999;6.666666666666667;2.0;3
83075;1997-08-27;0;27.2;13.2;8;1997;8;27;-23.43;-46.46;735;86.0;86.0;40.0;938.7;939.6;937.2;8;3;3;0.0;3.0;1.0;10.0;10.0;0.0;70.66666666666667;938.5;6.666666666666667;1.3333333333333333;3
83075;1997-08-28;0;28.4;11.7;9.4;1997;8;28;-23.43;-46.46;735;63.0;75.0;28.0;938.6;939.0;936.5;8;8;3;0.0;0.0;1.0;0.0;0.0;0.0;55.333333333333336;938.0333333333333;0.0;0.3333333333333333;3
83075;1997-08-29;0;27.6;12.4;9.3;1997;8;29;-23.43;-46.46;735;53.0;70.0;43.0;936.5;936.9;934.4;8;8;4;0.0;0.0;3.0;0.0;0.0;0.0;55.333333333333336;935.9333333333334;0.0;1.0;4
83075;1997-08-30;0;28.2;11;6.2;1997;8;30;-23.43;-46.46;735;76.0;86.0;46.0;935.3;936.8;933.9;8;8;3;0.0;0.0;1.0;0.0;10.0;0.0;69.33333333333333;935.3333333333334;3.3333333333333335;0.3333333333333333;3
83075;1997-08-31;0;29.5;12.9;9.2;1997;8;31;-23.43;-46.46;735;81.0;77.0;26.0;934.9;936.1;933.0;8;8;5;0.0;0.0;2.0;0.0;0.0;1.0;61.333333333333336;934.6666666666666;0.3333333333333333;0.6666666666666666;5
83075;1997-09-01;13;27.5;19.8;0.7;1997;9;1;-23.43;-46.46;735;84.0;73.0;63.0;931.6;931.8;930.1;8;8;7;0.0;0.0;1.0;10.0;10.0;10.0;73.33333333333333;931.1666666666666;10.0;0.3333333333333333;7
83075;1997-09-02;0;29.8;15;6;1997;9;2;-23.43;-46.46;735;83.0;71.0;92.0;933.8;934.6;934.3;4;2;0;3.0;1.0;2.0;1.0;4.0;10.0;82.0;934.2333333333332;5.0;2.0;4
83075;1997-09-03;0;28.9;19.2;5.3;1997;9;3;-23.43;-46.46;735;81.0;81.0;58.0;933.5;934.8;933.1;4;8;4;2.0;0.0;3.0;9.0;9.0;8.0;73.33333333333333;933.8000000000001;8.666666666666666;1.6666666666666667;4
83075;1997-09-04;0.2;24.2;14.6;7.2;1997;9;4;-23.43;-46.46;735;88.0;77.0;56.0;937.5;938.9;934.4;4;3;8;3.0;3.0;0.0;10.0;8.0;6.0;73.66666666666667;936.9333333333334;8.0;2.0;4
83075;1997-09-05;0;24.3;16;4;1997;9;5;-23.43;-46.46;735;82.0;84.0;70.0;937.9;936.6;935.2;3;8;4;1.0;0.0;3.0;10.0;6.0;10.0;78.66666666666667;936.5666666666666;8.666666666666666;1.3333333333333333;3
83075;1997-09-08;4.5;14.6;10;2.3;1997;9;8;-23.43;-46.46;735;82.0;76.0;65.0;941.3;943.0;941.2;5;3;4;5.0;4.0;7.0;10.0;9.0;10.0;74.33333333333333;941.8333333333334;9.666666666666666;5.333333333333333;5
83075;1997-09-09;0;35.2;16.7;8.5;1997;9;9;-23.43;-46.46;735;56.0;38.0;27.0;925.4;926.6;924.3;8;7;7;0.0;3.0;7.0;0.0;0.0;0.0;40.333333333333336;925.4333333333334;0.0;3.3333333333333335;7
83075;1997-09-10;2.1;30.6;15.8;0;1997;9;10;-23.43;-46.46;735;87.0;82.0;51.0;937.5;935.2;932.0;4;3;8;1.0;2.0;0.0;10.0;4.0;4.0;73.33333333333333;934.9;6.0;1.0;4
83075;1997-09-11;0;33.9;18.2;10.7;1997;9;11;-23.43;-46.46;735;83.0;71.0;38.0;931.8;931.0;929.0;8;8;4;0.0;0.0;1.0;9.0;0.0;1.0;64.0;930.6;3.3333333333333335;0.3333333333333333;4
83075;1997-09-12;0;29.9;17.2;2.6;1997;9;12;-23.43;-46.46;735;82.0;77.0;61.0;934.7;930.6;929.4;4;7;4;3.0;1.0;3.0;9.0;6.0;10.0;73.33333333333333;931.5666666666667;8.333333333333334;2.3333333333333335;4
83075;1997-09-13;0;32.7;13.6;8;1997;9;13;-23.43;-46.46;735;76.0;71.0;45.0;930.7;929.7;927.0;8;8;7;0.0;0.0;4.0;0.0;1.0;2.0;64.0;929.1333333333333;1.0;1.3333333333333333;7
83075;1997-09-14;0;28.2;19.6;1.4;1997;9;14;-23.43;-46.46;735;55.0;74.0;60.0;928.2;932.3;929.2;7;7;7;3.0;6.0;4.0;0.0;10.0;8.0;63.0;929.9;6.0;4.333333333333333;7
83075;1997-09-15;0.2;21.5;14.2;0;1997;9;15;-23.43;-46.46;735;86.0;84.0;89.0;931.8;933.4;934.0;8;5;4;0.0;1.0;1.0;10.0;10.0;10.0;86.33333333333333;933.0666666666666;10.0;0.6666666666666666;5
83075;1997-09-16;22.7;22.4;13.6;7.2;1997;9;16;-23.43;-46.46;735;87.0;68.0;56.0;934.1;935.9;932.5;4;3;3;2.0;3.0;3.0;10.0;9.0;8.0;70.33333333333333;934.1666666666666;9.0;2.6666666666666665;4
83075;1997-09-17;0;26.8;13;6.7;1997;9;17;-23.43;-46.46;735;81.0;82.0;29.0;933.5;933.0;930.1;4;8;4;3.0;0.0;4.0;10.0;10.0;1.0;64.0;932.1999999999999;7.0;2.3333333333333335;4
83075;1997-09-18;0;20.7;14.6;;1997;9;18;-23.43;-46.46;735;66.0;69.0;66.0;930.7;932.2;931.5;8;4;4;0.0;2.0;5.0;4.0;9.0;10.0;67.0;931.4666666666667;7.666666666666667;2.3333333333333335;4
83075;1997-09-19;0;26;11.8;6;1997;9;19;-23.43;-46.46;735;80.0;69.0;61.0;932.9;933.2;931.3;3;4;4;2.0;1.0;3.0;10.0;10.0;5.0;70.0;932.4666666666666;8.333333333333334;2.0;3
83075;1997-09-20;1.3;21.2;11.8;0.2;1997;9;20;-23.43;-46.46;735;81.0;90.0;92.0;931.0;930.3;928.0;4;7;8;2.0;1.0;0.0;10.0;10.0;10.0;87.66666666666667;929.7666666666668;10.0;1.0;4
83075;1997-09-21;35.1;22.7;15.8;0;1997;9;21;-23.43;-46.46;735;93.0;75.0;65.0;928.0;928.4;929.0;8;7;6;0.0;4.0;2.0;10.0;9.0;9.0;77.66666666666667;928.4666666666667;9.333333333333334;2.0;7
83075;1997-09-22;0.8;20.7;14.5;1.2;1997;9;22;-23.43;-46.46;735;88.0;85.0;69.0;931.4;933.4;932.1;4;4;4;2.0;3.0;4.0;10.0;10.0;9.0;80.66666666666667;932.3000000000001;9.666666666666666;3.0;4
83075;1997-09-23;0;22.2;13;1.1;1997;9;23;-23.43;-46.46;735;84.0;79.0;66.0;933.7;933.3;931.1;4;4;4;2.0;1.0;2.0;10.0;10.0;8.0;76.33333333333333;932.6999999999999;9.333333333333334;1.6666666666666667;4
83075;1997-09-24;0;31.9;13.8;2.3;1997;9;24;-23.43;-46.46;735;88.0;83.0;37.0;932.0;931.9;929.0;8;8;7;0.0;0.0;2.0;10.0;0.0;4.0;69.33333333333333;930.9666666666667;4.666666666666667;0.6666666666666666;7
83075;1997-09-25;2.4;26.9;16;8.5;1997;9;25;-23.43;-46.46;735;52.0;83.0;74.0;931.1;933.6;932.0;8;8;4;0.0;0.0;5.0;0.0;9.0;10.0;69.66666666666667;932.2333333333332;6.333333333333333;1.6666666666666667;4
83075;1997-09-26;26.4;17.6;15.4;1;1997;9;26;-23.43;-46.46;735;92.0;86.0;82.0;936.5;938.1;937.4;8;4;4;0.0;4.0;4.0;10.0;10.0;10.0;86.66666666666667;937.3333333333334;10.0;2.6666666666666665;4
83075;1997-09-27;0;20.7;14.4;0;1997;9;27;-23.43;-46.46;735;88.0;83.0;41.0;938.8;939.4;935.7;4;3;3;1.0;2.0;2.0;10.0;10.0;10.0;70.66666666666667;937.9666666666666;10.0;1.6666666666666667;4
83075;1997-09-28;0;30.7;15.2;0;1997;9;28;-23.43;-46.46;735;86.0;84.0;52.0;936.9;936.9;931.6;3;3;8;3.0;1.0;0.0;10.0;9.0;5.0;74.0;935.1333333333333;8.0;1.3333333333333333;3
83075;1997-09-29;0;27.8;16.8;7.2;1997;9;29;-23.43;-46.46;735;83.0;78.0;90.0;933.2;931.8;930.1;8;3;8;0.0;1.0;0.0;1.0;10.0;10.0;83.66666666666667;931.6999999999999;7.0;0.3333333333333333;3
83075;1997-09-30;20.5;28;16.6;0;1997;9;30;-23.43;-46.46;735;91.0;78.0;72.0;932.6;933.9;931.9;3;8;3;1.0;0.0;1.0;10.0;10.0;10.0;80.33333333333333;932.8000000000001;10.0;0.6666666666666666;3
83075;1997-10-01;0;27.4;19.3;0.2;1997;10;1;-23.43;-46.46;735;79.0;74.0;82.0;930.4;930.5;929.5;8;8;7;0.0;0.0;4.0;10.0;10.0;10.0;78.33333333333333;930.1333333333333;10.0;1.3333333333333333;7
83075;1997-10-03;2.3;29.7;18.2;6.7;1997;10;3;-23.43;-46.46;735;83.0;77.0;51.0;934.3;934.7;933.8;4;8;3;2.0;0.0;1.0;8.0;5.0;9.0;70.33333333333333;934.2666666666668;7.333333333333333;1.0;4
83075;1997-10-04;0;25.2;13;7.7;1997;10;4;-23.43;-46.46;735;80.0;69.0;46.0;936.4;936.3;934.3;4;3;8;3.0;2.0;0.0;9.0;0.0;6.0;65.0;935.6666666666666;5.0;1.6666666666666667;4
83075;1997-10-05;0;24.2;15;4.2;1997;10;5;-23.43;-46.46;735;82.0;82.0;60.0;936.5;937.3;936.9;8;8;4;0.0;0.0;2.0;10.0;10.0;9.0;74.66666666666667;936.9;9.666666666666666;0.6666666666666666;4
83075;1997-10-06;0;19.4;9.8;6.4;1997;10;6;-23.43;-46.46;735;84.0;84.0;57.0;935.4;936.5;935.0;3;8;8;1.0;0.0;0.0;8.0;10.0;0.0;75.0;935.6333333333333;6.0;0.3333333333333333;3
83075;1997-10-08;0;17;7;6.8;1997;10;8;-23.43;-46.46;735;76.0;77.0;55.0;942.1;941.5;938.7;4;3;4;5.0;1.0;3.0;10.0;8.0;5.0;69.33333333333333;940.7666666666668;7.666666666666667;3.0;4
83075;1997-10-09;0;29.1;16;0;1997;10;9;-23.43;-46.46;735;54.0;75.0;73.0;926.0;930.0;928.8;8;4;4;0.0;1.0;3.0;4.0;10.0;10.0;67.33333333333333;928.2666666666668;8.0;1.3333333333333333;4
83075;1997-10-10;0;32;17.3;6.8;1997;10;10;-23.43;-46.46;735;82.0;69.0;43.0;932.2;933.1;928.5;8;8;7;0.0;0.0;2.0;1.0;9.0;4.0;64.66666666666667;931.2666666666668;4.666666666666667;0.6666666666666666;7
83075;1997-10-11;0;33.9;19.5;10.6;1997;10;11;-23.43;-46.46;735;62.0;66.0;55.0;930.6;929.7;927.1;8;4;4;0.0;1.0;2.0;0.0;0.0;0.0;61.0;929.1333333333333;0.0;1.0;4
83075;1997-10-12;0;29.2;17;9.7;1997;10;12;-23.43;-46.46;735;80.0;75.0;50.0;931.1;930.8;929.5;4;3;4;3.0;1.0;5.0;4.0;1.0;5.0;68.33333333333333;930.4666666666667;3.3333333333333335;3.0;4
83075;1997-10-13;0;34.3;17.1;7.9;1997;10;13;-23.43;-46.46;735;83.0;74.0;30.0;931.0;929.5;927.1;3;8;4;1.0;0.0;2.0;10.0;10.0;4.0;62.333333333333336;929.1999999999999;8.0;1.0;3
83075;1997-10-14;0;29.7;18;7;1997;10;14;-23.43;-46.46;735;82.0;72.0;59.0;931.9;931.9;928.5;4;3;4;1.0;2.0;3.0;10.0;10.0;10.0;71.0;930.7666666666668;10.0;2.0;4
83075;1997-10-15;0;35.4;17.8;7.4;1997;10;15;-23.43;-46.46;735;86.0;74.0;37.0;930.3;926.9;927.0;3;3;5;3.0;2.0;4.0;10.0;10.0;9.0;65.66666666666667;928.0666666666666;9.666666666666666;3.0;3
83075;1997-10-16;10.2;23.2;17;7.2;1997;10;16;-23.43;-46.46;735;93.0;79.0;75.0;928.8;927.7;927.5;4;8;4;2.0;0.0;3.0;10.0;10.0;10.0;82.33333333333333;928.0;10.0;1.6666666666666667;4
83075;1997-10-17;3.4;18.4;13.3;0;1997;10;17;-23.43;-46.46;735;91.0;88.0;72.0;929.3;933.7;931.9;3;4;4;1.0;3.0;2.0;10.0;10.0;10.0;83.66666666666667;931.6333333333333;10.0;2.0;3
83075;1997-10-18;0;22.2;13.4;0;1997;10;18;-23.43;-46.46;735;81.0;75.0;61.0;933.6;933.7;931.2;4;4;3;3.0;3.0;2.0;10.0;10.0;6.0;72.33333333333333;932.8333333333334;8.666666666666666;2.6666666666666665;4
83075;1997-10-19;2.6;24.1;13.2;2.6;1997;10;19;-23.43;-46.46;735;79.0;79.0;72.0;933.3;934.5;932.5;4;4;4;2.0;3.0;4.0;9.0;9.0;10.0;76.66666666666667;933.4333333333334;9.333333333333334;3.0;4
83075;1997-10-20;0.5;19.3;15.9;5.3;1997;10;20;-23.43;-46.46;735;81.0;86.0;95.0;934.8;932.7;932.1;4;3;4;4.0;3.0;1.0;10.0;10.0;10.0;87.33333333333333;933.1999999999999;10.0;2.6666666666666665;4
83075;1997-10-21;20.4;20.8;15.8;0;1997;10;21;-23.43;-46.46;735;90.0;90.0;88.0;931.9;932.0;929.5;4;3;8;1.0;2.0;0.0;10.0;10.0;10.0;89.33333333333333;931.1333333333333;10.0;1.0;4
83075;1997-10-22;13.7;21.4;15.8;0;1997;10;22;-23.43;-46.46;735;88.0;77.0;67.0;932.8;931.5;931.1;8;8;4;0.0;0.0;2.0;10.0;10.0;10.0;77.33333333333333;931.8000000000001;10.0;0.6666666666666666;4
83075;1997-10-23;0.2;23.5;15.6;0.9;1997;10;23;-23.43;-46.46;735;83.0;77.0;64.0;932.1;932.5;931.0;4;4;4;2.0;2.0;4.0;10.0;9.0;5.0;74.66666666666667;931.8666666666667;8.0;2.6666666666666665;4
83075;1997-10-24;0;29.7;15.9;5.7;1997;10;24;-23.43;-46.46;735;82.0;74.0;40.0;931.5;929.3;927.0;4;8;7;2.0;0.0;3.0;9.0;4.0;9.0;65.33333333333333;929.2666666666668;7.333333333333333;1.6666666666666667;4
83075;1997-10-26;1.9;25.4;16.5;9.3;1997;10;26;-23.43;-46.46;735;87.0;75.0;82.0;926.2;927.6;926.5;8;8;4;0.0;0.0;4.0;10.0;6.0;10.0;81.33333333333333;926.7666666666668;8.666666666666666;1.3333333333333333;4
83075;1997-10-27;3.2;27;15.7;2.2;1997;10;27;-23.43;-46.46;735;90.0;69.0;52.0;928.9;930.2;926.9;8;3;4;0.0;3.0;2.0;2.0;8.0;6.0;70.33333333333333;928.6666666666666;5.333333333333333;1.6666666666666667;3
83075;1997-10-29;0;33.4;18.9;9.2;1997;10;29;-23.43;-46.46;735;62.0;61.0;40.0;927.5;927.8;927.2;8;8;7;0.0;0.0;1.0;0.0;2.0;8.0;54.333333333333336;927.5;3.3333333333333335;0.3333333333333333;7
83075;1997-10-30;0;25.7;19.8;5.9;1997;10;30;-23.43;-46.46;735;82.0;65.0;79.0;931.1;930.8;931.9;5;8;4;3.0;0.0;3.0;8.0;4.0;10.0;75.33333333333333;931.2666666666668;7.333333333333333;2.0;5
83075;1997-10-31;1.1;29.8;18.9;3.4;1997;10;31;-23.43;-46.46;735;82.0;81.0;80.0;934.5;935.2;931.6;4;8;8;2.0;0.0;0.0;9.0;10.0;5.0;81.0;933.7666666666668;8.0;0.6666666666666666;4
83075;1997-11-01;29.6;27.1;15.4;0.8;1997;11;1;-23.43;-46.46;735;91.0;84.0;66.0;929.1;929.7;928.3;8;7;7;0.0;1.0;1.0;10.0;10.0;8.0;80.33333333333333;929.0333333333334;9.333333333333334;0.6666666666666666;7
83075;1997-11-03;18.2;30.2;19;8.5;1997;11;3;-23.43;-46.46;735;83.0;77.0;48.0;933.8;934.5;932.2;3;3;8;4.0;2.0;0.0;8.0;4.0;5.0;69.33333333333333;933.5;5.666666666666667;2.0;3
83075;1997-11-05;0;24.2;14.3;6.8;1997;11;5;-23.43;-46.46;735;81.0;80.0;59.0;937.4;939.3;935.7;5;4;4;1.0;2.0;2.0;10.0;1.0;8.0;73.33333333333333;937.4666666666666;6.333333333333333;1.6666666666666667;5
83075;1997-11-06;0;23.9;6.9;7.4;1997;11;6;-23.43;-46.46;735;87.0;85.0;45.0;935.2;935.3;931.5;8;8;7;0.0;0.0;3.0;0.0;0.0;8.0;72.33333333333333;934.0;2.6666666666666665;1.0;7
83075;1997-11-08;0;21.7;8.2;8.7;1997;11;8;-23.43;-46.46;735;83.0;79.0;55.0;940.3;939.3;935.4;8;3;8;0.0;1.0;0.0;4.0;2.0;0.0;72.33333333333333;938.3333333333334;2.0;0.3333333333333333;3
83075;1997-11-09;0;17.4;13.4;0;1997;11;9;-23.43;-46.46;735;82.0;77.0;73.0;931.9;932.8;930.7;4;4;4;1.0;1.0;3.0;10.0;10.0;10.0;77.33333333333333;931.7999999999998;10.0;1.6666666666666667;4
83075;1997-11-10;0;30.4;19.8;9.7;1997;11;10;-23.43;-46.46;735;65.0;51.0;64.0;930.3;929.1;928.1;8;8;4;0.0;0.0;3.0;4.0;6.0;9.0;60.0;929.1666666666666;6.333333333333333;1.0;4
83075;1997-11-11;0;35.8;19.4;9.2;1997;11;11;-23.43;-46.46;735;67.0;63.0;45.0;928.7;928.4;925.2;8;8;4;0.0;0.0;4.0;0.0;4.0;6.0;58.333333333333336;927.4333333333334;3.3333333333333335;1.3333333333333333;4
83075;1997-11-12;0;28.6;16.7;4.4;1997;11;12;-23.43;-46.46;735;79.0;74.0;61.0;930.6;931.2;929.9;4;8;5;3.0;0.0;4.0;4.0;9.0;10.0;71.33333333333333;930.5666666666667;7.666666666666667;2.3333333333333335;4
83075;1997-11-13;0;32.9;21.4;4.9;1997;11;13;-23.43;-46.46;735;68.0;61.0;72.0;926.4;926.8;925.5;8;0;7;0.0;2.0;3.0;10.0;4.0;10.0;67.0;926.2333333333332;8.0;1.6666666666666667;0
83075;1997-11-14;2.7;26.5;18.1;1;1997;11;14;-23.43;-46.46;735;74.0;73.0;76.0;927.7;929.6;929.3;8;4;4;0.0;2.0;3.0;9.0;10.0;10.0;74.33333333333333;928.8666666666668;9.666666666666666;1.6666666666666667;4
83075;1997-11-15;4.3;20.7;16.7;0;1997;11;15;-23.43;-46.46;735;82.0;90.0;83.0;932.6;933.5;932.5;4;8;4;4.0;0.0;3.0;10.0;10.0;10.0;85.0;932.8666666666667;10.0;2.3333333333333335;4
83075;1997-11-17;16.4;26;18.3;0.3;1997;11;17;-23.43;-46.46;735;91.0;86.0;75.0;933.5;933.4;931.2;8;8;3;0.0;0.0;1.0;10.0;10.0;10.0;84.0;932.7000000000002;10.0;0.3333333333333333;3
83075;1997-11-18;16.4;21.9;17.4;0;1997;11;18;-23.43;-46.46;735;91.0;87.0;91.0;932.5;931.1;929.6;8;8;7;0.0;0.0;1.0;10.0;10.0;10.0;89.66666666666667;931.0666666666666;10.0;0.3333333333333333;7
83075;1997-11-19;43.1;20.5;16.2;0;1997;11;19;-23.43;-46.46;735;90.0;80.0;77.0;931.0;932.1;932.1;8;4;4;0.0;2.0;4.0;10.0;10.0;10.0;82.33333333333333;931.7333333333332;10.0;2.0;4
83075;1997-11-20;0;26;15.9;5.6;1997;11;20;-23.43;-46.46;735;88.0;73.0;69.0;932.7;932.1;930.5;4;8;4;1.0;0.0;4.0;10.0;9.0;9.0;76.66666666666667;931.7666666666668;9.333333333333334;1.6666666666666667;4
83075;1997-11-21;0;32.8;17.8;8.8;1997;11;21;-23.43;-46.46;735;84.0;72.0;46.0;930.1;929.4;926.7;3;8;0;2.0;0.0;3.0;10.0;4.0;9.0;67.33333333333333;928.7333333333332;7.666666666666667;1.6666666666666667;3
83075;1997-11-22;16.3;30.5;19;6.3;1997;11;22;-23.43;-46.46;735;72.0;69.0;56.0;928.7;929.4;928.7;8;8;7;0.0;0.0;2.0;9.0;10.0;9.0;65.66666666666667;928.9333333333334;9.333333333333334;0.6666666666666666;7
83075;1997-11-23;0;30.6;19.4;1.8;1997;11;23;-23.43;-46.46;735;89.0;80.0;62.0;931.0;931.0;927.7;4;4;7;2.0;2.0;2.0;10.0;10.0;8.0;77.0;929.9;9.333333333333334;2.0;4
83075;1997-11-24;1.3;31;18.9;6.3;1997;11;24;-23.43;-46.46;735;74.0;61.0;74.0;929.2;928.3;927.7;3;8;4;3.0;0.0;6.0;8.0;9.0;9.0;69.66666666666667;928.4;8.666666666666666;3.0;3
83075;1997-11-25;7.4;25.2;18.8;0.8;1997;11;25;-23.43;-46.46;735;86.0;77.0;72.0;929.9;930.6;929.0;5;4;4;1.0;2.0;3.0;9.0;10.0;9.0;78.33333333333333;929.8333333333334;9.333333333333334;2.0;5
83075;1997-11-26;1.9;24.9;18.5;0.1;1997;11;26;-23.43;-46.46;735;82.0;88.0;81.0;929.9;929.5;927.1;4;4;8;3.0;2.0;0.0;9.0;10.0;10.0;83.66666666666667;928.8333333333334;9.666666666666666;1.6666666666666667;4
83075;1997-11-27;10.1;26.5;19.4;0.3;1997;11;27;-23.43;-46.46;735;92.0;86.0;65.0;927.8;926.6;924.8;8;0;7;0.0;3.0;3.0;10.0;10.0;10.0;81.0;926.4;10.0;2.0;0
83075;1997-11-28;20.2;22.4;15.5;0.4;1997;11;28;-23.43;-46.46;735;86.0;92.0;87.0;926.6;929.5;928.9;7;8;8;2.0;0.0;0.0;4.0;10.0;10.0;88.33333333333333;928.3333333333334;8.0;0.6666666666666666;7
83075;1997-11-29;5;23.7;13.6;7.4;1997;11;29;-23.43;-46.46;735;83.0;74.0;60.0;929.7;928.8;927.2;4;4;4;3.0;2.0;4.0;10.0;9.0;6.0;72.33333333333333;928.5666666666666;8.333333333333334;3.0;4
83075;1997-11-30;0;25.5;16.1;5.8;1997;11;30;-23.43;-46.46;735;80.0;64.0;59.0;928.5;927.9;926.0;4;4;4;4.0;2.0;3.0;8.0;8.0;6.0;67.66666666666667;927.4666666666667;7.333333333333333;3.0;4
83075;1997-12-01;1.5;28.5;19.9;2.7;1997;12;1;-23.43;-46.46;735;90.0;80.0;79.0;929.6;929.7;928.3;8;7;8;0.0;2.0;0.0;9.0;9.0;9.0;83.0;929.2000000000002;9.0;0.6666666666666666;7
83075;1997-12-02;1.9;30;17.7;5.4;1997;12;2;-23.43;-46.46;735;86.0;75.0;76.0;932.7;933.4;932.3;8;8;4;0.0;0.0;5.0;4.0;2.0;8.0;79.0;932.7999999999998;4.666666666666667;1.6666666666666667;4
83075;1997-12-03;0;31.3;17.1;9.5;1997;12;3;-23.43;-46.46;735;80.0;74.0;45.0;933.0;933.1;931.4;8;8;7;0.0;0.0;3.0;6.0;1.0;6.0;66.33333333333333;932.5;4.333333333333333;1.0;7
83075;1997-12-04;0;27.1;13;5.9;1997;12;4;-23.43;-46.46;735;75.0;65.0;48.0;932.4;931.2;928.1;8;8;6;0.0;0.0;3.0;2.0;9.0;9.0;62.666666666666664;930.5666666666666;6.666666666666667;1.0;6
83075;1997-12-05;0;26.8;14.2;7.1;1997;12;5;-23.43;-46.46;735;86.0;87.0;42.0;936.2;935.2;931.7;4;8;7;1.0;0.0;1.0;9.0;9.0;4.0;71.66666666666667;934.3666666666668;7.333333333333333;0.6666666666666666;4
83075;1997-12-06;0;22.4;9.9;6.6;1997;12;6;-23.43;-46.46;735;66.0;80.0;59.0;932.4;932.7;931.5;7;0;0;2.0;3.0;3.0;10.0;6.0;8.0;68.33333333333333;932.1999999999999;8.0;2.6666666666666665;7
83075;1997-12-08;0;24.7;8.8;7;1997;12;8;-23.43;-46.46;735;81.0;88.0;53.0;936.9;936.7;936.4;8;8;4;0.0;0.0;3.0;0.0;10.0;0.0;74.0;936.6666666666666;3.3333333333333335;1.0;4
83075;1997-12-09;0;23.9;11.1;5.9;1997;12;9;-23.43;-46.46;735;83.0;77.0;60.0;934.9;934.2;930.4;4;4;4;3.0;1.0;1.0;10.0;10.0;0.0;73.33333333333333;933.1666666666666;6.666666666666667;1.6666666666666667;4
83075;1997-12-11;0.3;32.3;20.3;4.7;1997;12;11;-23.43;-46.46;735;63.0;68.0;57.0;927.1;927.1;925.3;8;8;0;0.0;0.0;3.0;5.0;6.0;8.0;62.666666666666664;926.5;6.333333333333333;1.0;0
83075;1997-12-12;0;31;18.9;6.7;1997;12;12;-23.43;-46.46;735;79.0;73.0;72.0;931.6;930.7;929.8;4;5;3;3.0;1.0;4.0;9.0;8.0;9.0;74.66666666666667;930.7000000000002;8.666666666666666;2.6666666666666665;4
83075;1997-12-13;0;29.8;19.6;4.3;1997;12;13;-23.43;-46.46;735;84.0;69.0;83.0;930.8;930.0;929.4;8;8;7;0.0;0.0;1.0;9.0;2.0;10.0;78.66666666666667;930.0666666666666;7.0;0.3333333333333333;7
83075;1997-12-14;2;31;19.4;8.4;1997;12;14;-23.43;-46.46;735;87.0;67.0;55.0;929.6;929.3;925.7;8;8;0;0.0;0.0;4.0;10.0;6.0;8.0;69.66666666666667;928.2000000000002;8.0;1.3333333333333333;0
83075;1997-12-15;8.9;29;20.5;3.9;1997;12;15;-23.43;-46.46;735;72.0;78.0;66.0;926.7;926.9;926.2;7;4;7;4.0;2.0;4.0;9.0;10.0;5.0;72.0;926.6;8.0;3.3333333333333335;7
83075;1997-12-16;1.5;27.7;16.7;4.5;1997;12;16;-23.43;-46.46;735;74.0;70.0;84.0;928.6;929.9;930.2;8;4;4;0.0;1.0;4.0;2.0;8.0;10.0;76.0;929.5666666666666;6.666666666666667;1.6666666666666667;4
83075;1997-12-17;1.4;23.5;15.8;1.5;1997;12;17;-23.43;-46.46;735;81.0;67.0;71.0;933.8;934.2;934.4;4;3;4;4.0;4.0;3.0;10.0;5.0;10.0;73.0;934.1333333333333;8.333333333333334;3.6666666666666665;4
83075;1997-12-18;0.1;26.7;15.7;1.7;1997;12;18;-23.43;-46.46;735;85.0;85.0;66.0;936.1;936.6;934.7;4;5;3;3.0;1.0;2.0;10.0;10.0;9.0;78.66666666666667;935.8000000000001;9.666666666666666;2.0;4
83075;1997-12-19;0.1;32.4;18.3;9.6;1997;12;19;-23.43;-46.46;735;81.0;64.0;43.0;936.0;936.1;933.2;3;8;7;2.0;0.0;4.0;10.0;1.0;8.0;62.666666666666664;935.1;6.333333333333333;2.0;3
83075;1997-12-20;4.1;32.1;18.9;10.3;1997;12;20;-23.43;-46.46;735;81.0;57.0;50.0;934.0;934.6;932.2;8;0;7;0.0;3.0;2.0;5.0;9.0;6.0;62.666666666666664;933.6;6.666666666666667;1.6666666666666667;0
83075;1997-12-21;0;33.3;21;10.2;1997;12;21;-23.43;-46.46;735;65.0;60.0;44.0;932.6;933.5;931.2;8;7;7;0.0;2.0;2.0;8.0;4.0;6.0;56.333333333333336;932.4333333333334;6.0;1.3333333333333333;7
83075;1997-12-22;2.1;34.4;20.1;10.3;1997;12;22;-23.43;-46.46;735;85.0;61.0;42.0;933.0;933.0;932.7;8;0;7;0.0;1.0;2.0;10.0;1.0;4.0;62.666666666666664;932.9;5.0;1.0;0
83075;1997-12-23;0;35;22.5;10.6;1997;12;23;-23.43;-46.46;735;66.0;54.0;41.0;931.5;931.6;929.5;8;7;7;0.0;3.0;4.0;8.0;2.0;6.0;53.666666666666664;930.8666666666667;5.333333333333333;2.3333333333333335;7
83075;1997-12-24;0;32.7;23.5;7.6;1997;12;24;-23.43;-46.46;735;57.0;62.0;69.0;930.3;932.1;930.1;7;8;5;3.0;0.0;3.0;4.0;10.0;9.0;62.666666666666664;930.8333333333334;7.666666666666667;2.0;7
83075;1997-12-25;3;32.1;21;5.5;1997;12;25;-23.43;-46.46;735;79.0;76.0;64.0;932.9;932.1;929.8;4;8;3;1.0;0.0;1.0;10.0;10.0;8.0;73.0;931.6;9.333333333333334;0.6666666666666666;4
83075;1997-12-26;3.7;34.3;21.7;7.5;1997;12;26;-23.43;-46.46;735;79.0;70.0;48.0;931.6;929.6;926.4;4;8;8;1.0;0.0;0.0;10.0;8.0;6.0;65.66666666666667;929.1999999999999;8.0;0.3333333333333333;4
83075;1997-12-28;0;33.6;20.7;7.5;1997;12;28;-23.43;-46.46;735;64.0;63.0;46.0;926.5;928.0;926.5;7;7;8;2.0;3.0;0.0;8.0;5.0;6.0;57.666666666666664;927.0;6.333333333333333;1.6666666666666667;7
83075;1997-12-29;33.5;31.9;19.3;3.6;1997;12;29;-23.43;-46.46;735;92.0;76.0;49.0;928.8;930.9;929.4;8;7;7;0.0;1.0;2.0;10.0;10.0;9.0;72.33333333333333;929.6999999999999;9.666666666666666;1.0;7
83075;1997-12-30;0;34.6;22.7;10.4;1997;12;30;-23.43;-46.46;735;74.0;58.0;44.0;930.1;930.2;929.5;8;7;8;0.0;1.0;0.0;5.0;0.0;5.0;58.666666666666664;929.9333333333334;3.3333333333333335;0.3333333333333333;7
83075;1997-12-31;10.8;31.7;21;6.7;1997;12;31;-23.43;-46.46;735;63.0;70.0;65.0;931.3;931.5;931.2;7;8;5;1.0;0.0;3.0;6.0;9.0;8.0;66.0;931.3333333333334;7.666666666666667;1.3333333333333333;7
83075;1998-01-01;0;33.2;21.3;7.5;1998;1;1;-23.43;-46.46;735;82.0;73.0;71.0;931.3;931.5;930.9;4;3;3;1.0;1.0;2.0;9.0;4.0;10.0;75.33333333333333;931.2333333333332;7.666666666666667;1.3333333333333333;4
83075;1998-01-02;3;34.7;23.7;10;1998;1;2;-23.43;-46.46;735;66.0;64.0;49.0;930.5;931.2;929.8;7;8;7;1.0;0.0;3.0;5.0;2.0;6.0;59.666666666666664;930.5;4.333333333333333;1.3333333333333333;7
83075;1998-01-03;1.3;30.6;21.2;3.5;1998;1;3;-23.43;-46.46;735;79.0;81.0;64.0;929.3;929.5;928.2;6;8;7;2.0;0.0;3.0;8.0;8.0;9.0;74.66666666666667;929.0;8.333333333333334;1.6666666666666667;6
83075;1998-01-04;1.3;26.6;18.2;0.6;1998;1;4;-23.43;-46.46;735;88.0;88.0;89.0;931.7;931.7;930.9;4;8;4;2.0;0.0;3.0;10.0;10.0;10.0;88.33333333333333;931.4333333333334;10.0;1.6666666666666667;4
83075;1998-01-05;0;22;11.6;9.1;1998;1;5;-23.43;-46.46;735;64.0;75.0;52.0;929.2;930.1;928.3;7;0;0;4.0;2.0;2.0;0.0;8.0;0.0;63.666666666666664;929.2000000000002;2.6666666666666665;2.6666666666666665;7
83075;1998-01-06;0;20.8;10.6;7;1998;1;6;-23.43;-46.46;735;82.0;81.0;56.0;936.4;938.9;936.8;3;3;5;1.0;1.0;2.0;10.0;8.0;6.0;73.0;937.3666666666667;8.0;1.3333333333333333;3
83075;1998-01-07;0;25.3;11.4;7.7;1998;1;7;-23.43;-46.46;735;85.0;89.0;47.0;938.0;936.8;934.6;8;8;7;0.0;0.0;3.0;10.0;10.0;6.0;73.66666666666667;936.4666666666667;8.666666666666666;1.0;7
83075;1998-01-08;0;26.4;13.5;7.4;1998;1;8;-23.43;-46.46;735;88.0;82.0;44.0;937.5;937.1;933.3;3;8;0;2.0;0.0;1.0;10.0;6.0;5.0;71.33333333333333;935.9666666666666;7.0;1.0;3
83075;1998-01-09;0;24.1;13.4;7.2;1998;1;9;-23.43;-46.46;735;82.0;75.0;46.0;940.1;939.9;936.2;3;3;3;3.0;3.0;1.0;9.0;9.0;1.0;67.66666666666667;938.7333333333332;6.333333333333333;2.3333333333333335;3
83075;1998-01-10;4.8;20.1;15.2;0;1998;1;10;-23.43;-46.46;735;89.0;89.0;76.0;937.3;937.6;935.6;3;8;4;1.0;0.0;3.0;10.0;10.0;10.0;84.66666666666667;936.8333333333334;10.0;1.3333333333333333;3
83075;1998-01-11;0;21.8;14.9;0.4;1998;1;11;-23.43;-46.46;735;83.0;80.0;67.0;929.6;930.7;928.7;3;3;5;1.0;1.0;3.0;10.0;10.0;9.0;76.66666666666667;929.6666666666666;9.666666666666666;1.6666666666666667;3
83075;1998-01-12;0;29.7;16.1;8.3;1998;1;12;-23.43;-46.46;735;73.0;69.0;57.0;929.4;928.7;925.7;5;3;4;4.0;2.0;5.0;8.0;9.0;2.0;66.33333333333333;927.9333333333334;6.333333333333333;3.6666666666666665;5
83075;1998-01-13;6.9;29.2;19.5;2.5;1998;1;13;-23.43;-46.46;735;74.0;60.0;61.0;931.3;931.7;930.0;8;7;7;0.0;1.0;1.0;5.0;9.0;10.0;65.0;931.0;8.0;0.6666666666666666;7
83075;1998-01-14;0;31.4;20.4;4.2;1998;1;14;-23.43;-46.46;735;77.0;71.0;43.0;930.2;931.1;930.0;8;0;7;0.0;2.0;5.0;10.0;8.0;9.0;63.666666666666664;930.4333333333334;9.0;2.3333333333333335;0
83075;1998-01-15;0;32.2;21.7;5.7;1998;1;15;-23.43;-46.46;735;63.0;65.0;63.0;929.8;929.5;928.2;7;7;7;1.0;2.0;1.0;9.0;9.0;8.0;63.666666666666664;929.1666666666666;8.666666666666666;1.3333333333333333;7
83075;1998-01-16;19.1;29;19.6;3.9;1998;1;16;-23.43;-46.46;735;79.0;84.0;59.0;927.9;927.8;926.8;8;7;0;0.0;2.0;3.0;9.0;10.0;8.0;74.0;927.5;9.0;1.6666666666666667;7
83075;1998-01-17;10.1;29.4;17.7;5.8;1998;1;17;-23.43;-46.46;735;73.0;75.0;61.0;926.7;927.6;926.8;8;7;7;0.0;2.0;4.0;6.0;10.0;5.0;69.66666666666667;927.0333333333334;7.0;2.0;7
83075;1998-01-18;0.9;32.4;19.6;10.1;1998;1;18;-23.43;-46.46;735;85.0;69.0;49.0;926.5;928.4;927.8;8;7;0;0.0;3.0;3.0;1.0;4.0;6.0;67.66666666666667;927.5666666666666;3.6666666666666665;2.0;7
83075;1998-01-19;0;30.8;19.3;8;1998;1;19;-23.43;-46.46;735;79.0;75.0;70.0;929.3;931.6;930.0;8;3;4;0.0;1.0;1.0;5.0;6.0;9.0;74.66666666666667;930.3000000000001;6.666666666666667;0.6666666666666666;3
83075;1998-01-20;0;31.7;20.1;7.7;1998;1;20;-23.43;-46.46;735;79.0;75.0;46.0;933.6;931.7;930.8;3;3;7;1.0;1.0;3.0;6.0;2.0;8.0;66.66666666666667;932.0333333333334;5.333333333333333;1.6666666666666667;3
83075;1998-01-21;0.1;33.2;19.3;9.6;1998;1;21;-23.43;-46.46;735;75.0;68.0;40.0;931.2;932.4;930.4;8;8;0;0.0;0.0;1.0;9.0;0.0;5.0;61.0;931.3333333333334;4.666666666666667;0.3333333333333333;0
83075;1998-01-22;0;33;19.4;9.4;1998;1;22;-23.43;-46.46;735;70.0;67.0;42.0;931.4;931.0;929.8;8;8;7;0.0;0.0;1.0;8.0;1.0;4.0;59.666666666666664;930.7333333333332;4.333333333333333;0.3333333333333333;7
83075;1998-01-23;2.5;33.9;20.5;8.8;1998;1;23;-23.43;-46.46;735;77.0;65.0;43.0;930.4;929.9;927.6;8;8;7;0.0;0.0;1.0;5.0;1.0;8.0;61.666666666666664;929.3000000000001;4.666666666666667;0.3333333333333333;7
83075;1998-01-24;1;33.7;21.4;8.5;1998;1;24;-23.43;-46.46;735;82.0;68.0;44.0;929.3;929.8;927.6;8;8;7;0.0;0.0;3.0;5.0;8.0;8.0;64.66666666666667;928.9;7.0;1.0;7
83075;1998-01-25;0;31.4;20.8;5.6;1998;1;25;-23.43;-46.46;735;73.0;72.0;53.0;928.9;929.1;928.5;8;8;7;0.0;0.0;2.0;6.0;10.0;8.0;66.0;928.8333333333334;8.0;0.6666666666666666;7
83075;1998-01-26;0;33.6;20.9;7.5;1998;1;26;-23.43;-46.46;735;80.0;73.0;50.0;929.6;930.8;929.0;4;8;7;2.0;0.0;2.0;9.0;6.0;6.0;67.66666666666667;929.8000000000001;7.0;1.3333333333333333;4
83075;1998-01-27;0;34.3;22.2;11.5;1998;1;27;-23.43;-46.46;735;72.0;66.0;46.0;931.3;931.6;930.6;8;7;7;0.0;2.0;2.0;9.0;4.0;5.0;61.333333333333336;931.1666666666666;6.0;1.3333333333333333;7
83075;1998-01-28;27.2;34;20.1;8.6;1998;1;28;-23.43;-46.46;735;73.0;67.0;51.0;931.9;932.5;930.9;8;7;7;0.0;1.0;2.0;4.0;8.0;9.0;63.666666666666664;931.7666666666668;7.0;1.0;7
83075;1998-01-29;0.2;31.4;22.5;2;1998;1;29;-23.43;-46.46;735;93.0;79.0;68.0;932.5;932.8;931.3;8;8;4;0.0;0.0;5.0;10.0;10.0;9.0;80.0;932.1999999999999;9.666666666666666;1.6666666666666667;4
83075;1998-01-30;0;33.8;21.3;9.1;1998;1;30;-23.43;-46.46;735;82.0;76.0;46.0;932.8;931.9;929.4;4;8;7;2.0;0.0;3.0;10.0;8.0;5.0;68.0;931.3666666666667;7.666666666666667;1.6666666666666667;4
83075;1998-01-31;14;34.6;22.8;11.3;1998;1;31;-23.43;-46.46;735;84.0;62.0;47.0;931.6;931.8;930.3;8;7;7;0.0;1.0;1.0;10.0;8.0;4.0;64.33333333333333;931.2333333333332;7.333333333333333;0.6666666666666666;7
83075;1998-02-01;0;33.2;22;7.9;1998;2;1;-23.43;-46.46;735;79.0;63.0;51.0;931.5;930.6;928.5;3;8;7;1.0;0.0;3.0;4.0;6.0;8.0;64.33333333333333;930.1999999999999;6.0;1.3333333333333333;3
83075;1998-02-03;0;31.9;21.6;7.7;1998;2;3;-23.43;-46.46;735;80.0;71.0;55.0;929.3;930.8;930.0;8;7;7;0.0;3.0;3.0;8.0;9.0;8.0;68.66666666666667;930.0333333333333;8.333333333333334;2.0;7
83075;1998-02-04;8;21.7;15.7;2.1;1998;2;4;-23.43;-46.46;735;85.0;77.0;77.0;935.1;935.6;936.0;4;4;4;3.0;1.0;4.0;10.0;4.0;10.0;79.66666666666667;935.5666666666666;8.0;2.6666666666666665;4
83075;1998-02-05;0;24.8;11.8;9.1;1998;2;5;-23.43;-46.46;735;76.0;76.0;49.0;929.2;931.6;930.2;8;8;6;0.0;0.0;1.0;0.0;0.0;5.0;67.0;930.3333333333334;1.6666666666666667;0.3333333333333333;6
83075;1998-02-06;0;21.1;12.3;5.1;1998;2;6;-23.43;-46.46;735;82.0;84.0;57.0;937.8;940.1;937.5;5;3;3;1.0;2.0;2.0;9.0;10.0;2.0;74.33333333333333;938.4666666666667;7.0;1.6666666666666667;5
83075;1998-02-08;0;20.4;13.6;3.2;1998;2;8;-23.43;-46.46;735;76.0;62.0;72.0;933.7;933.1;931.5;8;7;7;0.0;2.0;2.0;0.0;8.0;9.0;70.0;932.7666666666668;5.666666666666667;1.3333333333333333;7
83075;1998-02-09;0;27.7;12.5;8.4;1998;2;9;-23.43;-46.46;735;80.0;79.0;37.0;936.5;937.7;934.1;3;8;8;3.0;0.0;0.0;0.0;8.0;0.0;65.33333333333333;936.1;2.6666666666666665;1.0;3
83075;1998-02-10;0;20.6;14.4;1;1998;2;10;-23.43;-46.46;735;87.0;77.0;76.0;936.2;935.7;934.7;5;4;4;3.0;1.0;1.0;9.0;9.0;10.0;80.0;935.5333333333334;9.333333333333334;1.6666666666666667;5
83075;1998-02-11;0;26.5;13.9;0;1998;2;11;-23.43;-46.46;735;81.0;74.0;80.0;929.6;930.9;932.5;5;3;5;3.0;1.0;3.0;6.0;9.0;10.0;78.33333333333333;931.0;8.333333333333334;2.3333333333333335;5
83075;1998-02-12;0;33.2;16.7;5.7;1998;2;12;-23.43;-46.46;735;84.0;75.0;43.0;927.5;927.7;926.0;4;8;7;1.0;0.0;2.0;9.0;5.0;9.0;67.33333333333333;927.0666666666666;7.666666666666667;1.0;4
83075;1998-02-13;11.8;19.5;16.6;0;1998;2;13;-23.43;-46.46;735;91.0;91.0;93.0;937.0;936.6;935.6;4;5;4;3.0;2.0;1.0;10.0;10.0;10.0;91.66666666666667;936.4;10.0;2.0;4
83075;1998-02-14;60.7;28.1;17.4;2.5;1998;2;14;-23.43;-46.46;735;91.0;93.0;64.0;936.4;935.6;933.9;4;8;3;1.0;0.0;3.0;10.0;10.0;9.0;82.66666666666667;935.3000000000001;9.666666666666666;1.3333333333333333;4
83075;1998-02-15;7.4;28.2;18.8;2.8;1998;2;15;-23.43;-46.46;735;89.0;79.0;96.0;935.2;935.1;933.3;3;1;8;1.0;1.0;0.0;10.0;9.0;10.0;88.0;934.5333333333334;9.666666666666666;0.6666666666666666;3
83075;1998-02-16;70.9;23.2;18.5;0;1998;2;16;-23.43;-46.46;735;91.0;92.0;70.0;933.9;931.9;929.1;8;8;7;0.0;0.0;2.0;10.0;10.0;10.0;84.33333333333333;931.6333333333333;10.0;0.6666666666666666;7
83075;1998-02-17;5.6;27.4;18.5;4.2;1998;2;17;-23.43;-46.46;735;93.0;78.0;78.0;928.5;929.2;928.1;8;7;8;0.0;3.0;0.0;8.0;8.0;9.0;83.0;928.6;8.333333333333334;1.0;7
83075;1998-02-18;8.6;30.5;17.1;10.9;1998;2;18;-23.43;-46.46;735;82.0;73.0;54.0;928.9;928.9;927.6;4;8;7;1.0;0.0;4.0;10.0;1.0;5.0;69.66666666666667;928.4666666666667;5.333333333333333;1.6666666666666667;4
83075;1998-02-19;0;32.6;18.8;8.5;1998;2;19;-23.43;-46.46;735;74.0;75.0;47.0;929.3;929.8;928.5;8;8;0;0.0;0.0;1.0;0.0;2.0;6.0;65.33333333333333;929.1999999999999;2.6666666666666665;0.3333333333333333;0
83075;1998-02-20;3.4;31.4;18.7;6.1;1998;2;20;-23.43;-46.46;735;78.0;63.0;51.0;929.7;930.4;928.1;8;8;7;0.0;0.0;1.0;6.0;4.0;9.0;64.0;929.4;6.333333333333333;0.3333333333333333;7
83075;1998-02-21;3.2;32.5;20.9;8.4;1998;2;21;-23.43;-46.46;735;84.0;65.0;47.0;929.1;930.9;928.0;8;8;7;0.0;0.0;2.0;5.0;5.0;8.0;65.33333333333333;929.3333333333334;6.0;0.6666666666666666;7
83075;1998-02-22;7.8;28.7;20.6;4.1;1998;2;22;-23.43;-46.46;735;85.0;72.0;79.0;930.3;932.1;930.9;8;8;4;0.0;0.0;2.0;0.0;5.0;10.0;78.66666666666667;931.1;5.0;0.6666666666666666;4
83075;1998-02-23;0;29.9;20.6;3.8;1998;2;23;-23.43;-46.46;735;84.0;78.0;60.0;932.4;933.2;930.9;4;3;4;1.0;2.0;1.0;10.0;8.0;8.0;74.0;932.1666666666666;8.666666666666666;1.3333333333333333;4
83075;1998-02-24;0.5;29;21.4;2.8;1998;2;24;-23.43;-46.46;735;80.0;78.0;84.0;932.4;931.7;930.1;4;3;8;3.0;2.0;0.0;9.0;8.0;10.0;80.66666666666667;931.4;9.0;1.6666666666666667;4
83075;1998-02-25;7.6;29.7;20.6;3.8;1998;2;25;-23.43;-46.46;735;90.0;77.0;65.0;930.9;929.9;931.2;8;7;7;0.0;2.0;3.0;10.0;8.0;10.0;77.33333333333333;930.6666666666666;9.333333333333334;1.6666666666666667;7
83075;1998-02-26;3.3;29.4;21.1;4.5;1998;2;26;-23.43;-46.46;735;81.0;73.0;69.0;929.2;929.0;927.6;3;7;0;1.0;2.0;4.0;9.0;8.0;9.0;74.33333333333333;928.6;8.666666666666666;2.3333333333333335;3
83075;1998-02-27;4;30.3;21.4;5.9;1998;2;27;-23.43;-46.46;735;87.0;76.0;69.0;930.2;930.4;929.2;7;8;8;3.0;0.0;0.0;10.0;9.0;8.0;77.33333333333333;929.9333333333334;9.0;1.0;7
83075;1998-02-28;2.4;28.7;21.4;1.1;1998;2;28;-23.43;-46.46;735;76.0;79.0;73.0;929.5;929.4;928.2;7;8;7;3.0;0.0;3.0;8.0;10.0;9.0;76.0;929.0333333333334;9.0;2.0;7
83075;1998-03-01;0;32.3;22.3;6.9;1998;3;1;-23.43;-46.46;735;73.0;74.0;65.0;929.1;930.3;928.7;8;3;4;0.0;1.0;4.0;9.0;8.0;9.0;70.66666666666667;929.3666666666668;8.666666666666666;1.6666666666666667;3
83075;1998-03-02;0;31.6;20.6;2.3;1998;3;2;-23.43;-46.46;735;78.0;80.0;58.0;932.5;932.8;930.6;4;5;3;1.0;1.0;2.0;8.0;10.0;8.0;72.0;931.9666666666667;8.666666666666666;1.3333333333333333;4
83075;1998-03-03;22;32.2;20.5;5.6;1998;3;3;-23.43;-46.46;735;75.0;79.0;65.0;932.4;933.5;931.6;8;3;8;0.0;2.0;0.0;9.0;8.0;10.0;73.0;932.5;9.0;0.6666666666666666;3
83075;1998-03-04;0.2;21.2;14.6;8.3;1998;3;4;-23.43;-46.46;735;86.0;67.0;53.0;938.5;940.4;939.3;4;4;4;3.0;5.0;6.0;10.0;8.0;9.0;68.66666666666667;939.4;9.0;4.666666666666667;4
83075;1998-03-05;0;19.7;14.8;0;1998;3;5;-23.43;-46.46;735;82.0;81.0;78.0;932.0;933.1;932.3;8;3;8;0.0;1.0;0.0;10.0;10.0;10.0;80.33333333333333;932.4666666666666;10.0;0.3333333333333333;3
83075;1998-03-06;0;19.2;13.5;1.7;1998;3;6;-23.43;-46.46;735;83.0;76.0;69.0;939.6;941.1;939.2;4;4;4;3.0;1.0;3.0;10.0;9.0;9.0;76.0;939.9666666666667;9.333333333333334;2.3333333333333335;4
83075;1998-03-07;0;20.5;14.6;0;1998;3;7;-23.43;-46.46;735;89.0;80.0;78.0;936.7;937.5;937.2;4;4;4;1.0;2.0;4.0;10.0;10.0;10.0;82.33333333333333;937.1333333333333;10.0;2.3333333333333335;4
83075;1998-03-08;2.2;24.8;13;8.5;1998;3;8;-23.43;-46.46;735;88.0;76.0;49.0;932.2;933.9;931.7;7;7;7;5.0;1.0;1.0;0.0;1.0;2.0;71.0;932.6;1.0;2.3333333333333335;7
83075;1998-03-09;0;30.3;13.8;9.2;1998;3;9;-23.43;-46.46;735;61.0;62.0;37.0;933.4;934.7;931.3;8;8;7;0.0;0.0;2.0;0.0;0.0;0.0;53.333333333333336;933.1333333333332;0.0;0.6666666666666666;7
83075;1998-03-10;0;26.9;15.3;4.8;1998;3;10;-23.43;-46.46;735;86.0;80.0;88.0;935.2;934.3;929.4;3;3;3;3.0;3.0;3.0;9.0;8.0;10.0;84.66666666666667;932.9666666666667;9.0;3.0;3
83075;1998-03-11;0;25.6;13.2;0;1998;3;11;-23.43;-46.46;735;93.0;73.0;91.0;933.2;933.1;930.8;3;3;4;3.0;1.0;3.0;8.0;10.0;10.0;85.66666666666667;932.3666666666668;9.333333333333334;2.3333333333333335;3
83075;1998-03-12;0;34.5;18.2;9.1;1998;3;12;-23.43;-46.46;735;58.0;64.0;26.0;927.9;930.1;928.3;8;5;4;0.0;1.0;1.0;1.0;2.0;6.0;49.333333333333336;928.7666666666668;3.0;0.6666666666666666;5
83075;1998-03-13;0;29.9;20.7;4.5;1998;3;13;-23.43;-46.46;735;82.0;83.0;58.0;934.4;933.7;930.1;3;8;4;1.0;0.0;3.0;10.0;10.0;9.0;74.33333333333333;932.7333333333332;9.666666666666666;1.3333333333333333;3
83075;1998-03-14;16.5;31.2;19.6;8.7;1998;3;14;-23.43;-46.46;735;88.0;74.0;60.0;930.5;929.5;926.8;8;7;7;0.0;3.0;3.0;6.0;6.0;8.0;74.0;928.9333333333334;6.666666666666667;2.0;7
83075;1998-03-15;17.5;24.1;18.2;0.4;1998;3;15;-23.43;-46.46;735;91.0;91.0;72.0;929.1;931.2;931.0;7;8;3;1.0;0.0;3.0;10.0;9.0;9.0;84.66666666666667;930.4333333333334;9.333333333333334;1.3333333333333333;7
83075;1998-03-16;0;22.4;17.6;0.5;1998;3;16;-23.43;-46.46;735;82.0;76.0;70.0;932.7;933.9;933.4;5;3;4;3.0;3.0;3.0;9.0;10.0;10.0;76.0;933.3333333333334;9.666666666666666;3.0;5
83075;1998-03-17;0;24.1;16.8;3.6;1998;3;17;-23.43;-46.46;735;74.0;70.0;67.0;935.5;935.4;934.1;3;3;3;1.0;3.0;2.0;10.0;9.0;10.0;70.33333333333333;935.0;9.666666666666666;2.0;3
83075;1998-03-18;0;26.6;17.6;0;1998;3;18;-23.43;-46.46;735;79.0;80.0;63.0;934.5;933.5;931.1;3;3;7;2.0;2.0;1.0;10.0;10.0;10.0;74.0;933.0333333333333;10.0;1.6666666666666667;3
83075;1998-03-19;11.2;29.6;19.1;7.2;1998;3;19;-23.43;-46.46;735;89.0;78.0;59.0;931.9;932.2;930.5;7;7;7;1.0;1.0;2.0;10.0;9.0;9.0;75.33333333333333;931.5333333333333;9.333333333333334;1.3333333333333333;7
83075;1998-03-20;0;31.1;21.4;9.2;1998;3;20;-23.43;-46.46;735;79.0;75.0;55.0;931.7;931.7;930.2;8;7;7;0.0;3.0;3.0;4.0;5.0;8.0;69.66666666666667;931.2000000000002;5.666666666666667;2.0;7
83075;1998-03-21;13.7;28.1;21.2;1.1;1998;3;21;-23.43;-46.46;735;89.0;87.0;81.0;931.2;931.1;929.7;8;4;4;0.0;1.0;1.0;10.0;10.0;9.0;85.66666666666667;930.6666666666666;9.666666666666666;0.6666666666666666;4
83075;1998-03-22;3.1;27.8;20.4;3.1;1998;3;22;-23.43;-46.46;735;84.0;76.0;66.0;931.4;930.6;928.8;4;8;7;1.0;0.0;3.0;10.0;9.0;8.0;75.33333333333333;930.2666666666668;9.0;1.3333333333333333;4
83075;1998-03-23;29.6;27.9;19.3;4.6;1998;3;23;-23.43;-46.46;735;79.0;78.0;65.0;929.5;928.7;928.0;8;7;7;0.0;3.0;3.0;9.0;6.0;6.0;74.0;928.7333333333332;7.0;2.0;7
83075;1998-03-24;0;31.3;18.4;8.9;1998;3;24;-23.43;-46.46;735;86.0;74.0;55.0;930.0;930.9;928.0;3;8;7;1.0;0.0;3.0;10.0;0.0;6.0;71.66666666666667;929.6333333333333;5.333333333333333;1.3333333333333333;3
83075;1998-03-25;10.5;26.6;20;1.7;1998;3;25;-23.43;-46.46;735;83.0;79.0;75.0;927.6;929.6;929.4;7;7;3;3.0;3.0;4.0;10.0;9.0;10.0;79.0;928.8666666666667;9.666666666666666;3.3333333333333335;7
83075;1998-03-26;3.8;24.2;17.1;6.9;1998;3;26;-23.43;-46.46;735;84.0;80.0;60.0;931.4;932.9;931.7;4;3;4;1.0;2.0;3.0;10.0;9.0;5.0;74.66666666666667;932.0;8.0;2.0;4
83075;1998-03-27;0;24.2;16.2;0;1998;3;27;-23.43;-46.46;735;76.0;81.0;69.0;933.6;934.2;933.5;4;3;3;3.0;3.0;2.0;10.0;10.0;10.0;75.33333333333333;933.7666666666668;10.0;2.6666666666666665;4
83075;1998-03-28;0;30.1;18.4;4.5;1998;3;28;-23.43;-46.46;735;86.0;79.0;57.0;934.7;934.8;932.8;4;3;1;2.0;1.0;2.0;10.0;10.0;8.0;74.0;934.1;9.333333333333334;1.6666666666666667;4
83075;1998-03-29;45;29.3;18.6;5.8;1998;3;29;-23.43;-46.46;735;92.0;82.0;71.0;933.7;934.4;932.5;0;8;4;1.0;0.0;3.0;10.0;8.0;8.0;81.66666666666667;933.5333333333333;8.666666666666666;1.3333333333333333;0
83075;1998-03-30;0;27.9;20;0;1998;3;30;-23.43;-46.46;735;81.0;82.0;65.0;932.9;931.9;930.1;4;8;7;1.0;0.0;3.0;10.0;10.0;10.0;76.0;931.6333333333333;10.0;1.3333333333333333;4
83075;1998-03-31;0;29;20.6;1.5;1998;3;31;-23.43;-46.46;735;79.0;85.0;58.0;930.3;932.1;930.0;8;3;8;0.0;2.0;0.0;5.0;10.0;8.0;74.0;930.8000000000001;7.666666666666667;0.6666666666666666;3
83075;1998-04-01;0.2;30.5;21.4;4.7;1998;4;1;-23.43;-46.46;735;81.0;77.0;61.0;930.4;930.3;929.1;3;3;4;1.0;3.0;3.0;9.0;9.0;9.0;73.0;929.9333333333333;9.0;2.3333333333333335;3
83075;1998-04-02;16.6;34.7;19.6;8.7;1998;4;2;-23.43;-46.46;735;86.0;74.0;45.0;931.8;931.5;928.4;8;8;1;0.0;0.0;3.0;10.0;1.0;8.0;68.33333333333333;930.5666666666666;6.333333333333333;1.0;1
83075;1998-04-03;1.5;30.2;19.8;1.1;1998;4;3;-23.43;-46.46;735;88.0;85.0;63.0;933.7;933.6;932.2;8;3;8;0.0;2.0;0.0;8.0;9.0;10.0;78.66666666666667;933.1666666666666;9.0;0.6666666666666666;3
83075;1998-04-04;0.2;21.3;14.1;2.9;1998;4;4;-23.43;-46.46;735;75.0;76.0;58.0;939.4;937.7;936.8;4;3;3;2.0;3.0;2.0;10.0;8.0;9.0;69.66666666666667;937.9666666666666;9.0;2.3333333333333335;4
83075;1998-04-05;59.7;18.3;14.5;0;1998;4;5;-23.43;-46.46;735;95.0;90.0;87.0;932.7;932.4;931.6;3;3;8;1.0;2.0;0.0;10.0;10.0;10.0;90.66666666666667;932.2333333333332;10.0;1.0;3
83075;1998-04-06;0;18.7;12.4;3.9;1998;4;6;-23.43;-46.46;735;80.0;81.0;66.0;940.6;941.5;939.5;4;4;4;3.0;1.0;3.0;10.0;9.0;9.0;75.66666666666667;940.5333333333333;9.333333333333334;2.3333333333333335;4
83075;1998-04-07;0;21.3;13.2;1.5;1998;4;7;-23.43;-46.46;735;83.0;90.0;73.0;937.9;939.9;937.7;8;8;4;0.0;0.0;5.0;9.0;10.0;9.0;82.0;938.5;9.333333333333334;1.6666666666666667;4
83075;1998-04-08;0;25;12.9;4.3;1998;4;8;-23.43;-46.46;735;85.0;88.0;59.0;935.7;936.3;932.1;8;3;3;0.0;2.0;1.0;9.0;10.0;9.0;77.33333333333333;934.6999999999999;9.333333333333334;1.0;3
83075;1998-04-09;0;28.1;16.7;2.9;1998;4;9;-23.43;-46.46;735;64.0;67.0;49.0;932.0;934.6;931.8;8;8;7;0.0;0.0;1.0;0.0;8.0;10.0;60.0;932.7999999999998;6.0;0.3333333333333333;7
83075;1998-04-10;62.2;31.9;14.6;8.8;1998;4;10;-23.43;-46.46;735;90.0;79.0;43.0;932.4;931.6;928.5;8;8;0;0.0;0.0;3.0;6.0;0.0;4.0;70.66666666666667;930.8333333333334;3.3333333333333335;1.0;0
83075;1998-04-11;18.9;25.2;13.6;1.1;1998;4;11;-23.43;-46.46;735;89.0;90.0;60.0;931.4;929.9;928.0;3;8;4;1.0;0.0;1.0;10.0;10.0;6.0;79.66666666666667;929.7666666666668;8.666666666666666;0.6666666666666666;3
83075;1998-04-12;0;29.6;17.3;3.6;1998;4;12;-23.43;-46.46;735;66.0;71.0;76.0;929.7;930.3;928.2;3;8;5;1.0;0.0;2.0;4.0;6.0;10.0;71.0;929.4;6.666666666666667;1.0;3
83075;1998-04-13;0;29.8;20;7.7;1998;4;13;-23.43;-46.46;735;85.0;78.0;53.0;933.5;933.5;932.4;5;3;8;1.0;3.0;0.0;10.0;4.0;2.0;72.0;933.1333333333333;5.333333333333333;1.3333333333333333;5
83075;1998-04-14;0;31.6;20.3;8;1998;4;14;-23.43;-46.46;735;81.0;80.0;49.0;933.6;932.9;929.6;4;3;8;1.0;1.0;0.0;10.0;1.0;8.0;70.0;932.0333333333333;6.333333333333333;0.6666666666666666;4
83075;1998-04-16;0;32.2;20.4;6.9;1998;4;16;-23.43;-46.46;735;65.0;75.0;51.0;928.4;929.5;927.6;8;8;7;0.0;0.0;3.0;0.0;2.0;6.0;63.666666666666664;928.5;2.6666666666666665;1.0;7
83075;1998-04-17;2.5;28;20.8;2.2;1998;4;17;-23.43;-46.46;735;77.0;77.0;61.0;928.7;929.9;928.6;8;7;7;0.0;3.0;4.0;9.0;9.0;9.0;71.66666666666667;929.0666666666666;9.0;2.3333333333333335;7
83075;1998-04-18;6.9;24.9;19.3;1.5;1998;4;18;-23.43;-46.46;735;85.0;88.0;66.0;929.5;931.5;927.6;7;7;7;2.0;1.0;5.0;5.0;10.0;10.0;79.66666666666667;929.5333333333333;8.333333333333334;2.6666666666666665;7
83075;1998-04-19;1.2;25.6;14.2;9.7;1998;4;19;-23.43;-46.46;735;72.0;61.0;40.0;929.5;930.6;929.4;7;7;7;3.0;3.0;3.0;0.0;0.0;0.0;57.666666666666664;929.8333333333334;0.0;3.0;7
83075;1998-04-20;0;26.3;12.7;9.4;1998;4;20;-23.43;-46.46;735;65.0;69.0;43.0;931.7;934.5;932.4;7;8;8;1.0;0.0;0.0;0.0;0.0;1.0;59.0;932.8666666666667;0.3333333333333333;0.3333333333333333;7
83075;1998-04-21;0;29.1;16.3;8.1;1998;4;21;-23.43;-46.46;735;82.0;79.0;64.0;934.5;934.8;932.9;3;8;8;1.0;0.0;0.0;4.0;9.0;4.0;75.0;934.0666666666666;5.666666666666667;0.3333333333333333;3
83075;1998-04-22;0;31.8;19.3;9.4;1998;4;22;-23.43;-46.46;735;87.0;77.0;46.0;934.3;936.2;933.3;3;3;7;1.0;2.0;1.0;10.0;2.0;5.0;70.0;934.6;5.666666666666667;1.3333333333333333;3
83075;1998-04-23;0;31.2;19.4;7.9;1998;4;23;-23.43;-46.46;735;79.0;77.0;50.0;934.9;934.2;930.2;8;3;7;0.0;1.0;3.0;10.0;8.0;9.0;68.66666666666667;933.1;9.0;1.3333333333333333;3
83075;1998-04-24;0;29;20.3;2.3;1998;4;24;-23.43;-46.46;735;78.0;68.0;65.0;931.6;931.5;929.0;8;7;7;0.0;2.0;4.0;9.0;9.0;10.0;70.33333333333333;930.6999999999999;9.333333333333334;2.0;7
83075;1998-04-25;0;24.5;19.1;0.9;1998;4;25;-23.43;-46.46;735;80.0;84.0;70.0;929.9;932.6;931.0;7;0;4;1.0;1.0;1.0;4.0;10.0;9.0;78.0;931.1666666666666;7.666666666666667;1.0;7
83075;1998-04-26;0;22;16.8;0;1998;4;26;-23.43;-46.46;735;85.0;85.0;74.0;932.8;934.0;931.5;4;5;5;1.0;1.0;1.0;10.0;10.0;10.0;81.33333333333333;932.7666666666668;10.0;1.0;4
83075;1998-04-27;0;26.9;16.6;2.9;1998;4;27;-23.43;-46.46;735;79.0;83.0;63.0;932.4;931.2;928.6;4;7;8;1.0;1.0;0.0;6.0;10.0;10.0;75.0;930.7333333333332;8.666666666666666;0.6666666666666666;4
83075;1998-04-28;7;23.9;18.5;0;1998;4;28;-23.43;-46.46;735;86.0;88.0;74.0;929.4;930.2;928.9;8;8;0;0.0;0.0;3.0;8.0;10.0;10.0;82.66666666666667;929.5;9.333333333333334;1.0;0
83075;1998-04-29;0.3;24.3;18.5;2.3;1998;4;29;-23.43;-46.46;735;88.0;81.0;71.0;928.0;930.3;928.8;7;7;7;1.0;2.0;1.0;10.0;10.0;10.0;80.0;929.0333333333333;10.0;1.3333333333333333;7
83075;1998-04-30;17.9;22.2;15.1;9.3;1998;4;30;-23.43;-46.46;735;92.0;70.0;50.0;928.8;930.2;928.3;7;7;0;1.0;4.0;3.0;10.0;6.0;1.0;70.66666666666667;929.1;5.666666666666667;2.6666666666666665;7
83075;1998-05-01;0;31.2;21.1;6.2;1998;5;1;-23.43;-46.46;735;81.0;78.0;66.0;929.6;929.5;927.5;3;3;3;4.0;3.0;3.0;8.0;9.0;8.0;75.0;928.8666666666667;8.333333333333334;3.3333333333333335;3
83075;1998-05-03;2.6;31.2;19.4;4.1;1998;5;3;-23.43;-46.46;735;88.0;79.0;63.0;934.3;933.7;931.7;8;3;5;0.0;2.0;1.0;10.0;8.0;10.0;76.66666666666667;933.2333333333332;9.333333333333334;1.0;3
83075;1998-05-04;0;23;13.3;2.6;1998;5;4;-23.43;-46.46;735;82.0;75.0;57.0;936.6;936.6;934.9;4;3;3;1.0;3.0;1.0;10.0;9.0;9.0;71.33333333333333;936.0333333333333;9.333333333333334;1.6666666666666667;4
83075;1998-05-05;20.5;23;14.7;3.3;1998;5;5;-23.43;-46.46;735;92.0;79.0;72.0;932.9;935.5;934.8;8;5;5;0.0;1.0;3.0;10.0;8.0;9.0;81.0;934.4;9.0;1.3333333333333333;5
83075;1998-05-06;0;21;9.5;8.1;1998;5;6;-23.43;-46.46;735;84.0;81.0;56.0;941.2;941.5;938.7;4;3;3;1.0;1.0;2.0;6.0;6.0;5.0;73.66666666666667;940.4666666666667;5.666666666666667;1.3333333333333333;4
83075;1998-05-07;0;21.5;13.9;4.7;1998;5;7;-23.43;-46.46;735;86.0;85.0;68.0;938.8;938.8;936.0;8;3;8;0.0;1.0;0.0;0.0;10.0;4.0;79.66666666666667;937.8666666666667;4.666666666666667;0.3333333333333333;3
83075;1998-05-08;0.5;24.8;14.1;1.8;1998;5;8;-23.43;-46.46;735;89.0;81.0;88.0;932.9;931.0;929.3;3;8;7;1.0;0.0;4.0;10.0;10.0;10.0;86.0;931.0666666666666;10.0;1.6666666666666667;3
83075;1998-05-09;2.1;24;16.6;1.4;1998;5;9;-23.43;-46.46;735;61.0;87.0;69.0;932.5;933.7;931.5;8;8;7;0.0;0.0;1.0;10.0;10.0;9.0;72.33333333333333;932.5666666666666;9.666666666666666;0.3333333333333333;7
83075;1998-05-10;6.8;22.3;16.6;0;1998;5;10;-23.43;-46.46;735;81.0;89.0;70.0;931.1;932.8;927.6;5;7;7;1.0;3.0;5.0;6.0;10.0;10.0;80.0;930.5;8.666666666666666;3.0;5
83075;1998-05-11;0;30;14.9;6.2;1998;5;11;-23.43;-46.46;735;82.0;77.0;48.0;929.3;930.9;929.1;5;8;8;1.0;0.0;0.0;6.0;1.0;9.0;69.0;929.7666666666665;5.333333333333333;0.3333333333333333;5
83075;1998-05-12;35.8;23.7;19.1;0;1998;5;12;-23.43;-46.46;735;91.0;87.0;92.0;929.3;927.0;925.0;8;7;8;0.0;1.0;0.0;10.0;10.0;10.0;90.0;927.1;10.0;0.3333333333333333;7
83075;1998-05-15;0;26.1;16.5;0.8;1998;5;15;-23.43;-46.46;735;72.0;73.0;66.0;931.7;930.5;930.0;8;7;7;0.0;2.0;3.0;9.0;10.0;10.0;70.33333333333333;930.7333333333332;9.666666666666666;1.6666666666666667;7
83075;1998-05-16;0.9;22.8;15.2;0;1998;5;16;-23.43;-46.46;735;88.0;83.0;86.0;930.9;932.0;931.1;8;8;7;0.0;0.0;2.0;10.0;10.0;10.0;85.66666666666667;931.3333333333334;10.0;0.6666666666666666;7
83075;1998-05-17;2.6;22.2;12;8.8;1998;5;17;-23.43;-46.46;735;86.0;61.0;49.0;932.2;934.6;934.0;7;7;8;3.0;2.0;0.0;8.0;5.0;5.0;65.33333333333333;933.6;6.0;1.6666666666666667;7
83075;1998-05-18;1.3;18.8;13.6;1.3;1998;5;18;-23.43;-46.46;735;77.0;94.0;82.0;938.0;940.3;938.9;3;3;3;1.0;1.0;3.0;10.0;10.0;10.0;84.33333333333333;939.0666666666666;10.0;1.6666666666666667;3
83075;1998-05-19;0.4;22;13.6;5;1998;5;19;-23.43;-46.46;735;84.0;80.0;65.0;940.8;940.4;937.7;3;3;4;1.0;1.0;2.0;10.0;10.0;8.0;76.33333333333333;939.6333333333332;9.333333333333334;1.3333333333333333;3
83075;1998-05-22;0;26.1;14.9;6.8;1998;5;22;-23.43;-46.46;735;84.0;89.0;57.0;936.4;937.9;934.9;8;3;8;0.0;1.0;0.0;10.0;10.0;8.0;76.66666666666667;936.4;9.333333333333334;0.3333333333333333;3
83075;1998-05-25;0;26.8;17.5;5.3;1998;5;25;-23.43;-46.46;735;72.0;77.0;45.0;934.9;935.3;931.8;8;8;7;0.0;0.0;2.0;10.0;9.0;8.0;64.66666666666667;934.0;9.0;0.6666666666666666;7
83075;1998-05-26;0;26.8;15.4;2.2;1998;5;26;-23.43;-46.46;735;70.0;75.0;52.0;932.3;931.8;929.0;8;8;0;0.0;0.0;2.0;6.0;9.0;10.0;65.66666666666667;931.0333333333333;8.333333333333334;0.6666666666666666;0
83075;1998-05-27;9.8;23.5;15;1.7;1998;5;27;-23.43;-46.46;735;60.0;84.0;72.0;928.6;930.8;930.4;7;7;7;4.0;2.0;2.0;8.0;10.0;9.0;72.0;929.9333333333334;9.0;2.6666666666666665;7
83075;1998-05-28;0;21.5;14;3.3;1998;5;28;-23.43;-46.46;735;78.0;81.0;60.0;933.7;935.2;935.0;4;3;4;2.0;1.0;2.0;9.0;6.0;6.0;73.0;934.6333333333333;7.0;1.6666666666666667;4
83075;1998-05-29;0.3;16.8;13.9;0;1998;5;29;-23.43;-46.46;735;83.0;89.0;90.0;936.5;936.6;934.0;4;4;4;1.0;2.0;1.0;10.0;10.0;10.0;87.33333333333333;935.6999999999999;10.0;1.3333333333333333;4
83075;1998-05-30;20.5;19.5;14.3;0.1;1998;5;30;-23.43;-46.46;735;91.0;87.0;77.0;933.7;932.8;932.3;3;6;7;2.0;1.0;1.0;10.0;10.0;10.0;85.0;932.9333333333334;10.0;1.3333333333333333;3
83075;1998-05-31;1.6;21.5;11.2;8.3;1998;5;31;-23.43;-46.46;735;87.0;85.0;54.0;933.6;935.6;934.8;8;7;7;0.0;1.0;1.0;10.0;8.0;2.0;75.33333333333333;934.6666666666666;6.666666666666667;0.6666666666666666;7
83075;1998-06-01;0;34.7;21.5;8.5;1998;6;1;-23.43;-46.46;735;80.0;67.0;47.0;928.2;928.0;924.6;3;0;7;2.0;1.0;3.0;10.0;1.0;5.0;64.66666666666667;926.9333333333334;5.333333333333333;2.0;3
83075;1998-06-02;28.9;32.4;19.7;5;1998;6;2;-23.43;-46.46;735;89.0;79.0;71.0;931.8;931.8;931.7;4;8;4;1.0;0.0;5.0;10.0;8.0;10.0;79.66666666666667;931.7666666666668;9.333333333333334;2.0;4
83075;1998-06-03;0.2;33.2;19.5;7.2;1998;6;3;-23.43;-46.46;735;84.0;82.0;55.0;933.2;932.5;930.0;8;3;8;0.0;1.0;0.0;10.0;9.0;8.0;73.66666666666667;931.9;9.0;0.3333333333333333;3
83075;1998-06-04;0.1;27.3;14.3;8.6;1998;6;4;-23.43;-46.46;735;82.0;80.0;54.0;935.1;935.6;932.9;4;3;5;1.0;1.0;1.0;10.0;8.0;1.0;72.0;934.5333333333333;6.333333333333333;1.0;4
83075;1998-06-05;6.1;19.3;14;2;1998;6;5;-23.43;-46.46;735;87.0;88.0;68.0;936.6;937.6;936.5;5;3;5;1.0;1.0;2.0;9.0;9.0;4.0;81.0;936.9;7.333333333333333;1.3333333333333333;5
83075;1998-06-06;0;22.9;11.4;7.6;1998;6;6;-23.43;-46.46;735;85.0;83.0;55.0;940.4;941.0;938.0;3;3;8;1.0;3.0;0.0;8.0;8.0;0.0;74.33333333333333;939.8000000000001;5.333333333333333;1.3333333333333333;3
83075;1998-06-07;0;24.4;13.4;6.7;1998;6;7;-23.43;-46.46;735;84.0;88.0;45.0;937.1;936.1;933.3;4;8;1;1.0;0.0;1.0;9.0;10.0;6.0;72.33333333333333;935.5;8.333333333333334;0.6666666666666666;4
83075;1998-06-08;5.7;20.4;14;1;1998;6;8;-23.43;-46.46;735;81.0;79.0;68.0;931.6;933.6;932.4;7;8;8;2.0;0.0;0.0;10.0;10.0;10.0;76.0;932.5333333333333;10.0;0.6666666666666666;7
83075;1998-06-09;2.7;22.6;15.9;0;1998;6;9;-23.43;-46.46;735;87.0;83.0;71.0;932.7;935.6;933.3;8;8;4;0.0;0.0;2.0;8.0;10.0;10.0;80.33333333333333;933.8666666666668;9.333333333333334;0.6666666666666666;4
83075;1998-06-10;2.1;27.5;14.6;6.9;1998;6;10;-23.43;-46.46;735;70.0;65.0;69.0;929.3;931.5;929.8;7;3;4;1.0;1.0;3.0;9.0;2.0;8.0;68.0;930.1999999999999;6.333333333333333;1.6666666666666667;7
83075;1998-06-11;0;30.6;16.2;7.1;1998;6;11;-23.43;-46.46;735;60.0;71.0;52.0;930.6;933.0;931.4;3;4;4;1.0;1.0;2.0;8.0;2.0;4.0;61.0;931.6666666666666;4.666666666666667;1.3333333333333333;3
83075;1998-06-12;36.2;25.4;18.8;3;1998;6;12;-23.43;-46.46;735;92.0;82.0;67.0;925.2;926.4;926.1;8;4;3;0.0;2.0;2.0;10.0;10.0;8.0;80.33333333333333;925.9;9.333333333333334;1.3333333333333333;4
83075;1998-06-13;0;18.7;11.3;3.4;1998;6;13;-23.43;-46.46;735;82.0;79.0;65.0;940.4;941.2;939.5;8;3;3;0.0;3.0;1.0;6.0;6.0;10.0;75.33333333333333;940.3666666666667;7.333333333333333;1.3333333333333333;3
83075;1998-06-14;0;21;13.1;5.5;1998;6;14;-23.43;-46.46;735;84.0;80.0;63.0;940.1;941.3;938.7;5;3;3;1.0;2.0;1.0;10.0;10.0;4.0;75.66666666666667;940.0333333333334;8.0;1.3333333333333333;5
83075;1998-06-15;0;21.2;12.1;4.1;1998;6;15;-23.43;-46.46;735;84.0;84.0;59.0;939.7;940.2;937.2;3;3;8;1.0;1.0;0.0;10.0;9.0;10.0;75.66666666666667;939.0333333333334;9.666666666666666;0.6666666666666666;3
83075;1998-06-16;0;22.3;10.8;3.7;1998;6;16;-23.43;-46.46;735;79.0;84.0;50.0;937.4;935.2;931.9;8;8;7;0.0;0.0;2.0;9.0;10.0;10.0;71.0;934.8333333333334;9.666666666666666;0.6666666666666666;7
83075;1998-06-17;0;24.4;11.6;6.3;1998;6;17;-23.43;-46.46;735;69.0;65.0;55.0;931.3;930.5;929.0;8;7;7;0.0;3.0;5.0;6.0;8.0;8.0;63.0;930.2666666666668;7.333333333333333;2.6666666666666665;7
83075;1998-06-18;0;26.8;16;7.8;1998;6;18;-23.43;-46.46;735;70.0;83.0;39.0;932.8;934.3;931.4;1;8;0;1.0;0.0;2.0;10.0;0.0;8.0;64.0;932.8333333333334;6.0;1.0;1
83075;1998-06-19;11.2;21.6;14.5;3.2;1998;6;19;-23.43;-46.46;735;86.0;87.0;76.0;931.9;930.5;929.5;4;7;7;1.0;3.0;3.0;10.0;10.0;9.0;83.0;930.6333333333333;9.666666666666666;2.3333333333333335;4
83075;1998-06-20;1.6;18.7;12.6;3.9;1998;6;20;-23.43;-46.46;735;87.0;81.0;64.0;933.3;936.3;935.3;4;4;4;3.0;1.0;2.0;10.0;9.0;8.0;77.33333333333333;934.9666666666666;9.0;2.0;4
83075;1998-06-21;0;19.4;12;4;1998;6;21;-23.43;-46.46;735;78.0;80.0;60.0;937.6;938.8;936.8;4;4;4;1.0;2.0;2.0;10.0;9.0;6.0;72.66666666666667;937.7333333333332;8.333333333333334;1.6666666666666667;4
83075;1998-06-22;0;20.2;12.1;7.2;1998;6;22;-23.43;-46.46;735;83.0;78.0;58.0;938.6;938.2;935.7;8;3;3;0.0;1.0;1.0;9.0;9.0;9.0;73.0;937.5;9.0;0.6666666666666666;3
83075;1998-06-23;0;25.8;12.7;7;1998;6;23;-23.43;-46.46;735;85.0;87.0;56.0;936.7;935.4;932.0;4;8;7;1.0;0.0;1.0;9.0;10.0;8.0;76.0;934.6999999999999;9.0;0.6666666666666666;4
83075;1998-06-24;0;20.7;15;0.3;1998;6;24;-23.43;-46.46;735;84.0;77.0;70.0;932.6;934.0;932.9;8;5;8;0.0;1.0;0.0;0.0;10.0;10.0;77.0;933.1666666666666;6.666666666666667;0.3333333333333333;5
83075;1998-06-25;3.5;16.6;10.3;3;1998;6;25;-23.43;-46.46;735;89.0;78.0;59.0;937.3;940.2;939.1;3;4;5;2.0;3.0;3.0;10.0;10.0;9.0;75.33333333333333;938.8666666666667;9.666666666666666;2.6666666666666665;3
83075;1998-06-26;0;19.7;8.4;8;1998;6;26;-23.43;-46.46;735;81.0;83.0;56.0;939.9;939.7;936.6;4;4;8;3.0;1.0;0.0;9.0;8.0;9.0;73.33333333333333;938.7333333333332;8.666666666666666;1.3333333333333333;4
83075;1998-06-27;0;20.6;10.9;5.3;1998;6;27;-23.43;-46.46;735;88.0;85.0;65.0;937.5;938.3;937.4;4;3;4;1.0;1.0;1.0;10.0;10.0;6.0;79.33333333333333;937.7333333333332;8.666666666666666;1.0;4
83075;1998-06-29;0;21.2;13.1;4.5;1998;6;29;-23.43;-46.46;735;89.0;80.0;67.0;938.8;940.7;938.6;5;4;4;1.0;1.0;2.0;10.0;9.0;10.0;78.66666666666667;939.3666666666667;9.666666666666666;1.3333333333333333;5
83075;1998-06-30;0;20.6;12.8;2.8;1998;6;30;-23.43;-46.46;735;84.0;89.0;68.0;938.9;939.9;937.3;8;3;8;0.0;2.0;0.0;6.0;10.0;10.0;80.33333333333333;938.6999999999999;8.666666666666666;0.6666666666666666;3
83075;1998-07-01;0;30;21.2;3.2;1998;7;1;-23.43;-46.46;735;68.0;70.0;89.0;927.0;927.0;926.9;7;7;7;1.0;3.0;4.0;8.0;6.0;10.0;75.66666666666667;926.9666666666667;8.0;2.6666666666666665;7
83075;1998-07-03;44.6;33.9;19.5;9.1;1998;7;3;-23.43;-46.46;735;82.0;78.0;44.0;931.4;932.0;930.1;8;3;7;0.0;1.0;2.0;6.0;5.0;6.0;68.0;931.1666666666666;5.666666666666667;1.0;3
83075;1998-07-04;0;25.1;15.4;2.2;1998;7;4;-23.43;-46.46;735;82.0;73.0;68.0;932.9;932.1;932.3;8;8;5;0.0;0.0;2.0;0.0;8.0;10.0;74.33333333333333;932.4333333333334;6.0;0.6666666666666666;5
83075;1998-07-05;0.1;18.5;13.8;0.8;1998;7;5;-23.43;-46.46;735;82.0;83.0;74.0;937.3;937.7;937.6;3;3;4;2.0;1.0;3.0;9.0;9.0;10.0;79.66666666666667;937.5333333333333;9.333333333333334;2.0;3
83075;1998-07-07;0;26.2;11.4;7.2;1998;7;7;-23.43;-46.46;735;81.0;83.0;50.0;933.7;933.4;930.9;8;8;7;0.0;0.0;1.0;6.0;8.0;6.0;71.33333333333333;932.6666666666666;6.666666666666667;0.3333333333333333;7
83075;1998-07-08;0;20.7;13.7;1.5;1998;7;8;-23.43;-46.46;735;82.0;88.0;67.0;933.7;936.4;935.4;4;4;4;1.0;1.0;2.0;10.0;10.0;8.0;79.0;935.1666666666666;9.333333333333334;1.3333333333333333;4
83075;1998-07-09;4.6;22;16;0;1998;7;9;-23.43;-46.46;735;93.0;91.0;77.0;935.0;932.9;930.0;8;4;4;0.0;1.0;1.0;8.0;10.0;10.0;87.0;932.6333333333333;9.333333333333334;0.6666666666666666;4
83075;1998-07-10;6.4;20.2;16;0;1998;7;10;-23.43;-46.46;735;86.0;90.0;87.0;932.0;934.1;933.5;4;8;4;4.0;0.0;1.0;9.0;10.0;10.0;87.66666666666667;933.1999999999999;9.666666666666666;1.6666666666666667;4
83075;1998-07-11;0;33.1;16;8.3;1998;7;11;-23.43;-46.46;735;81.0;63.0;40.0;932.1;931.8;928.8;3;8;7;1.0;0.0;1.0;0.0;1.0;8.0;61.333333333333336;930.9;3.0;0.6666666666666666;3
83075;1998-07-12;0;27.5;17.4;7.2;1998;7;12;-23.43;-46.46;735;81.0;62.0;70.0;928.2;930.6;929.8;5;8;5;1.0;0.0;2.0;9.0;1.0;2.0;71.0;929.5333333333334;4.0;1.0;5
83075;1998-07-13;0;17.1;10.6;2.2;1998;7;13;-23.43;-46.46;735;92.0;78.0;71.0;943.0;942.2;940.9;4;4;3;1.0;2.0;3.0;9.0;8.0;10.0;80.33333333333333;942.0333333333333;9.0;2.0;4
83075;1998-07-14;0;18.6;12;2.9;1998;7;14;-23.43;-46.46;735;82.0;62.0;67.0;941.0;939.5;937.7;3;8;8;1.0;0.0;0.0;10.0;10.0;8.0;70.33333333333333;939.4;9.333333333333334;0.3333333333333333;3
83075;1998-07-15;0;22.9;12.4;7.1;1998;7;15;-23.43;-46.46;735;88.0;78.0;49.0;937.8;937.5;935.0;8;8;6;0.0;0.0;1.0;10.0;8.0;5.0;71.66666666666667;936.7666666666668;7.666666666666667;0.3333333333333333;6
83075;1998-07-16;0;23;11.7;6.3;1998;7;16;-23.43;-46.46;735;82.0;91.0;41.0;937.1;937.5;935.3;3;8;7;1.0;0.0;2.0;10.0;10.0;0.0;71.33333333333333;936.6333333333332;6.666666666666667;1.0;3
83075;1998-07-17;0;24.5;9.1;7.3;1998;7;17;-23.43;-46.46;735;89.0;95.0;32.0;936.0;936.1;932.3;8;8;7;0.0;0.0;2.0;0.0;10.0;0.0;72.0;934.7999999999998;3.3333333333333335;0.6666666666666666;7
83075;1998-07-18;0;25.8;10;8.5;1998;7;18;-23.43;-46.46;735;57.0;64.0;35.0;932.7;934.3;931.8;8;8;7;0.0;0.0;2.0;0.0;5.0;2.0;52.0;932.9333333333334;2.3333333333333335;0.6666666666666666;7
83075;1998-07-20;1.5;21.3;13;2.5;1998;7;20;-23.43;-46.46;735;90.0;89.0;79.0;936.7;936.2;934.6;3;8;3;1.0;0.0;1.0;10.0;10.0;9.0;86.0;935.8333333333334;9.666666666666666;0.6666666666666666;3
83075;1998-07-21;0.2;29;14.6;8.6;1998;7;21;-23.43;-46.46;735;88.0;87.0;43.0;935.3;934.8;931.9;3;8;7;1.0;0.0;2.0;10.0;8.0;1.0;72.66666666666667;934.0;6.333333333333333;1.0;3
83075;1998-07-22;0;22.4;14.6;1.2;1998;7;22;-23.43;-46.46;735;72.0;89.0;84.0;932.6;935.9;934.8;7;8;3;1.0;0.0;2.0;4.0;10.0;10.0;81.66666666666667;934.4333333333334;8.0;1.0;7
83075;1998-07-23;0;22.7;15;4;1998;7;23;-23.43;-46.46;735;88.0;86.0;68.0;936.0;936.7;934.8;3;3;3;2.0;2.0;2.0;10.0;10.0;4.0;80.66666666666667;935.8333333333334;8.0;2.0;3
83075;1998-07-24;0;22.1;16.1;4;1998;7;24;-23.43;-46.46;735;88.0;83.0;67.0;936.3;938.6;936.1;3;3;3;2.0;2.0;1.0;10.0;10.0;1.0;79.33333333333333;937.0;7.0;1.6666666666666667;3
83075;1998-07-25;0;26.8;14.8;5.1;1998;7;25;-23.43;-46.46;735;88.0;90.0;52.0;937.5;937.0;933.9;3;3;8;2.0;1.0;0.0;10.0;10.0;10.0;76.66666666666667;936.1333333333333;10.0;1.0;3
83075;1998-07-26;0;27.2;13.2;7.1;1998;7;26;-23.43;-46.46;735;79.0;83.0;41.0;934.0;933.7;932.0;3;8;7;1.0;0.0;3.0;0.0;8.0;1.0;67.66666666666667;933.2333333333332;3.0;1.3333333333333333;3
83075;1998-07-27;0;27.8;14.1;8.4;1998;7;27;-23.43;-46.46;735;68.0;77.0;42.0;932.5;935.2;933.9;8;8;7;0.0;0.0;2.0;2.0;0.0;6.0;62.333333333333336;933.8666666666667;2.6666666666666665;0.6666666666666666;7
83075;1998-07-28;0;28.6;15.4;6.6;1998;7;28;-23.43;-46.46;735;75.0;76.0;41.0;935.0;936.8;934.3;8;8;7;0.0;0.0;1.0;9.0;8.0;2.0;64.0;935.3666666666667;6.333333333333333;0.3333333333333333;7
83075;1998-07-29;0;23.2;14.6;7;1998;7;29;-23.43;-46.46;735;70.0;72.0;66.0;935.0;935.3;935.2;8;3;5;0.0;1.0;3.0;6.0;9.0;8.0;69.33333333333333;935.1666666666666;7.666666666666667;1.3333333333333333;3
83075;1998-07-30;0;16.3;12.8;0;1998;7;30;-23.43;-46.46;735;84.0;84.0;76.0;938.2;940.0;938.1;4;5;5;5.0;2.0;3.0;10.0;10.0;10.0;81.33333333333333;938.7666666666668;10.0;3.3333333333333335;4
83075;1998-07-31;0;23.9;13;6.2;1998;7;31;-23.43;-46.46;735;84.0;75.0;61.0;939.0;939.9;936.0;3;3;8;2.0;3.0;0.0;10.0;8.0;0.0;73.33333333333333;938.3000000000001;6.0;1.6666666666666667;3
83075;1998-08-01;36.5;23.6;16.8;0;1998;8;1;-23.43;-46.46;735;87.0;91.0;91.0;927.1;928.5;928.7;7;7;4;1.0;1.0;2.0;8.0;10.0;10.0;89.66666666666667;928.1;9.333333333333334;1.3333333333333333;7
83075;1998-08-02;0;28.8;22.5;0.4;1998;8;2;-23.43;-46.46;735;72.0;83.0;74.0;929.9;931.5;929.8;8;8;0;0.0;0.0;1.0;4.0;10.0;10.0;76.33333333333333;930.4;8.0;0.3333333333333333;0
83075;1998-08-04;0;28.5;17.4;4;1998;8;4;-23.43;-46.46;735;81.0;76.0;57.0;931.6;932.4;931.6;8;7;7;0.0;1.0;2.0;0.0;10.0;5.0;71.33333333333333;931.8666666666667;5.0;1.0;7
83075;1998-08-05;0;21.3;11.9;8.2;1998;8;5;-23.43;-46.46;735;86.0;71.0;53.0;938.8;940.4;938.1;8;3;4;0.0;1.0;2.0;4.0;1.0;5.0;70.0;939.0999999999999;3.3333333333333335;1.0;3
83075;1998-08-06;0;22.6;9.1;7;1998;8;6;-23.43;-46.46;735;84.0;81.0;46.0;937.2;937.2;935.3;8;3;1;0.0;1.0;2.0;0.0;4.0;9.0;70.33333333333333;936.5666666666666;4.333333333333333;1.0;3
83075;1998-08-07;0;27.5;13.2;6.1;1998;8;7;-23.43;-46.46;735;74.0;68.0;67.0;931.9;932.5;930.5;8;8;4;0.0;0.0;1.0;10.0;6.0;6.0;69.66666666666667;931.6333333333333;7.333333333333333;0.3333333333333333;4
83075;1998-08-08;0;22.4;14.7;3;1998;8;8;-23.43;-46.46;735;81.0;82.0;63.0;936.6;937.1;936.6;4;3;3;1.0;2.0;1.0;10.0;10.0;10.0;75.33333333333333;936.7666666666668;10.0;1.3333333333333333;4
83075;1998-08-11;0;30.3;17.9;2.7;1998;8;11;-23.43;-46.46;735;69.0;69.0;79.0;929.3;929.2;928.2;8;7;5;0.0;3.0;4.0;5.0;9.0;10.0;72.33333333333333;928.9;8.0;2.3333333333333335;7
83075;1998-08-12;0;32.4;17.7;7.6;1998;8;12;-23.43;-46.46;735;82.0;70.0;61.0;931.1;930.5;928.8;4;8;5;3.0;0.0;3.0;10.0;0.0;8.0;71.0;930.1333333333332;6.0;2.0;4
83075;1998-08-13;0;30.6;16.9;4.1;1998;8;13;-23.43;-46.46;735;79.0;81.0;47.0;932.7;935.3;932.2;8;8;7;0.0;0.0;2.0;6.0;6.0;6.0;69.0;933.4;6.0;0.6666666666666666;7
83075;1998-08-15;0.2;31;16.7;9.4;1998;8;15;-23.43;-46.46;735;83.0;57.0;36.0;932.5;933.6;931.8;3;8;7;1.0;0.0;2.0;6.0;6.0;9.0;58.666666666666664;932.6333333333332;7.0;1.0;3
83075;1998-08-16;0;26;16.2;1.5;1998;8;16;-23.43;-46.46;735;72.0;70.0;66.0;933.8;937.1;935.4;8;3;4;0.0;1.0;4.0;4.0;10.0;10.0;69.33333333333333;935.4333333333334;8.0;1.6666666666666667;3
83075;1998-08-17;0;28.2;15.5;6.6;1998;8;17;-23.43;-46.46;735;85.0;84.0;54.0;937.4;937.1;932.6;3;3;3;1.0;1.0;2.0;10.0;10.0;1.0;74.33333333333333;935.6999999999999;7.0;1.3333333333333333;3
83075;1998-08-18;0;28.9;16.5;7.4;1998;8;18;-23.43;-46.46;735;85.0;78.0;40.0;933.6;932.6;928.7;3;8;7;1.0;0.0;4.0;0.0;5.0;2.0;67.66666666666667;931.6333333333333;2.3333333333333335;1.6666666666666667;3
83075;1998-08-19;0;24.7;15.8;2;1998;8;19;-23.43;-46.46;735;76.0;65.0;58.0;929.7;928.9;929.4;8;4;7;0.0;1.0;4.0;1.0;10.0;9.0;66.33333333333333;929.3333333333334;6.666666666666667;1.6666666666666667;4
83075;1998-08-20;0;29.5;15.1;8.7;1998;8;20;-23.43;-46.46;735;71.0;69.0;46.0;931.0;933.9;933.4;7;8;7;1.0;0.0;1.0;0.0;0.0;5.0;62.0;932.7666666666668;1.6666666666666667;0.6666666666666666;7
83075;1998-08-21;0;28.4;14.7;7.3;1998;8;21;-23.43;-46.46;735;77.0;81.0;58.0;935.7;936.2;934.6;3;3;4;1.0;2.0;5.0;0.0;0.0;0.0;72.0;935.5;0.0;2.6666666666666665;3
83075;1998-08-22;0;20.4;16;0;1998;8;22;-23.43;-46.46;735;84.0;83.0;80.0;935.8;937.8;937.4;5;5;4;2.0;2.0;3.0;10.0;10.0;10.0;82.33333333333333;937.0;10.0;2.3333333333333335;5
83075;1998-08-23;0;26.6;15.9;5.9;1998;8;23;-23.43;-46.46;735;87.0;83.0;60.0;939.0;937.6;933.8;3;3;8;1.0;2.0;0.0;10.0;10.0;8.0;76.66666666666667;936.7999999999998;9.333333333333334;1.0;3
83075;1998-08-24;0;30.5;15.9;8.4;1998;8;24;-23.43;-46.46;735;77.0;83.0;51.0;935.8;934.5;931.6;3;8;8;2.0;0.0;0.0;6.0;5.0;5.0;70.33333333333333;933.9666666666667;5.333333333333333;0.6666666666666666;3
83075;1998-08-25;0;30.8;17.7;8.8;1998;8;25;-23.43;-46.46;735;69.0;70.0;36.0;932.0;933.8;932.0;8;8;7;0.0;0.0;1.0;2.0;5.0;1.0;58.333333333333336;932.6;2.6666666666666665;0.3333333333333333;7
83075;1998-08-26;0;31;16.6;8.6;1998;8;26;-23.43;-46.46;735;62.0;66.0;33.0;932.8;932.8;930.4;8;3;7;0.0;1.0;3.0;0.0;1.0;8.0;53.666666666666664;932.0;3.0;1.3333333333333333;3
83075;1998-08-27;0;28.7;18.8;6;1998;8;27;-23.43;-46.46;735;56.0;59.0;43.0;930.6;930.5;929.1;7;7;7;1.0;3.0;6.0;0.0;10.0;0.0;52.666666666666664;930.0666666666666;3.3333333333333335;3.3333333333333335;7
83075;1998-08-28;0;22.8;13.9;2;1998;8;28;-23.43;-46.46;735;62.0;70.0;68.0;931.2;934.8;933.6;7;4;5;2.0;4.0;3.0;8.0;8.0;9.0;66.66666666666667;933.1999999999999;8.333333333333334;3.0;7
83075;1998-08-29;0;21.7;13.5;0;1998;8;29;-23.43;-46.46;735;83.0;84.0;72.0;934.9;935.3;934.8;3;3;4;2.0;2.0;5.0;10.0;10.0;10.0;79.66666666666667;935.0;10.0;3.0;3
83075;1998-08-30;0;17.2;12;0;1998;8;30;-23.43;-46.46;735;79.0;100.0;100.0;938.0;941.4;941.0;5;3;4;3.0;2.0;3.0;10.0;10.0;10.0;93.0;940.1333333333333;10.0;2.6666666666666665;5
83075;1998-08-31;0.2;21.7;11.9;4.3;1998;8;31;-23.43;-46.46;735;100.0;74.0;61.0;941.8;942.3;939.1;3;3;3;2.0;2.0;2.0;10.0;10.0;8.0;78.33333333333333;941.0666666666666;9.333333333333334;2.0;3
83075;1998-09-01;15.6;20.6;16.3;0;1998;9;1;-23.43;-46.46;735;89.0;80.0;87.0;931.4;931.9;930.3;4;3;4;1.0;3.0;5.0;10.0;10.0;10.0;85.33333333333333;931.1999999999999;10.0;3.0;4
83075;1998-09-02;28.3;32.6;21.6;8.9;1998;9;2;-23.43;-46.46;735;90.0;81.0;55.0;931.3;931.1;928.0;8;3;7;0.0;2.0;2.0;10.0;9.0;6.0;75.33333333333333;930.1333333333333;8.333333333333334;1.3333333333333333;3
83075;1998-09-03;8.8;33.3;19.7;7.4;1998;9;3;-23.43;-46.46;735;81.0;85.0;50.0;932.8;932.2;930.6;8;8;7;0.0;0.0;1.0;8.0;10.0;8.0;72.0;931.8666666666667;8.666666666666666;0.3333333333333333;7
83075;1998-09-04;14.6;26.3;18.1;2.5;1998;9;4;-23.43;-46.46;735;76.0;80.0;68.0;932.3;931.8;930.5;7;8;7;1.0;0.0;1.0;5.0;9.0;9.0;74.66666666666667;931.5333333333333;7.666666666666667;0.6666666666666666;7
83075;1998-09-05;0;23.3;11.4;8.3;1998;9;5;-23.43;-46.46;735;83.0;81.0;49.0;939.4;940.5;937.5;8;3;4;0.0;3.0;2.0;0.0;8.0;1.0;71.0;939.1333333333333;3.0;1.6666666666666667;3
83075;1998-09-06;0;23.3;8.4;6.3;1998;9;6;-23.43;-46.46;735;84.0;78.0;43.0;935.4;935.8;933.0;8;8;7;0.0;0.0;2.0;10.0;9.0;2.0;68.33333333333333;934.7333333333332;7.0;0.6666666666666666;7
83075;1998-09-07;3.6;18.4;10.9;0;1998;9;7;-23.43;-46.46;735;78.0;90.0;85.0;932.3;933.2;932.6;4;8;5;1.0;0.0;2.0;6.0;10.0;10.0;84.33333333333333;932.6999999999999;8.666666666666666;1.0;4
83075;1998-09-08;1.2;20;15.9;0.1;1998;9;8;-23.43;-46.46;735;85.0;84.0;89.0;936.9;935.9;934.3;3;8;8;1.0;0.0;0.0;10.0;10.0;10.0;86.0;935.6999999999999;10.0;0.3333333333333333;3
83075;1998-09-09;27.4;19.9;13.7;0;1998;9;9;-23.43;-46.46;735;90.0;90.0;86.0;932.2;934.5;934.9;8;8;5;0.0;0.0;4.0;10.0;10.0;10.0;88.66666666666667;933.8666666666667;10.0;1.3333333333333333;5
83075;1998-09-10;33.4;21.4;15.2;0;1998;9;10;-23.43;-46.46;735;89.0;80.0;79.0;932.3;933.9;933.5;8;8;5;0.0;0.0;3.0;10.0;10.0;10.0;82.66666666666667;933.2333333333332;10.0;1.0;5
83075;1998-09-11;0;24.6;16.2;3.7;1998;9;11;-23.43;-46.46;735;81.0;76.0;64.0;930.6;931.4;930.4;4;4;4;1.0;2.0;3.0;10.0;9.0;9.0;73.66666666666667;930.8000000000001;9.333333333333334;2.0;4
83075;1998-09-12;0;33.8;20.6;6.1;1998;9;12;-23.43;-46.46;735;77.0;75.0;48.0;928.9;929.0;925.7;3;3;7;1.0;1.0;4.0;8.0;6.0;9.0;66.66666666666667;927.8666666666668;7.666666666666667;2.0;3
83075;1998-09-13;0;29.6;17.9;5.4;1998;9;13;-23.43;-46.46;735;68.0;68.0;63.0;929.9;934.2;932.5;8;4;4;0.0;3.0;6.0;0.0;8.0;10.0;66.33333333333333;932.1999999999999;6.0;3.0;4
83075;1998-09-14;1.4;20.4;16.4;0;1998;9;14;-23.43;-46.46;735;81.0;85.0;81.0;935.4;936.4;934.3;5;8;4;1.0;0.0;3.0;9.0;10.0;10.0;82.33333333333333;935.3666666666667;9.666666666666666;1.3333333333333333;5
83075;1998-09-15;1.5;21.6;15.7;0;1998;9;15;-23.43;-46.46;735;83.0;87.0;83.0;934.8;934.8;933.2;4;8;8;1.0;0.0;0.0;10.0;10.0;10.0;84.33333333333333;934.2666666666668;10.0;0.3333333333333333;4
83075;1998-09-16;3.2;23.4;15;3.3;1998;9;16;-23.43;-46.46;735;83.0;82.0;67.0;935.0;935.1;933.2;5;3;4;3.0;1.0;4.0;10.0;10.0;4.0;77.33333333333333;934.4333333333334;8.0;2.6666666666666665;5
83075;1998-09-17;0;32.6;16.5;8.2;1998;9;17;-23.43;-46.46;735;82.0;78.0;50.0;934.4;933.3;928.7;5;4;8;1.0;1.0;0.0;9.0;6.0;0.0;70.0;932.1333333333332;5.0;0.6666666666666666;5
83075;1998-09-19;2.2;21.7;15.8;0.1;1998;9;19;-23.43;-46.46;735;72.0;88.0;83.0;932.6;935.3;932.8;8;8;4;0.0;0.0;2.0;0.0;10.0;10.0;81.0;933.5666666666666;6.666666666666667;0.6666666666666666;4
83075;1998-09-20;18.6;19.9;15.5;0;1998;9;20;-23.43;-46.46;735;90.0;88.0;93.0;934.8;935.3;934.4;5;4;8;1.0;1.0;0.0;8.0;10.0;10.0;90.33333333333333;934.8333333333334;9.333333333333334;0.6666666666666666;5
83075;1998-09-21;8.4;19.8;14.2;0.7;1998;9;21;-23.43;-46.46;735;90.0;86.0;80.0;934.7;933.4;933.3;8;7;5;0.0;1.0;3.0;8.0;10.0;9.0;85.33333333333333;933.7999999999998;9.0;1.3333333333333333;7
83075;1998-09-22;1.2;19.4;12.8;2.9;1998;9;22;-23.43;-46.46;735;87.0;88.0;73.0;936.4;936.5;935.7;8;4;5;0.0;3.0;2.0;10.0;8.0;9.0;82.66666666666667;936.2000000000002;9.0;1.6666666666666667;4
83075;1998-09-23;0;20.3;12.8;6.2;1998;9;23;-23.43;-46.46;735;78.0;69.0;63.0;938.3;939.5;937.6;5;4;4;2.0;3.0;3.0;10.0;9.0;8.0;70.0;938.4666666666667;9.0;2.6666666666666665;5
83075;1998-09-24;0;26.4;12.1;9.7;1998;9;24;-23.43;-46.46;735;79.0;69.0;46.0;939.4;938.1;934.2;5;4;5;2.0;3.0;2.0;8.0;1.0;1.0;64.66666666666667;937.2333333333332;3.3333333333333335;2.3333333333333335;5
83075;1998-09-25;0;28.6;15.2;4.6;1998;9;25;-23.43;-46.46;735;83.0;81.0;64.0;934.7;934.8;931.6;3;4;4;2.0;1.0;5.0;9.0;8.0;10.0;76.0;933.6999999999999;9.0;2.6666666666666665;3
83075;1998-09-27;0.1;30.9;16.9;1.2;1998;9;27;-23.43;-46.46;735;87.0;80.0;41.0;931.6;929.2;926.3;4;8;7;1.0;0.0;3.0;10.0;8.0;10.0;69.33333333333333;929.0333333333334;9.333333333333334;1.3333333333333333;4
83075;1998-09-28;3.7;22;17.9;0;1998;9;28;-23.43;-46.46;735;75.0;89.0;81.0;930.5;932.7;931.2;7;1;8;2.0;1.0;0.0;10.0;10.0;10.0;81.66666666666667;931.4666666666667;10.0;1.0;7
83075;1998-09-29;5;22.8;15.6;0;1998;9;29;-23.43;-46.46;735;92.0;84.0;82.0;933.4;934.8;934.6;8;8;7;0.0;0.0;1.0;10.0;10.0;10.0;86.0;934.2666666666665;10.0;0.3333333333333333;7
83075;1998-10-01;0.5;23.7;17;0;1998;10;1;-23.43;-46.46;735;86.0;87.0;72.0;932.5;932.1;931.1;3;8;4;1.0;0.0;2.0;10.0;10.0;10.0;81.66666666666667;931.9;10.0;1.0;3
83075;1998-10-02;0.2;32.5;21.9;5.2;1998;10;2;-23.43;-46.46;735;72.0;80.0;69.0;928.0;928.9;928.2;8;7;7;0.0;2.0;3.0;8.0;8.0;10.0;73.66666666666667;928.3666666666668;8.666666666666666;1.6666666666666667;7
83075;1998-10-03;0;33.2;20.9;9.9;1998;10;3;-23.43;-46.46;735;68.0;79.0;45.0;931.7;931.1;928.8;8;3;7;0.0;1.0;5.0;4.0;2.0;4.0;64.0;930.5333333333334;3.3333333333333335;2.0;3
83075;1998-10-04;3.5;25.4;19;0.9;1998;10;4;-23.43;-46.46;735;88.0;85.0;66.0;931.1;932.7;931.0;8;4;4;0.0;1.0;2.0;8.0;10.0;9.0;79.66666666666667;931.6;9.0;1.0;4
83075;1998-10-06;0;25.1;11.3;8.3;1998;10;6;-23.43;-46.46;735;75.0;61.0;41.0;934.1;934.2;932.1;8;7;7;0.0;1.0;5.0;10.0;4.0;8.0;59.0;933.4666666666667;7.333333333333333;2.0;7
83075;1998-10-07;1.9;14.4;9.6;3;1998;10;7;-23.43;-46.46;735;82.0;74.0;80.0;937.5;940.2;940.1;4;5;4;2.0;1.0;6.0;10.0;6.0;9.0;78.66666666666667;939.2666666666668;8.333333333333334;3.0;4
83075;1998-10-08;2;23.4;15.6;3.6;1998;10;8;-23.43;-46.46;735;91.0;78.0;62.0;934.3;934.5;932.3;8;7;8;0.0;1.0;0.0;10.0;9.0;8.0;77.0;933.6999999999999;9.0;0.3333333333333333;7
83075;1998-10-09;0.1;18.9;12.9;0.3;1998;10;9;-23.43;-46.46;735;85.0;81.0;76.0;937.7;937.8;936.4;4;3;3;2.0;1.0;2.0;10.0;10.0;10.0;80.66666666666667;937.3000000000001;10.0;1.6666666666666667;4
83075;1998-10-10;0.2;24.1;12.5;9.8;1998;10;10;-23.43;-46.46;735;86.0;70.0;49.0;935.6;936.0;932.5;4;4;8;1.0;1.0;0.0;9.0;6.0;1.0;68.33333333333333;934.6999999999999;5.333333333333333;0.6666666666666666;4
83075;1998-10-11;0;19.7;16.2;0;1998;10;11;-23.43;-46.46;735;79.0;79.0;86.0;931.2;931.5;931.1;3;3;4;1.0;1.0;1.0;9.0;10.0;10.0;81.33333333333333;931.2666666666668;9.666666666666666;1.0;3
83075;1998-10-12;23.7;30.4;19.1;1.6;1998;10;12;-23.43;-46.46;735;82.0;86.0;64.0;929.2;929.9;926.8;5;8;1;4.0;0.0;1.0;10.0;10.0;9.0;77.33333333333333;928.6333333333332;9.666666666666666;1.6666666666666667;5
83075;1998-10-13;0;23;16.4;0.2;1998;10;13;-23.43;-46.46;735;78.0;87.0;74.0;930.3;933.9;932.9;5;3;4;1.0;1.0;3.0;9.0;10.0;8.0;79.66666666666667;932.3666666666667;9.0;1.6666666666666667;5
83075;1998-10-14;0;23.4;15.6;2;1998;10;14;-23.43;-46.46;735;83.0;80.0;66.0;934.5;935.5;934.2;3;3;5;2.0;1.0;5.0;10.0;10.0;10.0;76.33333333333333;934.7333333333332;10.0;2.6666666666666665;3
83075;1998-10-15;0;27.4;14;5.4;1998;10;15;-23.43;-46.46;735;67.0;79.0;60.0;936.1;934.2;929.4;3;3;4;1.0;1.0;3.0;9.0;10.0;5.0;68.66666666666667;933.2333333333335;8.0;1.6666666666666667;3
83075;1998-10-17;11;26.2;16.4;4.8;1998;10;17;-23.43;-46.46;735;84.0;78.0;58.0;924.8;923.1;922.7;8;7;8;0.0;3.0;0.0;10.0;9.0;5.0;73.33333333333333;923.5333333333334;8.0;1.0;7
83075;1998-10-18;10.2;19.6;14.4;0;1998;10;18;-23.43;-46.46;735;90.0;92.0;74.0;928.0;931.9;932.0;5;5;4;1.0;1.0;1.0;8.0;10.0;10.0;85.33333333333333;930.6333333333333;9.333333333333334;1.0;5
83075;1998-10-19;1.5;22.9;12.8;6.5;1998;10;19;-23.43;-46.46;735;83.0;70.0;66.0;935.6;937.8;935.7;5;3;4;1.0;3.0;3.0;8.0;8.0;9.0;73.0;936.3666666666668;8.333333333333334;2.3333333333333335;5
83075;1998-10-20;0;26.9;14.2;9.2;1998;10;20;-23.43;-46.46;735;80.0;67.0;61.0;936.8;937.3;935.5;4;3;5;2.0;1.0;3.0;10.0;8.0;4.0;69.33333333333333;936.5333333333333;7.333333333333333;2.0;4
83075;1998-10-21;0;27.5;16;7.7;1998;10;21;-23.43;-46.46;735;77.0;78.0;47.0;936.8;938.1;934.6;3;3;3;2.0;1.0;1.0;10.0;10.0;2.0;67.33333333333333;936.5;7.333333333333333;1.3333333333333333;3
83075;1998-10-22;0;29.4;13.9;8.5;1998;10;22;-23.43;-46.46;735;78.0;75.0;47.0;936.5;936.5;933.8;5;3;0;1.0;1.0;1.0;2.0;1.0;6.0;66.66666666666667;935.6;3.0;1.0;5
83075;1998-10-23;0;31.9;16.4;10.4;1998;10;23;-23.43;-46.46;735;73.0;64.0;41.0;935.2;936.6;933.3;8;8;7;0.0;0.0;2.0;1.0;0.0;5.0;59.333333333333336;935.0333333333334;2.0;0.6666666666666666;7
83075;1998-10-24;0;25.4;16.5;0;1998;10;24;-23.43;-46.46;735;57.0;79.0;78.0;934.7;937.2;936.7;8;3;3;0.0;2.0;4.0;0.0;10.0;10.0;71.33333333333333;936.2000000000002;6.666666666666667;2.0;3
83075;1998-10-25;0;23.8;15.9;0.4;1998;10;25;-23.43;-46.46;735;84.0;78.0;75.0;938.4;936.7;933.6;4;4;4;3.0;3.0;2.0;10.0;10.0;10.0;79.0;936.2333333333332;10.0;2.6666666666666665;4
83075;1998-10-26;0;22.4;17.1;0;1998;10;26;-23.43;-46.46;735;89.0;89.0;78.0;934.1;932.1;929.8;5;8;8;3.0;0.0;0.0;10.0;10.0;10.0;85.33333333333333;932.0;10.0;1.0;5
83075;1998-10-27;20.2;25.6;15.8;0.4;1998;10;27;-23.43;-46.46;735;91.0;79.0;70.0;931.9;931.8;931.1;8;7;7;0.0;3.0;3.0;10.0;10.0;10.0;80.0;931.5999999999999;10.0;2.0;7
83075;1998-10-28;0;25.6;17.7;2.7;1998;10;28;-23.43;-46.46;735;82.0;75.0;65.0;932.0;933.3;932.5;7;8;4;1.0;0.0;3.0;6.0;4.0;8.0;74.0;932.6;6.0;1.3333333333333333;7
83075;1998-10-29;0;26.3;16.9;3.1;1998;10;29;-23.43;-46.46;735;83.0;70.0;82.0;934.9;934.3;933.9;4;4;4;4.0;1.0;3.0;10.0;6.0;10.0;78.33333333333333;934.3666666666667;8.666666666666666;2.6666666666666665;4
83075;1998-10-30;0;20.9;14.4;0.1;1998;10;30;-23.43;-46.46;735;81.0;71.0;83.0;934.0;934.3;933.8;5;4;1;1.0;1.0;1.0;10.0;10.0;10.0;78.33333333333333;934.0333333333333;10.0;1.0;5
83075;1998-10-31;7.6;21.3;14.2;1.2;1998;10;31;-23.43;-46.46;735;81.0;75.0;70.0;934.0;932.5;930.3;3;4;8;1.0;1.0;0.0;8.0;9.0;10.0;75.33333333333333;932.2666666666668;9.0;0.6666666666666666;3
83075;1998-11-01;1.9;31.1;17.8;5.8;1998;11;1;-23.43;-46.46;735;87.0;80.0;56.0;932.6;967.8;929.9;8;8;6;0.0;0.0;1.0;10.0;9.0;8.0;74.33333333333333;943.4333333333334;9.0;0.3333333333333333;6
83075;1998-11-02;1;26.2;18.6;0;1998;11;2;-23.43;-46.46;735;78.0;90.0;83.0;929.8;931.1;932.0;7;5;4;1.0;2.0;4.0;9.0;10.0;10.0;83.66666666666667;930.9666666666667;9.666666666666666;2.3333333333333335;7
83075;1998-11-03;0;29.3;21.6;2;1998;11;3;-23.43;-46.46;735;67.0;79.0;59.0;929.2;930.8;930.0;7;5;5;1.0;1.0;1.0;0.0;9.0;9.0;68.33333333333333;930.0;6.0;1.0;7
83075;1998-11-04;0;30.2;18.7;8.1;1998;11;4;-23.43;-46.46;735;85.0;78.0;57.0;932.0;932.3;929.9;4;8;5;1.0;0.0;1.0;9.0;2.0;6.0;73.33333333333333;931.4;5.666666666666667;0.6666666666666666;4
83075;1998-11-05;0;25.6;11.1;9.4;1998;11;5;-23.43;-46.46;735;72.0;72.0;43.0;936.2;934.9;933.0;8;8;0;0.0;0.0;3.0;2.0;0.0;0.0;62.333333333333336;934.6999999999999;0.6666666666666666;1.0;0
83075;1998-11-06;0;25.9;14.2;4.4;1998;11;6;-23.43;-46.46;735;73.0;55.0;50.0;932.7;932.9;931.8;8;0;7;0.0;2.0;4.0;8.0;10.0;10.0;59.333333333333336;932.4666666666666;9.333333333333334;2.0;0
83075;1998-11-07;0.1;15.7;10.6;0.7;1998;11;7;-23.43;-46.46;735;85.0;76.0;72.0;941.7;943.7;942.7;4;5;4;4.0;2.0;4.0;10.0;10.0;9.0;77.66666666666667;942.7000000000002;9.666666666666666;3.3333333333333335;4
83075;1998-11-08;0;27.7;13.2;7.6;1998;11;8;-23.43;-46.46;735;83.0;90.0;52.0;933.2;933.4;931.1;8;8;7;0.0;0.0;2.0;9.0;6.0;4.0;75.0;932.5666666666666;6.333333333333333;0.6666666666666666;7
83075;1998-11-09;0;31.4;15.2;8.5;1998;11;9;-23.43;-46.46;735;86.0;82.0;50.0;936.7;934.8;931.8;5;3;8;2.0;1.0;0.0;10.0;8.0;2.0;72.66666666666667;934.4333333333334;6.666666666666667;1.0;5
83075;1998-11-10;0;19.8;13.6;0.1;1998;11;10;-23.43;-46.46;735;93.0;82.0;89.0;933.1;931.0;928.6;5;8;7;2.0;0.0;2.0;10.0;10.0;10.0;88.0;930.9;10.0;1.3333333333333333;5
83075;1998-11-11;5.5;18.9;15.3;0;1998;11;11;-23.43;-46.46;735;91.0;86.0;66.0;930.5;930.8;930.9;3;4;3;1.0;3.0;3.0;10.0;10.0;10.0;81.0;930.7333333333332;10.0;2.3333333333333335;3
83075;1998-11-12;43.1;26.5;20.3;0;1998;11;12;-23.43;-46.46;735;94.0;84.0;73.0;928.6;928.9;927.4;5;0;1;1.0;3.0;2.0;10.0;10.0;10.0;83.66666666666667;928.3000000000001;10.0;2.0;5
83075;1998-11-13;0;24.6;15.9;0.1;1998;11;13;-23.43;-46.46;735;83.0;77.0;61.0;933.4;933.2;931.7;3;3;3;2.0;3.0;1.0;10.0;10.0;10.0;73.66666666666667;932.7666666666668;10.0;2.0;3
83075;1998-11-14;2;26.8;16.4;4.9;1998;11;14;-23.43;-46.46;735;89.0;78.0;62.0;932.0;932.8;929.2;3;8;4;1.0;0.0;3.0;10.0;10.0;8.0;76.33333333333333;931.3333333333334;9.333333333333334;1.3333333333333333;3
83075;1998-11-15;0;26.9;14.4;9.2;1998;11;15;-23.43;-46.46;735;78.0;72.0;60.0;930.5;931.8;929.6;4;5;4;1.0;2.0;3.0;4.0;8.0;2.0;70.0;930.6333333333333;4.666666666666667;2.0;4
83075;1998-11-16;0;31.7;16.3;8.6;1998;11;16;-23.43;-46.46;735;82.0;70.0;39.0;930.7;930.1;927.4;4;3;7;1.0;2.0;1.0;4.0;0.0;5.0;63.666666666666664;929.4000000000001;3.0;1.3333333333333333;4
83075;1998-11-17;0;33;19.1;6.9;1998;11;17;-23.43;-46.46;735;68.0;56.0;47.0;928.5;929.7;927.3;8;8;7;0.0;0.0;2.0;0.0;5.0;10.0;57.0;928.5;5.0;0.6666666666666666;7
83075;1998-11-18;0;29;17.1;3.2;1998;11;18;-23.43;-46.46;735;64.0;61.0;89.0;927.5;927.8;927.9;7;4;5;1.0;2.0;2.0;8.0;9.0;10.0;71.33333333333333;927.7333333333332;9.0;1.6666666666666667;7
83075;1998-11-19;15.4;20.9;15.3;0;1998;11;19;-23.43;-46.46;735;80.0;82.0;75.0;931.0;931.4;929.5;3;4;4;2.0;3.0;3.0;10.0;10.0;10.0;79.0;930.6333333333333;10.0;2.6666666666666665;3
83075;1998-11-20;0;22.5;14.8;0.1;1998;11;20;-23.43;-46.46;735;84.0;76.0;77.0;931.8;931.4;930.7;4;5;4;4.0;1.0;3.0;10.0;10.0;10.0;79.0;931.2999999999998;10.0;2.6666666666666665;4
83075;1998-11-21;0;22.4;15;0.3;1998;11;21;-23.43;-46.46;735;84.0;83.0;74.0;931.2;931.9;931.5;3;3;5;1.0;1.0;3.0;10.0;10.0;10.0;80.33333333333333;931.5333333333333;10.0;1.6666666666666667;3
83075;1998-11-22;1.6;22.1;16;0.4;1998;11;22;-23.43;-46.46;735;85.0;75.0;71.0;932.0;932.8;931.7;4;5;4;1.0;3.0;3.0;8.0;10.0;9.0;77.0;932.1666666666666;9.0;2.3333333333333335;4
83075;1998-11-23;0;24.6;12.8;5.7;1998;11;23;-23.43;-46.46;735;79.0;69.0;63.0;932.2;932.0;930.4;3;3;4;2.0;1.0;4.0;9.0;8.0;8.0;70.33333333333333;931.5333333333333;8.333333333333334;2.3333333333333335;3
83075;1998-11-24;0;31.9;15.3;8.4;1998;11;24;-23.43;-46.46;735;76.0;69.0;34.0;931.1;929.7;926.3;3;3;7;3.0;1.0;2.0;10.0;0.0;8.0;59.666666666666664;929.0333333333334;6.0;2.0;3
83075;1998-11-25;0;34.3;17.8;9.7;1998;11;25;-23.43;-46.46;735;72.0;58.0;34.0;928.1;929.0;927.5;5;7;7;1.0;1.0;2.0;6.0;1.0;4.0;54.666666666666664;928.1999999999999;3.6666666666666665;1.3333333333333333;5
83075;1998-11-26;0;32;20.1;3.4;1998;11;26;-23.43;-46.46;735;61.0;61.0;81.0;928.3;929.8;929.3;5;7;5;1.0;2.0;2.0;8.0;8.0;10.0;67.66666666666667;929.1333333333332;8.666666666666666;1.6666666666666667;5
83075;1998-11-27;1.9;21.6;17.3;0;1998;11;27;-23.43;-46.46;735;88.0;86.0;84.0;931.1;931.2;930.8;3;4;4;2.0;2.0;3.0;10.0;10.0;10.0;86.0;931.0333333333334;10.0;2.3333333333333335;3
83075;1998-11-28;0;28.6;16.7;3.3;1998;11;28;-23.43;-46.46;735;86.0;79.0;54.0;931.5;931.6;929.2;5;3;8;1.0;1.0;0.0;10.0;10.0;8.0;73.0;930.7666666666668;9.333333333333334;0.6666666666666666;5
83075;1998-11-29;0;31.8;17.9;7;1998;11;29;-23.43;-46.46;735;83.0;74.0;64.0;929.8;929.3;926.8;5;3;5;3.0;2.0;3.0;9.0;4.0;4.0;73.66666666666667;928.6333333333332;5.666666666666667;2.6666666666666665;5
83075;1998-11-30;0;26.7;17.9;7.7;1998;11;30;-23.43;-46.46;735;86.0;73.0;59.0;927.7;927.8;928.0;5;8;5;1.0;0.0;3.0;0.0;5.0;9.0;72.66666666666667;927.8333333333334;4.666666666666667;1.3333333333333333;5
83075;1998-12-01;0.7;33.2;19.1;10.6;1998;12;1;-23.43;-46.46;735;86.0;74.0;48.0;930.9;931.0;929.9;8;8;7;0.0;0.0;2.0;10.0;1.0;4.0;69.33333333333333;930.6;5.0;0.6666666666666666;7
83075;1998-12-02;6.4;20.6;16.6;0;1998;12;2;-23.43;-46.46;735;89.0;85.0;86.0;935.4;936.1;935.8;4;5;4;5.0;2.0;4.0;10.0;10.0;10.0;86.66666666666667;935.7666666666668;10.0;3.6666666666666665;4
83075;1998-12-03;3.2;28.8;20;5.1;1998;12;3;-23.43;-46.46;735;83.0;81.0;70.0;933.0;934.3;932.8;4;3;5;3.0;2.0;3.0;9.0;8.0;8.0;78.0;933.3666666666667;8.333333333333334;2.6666666666666665;4
83075;1998-12-04;0;30.8;19.7;6.9;1998;12;4;-23.43;-46.46;735;86.0;80.0;57.0;933.0;934.0;932.2;5;3;5;2.0;1.0;2.0;10.0;9.0;2.0;74.33333333333333;933.0666666666666;7.0;1.6666666666666667;5
83075;1998-12-05;0;26.6;12.1;7.7;1998;12;5;-23.43;-46.46;735;73.0;64.0;43.0;933.5;934.8;933.5;8;1;7;0.0;1.0;2.0;0.0;9.0;4.0;60.0;933.9333333333334;4.333333333333333;1.0;1
83075;1998-12-06;0;20.8;12.6;0.4;1998;12;6;-23.43;-46.46;735;74.0;88.0;69.0;934.6;939.7;939.2;8;3;4;0.0;2.0;5.0;9.0;10.0;9.0;77.0;937.8333333333334;9.333333333333334;2.3333333333333335;3
83075;1998-12-07;0;14.9;9.6;0.4;1998;12;7;-23.43;-46.46;735;81.0;79.0;69.0;943.8;944.5;943.0;5;3;5;1.0;1.0;1.0;9.0;9.0;9.0;76.33333333333333;943.7666666666668;9.0;1.0;5
83075;1998-12-08;0;28.5;15.1;3.3;1998;12;8;-23.43;-46.46;735;74.0;74.0;52.0;932.5;934.0;931.9;8;8;7;0.0;0.0;1.0;5.0;4.0;8.0;66.66666666666667;932.8000000000001;5.666666666666667;0.3333333333333333;7
83075;1998-12-09;0;33.5;17.6;9.6;1998;12;9;-23.43;-46.46;735;75.0;68.0;39.0;932.5;932.8;929.4;8;3;8;0.0;1.0;0.0;1.0;0.0;1.0;60.666666666666664;931.5666666666666;0.6666666666666666;0.3333333333333333;3
83075;1998-12-10;8.9;25.3;15.8;1.6;1998;12;10;-23.43;-46.46;735;81.0;75.0;65.0;928.7;929.6;928.7;7;7;7;2.0;2.0;2.0;8.0;10.0;10.0;73.66666666666667;929.0;9.333333333333334;2.0;7
83075;1998-12-11;0;23.6;13.2;6.1;1998;12;11;-23.43;-46.46;735;88.0;63.0;59.0;933.0;934.0;931.9;4;3;4;1.0;3.0;2.0;8.0;9.0;9.0;70.0;932.9666666666667;8.666666666666666;2.0;4
83075;1998-12-12;13;29.7;20.6;2.9;1998;12;12;-23.43;-46.46;735;91.0;91.0;67.0;929.4;930.6;929.1;8;1;1;0.0;1.0;3.0;9.0;10.0;8.0;83.0;929.6999999999999;9.0;1.3333333333333333;1
83075;1998-12-13;10.3;32.7;19.1;9;1998;12;13;-23.43;-46.46;735;87.0;57.0;58.0;929.8;931.4;930.5;8;1;4;0.0;1.0;3.0;2.0;0.0;2.0;67.33333333333333;930.5666666666666;1.3333333333333333;1.3333333333333333;1
83075;1998-12-14;0;32.9;19.1;5.7;1998;12;14;-23.43;-46.46;735;82.0;78.0;52.0;931.8;931.8;929.0;5;4;8;1.0;1.0;0.0;8.0;2.0;6.0;70.66666666666667;930.8666666666667;5.333333333333333;0.6666666666666666;5
83075;1998-12-16;0.4;28.5;18;3.1;1998;12;16;-23.43;-46.46;735;82.0;78.0;64.0;929.6;926.2;926.2;3;8;8;1.0;0.0;0.0;9.0;10.0;8.0;74.66666666666667;927.3333333333334;9.0;0.3333333333333333;3
83075;1998-12-17;23;26.6;18.6;0.6;1998;12;17;-23.43;-46.46;735;83.0;87.0;70.0;926.2;925.1;922.4;8;1;1;0.0;2.0;3.0;0.0;9.0;9.0;80.0;924.5666666666667;6.0;1.6666666666666667;1
83075;1998-12-18;0.3;29.4;19.7;8.6;1998;12;18;-23.43;-46.46;735;76.0;65.0;43.0;922.4;923.9;923.6;7;1;7;2.0;3.0;5.0;2.0;6.0;4.0;61.333333333333336;923.3000000000001;4.0;3.3333333333333335;7
83075;1998-12-19;0;29.1;16.7;7.9;1998;12;19;-23.43;-46.46;735;59.0;66.0;54.0;924.7;928.3;927.7;5;8;4;1.0;0.0;3.0;6.0;1.0;8.0;59.666666666666664;926.9;5.0;1.3333333333333333;5
83075;1998-12-20;0;29.5;17.9;5.4;1998;12;20;-23.43;-46.46;735;79.0;73.0;65.0;929.7;930.1;928.1;3;3;4;1.0;2.0;3.0;6.0;9.0;8.0;72.33333333333333;929.3000000000001;7.666666666666667;2.0;3
83075;1998-12-21;0;33.2;19.2;6.8;1998;12;21;-23.43;-46.46;735;78.0;64.0;39.0;928.7;927.7;925.5;3;7;7;2.0;1.0;2.0;9.0;2.0;10.0;60.333333333333336;927.3000000000001;7.0;1.6666666666666667;3
83075;1998-12-22;0;28.8;18.5;0.1;1998;12;22;-23.43;-46.46;735;67.0;60.0;70.0;925.9;927.8;927.4;8;7;7;0.0;3.0;3.0;2.0;10.0;10.0;65.66666666666667;927.0333333333333;7.333333333333333;2.0;7
83075;1998-12-23;22.2;22.1;17.1;0;1998;12;23;-23.43;-46.46;735;94.0;82.0;91.0;928.8;931.7;932.1;8;5;4;0.0;3.0;1.0;10.0;10.0;10.0;89.0;930.8666666666667;10.0;1.3333333333333333;5
83075;1998-12-24;12;21.7;16.3;0;1998;12;24;-23.43;-46.46;735;89.0;90.0;82.0;934.1;936.9;935.3;3;3;3;1.0;1.0;1.0;10.0;10.0;10.0;87.0;935.4333333333334;10.0;1.0;3
83075;1998-12-25;2;23.7;17.6;0;1998;12;25;-23.43;-46.46;735;91.0;82.0;82.0;935.7;936.5;935.4;3;3;4;1.0;1.0;2.0;9.0;10.0;10.0;85.0;935.8666666666667;9.666666666666666;1.3333333333333333;3
83075;1998-12-26;2.7;25.4;17.9;0.4;1998;12;26;-23.43;-46.46;735;93.0;78.0;82.0;935.6;935.4;934.4;4;3;3;2.0;1.0;2.0;6.0;9.0;10.0;84.33333333333333;935.1333333333333;8.333333333333334;1.6666666666666667;4
83075;1998-12-27;0;27.1;17.3;1.8;1998;12;27;-23.43;-46.46;735;86.0;81.0;63.0;935.4;933.3;930.8;3;3;7;1.0;1.0;3.0;8.0;10.0;10.0;76.66666666666667;933.1666666666666;9.333333333333334;1.6666666666666667;3
83075;1998-12-28;1.6;30.6;17.5;8.3;1998;12;28;-23.43;-46.46;735;90.0;65.0;49.0;930.8;929.5;926.8;3;7;7;1.0;1.0;2.0;10.0;4.0;5.0;68.0;929.0333333333333;6.333333333333333;1.3333333333333333;3
83075;1998-12-29;3;28.3;19.3;0.9;1998;12;29;-23.43;-46.46;735;76.0;70.0;61.0;926.7;926.2;924.8;3;0;7;1.0;2.0;3.0;1.0;10.0;9.0;69.0;925.9;6.666666666666667;2.0;3
83075;1998-12-30;0;30.3;20.8;5;1998;12;30;-23.43;-46.46;735;68.0;76.0;54.0;925.4;928.1;927.4;7;7;7;2.0;2.0;4.0;4.0;9.0;6.0;66.0;926.9666666666667;6.333333333333333;2.6666666666666665;7
83075;1998-12-31;0;31.6;19;7.2;1998;12;31;-23.43;-46.46;735;76.0;63.0;57.0;928.2;929.7;928.2;3;7;5;1.0;1.0;2.0;4.0;1.0;9.0;65.33333333333333;928.7000000000002;4.666666666666667;1.3333333333333333;3
83075;1999-01-01;0;29.3;18;2;1999;1;1;-23.43;-46.46;735;70.0;75.0;73.0;929.1;928.6;927.7;3;8;3;3.0;0.0;1.0;4.0;9.0;10.0;72.66666666666667;928.4666666666667;7.666666666666667;1.3333333333333333;3
83075;1999-01-03;4;27.6;18.1;2.2;1999;1;3;-23.43;-46.46;735;91.0;85.0;85.0;928.3;928.7;927.1;8;8;7;0.0;0.0;1.0;10.0;8.0;10.0;87.0;928.0333333333333;9.333333333333334;0.3333333333333333;7
83075;1999-01-04;0;29.8;20.5;6.8;1999;1;4;-23.43;-46.46;735;82.0;74.0;61.0;934.9;935.3;933.5;3;5;5;2.0;1.0;6.0;10.0;4.0;8.0;72.33333333333333;934.5666666666666;7.333333333333333;3.0;3
83075;1999-01-05;0;26.3;14.9;7.4;1999;1;5;-23.43;-46.46;735;80.0;84.0;57.0;935.5;937.5;936.4;5;8;4;1.0;0.0;4.0;5.0;9.0;1.0;73.66666666666667;936.4666666666667;5.0;1.6666666666666667;5
83075;1999-01-06;0;21;8.3;8.9;1999;1;6;-23.43;-46.46;735;81.0;82.0;55.0;935.1;936.3;934.5;3;3;5;2.0;2.0;1.0;9.0;4.0;1.0;72.66666666666667;935.3000000000001;4.666666666666667;1.6666666666666667;3
83075;1999-01-07;0;19.1;11;6.1;1999;1;7;-23.43;-46.46;735;88.0;81.0;63.0;937.0;937.9;936.2;5;3;3;2.0;2.0;3.0;10.0;8.0;1.0;77.33333333333333;937.0333333333334;6.333333333333333;2.3333333333333335;5
83075;1999-01-08;0;18.7;10.3;3.1;1999;1;8;-23.43;-46.46;735;79.0;80.0;70.0;939.7;939.5;937.9;5;3;3;4.0;3.0;3.0;10.0;10.0;1.0;76.33333333333333;939.0333333333333;7.0;3.3333333333333335;5
83075;1999-01-09;0;32;15.6;8.7;1999;1;9;-23.43;-46.46;735;66.0;51.0;30.0;934.0;934.9;931.8;8;3;7;0.0;1.0;2.0;0.0;0.0;0.0;49.0;933.5666666666666;0.0;1.0;3
83075;1999-01-10;0;34.3;14.6;7.5;1999;1;10;-23.43;-46.46;735;84.0;87.0;33.0;931.6;929.8;925.2;3;3;7;3.0;1.0;3.0;10.0;10.0;6.0;68.0;928.8666666666668;8.666666666666666;2.3333333333333335;3
83075;1999-01-11;0;25.8;10.5;8.9;1999;1;11;-23.43;-46.46;735;77.0;58.0;43.0;936.4;935.6;932.6;3;3;5;3.0;3.0;3.0;8.0;4.0;4.0;59.333333333333336;934.8666666666667;5.333333333333333;3.0;3
83075;1999-01-12;0;27.7;16.5;8;1999;1;12;-23.43;-46.46;735;78.0;64.0;58.0;934.8;934.9;933.5;3;3;5;2.0;3.0;5.0;6.0;4.0;4.0;66.66666666666667;934.4;4.666666666666667;3.3333333333333335;3
83075;1999-01-13;5.4;24.8;18.1;0;1999;1;13;-23.43;-46.46;735;82.0;83.0;73.0;931.3;932.6;931.1;5;3;3;1.0;1.0;3.0;2.0;0.0;2.0;79.33333333333333;931.6666666666666;1.3333333333333333;1.6666666666666667;5
83075;1999-01-14;20.3;28.9;18.8;2.1;1999;1;14;-23.43;-46.46;735;89.0;83.0;81.0;930.7;929.9;927.3;3;8;8;1.0;0.0;0.0;8.0;2.0;6.0;84.33333333333333;929.2999999999998;5.333333333333333;0.3333333333333333;3
83075;1999-01-15;23.3;25.7;19.1;0.9;1999;1;15;-23.43;-46.46;735;93.0;85.0;76.0;928.7;927.6;927.3;8;7;7;0.0;2.0;2.0;10.0;10.0;10.0;84.66666666666667;927.8666666666668;10.0;1.3333333333333333;7
83075;1999-01-16;3.1;28.3;19.9;1;1999;1;16;-23.43;-46.46;735;82.0;75.0;69.0;928.8;930.7;930.2;8;7;7;0.0;2.0;2.0;9.0;10.0;8.0;75.33333333333333;929.9;9.0;1.3333333333333333;7
83075;1999-01-17;3.2;30.5;19.1;2.5;1999;1;17;-23.43;-46.46;735;88.0;85.0;70.0;931.4;933.4;932.5;8;8;7;0.0;0.0;3.0;0.0;9.0;9.0;81.0;932.4333333333334;6.0;1.0;7
83075;1999-01-18;0;32.3;20.6;4.2;1999;1;18;-23.43;-46.46;735;76.0;85.0;64.0;932.8;933.2;931.5;3;8;7;2.0;0.0;1.0;2.0;8.0;9.0;75.0;932.5;6.333333333333333;1.0;3
83075;1999-01-19;0;35.7;20.6;9.8;1999;1;19;-23.43;-46.46;735;75.0;66.0;41.0;932.1;932.8;930.8;5;8;1;1.0;0.0;2.0;1.0;2.0;4.0;60.666666666666664;931.9;2.3333333333333335;1.0;5
83075;1999-01-20;0;35.5;22.9;8.6;1999;1;20;-23.43;-46.46;735;63.0;64.0;37.0;930.8;931.9;930.0;3;8;5;1.0;0.0;3.0;2.0;9.0;8.0;54.666666666666664;930.9;6.333333333333333;1.3333333333333333;3
83075;1999-01-21;0;32.9;21.6;5.1;1999;1;21;-23.43;-46.46;735;62.0;63.0;47.0;931.2;932.3;931.2;8;5;4;0.0;2.0;3.0;9.0;5.0;9.0;57.333333333333336;931.5666666666666;7.666666666666667;1.6666666666666667;5
83075;1999-01-22;0;32.5;20.2;4.8;1999;1;22;-23.43;-46.46;735;82.0;81.0;63.0;931.9;933.0;931.3;3;5;5;2.0;2.0;3.0;6.0;10.0;4.0;75.33333333333333;932.0666666666666;6.666666666666667;2.3333333333333335;3
83075;1999-01-23;2.5;31.5;20.1;5.2;1999;1;23;-23.43;-46.46;735;81.0;76.0;42.0;933.7;933.7;931.6;8;3;5;0.0;1.0;3.0;10.0;8.0;10.0;66.33333333333333;933.0;9.333333333333334;1.3333333333333333;3
83075;1999-01-24;12.9;31.9;19.9;5.2;1999;1;24;-23.43;-46.46;735;82.0;76.0;63.0;932.1;932.7;930.6;3;5;5;1.0;1.0;3.0;8.0;8.0;8.0;73.66666666666667;931.8000000000001;8.0;1.6666666666666667;3
83075;1999-01-25;0;31.7;20.7;5;1999;1;25;-23.43;-46.46;735;79.0;73.0;56.0;930.1;931.3;928.8;5;8;7;1.0;0.0;1.0;1.0;6.0;8.0;69.33333333333333;930.0666666666666;5.0;0.6666666666666666;5
83075;1999-01-26;5.6;32.7;20.5;5;1999;1;26;-23.43;-46.46;735;83.0;77.0;60.0;929.3;929.3;926.6;3;8;8;1.0;0.0;0.0;10.0;2.0;10.0;73.33333333333333;928.4;7.333333333333333;0.3333333333333333;3
83075;1999-01-27;25.3;27.7;19.2;0.1;1999;1;27;-23.43;-46.46;735;90.0;77.0;71.0;928.5;928.7;927.4;8;8;7;0.0;0.0;1.0;10.0;8.0;10.0;79.33333333333333;928.1999999999999;9.333333333333334;0.3333333333333333;7
83075;1999-01-28;6.5;30.1;18.9;4.6;1999;1;28;-23.43;-46.46;735;90.0;79.0;59.0;927.5;927.2;926.3;3;8;7;1.0;0.0;1.0;8.0;6.0;9.0;76.0;927.0;7.666666666666667;0.6666666666666666;3
83075;1999-01-29;1.2;30.9;20.3;4;1999;1;29;-23.43;-46.46;735;80.0;74.0;58.0;927.3;927.7;926.0;4;7;7;1.0;1.0;3.0;9.0;8.0;8.0;70.66666666666667;927.0;8.333333333333334;1.6666666666666667;4
83075;1999-01-30;0;30.4;21.5;3.4;1999;1;30;-23.43;-46.46;735;72.0;74.0;72.0;927.3;928.3;927.0;7;7;7;3.0;1.0;2.0;8.0;8.0;9.0;72.66666666666667;927.5333333333333;8.333333333333334;2.0;7
83075;1999-01-31;3.3;25.9;20.5;1;1999;1;31;-23.43;-46.46;735;80.0;85.0;73.0;928.3;929.8;928.4;8;7;7;0.0;2.0;2.0;10.0;10.0;10.0;79.33333333333333;928.8333333333334;10.0;1.3333333333333333;7
83075;1999-02-01;31.2;25.4;17.9;0.1;1999;2;1;-23.43;-46.46;735;93.0;88.0;79.0;928.0;927.2;925.1;8;8;7;0.0;0.0;1.0;10.0;10.0;10.0;86.66666666666667;926.7666666666668;10.0;0.3333333333333333;7
83075;1999-02-02;2.2;32.5;19.4;2;1999;2;2;-23.43;-46.46;735;90.0;79.0;51.0;929.1;928.8;927.9;8;8;7;0.0;0.0;2.0;10.0;9.0;6.0;73.33333333333333;928.6;8.333333333333334;0.6666666666666666;7
83075;1999-02-03;35.9;30.1;18.2;6.5;1999;2;3;-23.43;-46.46;735;88.0;82.0;57.0;927.6;929.6;927.2;7;8;7;1.0;0.0;2.0;10.0;6.0;8.0;75.66666666666667;928.1333333333333;8.0;1.0;7
83075;1999-02-04;0;32.1;20.9;8.9;1999;2;4;-23.43;-46.46;735;82.0;80.0;52.0;934.1;934.7;932.4;5;8;5;2.0;0.0;1.0;10.0;4.0;8.0;71.33333333333333;933.7333333333335;7.333333333333333;1.0;5
83075;1999-02-05;0;25.5;14.5;7.8;1999;2;5;-23.43;-46.46;735;78.0;85.0;51.0;937.8;938.7;936.7;4;5;8;3.0;1.0;0.0;8.0;4.0;6.0;71.33333333333333;937.7333333333332;6.0;1.3333333333333333;4
83075;1999-02-06;0;21.4;9.4;7.2;1999;2;6;-23.43;-46.46;735;86.0;90.0;61.0;935.8;936.4;934.7;5;3;3;1.0;1.0;1.0;0.0;10.0;0.0;79.0;935.6333333333332;3.3333333333333335;1.0;5
83075;1999-02-07;0;25.8;11.8;6.2;1999;2;7;-23.43;-46.46;735;88.0;83.0;60.0;936.7;935.3;932.9;3;3;7;2.0;2.0;2.0;6.0;9.0;8.0;77.0;934.9666666666667;7.666666666666667;2.0;3
83075;1999-02-08;0;22.9;10.8;4.6;1999;2;8;-23.43;-46.46;735;91.0;94.0;67.0;938.9;939.0;936.5;5;5;5;1.0;1.0;2.0;10.0;10.0;0.0;84.0;938.1333333333333;6.666666666666667;1.3333333333333333;5
83075;1999-02-09;0;31.8;15;9;1999;2;9;-23.43;-46.46;735;55.0;56.0;32.0;932.9;935.4;931.0;7;3;7;1.0;1.0;1.0;0.0;0.0;0.0;47.666666666666664;933.1;0.0;1.0;7
83075;1999-02-10;5.3;27.2;15.2;0;1999;2;10;-23.43;-46.46;735;63.0;76.0;77.0;926.1;928.1;930.1;8;5;5;0.0;2.0;4.0;1.0;9.0;10.0;72.0;928.1;6.666666666666667;2.0;5
83075;1999-02-11;0;28.1;13.8;5;1999;2;11;-23.43;-46.46;735;72.0;72.0;46.0;934.4;934.0;931.3;5;5;5;2.0;2.0;1.0;0.0;5.0;9.0;63.333333333333336;933.2333333333332;4.666666666666667;1.6666666666666667;5
83075;1999-02-12;0;30.6;16.8;6.5;1999;2;12;-23.43;-46.46;735;77.0;73.0;39.0;934.1;933.9;930.7;5;3;5;2.0;2.0;1.0;2.0;9.0;2.0;63.0;932.9;4.333333333333333;1.6666666666666667;5
83075;1999-02-13;0;30.1;19.8;3.1;1999;2;13;-23.43;-46.46;735;81.0;78.0;81.0;932.0;931.7;929.7;3;7;8;3.0;1.0;0.0;8.0;9.0;9.0;80.0;931.1333333333333;8.666666666666666;1.3333333333333333;3
83075;1999-02-14;6.8;31.5;19.8;5.3;1999;2;14;-23.43;-46.46;735;76.0;66.0;54.0;932.0;933.1;931.6;7;7;7;3.0;1.0;1.0;9.0;9.0;8.0;65.33333333333333;932.2333333333332;8.666666666666666;1.6666666666666667;7
83075;1999-02-15;4.5;28;18.9;0.9;1999;2;15;-23.43;-46.46;735;69.0;74.0;67.0;932.2;933.8;932.6;3;8;3;1.0;0.0;1.0;9.0;9.0;10.0;70.0;932.8666666666667;9.333333333333334;0.6666666666666666;3
83075;1999-02-16;0;31.3;18.7;5.8;1999;2;16;-23.43;-46.46;735;81.0;80.0;49.0;933.8;933.2;930.7;3;4;3;2.0;1.0;2.0;9.0;10.0;5.0;70.0;932.5666666666666;8.0;1.6666666666666667;3
83075;1999-02-17;0;30.9;20.7;6.5;1999;2;17;-23.43;-46.46;735;80.0;66.0;55.0;930.8;932.2;930.2;3;7;7;1.0;3.0;3.0;9.0;9.0;4.0;67.0;931.0666666666666;7.333333333333333;2.3333333333333335;3
83075;1999-02-18;0;31.7;21.1;6.3;1999;2;18;-23.43;-46.46;735;66.0;71.0;69.0;930.6;930.2;928.7;4;8;5;1.0;0.0;5.0;9.0;4.0;8.0;68.66666666666667;929.8333333333334;7.0;2.0;4
83075;1999-02-19;0.6;30;19.6;5.2;1999;2;19;-23.43;-46.46;735;84.0;78.0;67.0;930.9;930.4;930.6;8;5;4;0.0;1.0;4.0;10.0;6.0;9.0;76.33333333333333;930.6333333333333;8.333333333333334;1.6666666666666667;5
83075;1999-02-20;1.9;29.9;20.2;3.1;1999;2;20;-23.43;-46.46;735;86.0;80.0;62.0;931.3;931.6;930.3;3;4;5;1.0;1.0;3.0;8.0;8.0;9.0;76.0;931.0666666666666;8.333333333333334;1.6666666666666667;3
83075;1999-02-22;11.8;25.8;18.1;0.4;1999;2;22;-23.43;-46.46;735;88.0;86.0;82.0;932.5;932.1;930.8;4;8;1;2.0;0.0;2.0;10.0;10.0;10.0;85.33333333333333;931.7999999999998;10.0;1.3333333333333333;4
83075;1999-02-23;35.7;30.7;17.6;5.5;1999;2;23;-23.43;-46.46;735;91.0;87.0;51.0;931.2;931.3;928.3;8;3;7;0.0;1.0;3.0;10.0;10.0;6.0;76.33333333333333;930.2666666666668;8.666666666666666;1.3333333333333333;3
83075;1999-02-24;11.2;30.2;18.5;6.7;1999;2;24;-23.43;-46.46;735;87.0;76.0;58.0;930.1;929.9;927.6;8;8;7;0.0;0.0;3.0;10.0;6.0;9.0;73.66666666666667;929.1999999999999;8.333333333333334;1.0;7
83075;1999-02-25;10;30.3;19.3;4.9;1999;2;25;-23.43;-46.46;735;81.0;82.0;60.0;928.7;928.6;926.5;3;8;7;1.0;0.0;2.0;10.0;9.0;10.0;74.33333333333333;927.9333333333334;9.666666666666666;1.0;3
83075;1999-02-26;14.8;28.2;19;2.2;1999;2;26;-23.43;-46.46;735;83.0;74.0;62.0;929.3;929.6;928.0;7;8;8;1.0;0.0;0.0;10.0;8.0;9.0;73.0;928.9666666666667;9.0;0.3333333333333333;7
83075;1999-02-27;14;27.1;18.6;0.3;1999;2;27;-23.43;-46.46;735;88.0;85.0;68.0;930.1;930.2;928.5;3;8;5;1.0;0.0;1.0;10.0;10.0;10.0;80.33333333333333;929.6;10.0;0.6666666666666666;3
83075;1999-02-28;24.1;30.7;19;5.7;1999;2;28;-23.43;-46.46;735;91.0;77.0;56.0;929.4;929.1;926.1;8;5;7;0.0;1.0;1.0;8.0;9.0;8.0;74.66666666666667;928.1999999999999;8.333333333333334;0.6666666666666666;5
83075;1999-03-01;1.1;29.7;20;2.9;1999;3;1;-23.43;-46.46;735;84.0;82.0;61.0;926.3;927.5;926.0;4;8;4;1.0;0.0;1.0;10.0;2.0;6.0;75.66666666666667;926.6;6.0;0.6666666666666666;4
83075;1999-03-02;12.9;29.3;20.2;2.6;1999;3;2;-23.43;-46.46;735;83.0;71.0;60.0;930.5;930.2;930.6;7;8;4;1.0;0.0;3.0;9.0;6.0;9.0;71.33333333333333;930.4333333333334;8.0;1.3333333333333333;7
83075;1999-03-03;19.5;30;19.9;7.8;1999;3;3;-23.43;-46.46;735;81.0;83.0;52.0;929.3;930.1;927.9;5;5;5;1.0;1.0;1.0;2.0;9.0;6.0;72.0;929.1;5.666666666666667;1.0;5
83075;1999-03-04;0;29.5;21.7;5.7;1999;3;4;-23.43;-46.46;735;72.0;85.0;64.0;933.1;935.7;934.5;8;8;3;0.0;0.0;1.0;2.0;8.0;8.0;73.66666666666667;934.4333333333334;6.0;0.3333333333333333;3
83075;1999-03-05;0;26.7;14.5;6.2;1999;3;5;-23.43;-46.46;735;83.0;82.0;50.0;937.6;937.5;934.7;5;5;3;2.0;3.0;1.0;6.0;9.0;2.0;71.66666666666667;936.6;5.666666666666667;2.0;5
83075;1999-03-06;0;26.2;10.5;7.4;1999;3;6;-23.43;-46.46;735;82.0;87.0;47.0;935.8;935.6;933.1;5;5;7;1.0;1.0;2.0;10.0;8.0;4.0;72.0;934.8333333333334;7.333333333333333;1.3333333333333333;5
83075;1999-03-07;0;26.7;13.9;6.4;1999;3;7;-23.43;-46.46;735;77.0;61.0;48.0;932.9;932.4;931.0;8;7;7;0.0;3.0;4.0;4.0;10.0;8.0;62.0;932.1;7.333333333333333;2.3333333333333335;7
83075;1999-03-08;0;21.8;11.4;7.8;1999;3;8;-23.43;-46.46;735;91.0;76.0;54.0;937.7;939.2;937.5;3;3;5;1.0;2.0;2.0;10.0;8.0;0.0;73.66666666666667;938.1333333333333;6.0;1.6666666666666667;3
83075;1999-03-09;0;31.8;15.9;8.1;1999;3;9;-23.43;-46.46;735;58.0;53.0;25.0;931.9;932.6;930.8;7;8;3;1.0;0.0;2.0;0.0;0.0;0.0;45.333333333333336;931.7666666666668;0.0;1.0;7
83075;1999-03-10;1.7;17.5;11.7;0;1999;3;10;-23.43;-46.46;735;88.0;82.0;77.0;934.1;937.8;937.6;5;3;3;5.0;4.0;5.0;8.0;10.0;10.0;82.33333333333333;936.5;9.333333333333334;4.666666666666667;5
83075;1999-03-11;0;30.5;15.2;4.6;1999;3;11;-23.43;-46.46;735;75.0;59.0;50.0;931.9;932.3;930.8;5;8;7;1.0;0.0;2.0;1.0;2.0;10.0;61.333333333333336;931.6666666666666;4.333333333333333;1.0;5
83075;1999-03-12;0;31.7;18.1;4.5;1999;3;12;-23.43;-46.46;735;78.0;71.0;46.0;932.2;930.7;927.3;3;5;5;1.0;1.0;3.0;6.0;6.0;9.0;65.0;930.0666666666666;7.0;1.6666666666666667;3
83075;1999-03-13;0.2;25.2;16.2;8.9;1999;3;13;-23.43;-46.46;735;87.0;73.0;60.0;931.6;932.3;931.2;3;5;5;2.0;3.0;3.0;10.0;8.0;6.0;73.33333333333333;931.7000000000002;8.0;2.6666666666666665;3
83075;1999-03-14;0;22.3;15.2;0.6;1999;3;14;-23.43;-46.46;735;72.0;76.0;72.0;932.4;933.1;933.0;4;8;5;4.0;0.0;4.0;9.0;9.0;10.0;73.33333333333333;932.8333333333334;9.333333333333334;2.6666666666666665;4
83075;1999-03-15;0;26.9;15.5;7.4;1999;3;15;-23.43;-46.46;735;80.0;74.0;54.0;933.5;933.5;931.5;5;3;3;1.0;1.0;1.0;5.0;4.0;5.0;69.33333333333333;932.8333333333334;4.666666666666667;1.0;5
83075;1999-03-16;0;27.9;18;6.6;1999;3;16;-23.43;-46.46;735;79.0;70.0;57.0;932.6;933.1;931.2;3;3;4;1.0;1.0;2.0;8.0;9.0;6.0;68.66666666666667;932.3000000000001;7.666666666666667;1.3333333333333333;3
83075;1999-03-17;0;27.7;17.6;6.3;1999;3;17;-23.43;-46.46;735;79.0;77.0;56.0;932.0;932.7;931.1;4;3;4;1.0;1.0;1.0;6.0;9.0;6.0;70.66666666666667;931.9333333333334;7.0;1.0;4
83075;1999-03-18;0;28.6;17.4;8.7;1999;3;18;-23.43;-46.46;735;76.0;76.0;49.0;931.5;932.7;930.0;3;8;5;1.0;0.0;1.0;9.0;5.0;5.0;67.0;931.4;6.333333333333333;0.6666666666666666;3
83075;1999-03-19;0;29.7;17.6;9.2;1999;3;19;-23.43;-46.46;735;81.0;76.0;46.0;930.6;932.0;929.7;3;8;5;3.0;0.0;1.0;8.0;4.0;4.0;67.66666666666667;930.7666666666668;5.333333333333333;1.3333333333333333;3
83075;1999-03-20;0;31.7;18.6;9.8;1999;3;20;-23.43;-46.46;735;80.0;74.0;41.0;930.6;931.5;929.3;5;3;8;1.0;1.0;0.0;4.0;1.0;4.0;65.0;930.4666666666666;3.0;0.6666666666666666;5
83075;1999-03-21;0;32.2;19.2;8.9;1999;3;21;-23.43;-46.46;735;79.0;71.0;44.0;930.1;931.4;929.8;8;8;5;0.0;0.0;1.0;8.0;0.0;6.0;64.66666666666667;930.4333333333334;4.666666666666667;0.3333333333333333;5
83075;1999-03-22;0;27.6;20.9;0.4;1999;3;22;-23.43;-46.46;735;63.0;76.0;59.0;931.0;933.1;931.7;8;8;3;0.0;0.0;2.0;8.0;8.0;10.0;66.0;931.9333333333334;8.666666666666666;0.6666666666666666;3
83075;1999-03-23;0.3;26.4;19.6;0.3;1999;3;23;-23.43;-46.46;735;80.0;81.0;69.0;933.0;932.5;931.1;3;3;8;3.0;1.0;0.0;10.0;10.0;9.0;76.66666666666667;932.1999999999999;9.666666666666666;1.3333333333333333;3
83075;1999-03-24;15;27.4;17.9;2.1;1999;3;24;-23.43;-46.46;735;91.0;81.0;63.0;931.9;931.1;929.5;3;8;7;1.0;0.0;3.0;10.0;9.0;10.0;78.33333333333333;930.8333333333334;9.666666666666666;1.3333333333333333;3
83075;1999-03-25;0;31.5;19.8;9.7;1999;3;25;-23.43;-46.46;735;80.0;73.0;48.0;930.5;930.1;929.8;3;7;7;1.0;1.0;3.0;10.0;1.0;2.0;67.0;930.1333333333332;4.333333333333333;1.6666666666666667;3
83075;1999-03-26;0;30.7;20;6.1;1999;3;26;-23.43;-46.46;735;76.0;79.0;56.0;931.7;933.2;931.4;3;8;3;2.0;0.0;2.0;8.0;6.0;8.0;70.33333333333333;932.1;7.333333333333333;1.3333333333333333;3
83075;1999-03-27;0;32.7;19.6;6.9;1999;3;27;-23.43;-46.46;735;83.0;80.0;46.0;933.1;932.6;929.8;5;3;7;1.0;1.0;2.0;8.0;8.0;5.0;69.66666666666667;931.8333333333334;7.0;1.3333333333333333;5
83075;1999-03-28;0;33.1;19.5;9.6;1999;3;28;-23.43;-46.46;735;80.0;76.0;47.0;931.3;929.4;926.8;5;3;7;1.0;1.0;3.0;2.0;0.0;4.0;67.66666666666667;929.1666666666666;2.0;1.6666666666666667;5
83075;1999-03-29;0;32.8;23.1;6.9;1999;3;29;-23.43;-46.46;735;71.0;67.0;46.0;928.4;929.5;926.9;7;7;7;1.0;1.0;2.0;6.0;6.0;8.0;61.333333333333336;928.2666666666668;6.666666666666667;1.3333333333333333;7
83075;1999-03-30;0;30;20.4;6.1;1999;3;30;-23.43;-46.46;735;75.0;74.0;62.0;929.6;930.7;930.4;3;8;5;1.0;0.0;1.0;8.0;4.0;8.0;70.33333333333333;930.2333333333335;6.666666666666667;0.6666666666666666;3
83075;1999-03-31;0.1;28.4;19.3;2.2;1999;3;31;-23.43;-46.46;735;80.0;80.0;62.0;931.9;934.3;933.7;5;4;4;1.0;1.0;5.0;10.0;9.0;9.0;74.0;933.2999999999998;9.333333333333334;2.3333333333333335;5
83075;1999-04-01;0;29.4;19.2;2;1999;4;1;-23.43;-46.46;735;78.0;74.0;76.0;927.4;927.7;925.7;5;8;7;1.0;0.0;2.0;4.0;6.0;10.0;76.0;926.9333333333334;6.666666666666667;1.0;5
83075;1999-04-02;0;32.6;18.4;3.5;1999;4;2;-23.43;-46.46;735;81.0;80.0;61.0;932.0;932.2;929.6;5;8;4;2.0;0.0;3.0;10.0;9.0;9.0;74.0;931.2666666666668;9.333333333333334;1.6666666666666667;5
83075;1999-04-03;0;27.4;18.3;7.3;1999;4;3;-23.43;-46.46;735;78.0;75.0;62.0;928.7;928.9;927.5;3;4;5;1.0;1.0;3.0;4.0;6.0;8.0;71.66666666666667;928.3666666666667;6.0;1.6666666666666667;3
83075;1999-04-04;0;27.8;20.3;6.6;1999;4;4;-23.43;-46.46;735;80.0;73.0;62.0;935.4;935.3;934.6;4;8;4;1.0;0.0;2.0;8.0;4.0;8.0;71.66666666666667;935.0999999999999;6.666666666666667;1.0;4
83075;1999-04-05;0;28.3;14.9;8.3;1999;4;5;-23.43;-46.46;735;86.0;84.0;47.0;935.3;935.1;932.8;5;5;7;1.0;1.0;1.0;1.0;5.0;5.0;72.33333333333333;934.4;3.6666666666666665;1.0;5
83075;1999-04-06;0;19.6;12.5;0;1999;4;6;-23.43;-46.46;735;74.0;82.0;70.0;933.6;934.9;934.3;5;8;5;1.0;0.0;3.0;4.0;10.0;10.0;75.33333333333333;934.2666666666668;8.0;1.3333333333333333;5
83075;1999-04-07;0;22.5;14.3;0;1999;4;7;-23.43;-46.46;735;73.0;92.0;77.0;931.4;935.5;933.6;7;5;5;1.0;1.0;3.0;0.0;10.0;10.0;80.66666666666667;933.5;6.666666666666667;1.6666666666666667;7
83075;1999-04-08;0;22.6;12.2;8.7;1999;4;8;-23.43;-46.46;735;78.0;79.0;53.0;939.5;939.3;937.4;5;3;3;3.0;2.0;2.0;10.0;6.0;2.0;70.0;938.7333333333332;6.0;2.3333333333333335;5
83075;1999-04-09;0;31.1;15;8.7;1999;4;9;-23.43;-46.46;735;70.0;63.0;28.0;933.3;933.5;931.9;5;5;5;1.0;1.0;1.0;0.0;0.0;0.0;53.666666666666664;932.9;0.0;1.0;5
83075;1999-04-10;0;14;10.8;0;1999;4;10;-23.43;-46.46;735;88.0;82.0;86.0;940.2;941.1;940.9;3;5;5;4.0;3.0;3.0;8.0;10.0;10.0;85.33333333333333;940.7333333333335;9.333333333333334;3.3333333333333335;3
83075;1999-04-11;0;31.7;17.9;3.2;1999;4;11;-23.43;-46.46;735;66.0;55.0;40.0;932.2;931.9;928.1;3;7;7;1.0;1.0;2.0;0.0;2.0;10.0;53.666666666666664;930.7333333333332;4.0;1.3333333333333333;3
83075;1999-04-12;2.1;28.8;19.3;3.3;1999;4;12;-23.43;-46.46;735;85.0;65.0;59.0;928.7;927.0;926.3;5;1;7;1.0;4.0;3.0;9.0;9.0;8.0;69.66666666666667;927.3333333333334;8.666666666666666;2.6666666666666665;5
83075;1999-04-13;0;27.7;16.7;1.2;1999;4;13;-23.43;-46.46;735;74.0;82.0;57.0;933.7;933.3;931.6;8;8;7;0.0;0.0;3.0;5.0;10.0;9.0;71.0;932.8666666666667;8.0;1.0;7
83075;1999-04-14;0.2;29.5;17.8;7;1999;4;14;-23.43;-46.46;735;77.0;75.0;53.0;932.4;932.3;929.6;7;8;7;1.0;0.0;2.0;10.0;4.0;9.0;68.33333333333333;931.4333333333333;7.666666666666667;1.0;7
83075;1999-04-15;16.5;26.5;17.8;1.9;1999;4;15;-23.43;-46.46;735;87.0;89.0;59.0;932.8;931.4;928.8;5;3;7;1.0;1.0;2.0;9.0;10.0;9.0;78.33333333333333;931.0;9.333333333333334;1.3333333333333333;5
83075;1999-04-16;7.3;23.5;17.3;0.9;1999;4;16;-23.43;-46.46;735;76.0;81.0;72.0;930.0;930.1;928.3;7;7;7;1.0;3.0;3.0;9.0;10.0;10.0;76.33333333333333;929.4666666666666;9.666666666666666;2.3333333333333335;7
83075;1999-04-17;6;21.6;12.9;3.8;1999;4;17;-23.43;-46.46;735;77.0;89.0;49.0;928.9;933.1;932.1;7;5;7;1.0;3.0;4.0;9.0;10.0;4.0;71.66666666666667;931.3666666666667;7.666666666666667;2.6666666666666665;7
83075;1999-04-18;0.1;22.4;7.4;9.6;1999;4;18;-23.43;-46.46;735;59.0;60.0;44.0;934.2;936.2;933.8;7;8;7;3.0;0.0;3.0;0.0;6.0;0.0;54.333333333333336;934.7333333333332;2.0;2.0;7
83075;1999-04-19;0;26.3;8.8;8.4;1999;4;19;-23.43;-46.46;735;66.0;89.0;37.0;934.7;936.2;934.1;8;8;7;0.0;0.0;1.0;0.0;10.0;1.0;64.0;935.0;3.6666666666666665;0.3333333333333333;7
83075;1999-04-20;0;27.5;11.1;8.4;1999;4;20;-23.43;-46.46;735;81.0;78.0;42.0;934.9;935.5;932.9;4;3;7;1.0;3.0;2.0;5.0;8.0;8.0;67.0;934.4333333333334;7.0;2.0;4
83075;1999-04-21;0;24.9;15.5;3;1999;4;21;-23.43;-46.46;735;81.0;90.0;60.0;933.8;935.0;934.0;3;8;4;1.0;0.0;3.0;8.0;10.0;8.0;77.0;934.2666666666668;8.666666666666666;1.3333333333333333;3
83075;1999-04-22;1.3;24.4;17.2;4.4;1999;4;22;-23.43;-46.46;735;87.0;79.0;76.0;935.5;935.7;936.3;4;4;5;1.0;2.0;4.0;9.0;9.0;10.0;80.66666666666667;935.8333333333334;9.333333333333334;2.3333333333333335;4
83075;1999-04-23;0;24.6;15.9;7.4;1999;4;23;-23.43;-46.46;735;85.0;78.0;58.0;936.8;938.0;935.8;5;3;5;1.0;2.0;3.0;10.0;8.0;4.0;73.66666666666667;936.8666666666667;7.333333333333333;2.0;5
83075;1999-04-24;0;25.1;14.2;6;1999;4;24;-23.43;-46.46;735;79.0;79.0;57.0;936.5;936.2;932.9;5;5;3;1.0;1.0;1.0;2.0;10.0;1.0;71.66666666666667;935.1999999999999;4.333333333333333;1.0;5
83075;1999-04-25;0;24.7;15.5;8.4;1999;4;25;-23.43;-46.46;735;80.0;74.0;57.0;934.8;934.4;932.8;3;5;5;2.0;1.0;5.0;10.0;8.0;4.0;70.33333333333333;934.0;7.333333333333333;2.6666666666666665;3
83075;1999-04-26;0;24.3;13.7;8.2;1999;4;26;-23.43;-46.46;735;77.0;75.0;66.0;934.4;934.3;933.6;5;8;5;1.0;0.0;4.0;8.0;0.0;1.0;72.66666666666667;934.0999999999999;3.0;1.6666666666666667;5
83075;1999-04-27;0;23.6;14.5;4.1;1999;4;27;-23.43;-46.46;735;77.0;82.0;63.0;935.6;936.2;934.4;5;3;4;1.0;2.0;3.0;2.0;10.0;9.0;74.0;935.4000000000001;7.0;2.0;5
83075;1999-04-28;0.1;23.6;15.6;4.4;1999;4;28;-23.43;-46.46;735;81.0;79.0;57.0;936.0;936.2;934.0;5;5;5;1.0;2.0;3.0;10.0;9.0;6.0;72.33333333333333;935.4;8.333333333333334;2.0;5
83075;1999-04-29;0;25.5;12.9;6.5;1999;4;29;-23.43;-46.46;735;83.0;82.0;60.0;935.2;935.6;933.3;5;5;5;1.0;3.0;1.0;6.0;8.0;5.0;75.0;934.7000000000002;6.333333333333333;1.6666666666666667;5
83075;1999-04-30;0;27.5;14.7;8.6;1999;4;30;-23.43;-46.46;735;82.0;82.0;47.0;934.4;934.6;933.3;5;8;5;1.0;0.0;1.0;4.0;0.0;4.0;70.33333333333333;934.1;2.6666666666666665;0.6666666666666666;5
83075;1999-05-01;24.7;29.1;20.9;0.5;1999;5;1;-23.43;-46.46;735;91.0;73.0;64.0;925.6;925.1;923.4;8;7;8;0.0;2.0;0.0;10.0;10.0;10.0;76.0;924.6999999999999;10.0;0.6666666666666666;7
83075;1999-05-02;50.6;30;18.2;2.3;1999;5;2;-23.43;-46.46;735;87.0;83.0;71.0;931.0;931.6;929.6;3;1;5;2.0;1.0;3.0;10.0;9.0;8.0;80.33333333333333;930.7333333333332;9.0;2.0;3
83075;1999-05-03;0;28.3;18.9;8.7;1999;5;3;-23.43;-46.46;735;78.0;72.0;60.0;930.0;928.7;926.0;5;4;4;2.0;1.0;2.0;6.0;5.0;6.0;70.0;928.2333333333332;5.666666666666667;1.6666666666666667;5
83075;1999-05-04;0;30.3;19.1;7;1999;5;4;-23.43;-46.46;735;80.0;77.0;49.0;935.1;934.8;932.5;4;3;5;1.0;1.0;2.0;8.0;8.0;4.0;68.66666666666667;934.1333333333333;6.666666666666667;1.3333333333333333;4
83075;1999-05-05;0;28.3;15.8;8;1999;5;5;-23.43;-46.46;735;77.0;77.0;44.0;933.6;932.8;930.5;8;5;7;0.0;1.0;2.0;0.0;0.0;9.0;66.0;932.3000000000001;3.0;1.0;5
83075;1999-05-06;0;18.5;14;0;1999;5;6;-23.43;-46.46;735;85.0;84.0;76.0;935.1;935.2;933.9;5;5;5;1.0;2.0;3.0;9.0;10.0;10.0;81.66666666666667;934.7333333333335;9.666666666666666;2.0;5
83075;1999-05-07;9.4;15.8;11.8;0;1999;5;7;-23.43;-46.46;735;90.0;88.0;92.0;936.8;940.0;940.7;5;5;5;2.0;3.0;2.0;10.0;10.0;10.0;90.0;939.1666666666666;10.0;2.3333333333333335;5
83075;1999-05-08;0;22.7;12.2;5.4;1999;5;8;-23.43;-46.46;735;86.0;80.0;55.0;938.2;939.0;935.2;3;3;5;2.0;1.0;1.0;8.0;10.0;0.0;73.66666666666667;937.4666666666667;6.0;1.3333333333333333;3
83075;1999-05-09;0;28.7;14.4;6.8;1999;5;9;-23.43;-46.46;735;61.0;74.0;35.0;933.4;933.4;929.7;5;5;5;2.0;1.0;2.0;0.0;5.0;8.0;56.666666666666664;932.1666666666666;4.333333333333333;1.6666666666666667;5
83075;1999-05-10;0.1;19.6;11;0.1;1999;5;10;-23.43;-46.46;735;89.0;76.0;66.0;942.0;940.6;938.7;5;3;3;1.0;3.0;2.0;10.0;10.0;10.0;77.0;940.4333333333334;10.0;2.0;5
83075;1999-05-11;0;27.2;16.5;0.5;1999;5;11;-23.43;-46.46;735;58.0;72.0;67.0;927.8;918.8;923.9;7;7;7;2.0;5.0;5.0;10.0;10.0;10.0;65.66666666666667;923.5;10.0;4.0;7
83075;1999-05-12;0.4;32.4;18.3;8.3;1999;5;12;-23.43;-46.46;735;71.0;57.0;44.0;927.1;929.1;925.7;3;7;7;1.0;3.0;1.0;8.0;1.0;6.0;57.333333333333336;927.3000000000001;5.0;1.6666666666666667;3
83075;1999-05-13;0;20;13.5;0;1999;5;13;-23.43;-46.46;735;79.0;82.0;82.0;932.9;934.6;935.2;5;5;5;3.0;2.0;3.0;10.0;9.0;9.0;81.0;934.2333333333332;9.333333333333334;2.6666666666666665;5
83075;1999-05-14;0.2;19.3;11.6;5.9;1999;5;14;-23.43;-46.46;735;82.0;76.0;55.0;937.5;938.3;937.5;4;3;3;3.0;3.0;2.0;8.0;2.0;5.0;71.0;937.7666666666668;5.0;2.6666666666666665;4
83075;1999-05-15;0;20.2;11.8;4.8;1999;5;15;-23.43;-46.46;735;81.0;77.0;60.0;939.2;939.9;937.4;5;3;4;2.0;3.0;3.0;9.0;8.0;4.0;72.66666666666667;938.8333333333334;7.0;2.6666666666666665;5
83075;1999-05-16;0;22.1;10.3;8.6;1999;5;16;-23.43;-46.46;735;81.0;80.0;51.0;938.5;937.8;935.3;4;3;3;1.0;1.0;1.0;1.0;8.0;2.0;70.66666666666667;937.1999999999999;3.6666666666666665;1.0;4
83075;1999-05-17;0;24;12.1;9.3;1999;5;17;-23.43;-46.46;735;87.0;79.0;48.0;935.9;936.0;933.1;8;5;7;0.0;1.0;3.0;2.0;4.0;1.0;71.33333333333333;935.0;2.3333333333333335;1.3333333333333333;5
83075;1999-05-18;0;25.5;11;8.4;1999;5;18;-23.43;-46.46;735;82.0;77.0;45.0;933.7;934.3;932.8;8;8;7;0.0;0.0;3.0;5.0;0.0;8.0;68.0;933.6;4.333333333333333;1.0;7
83075;1999-05-19;0;25.6;12.5;8.3;1999;5;19;-23.43;-46.46;735;89.0;85.0;48.0;934.4;933.9;930.4;8;4;7;0.0;1.0;3.0;9.0;0.0;2.0;74.0;932.9;3.6666666666666665;1.3333333333333333;4
83075;1999-05-20;0;20.6;10.1;9.3;1999;5;20;-23.43;-46.46;735;71.0;49.0;44.0;930.7;930.6;930.6;7;7;7;3.0;3.0;4.0;9.0;0.0;1.0;54.666666666666664;930.6333333333333;3.3333333333333335;3.3333333333333335;7
83075;1999-05-21;0;18.5;10.4;5.5;1999;5;21;-23.43;-46.46;735;64.0;76.0;61.0;933.6;934.3;933.3;8;5;5;0.0;2.0;1.0;0.0;9.0;6.0;67.0;933.7333333333332;5.0;1.0;5
83075;1999-05-22;0;19.5;9.4;9.1;1999;5;22;-23.43;-46.46;735;83.0;74.0;51.0;934.7;936.2;933.9;3;5;5;1.0;1.0;2.0;9.0;2.0;1.0;69.33333333333333;934.9333333333334;4.0;1.3333333333333333;3
83075;1999-05-23;0;21;10.3;7;1999;5;23;-23.43;-46.46;735;82.0;81.0;60.0;935.4;935.7;932.5;8;3;5;0.0;2.0;1.0;8.0;10.0;0.0;74.33333333333333;934.5333333333333;6.0;1.0;3
83075;1999-05-24;0;23.3;8.9;8.7;1999;5;24;-23.43;-46.46;735;43.0;76.0;47.0;933.2;934.4;933.2;8;8;7;0.0;0.0;4.0;0.0;2.0;1.0;55.333333333333336;933.6;1.0;1.3333333333333333;7
83075;1999-05-25;0;21.3;11.2;4;1999;5;25;-23.43;-46.46;735;74.0;76.0;61.0;935.6;937.7;935.5;8;8;4;0.0;0.0;3.0;5.0;10.0;8.0;70.33333333333333;936.2666666666668;7.666666666666667;1.0;4
83075;1999-05-26;0;22;11.3;1.9;1999;5;26;-23.43;-46.46;735;85.0;89.0;66.0;935.9;933.9;931.1;3;3;5;2.0;2.0;1.0;9.0;10.0;10.0;80.0;933.6333333333333;9.666666666666666;1.6666666666666667;3
83075;1999-05-27;0;26.2;12;1.3;1999;5;27;-23.43;-46.46;735;82.0;80.0;59.0;931.5;934.0;933.7;3;7;7;1.0;1.0;2.0;9.0;10.0;9.0;73.66666666666667;933.0666666666666;9.333333333333334;1.3333333333333333;3
83075;1999-05-28;0;19.4;15.5;0;1999;5;28;-23.43;-46.46;735;79.0;84.0;79.0;936.6;938.8;937.5;5;4;5;4.0;1.0;2.0;10.0;10.0;10.0;80.66666666666667;937.6333333333333;10.0;2.3333333333333335;5
83075;1999-05-29;0;27.5;15.2;4.3;1999;5;29;-23.43;-46.46;735;87.0;84.0;54.0;938.2;935.0;931.7;3;4;0;2.0;1.0;3.0;10.0;10.0;5.0;75.0;934.9666666666667;8.333333333333334;2.0;3
83075;1999-05-30;3.8;22.9;12.5;8.6;1999;5;30;-23.43;-46.46;735;64.0;76.0;46.0;931.2;929.2;928.4;7;7;7;3.0;2.0;4.0;6.0;6.0;0.0;62.0;929.6;4.0;3.0;7
83075;1999-05-31;0.1;14.6;9.5;0.3;1999;5;31;-23.43;-46.46;735;61.0;85.0;78.0;932.0;934.4;934.5;5;4;5;2.0;2.0;3.0;8.0;10.0;10.0;74.66666666666667;933.6333333333333;9.333333333333334;2.3333333333333335;5
83075;1999-06-01;45.2;22.3;18.7;0;1999;6;1;-23.43;-46.46;735;92.0;89.0;88.0;925.2;927.8;927.8;8;5;4;0.0;1.0;2.0;10.0;10.0;10.0;89.66666666666667;926.9333333333334;10.0;1.0;5
83075;1999-06-02;0;29.7;19.9;2.8;1999;6;2;-23.43;-46.46;735;81.0;82.0;60.0;931.3;932.2;931.2;7;3;0;1.0;1.0;3.0;6.0;8.0;9.0;74.33333333333333;931.5666666666666;7.666666666666667;1.6666666666666667;7
83075;1999-06-03;0;29.3;18.7;7.6;1999;6;3;-23.43;-46.46;735;76.0;78.0;57.0;927.7;928.8;926.5;3;4;4;2.0;1.0;1.0;8.0;8.0;8.0;70.33333333333333;927.6666666666666;8.0;1.3333333333333333;3
83075;1999-06-04;0;28.5;20.7;4.9;1999;6;4;-23.43;-46.46;735;78.0;78.0;62.0;933.9;934.0;932.7;5;3;5;3.0;1.0;5.0;10.0;6.0;9.0;72.66666666666667;933.5333333333334;8.333333333333334;3.0;5
83075;1999-06-05;0;25.6;17.4;0.8;1999;6;5;-23.43;-46.46;735;70.0;58.0;60.0;931.1;928.6;926.4;7;7;7;1.0;1.0;1.0;4.0;9.0;10.0;62.666666666666664;928.6999999999999;7.666666666666667;1.0;7
83075;1999-06-06;3.3;15.9;12.5;0;1999;6;6;-23.43;-46.46;735;83.0;83.0;86.0;935.5;936.9;936.1;5;5;5;2.0;1.0;2.0;10.0;10.0;10.0;84.0;936.1666666666666;10.0;1.6666666666666667;5
83075;1999-06-07;16;18.4;11.7;0.6;1999;6;7;-23.43;-46.46;735;91.0;88.0;77.0;941.6;941.3;939.2;3;3;3;3.0;3.0;3.0;10.0;10.0;10.0;85.33333333333333;940.7000000000002;10.0;3.0;3
83075;1999-06-08;0;26.3;11.2;9.2;1999;6;8;-23.43;-46.46;735;79.0;77.0;42.0;935.9;936.9;934.4;3;3;3;1.0;1.0;2.0;0.0;0.0;0.0;66.0;935.7333333333332;0.0;1.3333333333333333;3
83075;1999-06-09;0;30.6;15.3;1.7;1999;6;9;-23.43;-46.46;735;80.0;65.0;49.0;931.2;930.8;928.8;5;3;5;1.0;1.0;1.0;0.0;6.0;0.0;64.66666666666667;930.2666666666668;2.0;1.0;5
83075;1999-06-10;0;23.5;11.9;5.1;1999;6;10;-23.43;-46.46;735;83.0;73.0;57.0;939.6;938.9;936.6;3;3;3;2.0;4.0;5.0;10.0;8.0;8.0;71.0;938.3666666666667;8.666666666666666;3.6666666666666665;3
83075;1999-06-11;2;22.9;13.5;3.4;1999;6;11;-23.43;-46.46;735;83.0;76.0;62.0;927.5;929.7;927.9;5;5;5;2.0;1.0;3.0;10.0;10.0;8.0;73.66666666666667;928.3666666666667;9.333333333333334;2.0;5
83075;1999-06-12;0;28.9;17.5;2.9;1999;6;12;-23.43;-46.46;735;72.0;59.0;89.0;927.9;929.2;930.0;3;7;5;2.0;1.0;3.0;1.0;8.0;10.0;73.33333333333333;929.0333333333333;6.333333333333333;2.0;3
83075;1999-06-13;0;19.7;13.4;3.7;1999;6;13;-23.43;-46.46;735;86.0;89.0;75.0;937.5;937.0;936.3;5;8;5;3.0;0.0;4.0;10.0;4.0;10.0;83.33333333333333;936.9333333333334;8.0;2.3333333333333335;5
83075;1999-06-14;0;17.3;13.1;0;1999;6;14;-23.43;-46.46;735;85.0;85.0;83.0;937.2;936.5;934.7;5;3;5;2.0;2.0;2.0;10.0;10.0;10.0;84.33333333333333;936.1333333333333;10.0;2.0;5
83075;1999-06-15;25.1;22.3;13.8;4.8;1999;6;15;-23.43;-46.46;735;93.0;86.0;63.0;935.1;934.5;932.9;8;3;5;0.0;1.0;1.0;10.0;9.0;8.0;80.66666666666667;934.1666666666666;9.0;0.6666666666666666;3
83075;1999-06-16;0;22.5;14.1;5.8;1999;6;16;-23.43;-46.46;735;87.0;86.0;57.0;933.3;934.3;932.3;3;7;7;1.0;1.0;3.0;10.0;10.0;8.0;76.66666666666667;933.2999999999998;9.333333333333334;1.6666666666666667;3
83075;1999-06-17;0;22.7;10.7;8;1999;6;17;-23.43;-46.46;735;87.0;87.0;49.0;934.2;935.6;933.9;5;5;5;1.0;1.0;3.0;9.0;1.0;1.0;74.33333333333333;934.5666666666667;3.6666666666666665;1.6666666666666667;5
83075;1999-06-18;0;22.8;10.5;5.2;1999;6;18;-23.43;-46.46;735;87.0;93.0;68.0;934.3;932.9;931.1;5;3;8;1.0;1.0;0.0;0.0;10.0;4.0;82.66666666666667;932.7666666666665;4.666666666666667;0.6666666666666666;5
83075;1999-06-19;0;20.9;11.4;0.6;1999;6;19;-23.43;-46.46;735;87.0;77.0;80.0;932.1;931.9;932.0;8;5;5;0.0;1.0;3.0;0.0;6.0;10.0;81.33333333333333;932.0;5.333333333333333;1.3333333333333333;5
83075;1999-06-20;14.4;16;13.8;0;1999;6;20;-23.43;-46.46;735;87.0;94.0;94.0;932.9;933.2;932.0;3;5;8;1.0;1.0;0.0;9.0;10.0;10.0;91.66666666666667;932.6999999999999;9.666666666666666;0.6666666666666666;3
83075;1999-06-21;33.5;20.3;12.9;7.7;1999;6;21;-23.43;-46.46;735;95.0;80.0;66.0;931.7;932.0;932.0;8;8;7;0.0;0.0;3.0;9.0;1.0;6.0;80.33333333333333;931.9;5.333333333333333;1.0;7
83075;1999-06-22;0;18.9;10.6;2.4;1999;6;22;-23.43;-46.46;735;86.0;84.0;72.0;932.3;932.5;931.7;7;7;7;1.0;1.0;2.0;2.0;0.0;9.0;80.66666666666667;932.1666666666666;3.6666666666666665;1.3333333333333333;7
83075;1999-06-23;0;22.2;10.7;4.8;1999;6;23;-23.43;-46.46;735;87.0;96.0;57.0;933.1;934.1;932.3;5;8;7;1.0;0.0;1.0;9.0;10.0;6.0;80.0;933.1666666666666;8.333333333333334;0.6666666666666666;5
83075;1999-06-24;0;23.1;8.8;6;1999;6;24;-23.43;-46.46;735;90.0;96.0;51.0;933.1;934.6;932.1;8;8;7;0.0;0.0;1.0;0.0;10.0;0.0;79.0;933.2666666666668;3.3333333333333335;0.3333333333333333;7
83075;1999-06-25;0;26.1;9.2;7.9;1999;6;25;-23.43;-46.46;735;84.0;85.0;52.0;933.2;934.3;933.1;8;8;7;0.0;0.0;1.0;0.0;5.0;2.0;73.66666666666667;933.5333333333333;2.3333333333333335;0.3333333333333333;7
83075;1999-06-26;0;22.3;13;4.1;1999;6;26;-23.43;-46.46;735;76.0;81.0;61.0;935.4;938.7;936.5;5;3;3;1.0;2.0;3.0;0.0;10.0;8.0;72.66666666666667;936.8666666666667;6.0;2.0;5
83075;1999-06-27;0;26.2;12.9;6.8;1999;6;27;-23.43;-46.46;735;85.0;88.0;47.0;937.8;936.5;933.4;4;3;7;1.0;2.0;3.0;9.0;10.0;0.0;73.33333333333333;935.9;6.333333333333333;2.0;4
83075;1999-06-28;0;26.8;12.3;8.2;1999;6;28;-23.43;-46.46;735;83.0;86.0;46.0;934.7;933.8;930.3;5;8;7;1.0;0.0;2.0;0.0;0.0;4.0;71.66666666666667;932.9333333333334;1.3333333333333333;1.0;5
83075;1999-06-29;0;27.3;14.1;7.8;1999;6;29;-23.43;-46.46;735;74.0;69.0;45.0;930.8;929.2;927.7;7;8;7;1.0;0.0;5.0;0.0;0.0;4.0;62.666666666666664;929.2333333333332;1.3333333333333333;2.0;7
83075;1999-06-30;2.2;19.8;11.2;1;1999;6;30;-23.43;-46.46;735;82.0;74.0;71.0;929.9;933.8;934.6;7;5;5;3.0;2.0;3.0;9.0;9.0;8.0;75.66666666666667;932.7666666666665;8.666666666666666;2.6666666666666665;7
83075;1999-07-01;21.8;21.9;17.8;0;1999;7;1;-23.43;-46.46;735;95.0;92.0;91.0;929.6;930.3;929.8;8;4;4;0.0;1.0;2.0;10.0;1.0;2.0;92.66666666666667;929.9;4.333333333333333;1.0;4
83075;1999-07-02;4.3;32.3;18.3;9.5;1999;7;2;-23.43;-46.46;735;92.0;66.0;45.0;930.1;932.7;931.4;8;8;0;0.0;0.0;3.0;5.0;8.0;4.0;67.66666666666667;931.4000000000001;5.666666666666667;1.0;0
83075;1999-07-03;0;30.3;20.1;6.5;1999;7;3;-23.43;-46.46;735;81.0;69.0;48.0;928.1;929.0;927.0;5;3;5;2.0;1.0;1.0;8.0;9.0;5.0;66.0;928.0333333333333;7.333333333333333;1.3333333333333333;5
83075;1999-07-04;0;27.7;17.8;5.7;1999;7;4;-23.43;-46.46;735;81.0;71.0;55.0;934.1;934.8;932.7;5;3;5;2.0;1.0;2.0;5.0;0.0;9.0;69.0;933.8666666666668;4.666666666666667;1.6666666666666667;5
83075;1999-07-05;33.2;23.2;15.3;6;1999;7;5;-23.43;-46.46;735;92.0;83.0;68.0;929.3;930.3;930.1;7;7;7;1.0;2.0;1.0;10.0;9.0;2.0;81.0;929.9;7.0;1.3333333333333333;7
83075;1999-07-06;5.6;18.5;11.8;0.1;1999;7;6;-23.43;-46.46;735;89.0;85.0;75.0;937.3;937.9;936.5;5;3;5;3.0;3.0;3.0;10.0;9.0;10.0;83.0;937.2333333333332;9.666666666666666;3.0;5
83075;1999-07-07;0;18.2;13.1;0;1999;7;7;-23.43;-46.46;735;86.0;89.0;82.0;939.1;938.0;937.6;3;3;3;3.0;2.0;2.0;6.0;10.0;10.0;85.66666666666667;938.2333333333332;8.666666666666666;2.3333333333333335;3
83075;1999-07-08;0;28.3;11.1;9;1999;7;8;-23.43;-46.46;735;71.0;66.0;35.0;935.0;935.5;933.4;3;3;7;1.0;1.0;4.0;0.0;0.0;0.0;57.333333333333336;934.6333333333333;0.0;2.0;3
83075;1999-07-09;0;34.5;17.9;7.3;1999;7;9;-23.43;-46.46;735;69.0;67.0;27.0;928.9;930.5;926.2;8;3;7;0.0;1.0;3.0;1.0;0.0;0.0;54.333333333333336;928.5333333333334;0.3333333333333333;1.3333333333333333;3
83075;1999-07-10;0;25.9;13.2;7.5;1999;7;10;-23.43;-46.46;735;81.0;73.0;52.0;938.1;937.5;933.4;3;3;5;2.0;3.0;2.0;1.0;8.0;1.0;68.66666666666667;936.3333333333334;3.3333333333333335;2.3333333333333335;3
83075;1999-07-11;0;27.4;13.1;9.1;1999;7;11;-23.43;-46.46;735;80.0;68.0;49.0;930.2;929.9;927.7;5;3;5;1.0;2.0;3.0;2.0;0.0;2.0;65.66666666666667;929.2666666666668;1.3333333333333333;2.0;5
83075;1999-07-12;17.8;26.5;17.5;1.6;1999;7;12;-23.43;-46.46;735;88.0;79.0;74.0;931.2;931.7;930.8;3;5;5;1.0;1.0;5.0;10.0;9.0;10.0;80.33333333333333;931.2333333333332;9.666666666666666;2.3333333333333335;3
83075;1999-07-13;0;21.8;9.6;7.7;1999;7;13;-23.43;-46.46;735;82.0;86.0;53.0;940.7;942.5;939.3;8;3;3;0.0;2.0;4.0;0.0;9.0;1.0;73.66666666666667;940.8333333333334;3.3333333333333335;2.0;3
83075;1999-07-14;0;24.3;11.3;8.4;1999;7;14;-23.43;-46.46;735;73.0;80.0;51.0;940.0;940.2;937.3;3;3;3;1.0;3.0;1.0;8.0;0.0;9.0;68.0;939.1666666666666;5.666666666666667;1.6666666666666667;3
83075;1999-07-15;0;27.3;13.3;8.8;1999;7;15;-23.43;-46.46;735;71.0;73.0;42.0;937.1;938.4;935.7;4;3;8;1.0;1.0;0.0;9.0;2.0;1.0;62.0;937.0666666666666;4.0;0.6666666666666666;4
83075;1999-07-16;0;27.9;13.9;8.7;1999;7;16;-23.43;-46.46;735;66.0;80.0;48.0;936.0;937.5;934.2;5;3;5;1.0;1.0;2.0;6.0;6.0;6.0;64.66666666666667;935.9;6.0;1.3333333333333333;5
83075;1999-07-17;0;27.6;14.4;8.5;1999;7;17;-23.43;-46.46;735;79.0;79.0;45.0;935.1;937.6;935.9;8;5;7;0.0;1.0;1.0;1.0;1.0;5.0;67.66666666666667;936.1999999999999;2.3333333333333335;0.6666666666666666;5
83075;1999-07-18;0;20.1;14.8;0;1999;7;18;-23.43;-46.46;735;87.0;85.0;77.0;938.5;939.1;938.0;5;3;5;3.0;3.0;4.0;9.0;10.0;10.0;83.0;938.5333333333333;9.666666666666666;3.3333333333333335;5
83075;1999-07-19;0;25.7;15.2;6.4;1999;7;19;-23.43;-46.46;735;84.0;85.0;59.0;938.7;938.2;935.2;5;3;5;1.0;2.0;1.0;9.0;9.0;1.0;76.0;937.3666666666668;6.333333333333333;1.3333333333333333;5
83075;1999-07-20;0;28.8;14.3;9.1;1999;7;20;-23.43;-46.46;735;84.0;76.0;36.0;936.1;935.6;932.0;5;3;7;1.0;1.0;3.0;9.0;5.0;1.0;65.33333333333333;934.5666666666666;5.0;1.6666666666666667;5
83075;1999-07-21;0;25.9;15.7;5.4;1999;7;21;-23.43;-46.46;735;63.0;65.0;50.0;932.8;935.1;933.8;7;7;7;1.0;3.0;4.0;8.0;9.0;9.0;59.333333333333336;933.9;8.666666666666666;2.6666666666666665;7
83075;1999-07-22;0;19.8;13.4;1.8;1999;7;22;-23.43;-46.46;735;81.0;82.0;68.0;935.2;937.4;936.4;5;5;5;3.0;2.0;3.0;0.0;10.0;9.0;77.0;936.3333333333334;6.333333333333333;2.6666666666666665;5
83075;1999-07-23;0;20.8;12.9;2.8;1999;7;23;-23.43;-46.46;735;83.0;83.0;67.0;938.8;938.9;936.9;5;3;3;3.0;2.0;1.0;10.0;10.0;8.0;77.66666666666667;938.1999999999999;9.333333333333334;2.0;5
83075;1999-07-24;0;25.2;14;4.9;1999;7;24;-23.43;-46.46;735;87.0;90.0;60.0;938.2;938.6;936.4;5;3;5;1.0;2.0;1.0;10.0;10.0;10.0;79.0;937.7333333333335;10.0;1.3333333333333333;5
83075;1999-07-25;7.5;25.7;11.4;7.6;1999;7;25;-23.43;-46.46;735;91.0;94.0;44.0;937.6;938.7;936.0;8;8;5;0.0;0.0;1.0;2.0;10.0;1.0;76.33333333333333;937.4333333333334;4.333333333333333;0.3333333333333333;5
83075;1999-07-26;0;27.3;11.9;9.3;1999;7;26;-23.43;-46.46;735;79.0;77.0;44.0;937.4;937.6;934.8;3;3;7;1.0;1.0;3.0;0.0;0.0;1.0;66.66666666666667;936.6;0.3333333333333333;1.6666666666666667;3
83075;1999-07-27;0;28.4;13.5;8.8;1999;7;27;-23.43;-46.46;735;86.0;81.0;43.0;935.3;936.1;934.7;8;5;7;0.0;1.0;3.0;1.0;1.0;4.0;70.0;935.3666666666668;2.0;1.3333333333333333;5
83075;1999-07-28;0;19.7;14.4;0;1999;7;28;-23.43;-46.46;735;81.0;81.0;82.0;936.8;939.1;938.9;5;5;3;3.0;2.0;2.0;0.0;10.0;10.0;81.33333333333333;938.2666666666668;6.666666666666667;2.3333333333333335;5
83075;1999-07-29;0;24.1;14.4;7.7;1999;7;29;-23.43;-46.46;735;85.0;82.0;58.0;939.6;939.2;935.8;3;3;3;2.0;2.0;2.0;9.0;9.0;0.0;75.0;938.2000000000002;6.0;2.0;3
83075;1999-07-30;0;27.7;12.9;6.8;1999;7;30;-23.43;-46.46;735;89.0;93.0;45.0;935.5;937.0;934.2;3;3;7;1.0;2.0;1.0;0.0;10.0;4.0;75.66666666666667;935.5666666666666;4.666666666666667;1.3333333333333333;3
83075;1999-07-31;0;22.1;10.2;0;1999;7;31;-23.43;-46.46;735;68.0;85.0;77.0;934.8;939.5;939.0;7;5;5;1.0;4.0;3.0;6.0;10.0;10.0;76.66666666666667;937.7666666666668;8.666666666666666;2.6666666666666665;7
83075;1999-08-01;32.6;28.8;18.8;1.3;1999;8;1;-23.43;-46.46;735;95.0;88.0;68.0;929.9;929.7;928.0;7;7;7;3.0;0.1;3.0;10.0;0.0;8.0;83.66666666666667;929.1999999999999;6.0;2.033333333333333;7
83075;1999-08-02;1.7;28.1;19.6;1;1999;8;2;-23.43;-46.46;735;69.0;74.0;59.0;931.5;933.7;931.7;7;0;7;1.0;3.0;3.0;8.0;9.0;10.0;67.33333333333333;932.3000000000001;9.0;2.3333333333333335;7
83075;1999-08-03;0;29.5;19.5;7.6;1999;8;3;-23.43;-46.46;735;81.0;70.0;55.0;928.9;930.4;928.7;4;8;7;1.0;0.0;2.0;6.0;1.0;9.0;68.66666666666667;929.3333333333334;5.333333333333333;1.0;4
83075;1999-08-04;0;25.4;17.3;4.1;1999;8;4;-23.43;-46.46;735;80.0;74.0;64.0;933.8;934.1;933.4;5;8;5;1.0;0.0;3.0;4.0;1.0;9.0;72.66666666666667;933.7666666666668;4.666666666666667;1.3333333333333333;5
83075;1999-08-05;0;21.6;15.4;6.4;1999;8;5;-23.43;-46.46;735;83.0;67.0;63.0;933.0;935.2;934.2;5;3;5;1.0;2.0;3.0;10.0;2.0;8.0;71.0;934.1333333333333;6.666666666666667;2.0;5
83075;1999-08-06;0;21.3;13;1.9;1999;8;6;-23.43;-46.46;735;85.0;85.0;69.0;938.1;938.7;937.5;5;3;3;2.0;3.0;2.0;10.0;10.0;8.0;79.66666666666667;938.1;9.333333333333334;2.3333333333333335;5
83075;1999-08-07;1.2;21.6;13.4;1.1;1999;8;7;-23.43;-46.46;735;88.0;94.0;81.0;937.8;937.7;935.8;3;3;4;2.0;2.0;5.0;8.0;10.0;10.0;87.66666666666667;937.1;9.333333333333334;3.0;3
83075;1999-08-08;0;22.5;12.2;0;1999;8;8;-23.43;-46.46;735;67.0;84.0;71.0;933.7;937.2;936.8;8;4;3;0.0;5.0;3.0;2.0;10.0;10.0;74.0;935.9;7.333333333333333;2.6666666666666665;4
83075;1999-08-09;0;32.2;20.4;2.1;1999;8;9;-23.43;-46.46;735;57.0;48.0;40.0;927.1;927.4;927.7;8;8;7;0.0;0.0;2.0;1.0;5.0;10.0;48.333333333333336;927.4;5.333333333333333;0.6666666666666666;7
83075;1999-08-10;9.6;25.4;13.2;2.5;1999;8;10;-23.43;-46.46;735;83.0;85.0;63.0;934.2;932.3;929.7;5;5;7;1.0;1.0;5.0;10.0;10.0;9.0;77.0;932.0666666666666;9.666666666666666;2.3333333333333335;5
83075;1999-08-11;0;32.7;15.3;8.3;1999;8;11;-23.43;-46.46;735;84.0;72.0;41.0;930.2;930.5;928.0;3;5;7;1.0;1.0;2.0;0.0;0.0;5.0;65.66666666666667;929.5666666666666;1.6666666666666667;1.3333333333333333;3
83075;1999-08-12;14.7;30.2;18.5;1.9;1999;8;12;-23.43;-46.46;735;86.0;75.0;83.0;933.0;932.7;931.0;5;5;5;3.0;1.0;3.0;10.0;9.0;10.0;81.33333333333333;932.2333333333332;9.666666666666666;2.3333333333333335;5
83075;1999-08-13;0;29.4;13;8.3;1999;8;13;-23.43;-46.46;735;63.0;65.0;41.0;932.1;931.5;929.3;7;8;7;1.0;0.0;2.0;0.0;0.0;0.0;56.333333333333336;930.9666666666666;0.0;1.0;7
83075;1999-08-14;0;18;8.2;0;1999;8;14;-23.43;-46.46;735;84.0;84.0;79.0;931.6;935.0;934.9;5;5;5;2.0;3.0;4.0;10.0;10.0;10.0;82.33333333333333;933.8333333333334;10.0;3.0;5
83075;1999-08-15;0;10.4;5.5;0;1999;8;15;-23.43;-46.46;735;81.0;76.0;62.0;939.1;941.5;941.7;5;5;5;3.0;3.0;3.0;10.0;10.0;9.0;73.0;940.7666666666668;9.666666666666666;3.0;5
83075;1999-08-16;0.7;16.1;5.4;6.6;1999;8;16;-23.43;-46.46;735;84.0;84.0;59.0;943.9;945.1;943.5;5;3;5;2.0;3.0;3.0;10.0;10.0;8.0;75.66666666666667;944.1666666666666;9.333333333333334;2.6666666666666665;5
83075;1999-08-17;0.1;19.3;7.9;7.8;1999;8;17;-23.43;-46.46;735;78.0;82.0;55.0;943.6;943.6;940.0;3;1;5;4.0;1.0;3.0;1.0;9.0;6.0;71.66666666666667;942.4;5.333333333333333;2.6666666666666665;3
83075;1999-08-18;0;23;10;6.1;1999;8;18;-23.43;-46.46;735;80.0;79.0;52.0;940.3;940.0;937.0;3;3;3;3.0;3.0;1.0;9.0;9.0;2.0;70.33333333333333;939.1;6.666666666666667;2.3333333333333335;3
83075;1999-08-19;0;24;10.7;8.6;1999;8;19;-23.43;-46.46;735;82.0;83.0;46.0;939.3;941.1;938.8;5;3;3;1.0;1.0;1.0;2.0;0.0;1.0;70.33333333333333;939.7333333333332;1.0;1.0;5
83075;1999-08-20;0;25;12.7;8.6;1999;8;20;-23.43;-46.46;735;83.0;78.0;42.0;941.1;942.0;939.6;3;3;5;2.0;5.0;2.0;10.0;8.0;1.0;67.66666666666667;940.9;6.333333333333333;3.0;3
83075;1999-08-21;0;27.5;12.4;9.5;1999;8;21;-23.43;-46.46;735;80.0;71.0;42.0;939.9;940.9;937.3;5;3;1;3.0;1.0;1.0;0.0;1.0;1.0;64.33333333333333;939.3666666666667;0.6666666666666666;1.6666666666666667;5
83075;1999-08-22;0;27.8;13.2;9.1;1999;8;22;-23.43;-46.46;735;55.0;70.0;38.0;937.2;938.7;936.2;5;3;5;1.0;1.0;1.0;6.0;0.0;4.0;54.333333333333336;937.3666666666668;3.3333333333333335;1.0;5
83075;1999-08-23;0;25.4;13.9;7.3;1999;8;23;-23.43;-46.46;735;60.0;82.0;39.0;936.4;938.8;936.2;3;5;5;1.0;2.0;3.0;8.0;8.0;1.0;60.333333333333336;937.1333333333332;5.666666666666667;2.0;3
83075;1999-08-24;0;25.2;11.8;6.8;1999;8;24;-23.43;-46.46;735;78.0;83.0;41.0;938.9;940.1;937.5;5;3;3;2.0;1.0;2.0;6.0;9.0;1.0;67.33333333333333;938.8333333333334;5.333333333333333;1.6666666666666667;5
83075;1999-08-25;0;27.7;11.8;8.5;1999;8;25;-23.43;-46.46;735;80.0;79.0;32.0;940.2;940.8;936.9;5;3;7;1.0;1.0;2.0;9.0;2.0;0.0;63.666666666666664;939.3000000000001;3.6666666666666665;1.3333333333333333;5
83075;1999-08-26;0;29.6;12.6;8.8;1999;8;26;-23.43;-46.46;735;57.0;58.0;32.0;937.1;937.0;934.0;8;3;7;0.0;1.0;2.0;0.0;0.0;0.0;49.0;936.0333333333333;0.0;1.0;3
83075;1999-08-27;0;29.4;13.7;7.4;1999;8;27;-23.43;-46.46;735;60.0;78.0;36.0;934.1;935.8;932.3;8;5;7;0.0;1.0;2.0;0.0;0.0;0.0;58.0;934.0666666666666;0.0;1.0;5
83075;1999-08-28;0;31.4;15.1;7.6;1999;8;28;-23.43;-46.46;735;84.0;75.0;33.0;935.3;934.5;931.1;5;3;7;1.0;1.0;2.0;10.0;0.0;6.0;64.0;933.6333333333333;5.333333333333333;1.3333333333333333;5
83075;1999-08-29;0;30.9;13.5;0;1999;8;29;-23.43;-46.46;735;85.0;79.0;35.0;933.0;934.8;932.8;3;3;5;2.0;1.0;3.0;0.0;2.0;0.0;66.33333333333333;933.5333333333333;0.6666666666666666;2.0;3
83075;1999-08-30;0;29.3;14.1;6.8;1999;8;30;-23.43;-46.46;735;65.0;84.0;43.0;935.1;937.4;934.3;5;3;3;1.0;1.0;2.0;0.0;9.0;0.0;64.0;935.6;3.0;1.3333333333333333;5
83075;1999-08-31;0;32.4;14.9;7.2;1999;8;31;-23.43;-46.46;735;62.0;82.0;28.0;935.1;936.0;933.0;8;3;7;0.0;1.0;3.0;0.0;0.0;6.0;57.333333333333336;934.6999999999999;2.0;1.3333333333333333;3
83075;1999-09-01;6.9;29.3;19.7;2.8;1999;9;1;-23.43;-46.46;735;91.0;84.0;86.0;930.3;930.9;930.9;8;3;5;0.0;1.0;2.0;8.0;9.0;10.0;87.0;930.6999999999999;9.0;1.0;3
83075;1999-09-02;0;27.9;20.4;0;1999;9;2;-23.43;-46.46;735;76.0;74.0;81.0;931.9;932.0;931.6;7;7;7;1.0;1.0;3.0;9.0;9.0;10.0;77.0;931.8333333333334;9.333333333333334;1.6666666666666667;7
83075;1999-09-04;1.1;23.2;17.1;0.1;1999;9;4;-23.43;-46.46;735;87.0;84.0;74.0;934.6;935.6;934.8;5;5;4;2.0;3.0;5.0;10.0;10.0;10.0;81.66666666666667;935.0;10.0;3.3333333333333335;5
83075;1999-09-05;0;23.2;14.6;6.9;1999;9;5;-23.43;-46.46;735;74.0;72.0;62.0;935.4;937.1;935.7;3;3;5;2.0;2.0;3.0;10.0;4.0;8.0;69.33333333333333;936.0666666666666;7.333333333333333;2.3333333333333335;3
83075;1999-09-06;0;23.8;15;6.5;1999;9;6;-23.43;-46.46;735;88.0;82.0;60.0;938.9;939.4;935.8;3;3;3;1.0;2.0;2.0;9.0;10.0;2.0;76.66666666666667;938.0333333333333;7.0;1.6666666666666667;3
83075;1999-09-07;0;19.1;12;5;1999;9;7;-23.43;-46.46;735;91.0;82.0;64.0;938.0;938.9;937.4;3;5;5;3.0;1.0;2.0;10.0;10.0;1.0;79.0;938.1;7.0;2.0;3
83075;1999-09-08;0;24.4;11.5;6.7;1999;9;8;-23.43;-46.46;735;86.0;83.0;55.0;937.5;937.9;934.8;4;3;5;5.0;1.0;1.0;9.0;9.0;0.0;74.66666666666667;936.7333333333332;6.0;2.3333333333333335;4
83075;1999-09-09;28;25.1;15.2;0.5;1999;9;9;-23.43;-46.46;735;66.0;90.0;68.0;927.8;934.3;930.6;8;7;3;0.0;2.0;3.0;10.0;10.0;10.0;74.66666666666667;930.9;10.0;1.6666666666666667;7
83075;1999-09-10;2.4;26.7;14.3;9.9;1999;9;10;-23.43;-46.46;735;87.0;74.0;63.0;930.1;931.1;930.1;7;5;5;2.0;2.0;5.0;10.0;6.0;1.0;74.66666666666667;930.4333333333334;5.666666666666667;3.0;7
83075;1999-09-11;1.5;23.2;13.7;0;1999;9;11;-23.43;-46.46;735;67.0;83.0;92.0;931.1;933.7;933.6;5;4;3;2.0;2.0;2.0;6.0;10.0;10.0;80.66666666666667;932.8000000000001;8.666666666666666;2.0;5
83075;1999-09-12;13.5;25.5;18.9;1.3;1999;9;12;-23.43;-46.46;735;88.0;77.0;73.0;933.7;933.7;932.7;5;3;5;2.0;1.0;4.0;10.0;9.0;9.0;79.33333333333333;933.3666666666668;9.333333333333334;2.3333333333333335;5
83075;1999-09-13;2.2;24.8;13.9;4.1;1999;9;13;-23.43;-46.46;735;88.0;85.0;58.0;931.9;933.1;929.8;3;3;5;2.0;1.0;3.0;10.0;10.0;8.0;77.0;931.6;9.333333333333334;2.0;3
83075;1999-09-14;0;30.6;15;4.5;1999;9;14;-23.43;-46.46;735;85.0;86.0;48.0;930.7;930.4;926.6;5;3;7;1.0;2.0;1.0;10.0;10.0;5.0;73.0;929.2333333333332;8.333333333333334;1.3333333333333333;5
83075;1999-09-15;8.6;21;16.2;0;1999;9;15;-23.43;-46.46;735;83.0;88.0;83.0;928.4;930.5;928.2;3;7;7;1.0;2.0;2.0;9.0;10.0;10.0;84.66666666666667;929.0333333333334;9.666666666666666;1.6666666666666667;3
83075;1999-09-16;3.5;21.6;11.8;6.4;1999;9;16;-23.43;-46.46;735;88.0;57.0;54.0;933.6;937.0;936.2;5;3;3;5.0;3.0;2.0;10.0;4.0;8.0;66.33333333333333;935.6;7.333333333333333;3.3333333333333335;5
83075;1999-09-17;0;21.7;13.5;0.2;1999;9;17;-23.43;-46.46;735;80.0;81.0;68.0;936.8;937.9;937.0;5;3;3;1.0;4.0;2.0;10.0;10.0;10.0;76.33333333333333;937.2333333333332;10.0;2.3333333333333335;5
83075;1999-09-18;0;26.4;14.1;7.7;1999;9;18;-23.43;-46.46;735;80.0;77.0;47.0;937.6;937.0;934.0;5;3;3;2.0;3.0;2.0;10.0;8.0;1.0;68.0;936.1999999999999;6.333333333333333;2.3333333333333335;5
83075;1999-09-19;0;27.9;13.6;4.9;1999;9;19;-23.43;-46.46;735;82.0;87.0;55.0;935.0;935.7;932.4;3;3;5;3.0;2.0;3.0;5.0;9.0;8.0;74.66666666666667;934.3666666666667;7.333333333333333;2.6666666666666665;3
83075;1999-09-20;0;24.6;14.6;3.8;1999;9;20;-23.43;-46.46;735;73.0;74.0;66.0;936.2;937.8;935.3;5;3;4;3.0;3.0;4.0;8.0;8.0;6.0;71.0;936.4333333333334;7.333333333333333;3.3333333333333335;5
83075;1999-09-21;0;28.6;16.5;5.9;1999;9;21;-23.43;-46.46;735;82.0;78.0;76.0;936.0;935.4;932.9;5;3;3;3.0;2.0;5.0;9.0;8.0;9.0;78.66666666666667;934.7666666666668;8.666666666666666;3.3333333333333335;5
83075;1999-09-22;0;21.4;13.6;6.1;1999;9;22;-23.43;-46.46;735;81.0;70.0;61.0;934.3;934.9;934.4;5;5;5;1.0;4.0;7.0;8.0;9.0;9.0;70.66666666666667;934.5333333333333;8.666666666666666;4.0;5
83075;1999-09-23;0.1;17.6;11.3;9.9;1999;9;23;-23.43;-46.46;735;85.0;61.0;55.0;935.5;938.1;937.1;5;5;3;3.0;3.0;5.0;10.0;6.0;8.0;67.0;936.9;8.0;3.6666666666666665;5
83075;1999-09-24;0;19.3;8.7;8.7;1999;9;24;-23.43;-46.46;735;75.0;71.0;45.0;938.4;938.8;936.8;3;3;5;4.0;3.0;3.0;9.0;6.0;6.0;63.666666666666664;938.0;7.0;3.3333333333333335;3
83075;1999-09-25;0;22.9;9.7;;1999;9;25;-23.43;-46.46;735;76.0;67.0;42.0;937.4;937.8;933.4;3;3;5;2.0;1.0;1.0;2.0;8.0;0.0;61.666666666666664;936.1999999999999;3.3333333333333335;1.3333333333333333;3
83075;1999-09-26;0;29.1;10.8;9;1999;9;26;-23.43;-46.46;735;79.0;73.0;31.0;934.8;934.7;931.1;5;3;7;2.0;1.0;3.0;9.0;0.0;1.0;61.0;933.5333333333333;3.3333333333333335;2.0;5
83075;1999-09-27;0;25.6;12.9;8.9;1999;9;27;-23.43;-46.46;735;73.0;56.0;62.0;933.2;935.6;933.9;8;3;5;0.0;1.0;5.0;1.0;0.0;4.0;63.666666666666664;934.2333333333335;1.6666666666666667;2.0;3
83075;1999-09-28;0;30;13;9.8;1999;9;28;-23.43;-46.46;735;73.0;70.0;43.0;935.9;934.3;930.1;3;3;5;1.0;2.0;1.0;10.0;8.0;1.0;62.0;933.4333333333333;6.333333333333333;1.3333333333333333;3
83075;1999-09-29;0;32.8;15.7;4.7;1999;9;29;-23.43;-46.46;735;75.0;65.0;78.0;930.9;929.6;928.9;5;3;5;1.0;1.0;3.0;2.0;8.0;10.0;72.66666666666667;929.8000000000001;6.666666666666667;1.6666666666666667;5
83075;1999-09-30;5.8;24.4;13.5;4.1;1999;9;30;-23.43;-46.46;735;84.0;81.0;58.0;932.2;933.0;930.0;3;3;3;1.0;2.0;1.0;10.0;10.0;2.0;74.33333333333333;931.7333333333332;7.333333333333333;1.3333333333333333;3
83075;1999-10-01;8.8;28.7;20.2;4;1999;10;1;-23.43;-46.46;735;90.0;80.0;67.0;932.0;932.5;931.6;8;5;5;0.0;1.0;3.0;10.0;9.0;8.0;79.0;932.0333333333333;9.0;1.3333333333333333;5
83075;1999-10-02;17.8;27.9;19.8;0.7;1999;10;2;-23.43;-46.46;735;85.0;90.0;73.0;930.5;930.0;928.6;7;8;5;2.0;0.0;3.0;9.0;10.0;9.0;82.66666666666667;929.6999999999999;9.333333333333334;1.6666666666666667;7
83075;1999-10-03;40.8;31.8;19.7;4.9;1999;10;3;-23.43;-46.46;735;86.0;82.0;57.0;929.4;930.1;927.3;8;8;7;0.0;0.0;1.0;10.0;8.0;6.0;75.0;928.9333333333334;8.0;0.3333333333333333;7
83075;1999-10-04;2.2;22.8;15.9;2.6;1999;10;4;-23.43;-46.46;735;90.0;71.0;80.0;936.5;937.2;936.2;5;3;3;2.0;2.0;2.0;10.0;5.0;10.0;80.33333333333333;936.6333333333333;8.333333333333334;2.0;5
83075;1999-10-05;0;24.2;13.6;8.6;1999;10;5;-23.43;-46.46;735;83.0;76.0;50.0;937.6;937.6;935.4;3;8;3;3.0;0.0;1.0;2.0;8.0;4.0;69.66666666666667;936.8666666666667;4.666666666666667;1.3333333333333333;3
83075;1999-10-06;0;24.5;12.5;4;1999;10;6;-23.43;-46.46;735;76.0;75.0;59.0;936.7;934.9;933.4;8;8;7;0.0;0.0;3.0;1.0;6.0;9.0;70.0;935.0;5.333333333333333;1.0;7
83075;1999-10-07;0;21.1;8.9;8.1;1999;10;7;-23.43;-46.46;735;83.0;86.0;58.0;938.4;940.4;938.0;5;5;3;2.0;1.0;2.0;9.0;1.0;5.0;75.66666666666667;938.9333333333334;5.0;1.6666666666666667;5
83075;1999-10-08;0;28.3;10.2;7.6;1999;10;8;-23.43;-46.46;735;89.0;89.0;37.0;937.3;936.9;934.2;5;3;1;1.0;1.0;1.0;10.0;10.0;0.0;71.66666666666667;936.1333333333332;6.666666666666667;1.0;5
83075;1999-10-09;15.4;25.2;12.9;0;1999;10;9;-23.43;-46.46;735;91.0;85.0;83.0;932.3;935.9;935.9;1;5;4;1.0;3.0;4.0;10.0;10.0;10.0;86.33333333333333;934.6999999999999;10.0;2.6666666666666665;1
83075;1999-10-10;0;20.4;13.6;4.7;1999;10;10;-23.43;-46.46;735;73.0;75.0;67.0;934.3;934.9;934.9;5;5;5;4.0;2.0;5.0;9.0;9.0;2.0;71.66666666666667;934.6999999999999;6.666666666666667;3.6666666666666665;5
83075;1999-10-11;6.8;14.9;11.6;0;1999;10;11;-23.43;-46.46;735;90.0;80.0;78.0;935.9;937.5;937.4;5;5;5;3.0;5.0;3.0;10.0;10.0;10.0;82.66666666666667;936.9333333333334;10.0;3.6666666666666665;5
83075;1999-10-12;0;24.2;18.9;0.1;1999;10;12;-23.43;-46.46;735;82.0;80.0;74.0;933.9;933.7;933.0;5;5;5;3.0;2.0;5.0;6.0;10.0;10.0;78.66666666666667;933.5333333333333;8.666666666666666;3.3333333333333335;5
83075;1999-10-13;0;30.7;14.9;7.4;1999;10;13;-23.43;-46.46;735;78.0;78.0;42.0;937.6;936.1;932.4;5;3;5;2.0;3.0;4.0;10.0;6.0;0.0;66.0;935.3666666666667;5.333333333333333;3.0;5
83075;1999-10-14;0;32.9;15.6;6.1;1999;10;14;-23.43;-46.46;735;79.0;72.0;46.0;934.0;934.4;930.7;5;8;5;3.0;0.0;5.0;0.0;0.0;6.0;65.66666666666667;933.0333333333334;2.0;2.6666666666666665;5
83075;1999-10-15;0;33.2;15.4;3.8;1999;10;15;-23.43;-46.46;735;82.0;71.0;40.0;933.7;932.6;929.2;3;3;7;2.0;1.0;2.0;10.0;0.0;9.0;64.33333333333333;931.8333333333334;6.333333333333333;1.6666666666666667;3
83075;1999-10-16;0.1;27.4;18;0;1999;10;16;-23.43;-46.46;735;64.0;60.0;81.0;930.3;929.0;928.1;5;5;5;1.0;2.0;1.0;10.0;10.0;10.0;68.33333333333333;929.1333333333333;10.0;1.3333333333333333;5
83075;1999-10-17;20.4;21.9;17.9;0;1999;10;17;-23.43;-46.46;735;91.0;92.0;84.0;928.9;928.3;928.5;3;5;7;1.0;1.0;1.0;6.0;10.0;10.0;89.0;928.5666666666666;8.666666666666666;1.0;3
83075;1999-10-18;3.1;23.2;16.2;0.4;1999;10;18;-23.43;-46.46;735;91.0;85.0;72.0;929.4;931.8;930.9;5;5;5;2.0;2.0;3.0;8.0;10.0;10.0;82.66666666666667;930.6999999999999;9.333333333333334;2.3333333333333335;5
83075;1999-10-19;0;19.9;15;0;1999;10;19;-23.43;-46.46;735;89.0;79.0;88.0;934.3;935.1;934.8;3;3;3;3.0;3.0;3.0;10.0;10.0;10.0;85.33333333333333;934.7333333333332;10.0;3.0;3
83075;1999-10-20;0;20.5;14.9;0;1999;10;20;-23.43;-46.46;735;87.0;78.0;79.0;935.6;934.8;932.8;3;3;5;3.0;1.0;3.0;10.0;10.0;10.0;81.33333333333333;934.4;10.0;2.3333333333333335;3
83075;1999-10-21;0;22.3;14.7;0.4;1999;10;21;-23.43;-46.46;735;87.0;79.0;72.0;934.1;932.5;929.6;5;5;5;3.0;2.0;3.0;10.0;10.0;10.0;79.33333333333333;932.0666666666666;10.0;2.6666666666666665;5
83075;1999-10-22;0;24.4;15.3;8.7;1999;10;22;-23.43;-46.46;735;84.0;72.0;54.0;930.7;931.2;930.4;3;3;5;3.0;1.0;4.0;10.0;6.0;4.0;70.0;930.7666666666668;6.666666666666667;2.6666666666666665;3
83075;1999-10-23;0;23;13.7;10.2;1999;10;23;-23.43;-46.46;735;77.0;61.0;53.0;933.8;936.4;935.3;5;5;5;2.0;2.0;3.0;9.0;4.0;4.0;63.666666666666664;935.1666666666666;5.666666666666667;2.3333333333333335;5
83075;1999-10-24;0;23.9;11.3;7.7;1999;10;24;-23.43;-46.46;735;75.0;65.0;59.0;937.0;936.4;934.2;3;3;5;2.0;3.0;4.0;1.0;8.0;10.0;66.33333333333333;935.8666666666668;6.333333333333333;3.0;3
83075;1999-10-25;0;22;13.8;1.7;1999;10;25;-23.43;-46.46;735;77.0;67.0;78.0;934.7;934.6;933.0;5;3;3;3.0;2.0;3.0;9.0;8.0;10.0;74.0;934.1;9.0;2.6666666666666665;5
83075;1999-10-26;0;19.4;14.5;0;1999;10;26;-23.43;-46.46;735;82.0;80.0;76.0;933.4;932.3;930.6;5;3;3;2.0;2.0;1.0;10.0;10.0;10.0;79.33333333333333;932.0999999999999;10.0;1.6666666666666667;5
83075;1999-10-27;0;24.2;14.1;2;1999;10;27;-23.43;-46.46;735;90.0;80.0;80.0;930.5;930.2;930.3;3;3;5;1.0;3.0;4.0;10.0;9.0;10.0;83.33333333333333;930.3333333333334;9.666666666666666;2.6666666666666665;3
83075;1999-10-28;32.7;25.8;13.9;3.6;1999;10;28;-23.43;-46.46;735;89.0;76.0;79.0;930.6;931.3;930.7;5;3;5;1.0;1.0;3.0;10.0;1.0;10.0;81.33333333333333;930.8666666666668;7.0;1.6666666666666667;5
83075;1999-10-29;1.9;27.7;15.3;4.6;1999;10;29;-23.43;-46.46;735;81.0;83.0;63.0;932.6;933.9;932.9;5;5;3;1.0;1.0;5.0;4.0;10.0;1.0;75.66666666666667;933.1333333333333;5.0;2.3333333333333335;5
83075;1999-10-30;0;23.7;16;0.9;1999;10;30;-23.43;-46.46;735;74.0;73.0;71.0;935.4;936.6;936.4;3;3;5;3.0;3.0;5.0;10.0;9.0;8.0;72.66666666666667;936.1333333333333;9.0;3.6666666666666665;3
83075;1999-10-31;0.1;23.7;13.8;6.8;1999;10;31;-23.43;-46.46;735;84.0;76.0;51.0;937.9;938.3;935.8;3;3;5;3.0;3.0;5.0;6.0;10.0;1.0;70.33333333333333;937.3333333333334;5.666666666666667;3.6666666666666665;3
83075;1999-11-02;121.4;31.2;18.4;5.7;1999;11;2;-23.43;-46.46;735;94.0;81.0;65.0;929.8;929.9;927.8;8;7;4;0.0;1.0;3.0;10.0;5.0;8.0;80.0;929.1666666666666;7.666666666666667;1.3333333333333333;7
83075;1999-11-03;22.2;26;20;0.9;1999;11;3;-23.43;-46.46;735;78.0;83.0;76.0;928.7;930.2;928.5;3;0;7;1.0;3.0;3.0;10.0;10.0;9.0;79.0;929.1333333333333;9.666666666666666;2.3333333333333335;3
83075;1999-11-04;0;25.5;14.1;8;1999;11;4;-23.43;-46.46;735;78.0;74.0;52.0;938.8;938.8;935.5;3;3;3;2.0;3.0;2.0;8.0;8.0;8.0;68.0;937.6999999999999;8.0;2.3333333333333335;3
83075;1999-11-05;0;24.4;13.5;3.6;1999;11;5;-23.43;-46.46;735;80.0;84.0;55.0;936.5;935.6;933.3;3;3;7;1.0;2.0;3.0;0.0;8.0;9.0;73.0;935.1333333333332;5.666666666666667;2.0;3
83075;1999-11-06;0;20.9;13.3;0;1999;11;6;-23.43;-46.46;735;77.0;89.0;81.0;934.3;936.0;934.6;8;5;5;0.0;1.0;3.0;9.0;10.0;10.0;82.33333333333333;934.9666666666667;9.666666666666666;1.3333333333333333;5
83075;1999-11-07;0;21.1;10.5;4.2;1999;11;7;-23.43;-46.46;735;83.0;85.0;62.0;939.5;941.4;939.2;3;3;5;3.0;3.0;4.0;10.0;10.0;4.0;76.66666666666667;940.0333333333334;8.0;3.3333333333333335;3
83075;1999-11-08;0;29.3;11;9;1999;11;8;-23.43;-46.46;735;63.0;69.0;34.0;935.3;936.1;934.0;5;5;7;1.0;1.0;3.0;0.0;0.0;0.0;55.333333333333336;935.1333333333333;0.0;1.6666666666666667;5
83075;1999-11-09;0;18.3;12.6;0;1999;11;9;-23.43;-46.46;735;83.0;80.0;76.0;936.3;937.1;935.6;5;5;3;3.0;1.0;3.0;10.0;10.0;10.0;79.66666666666667;936.3333333333334;10.0;2.3333333333333335;5
83075;1999-11-10;0;20.3;13.2;0.1;1999;11;10;-23.43;-46.46;735;80.0;73.0;80.0;936.2;937.1;936.3;5;3;5;4.0;3.0;3.0;9.0;9.0;10.0;77.66666666666667;936.5333333333334;9.333333333333334;3.3333333333333335;5
83075;1999-11-11;0;22.3;11.6;3.1;1999;11;11;-23.43;-46.46;735;81.0;67.0;60.0;937.6;936.4;932.7;3;3;5;2.0;1.0;1.0;10.0;9.0;6.0;69.33333333333333;935.5666666666666;8.333333333333334;1.3333333333333333;3
83075;1999-11-12;0;23.8;17.9;0;1999;11;12;-23.43;-46.46;735;86.0;82.0;76.0;934.1;932.7;931.3;5;5;5;3.0;2.0;3.0;10.0;10.0;10.0;81.33333333333333;932.7000000000002;10.0;2.6666666666666665;5
83075;1999-11-13;22.5;18.7;14.6;0;1999;11;13;-23.43;-46.46;735;90.0;93.0;90.0;932.0;932.3;931.8;8;5;5;0.0;1.0;2.0;10.0;10.0;10.0;91.0;932.0333333333333;10.0;1.0;5
83075;1999-11-14;0.6;22;15.3;2.5;1999;11;14;-23.43;-46.46;735;90.0;92.0;61.0;932.1;932.6;931.6;5;5;3;1.0;1.0;3.0;10.0;10.0;8.0;81.0;932.1;9.333333333333334;1.6666666666666667;5
83075;1999-11-15;0.4;21.5;13.9;0.5;1999;11;15;-23.43;-46.46;735;79.0;84.0;72.0;932.6;933.6;933.0;3;5;4;2.0;2.0;4.0;8.0;9.0;10.0;78.33333333333333;933.0666666666666;9.0;2.6666666666666665;3
83075;1999-11-16;0;21.9;10.9;5.6;1999;11;16;-23.43;-46.46;735;78.0;65.0;57.0;933.5;935.0;934.0;5;3;3;3.0;3.0;5.0;6.0;6.0;9.0;66.66666666666667;934.1666666666666;7.0;3.6666666666666665;5
83075;1999-11-17;0;22.8;11.1;7.9;1999;11;17;-23.43;-46.46;735;76.0;48.0;57.0;936.3;935.4;933.5;5;3;5;2.0;3.0;4.0;2.0;1.0;8.0;60.333333333333336;935.0666666666666;3.6666666666666665;3.0;5
83075;1999-11-18;0;24.2;13.1;5.6;1999;11;18;-23.43;-46.46;735;78.0;66.0;64.0;934.6;933.5;931.2;5;3;5;3.0;2.0;5.0;10.0;6.0;5.0;69.33333333333333;933.1;7.0;3.3333333333333335;5
83075;1999-11-19;0;24.1;13.5;1.3;1999;11;19;-23.43;-46.46;735;80.0;83.0;60.0;932.0;930.4;926.9;5;3;5;2.0;1.0;3.0;10.0;10.0;8.0;74.33333333333333;929.7666666666668;9.333333333333334;2.0;5
83075;1999-11-20;0;30.3;14.8;4.8;1999;11;20;-23.43;-46.46;735;81.0;73.0;59.0;928.6;927.8;924.1;5;5;5;1.0;1.0;4.0;10.0;2.0;10.0;71.0;926.8333333333334;7.333333333333333;2.0;5
83075;1999-11-21;20.6;25.5;15;1;1999;11;21;-23.43;-46.46;735;90.0;85.0;64.0;928.2;927.8;926.5;8;5;1;0.0;1.0;1.0;9.0;10.0;9.0;79.66666666666667;927.5;9.333333333333334;0.6666666666666666;5
83075;1999-11-22;0;29.7;15.5;4.6;1999;11;22;-23.43;-46.46;735;77.0;82.0;54.0;928.3;929.3;926.9;3;5;5;1.0;1.0;4.0;4.0;2.0;8.0;71.0;928.1666666666666;4.666666666666667;2.0;3
83075;1999-11-23;6.8;30.8;14.9;7.6;1999;11;23;-23.43;-46.46;735;83.0;67.0;38.0;929.6;928.5;925.4;5;3;7;1.0;1.0;3.0;8.0;4.0;8.0;62.666666666666664;927.8333333333334;6.666666666666667;1.6666666666666667;5
83075;1999-11-24;5.1;31.1;15.5;8.8;1999;11;24;-23.43;-46.46;735;75.0;57.0;43.0;926.7;926.6;924.1;5;7;7;1.0;2.0;4.0;9.0;1.0;9.0;58.333333333333336;925.8000000000001;6.333333333333333;2.3333333333333335;5
83075;1999-11-25;0.3;32.9;16.1;8.3;1999;11;25;-23.43;-46.46;735;72.0;61.0;27.0;926.5;926.5;925.6;4;7;7;1.0;1.0;5.0;0.0;0.0;8.0;53.333333333333336;926.1999999999999;2.6666666666666665;2.3333333333333335;4
83075;1999-11-26;5;26.5;17.7;2.1;1999;11;26;-23.43;-46.46;735;58.0;89.0;69.0;927.3;928.7;926.5;5;7;7;1.0;1.0;3.0;4.0;10.0;9.0;72.0;927.5;7.666666666666667;1.6666666666666667;5
83075;1999-11-27;7.7;31;17.4;8.6;1999;11;27;-23.43;-46.46;735;76.0;62.0;38.0;927.4;927.2;925.6;8;7;7;0.0;2.0;3.0;4.0;6.0;6.0;58.666666666666664;926.7333333333332;5.333333333333333;1.6666666666666667;7
83075;1999-11-28;0;25.9;16.2;7.9;1999;11;28;-23.43;-46.46;735;57.0;66.0;60.0;927.5;929.0;928.0;5;5;5;2.0;2.0;4.0;2.0;4.0;4.0;61.0;928.1666666666666;3.3333333333333335;2.6666666666666665;5
83075;1999-11-29;0;25.8;15.1;7.3;1999;11;29;-23.43;-46.46;735;76.0;63.0;64.0;930.1;930.8;930.0;5;3;5;3.0;2.0;5.0;6.0;1.0;6.0;67.66666666666667;930.3000000000001;4.333333333333333;3.3333333333333335;5
83075;1999-11-30;0;25.3;16.1;1.3;1999;11;30;-23.43;-46.46;735;81.0;73.0;66.0;932.3;933.8;933.1;3;3;5;2.0;2.0;5.0;9.0;9.0;9.0;73.33333333333333;933.0666666666666;9.0;3.0;3
83075;1999-12-01;17.3;28.6;19.3;1.1;1999;12;1;-23.43;-46.46;735;91.0;83.0;80.0;932.0;932.3;930.8;5;8;4;2.0;0.0;3.0;9.0;10.0;8.0;84.66666666666667;931.6999999999999;9.0;1.6666666666666667;5
83075;1999-12-02;0;29.3;19.8;5.9;1999;12;2;-23.43;-46.46;735;82.0;69.0;63.0;930.7;930.4;931.0;5;3;4;1.0;3.0;5.0;9.0;5.0;9.0;71.33333333333333;930.6999999999999;7.666666666666667;3.0;5
83075;1999-12-03;10.6;23.1;18.4;0;1999;12;3;-23.43;-46.46;735;91.0;87.0;83.0;930.1;930.9;930.4;8;4;3;0.0;1.0;4.0;10.0;10.0;10.0;87.0;930.4666666666667;10.0;1.6666666666666667;4
83075;1999-12-04;0;28.2;15.1;5.7;1999;12;4;-23.43;-46.46;735;82.0;81.0;51.0;936.3;935.8;933.4;5;8;7;1.0;0.0;2.0;1.0;9.0;9.0;71.33333333333333;935.1666666666666;6.333333333333333;1.0;5
83075;1999-12-05;0.1;24.9;14.9;5.1;1999;12;5;-23.43;-46.46;735;72.0;86.0;64.0;933.9;933.6;931.2;7;8;7;1.0;0.0;2.0;9.0;8.0;6.0;74.0;932.9;7.666666666666667;1.0;7
83075;1999-12-06;0;25.5;14.6;6.6;1999;12;6;-23.43;-46.46;735;87.0;84.0;54.0;936.2;937.1;934.4;5;5;7;1.0;1.0;2.0;10.0;8.0;5.0;75.0;935.9000000000001;7.666666666666667;1.3333333333333333;5
83075;1999-12-07;0;21.1;11.8;9;1999;12;7;-23.43;-46.46;735;85.0;76.0;49.0;940.9;942.2;940.1;3;3;3;2.0;4.0;2.0;9.0;1.0;0.0;70.0;941.0666666666666;3.3333333333333335;2.6666666666666665;3
83075;1999-12-08;0;29.2;12.5;8.8;1999;12;8;-23.43;-46.46;735;59.0;66.0;40.0;934.8;935.0;931.8;7;8;7;1.0;0.0;1.0;0.0;0.0;0.0;55.0;933.8666666666667;0.0;0.6666666666666666;7
83075;1999-12-09;8.4;17.9;13.4;0;1999;12;9;-23.43;-46.46;735;81.0;92.0;85.0;935.2;934.7;932.2;3;8;8;3.0;0.0;0.0;10.0;10.0;10.0;86.0;934.0333333333334;10.0;1.0;3
83075;1999-12-10;0;23.7;13.2;3.6;1999;12;10;-23.43;-46.46;735;84.0;75.0;58.0;936.4;937.7;934.8;3;3;5;3.0;2.0;3.0;10.0;10.0;5.0;72.33333333333333;936.2999999999998;8.333333333333334;2.6666666666666665;3
83075;1999-12-11;0.9;21.7;14.2;0.1;1999;12;11;-23.43;-46.46;735;86.0;84.0;91.0;932.8;931.9;930.5;3;8;5;1.0;0.0;1.0;9.0;9.0;10.0;87.0;931.7333333333332;9.333333333333334;0.6666666666666666;3
83075;1999-12-12;0;24;17.7;0.2;1999;12;12;-23.43;-46.46;735;84.0;78.0;73.0;932.1;932.3;930.8;3;5;5;3.0;3.0;3.0;9.0;10.0;10.0;78.33333333333333;931.7333333333332;9.666666666666666;3.0;3
83075;1999-12-13;0.8;24.9;17.5;0;1999;12;13;-23.43;-46.46;735;90.0;84.0;76.0;930.7;929.4;926.1;5;5;7;2.0;1.0;3.0;9.0;10.0;10.0;83.33333333333333;928.7333333333332;9.666666666666666;2.0;5
83075;1999-12-14;12.6;26.1;17.5;1.2;1999;12;14;-23.43;-46.46;735;90.0;86.0;72.0;924.8;925.1;923.1;5;7;7;1.0;2.0;3.0;9.0;10.0;9.0;82.66666666666667;924.3333333333334;9.333333333333334;2.0;5
83075;1999-12-15;1.4;29.5;19.6;7.7;1999;12;15;-23.43;-46.46;735;86.0;63.0;55.0;923.0;924.0;922.8;7;7;7;2.0;1.0;2.0;2.0;5.0;9.0;68.0;923.2666666666668;5.333333333333333;1.6666666666666667;7
83075;1999-12-16;0;30.4;19;9.5;1999;12;16;-23.43;-46.46;735;62.0;48.0;33.0;923.3;923.9;922.6;7;7;7;1.0;1.0;4.0;2.0;1.0;6.0;47.666666666666664;923.2666666666665;3.0;2.0;7
83075;1999-12-17;0;29.6;17.5;8.7;1999;12;17;-23.43;-46.46;735;56.0;56.0;54.0;925.1;926.8;925.3;5;5;5;1.0;1.0;5.0;4.0;0.0;4.0;55.333333333333336;925.7333333333332;2.6666666666666665;2.3333333333333335;5
83075;1999-12-18;0;29.1;16.6;6.5;1999;12;18;-23.43;-46.46;735;78.0;64.0;54.0;927.7;929.3;927.6;5;5;3;2.0;2.0;5.0;0.0;0.0;0.0;65.33333333333333;928.1999999999999;0.0;3.0;5
83075;1999-12-19;0;32.5;16.9;8.9;1999;12;19;-23.43;-46.46;735;81.0;71.0;43.0;928.8;929.2;926.8;5;7;5;2.0;1.0;4.0;6.0;0.0;4.0;65.0;928.2666666666668;3.3333333333333335;2.3333333333333335;5
83075;1999-12-20;0;32.4;17.5;8.6;1999;12;20;-23.43;-46.46;735;56.0;53.0;37.0;928.0;928.6;927.7;8;3;5;0.0;1.0;4.0;0.0;0.0;1.0;48.666666666666664;928.1;0.3333333333333333;1.6666666666666667;3
83075;1999-12-21;0;32.2;17.5;4.4;1999;12;21;-23.43;-46.46;735;80.0;66.0;54.0;929.4;930.0;927.9;3;5;5;3.0;1.0;5.0;8.0;0.0;0.0;66.66666666666667;929.1;2.6666666666666665;3.0;3
83075;1999-12-22;0;33.4;17.7;1.2;1999;12;22;-23.43;-46.46;735;79.0;69.0;43.0;929.0;928.9;925.3;5;3;7;2.0;1.0;2.0;10.0;0.0;9.0;63.666666666666664;927.7333333333332;6.333333333333333;1.6666666666666667;5
83075;1999-12-23;14.7;24.9;18.2;4.8;1999;12;23;-23.43;-46.46;735;82.0;73.0;67.0;929.6;930.4;929.1;3;3;3;3.0;2.0;3.0;10.0;9.0;9.0;74.0;929.6999999999999;9.333333333333334;2.6666666666666665;3
83075;1999-12-24;2.1;25.7;16.7;2.8;1999;12;24;-23.43;-46.46;735;81.0;73.0;68.0;931.5;932.7;932.5;3;3;3;3.0;2.0;4.0;9.0;8.0;10.0;74.0;932.2333333333332;9.0;3.0;3
83075;1999-12-25;9.8;27.7;17.5;5.2;1999;12;25;-23.43;-46.46;735;91.0;83.0;67.0;933.7;934.7;934.0;3;3;5;2.0;2.0;4.0;6.0;9.0;9.0;80.33333333333333;934.1333333333333;8.0;2.6666666666666665;3
83075;1999-12-26;0;31.5;18.9;4.8;1999;12;26;-23.43;-46.46;735;89.0;76.0;53.0;935.2;935.3;932.8;3;3;5;2.0;1.0;4.0;8.0;6.0;8.0;72.66666666666667;934.4333333333334;7.333333333333333;2.3333333333333335;3
83075;1999-12-27;0;30.5;18.9;5;1999;12;27;-23.43;-46.46;735;82.0;70.0;66.0;933.2;932.1;930.1;3;8;5;1.0;0.0;1.0;0.0;4.0;8.0;72.66666666666667;931.8000000000001;4.0;0.6666666666666666;3
83075;1999-12-28;0;29.7;18.6;6.2;1999;12;28;-23.43;-46.46;735;83.0;67.0;73.0;930.6;930.8;928.5;7;7;5;1.0;1.0;3.0;6.0;4.0;5.0;74.33333333333333;929.9666666666667;5.0;1.6666666666666667;7
83075;1999-12-29;2.3;30.6;17.7;7.5;1999;12;29;-23.43;-46.46;735;82.0;74.0;55.0;929.9;929.9;927.0;5;3;5;1.0;2.0;3.0;4.0;4.0;8.0;70.33333333333333;928.9333333333334;5.333333333333333;2.0;5
83075;1999-12-30;0;34.2;18.2;5.4;1999;12;30;-23.43;-46.46;735;80.0;76.0;42.0;929.1;929.1;925.3;3;8;7;4.0;0.0;3.0;9.0;2.0;5.0;66.0;927.8333333333334;5.333333333333333;2.3333333333333335;3
83075;1999-12-31;0;32.5;20.6;5.4;1999;12;31;-23.43;-46.46;735;73.0;65.0;54.0;926.2;926.3;923.6;3;7;7;3.0;3.0;1.0;4.0;8.0;6.0;64.0;925.3666666666667;6.0;2.3333333333333335;3
83075;2000-01-01;14.2;25.3;19.4;0;2000;1;1;-23.43;-46.46;735;88.0;86.0;91.0;925.2;923.7;922.3;1;3;5;1.0;1.0;1.0;10.0;10.0;10.0;88.33333333333333;923.7333333333332;10.0;1.0;1
83075;2000-01-02;10.9;26.9;19.7;2.5;2000;1;2;-23.43;-46.46;735;92.0;82.0;88.0;929.8;928.5;926.2;3;7;7;1.0;3.0;4.0;9.0;10.0;10.0;87.33333333333333;928.1666666666666;9.666666666666666;2.6666666666666665;3
83075;2000-01-03;33.6;30.8;18.9;7.6;2000;1;3;-23.43;-46.46;735;90.0;80.0;46.0;932.2;933.1;931.2;3;8;5;1.0;0.0;4.0;1.0;4.0;5.0;72.0;932.1666666666666;3.3333333333333335;1.6666666666666667;3
83075;2000-01-04;1.2;28.3;19.1;4;2000;1;4;-23.43;-46.46;735;84.0;89.0;58.0;933.9;934.7;932.7;5;5;5;2.0;1.0;3.0;9.0;10.0;4.0;77.0;933.7666666666668;7.666666666666667;2.0;5
83075;2000-01-05;0;29.4;17.2;4.6;2000;1;5;-23.43;-46.46;735;79.0;84.0;49.0;934.4;935.0;931.4;5;3;7;1.0;1.0;1.0;4.0;8.0;6.0;70.66666666666667;933.6;6.0;1.0;5
83075;2000-01-06;0.2;18.7;12.5;0;2000;1;6;-23.43;-46.46;735;75.0;82.0;85.0;930.4;933.3;932.4;5;5;5;1.0;1.0;1.0;6.0;10.0;10.0;80.66666666666667;932.0333333333333;8.666666666666666;1.0;5
83075;2000-01-07;0;22.4;11.8;6.9;2000;1;7;-23.43;-46.46;735;82.0;83.0;60.0;934.5;935.4;932.7;8;3;5;0.0;3.0;1.0;6.0;8.0;0.0;75.0;934.2000000000002;4.666666666666667;1.3333333333333333;3
83075;2000-01-08;0;23.9;11.9;4.8;2000;1;8;-23.43;-46.46;735;84.0;84.0;47.0;936.5;936.7;934.4;5;3;8;3.0;2.0;0.0;10.0;10.0;8.0;71.66666666666667;935.8666666666667;9.333333333333334;1.6666666666666667;5
83075;2000-01-09;0.6;24.5;12.7;1.6;2000;1;9;-23.43;-46.46;735;88.0;80.0;85.0;931.7;931.9;931.2;8;3;5;0.0;1.0;3.0;5.0;9.0;10.0;84.33333333333333;931.6;8.0;1.3333333333333333;3
83075;2000-01-10;0;28.7;11;9.5;2000;1;10;-23.43;-46.46;735;81.0;57.0;39.0;935.8;935.2;932.2;3;5;5;1.0;1.0;3.0;0.0;0.0;1.0;59.0;934.4;0.3333333333333333;1.6666666666666667;3
83075;2000-01-11;0;28.3;16.7;5.8;2000;1;11;-23.43;-46.46;735;76.0;67.0;42.0;932.1;933.3;929.7;5;3;7;4.0;2.0;1.0;9.0;8.0;4.0;61.666666666666664;931.7000000000002;7.0;2.3333333333333335;5
83075;2000-01-12;0.2;21.3;15.9;0.2;2000;1;12;-23.43;-46.46;735;83.0;81.0;72.0;929.3;931.5;931.0;5;5;5;2.0;4.0;6.0;9.0;10.0;10.0;78.66666666666667;930.6;9.666666666666666;4.0;5
83075;2000-01-13;6;32.6;20.1;7.2;2000;1;13;-23.43;-46.46;735;90.0;68.0;51.0;928.4;928.9;927.1;5;7;7;1.0;1.0;2.0;10.0;6.0;6.0;69.66666666666667;928.1333333333333;7.333333333333333;1.3333333333333333;5
83075;2000-01-14;0;32.4;21.2;6;2000;1;14;-23.43;-46.46;735;79.0;67.0;52.0;928.5;928.6;926.4;3;7;7;1.0;1.0;5.0;8.0;5.0;9.0;66.0;927.8333333333334;7.333333333333333;2.3333333333333335;3
83075;2000-01-15;9.4;32.4;19.8;5.1;2000;1;15;-23.43;-46.46;735;86.0;71.0;49.0;928.2;927.9;925.4;5;7;7;1.0;2.0;3.0;9.0;9.0;6.0;68.66666666666667;927.1666666666666;8.0;2.0;5
83075;2000-01-16;1;31.4;20.9;4.1;2000;1;16;-23.43;-46.46;735;82.0;73.0;83.0;927.0;927.7;926.7;5;7;7;1.0;1.0;3.0;8.0;9.0;10.0;79.33333333333333;927.1333333333333;9.0;1.6666666666666667;5
83075;2000-01-17;11.6;32.2;20.7;1.6;2000;1;17;-23.43;-46.46;735;85.0;79.0;55.0;927.6;928.0;927.8;8;7;5;0.0;1.0;6.0;6.0;5.0;9.0;73.0;927.7999999999998;6.666666666666667;2.3333333333333335;7
83075;2000-01-18;0.1;32.8;21.5;4.9;2000;1;18;-23.43;-46.46;735;84.0;73.0;52.0;929.7;931.5;928.8;5;7;5;1.0;2.0;3.0;4.0;5.0;6.0;69.66666666666667;930.0;5.0;2.0;5
83075;2000-01-19;0;25.8;19.6;0.2;2000;1;19;-23.43;-46.46;735;79.0;79.0;77.0;930.8;929.6;928.7;5;7;5;2.0;3.0;6.0;10.0;10.0;9.0;78.33333333333333;929.7000000000002;9.666666666666666;3.6666666666666665;5
83075;2000-01-20;14.1;27.6;17.8;6.8;2000;1;20;-23.43;-46.46;735;86.0;68.0;59.0;930.2;929.7;927.7;5;3;5;3.0;1.0;3.0;10.0;6.0;8.0;71.0;929.2000000000002;8.0;2.3333333333333335;5
83075;2000-01-21;0;28;17.5;3.8;2000;1;21;-23.43;-46.46;735;78.0;77.0;57.0;928.4;927.8;926.2;5;3;5;3.0;1.0;4.0;4.0;9.0;5.0;70.66666666666667;927.4666666666666;6.0;2.6666666666666665;5
83075;2000-01-22;0;31.9;18.3;8.7;2000;1;22;-23.43;-46.46;735;76.0;71.0;42.0;928.0;928.5;926.8;3;1;7;2.0;1.0;4.0;10.0;1.0;4.0;63.0;927.7666666666668;5.0;2.3333333333333335;3
83075;2000-01-23;0;30.9;17.8;8.9;2000;1;23;-23.43;-46.46;735;81.0;75.0;45.0;928.1;928.8;927.7;3;3;5;1.0;2.0;3.0;0.0;2.0;1.0;67.0;928.2000000000002;1.0;2.0;3
83075;2000-01-24;0;29.5;17.9;2.9;2000;1;24;-23.43;-46.46;735;73.0;77.0;61.0;928.7;929.4;927.9;5;3;5;2.0;2.0;4.0;1.0;10.0;8.0;70.33333333333333;928.6666666666666;6.333333333333333;2.6666666666666665;5
83075;2000-01-25;0;32.9;20.3;6.4;2000;1;25;-23.43;-46.46;735;78.0;77.0;47.0;928.8;928.9;925.7;5;5;7;1.0;1.0;3.0;8.0;9.0;2.0;67.33333333333333;927.7999999999998;6.333333333333333;1.6666666666666667;5
83075;2000-01-26;48.2;25.6;17.5;0;2000;1;26;-23.43;-46.46;735;82.0;94.0;87.0;926.8;928.0;927.9;5;8;5;1.0;0.0;4.0;8.0;10.0;10.0;87.66666666666667;927.5666666666666;9.333333333333334;1.6666666666666667;5
83075;2000-01-27;39.4;23.9;16.9;2.1;2000;1;27;-23.43;-46.46;735;91.0;73.0;64.0;929.0;929.8;929.4;5;3;5;3.0;3.0;4.0;10.0;10.0;8.0;76.0;929.4;9.333333333333334;3.3333333333333335;5
83075;2000-01-28;0.3;23.8;14.7;6.9;2000;1;28;-23.43;-46.46;735;80.0;67.0;57.0;931.5;932.2;930.7;3;3;5;3.0;2.0;4.0;9.0;6.0;9.0;68.0;931.4666666666667;8.0;3.0;3
83075;2000-01-29;0;24.1;15.2;1.3;2000;1;29;-23.43;-46.46;735;70.0;79.0;65.0;931.7;931.9;931.0;5;3;5;2.0;1.0;5.0;0.0;10.0;9.0;71.33333333333333;931.5333333333333;6.333333333333333;2.6666666666666665;5
83075;2000-01-30;0;28.9;16.3;3.2;2000;1;30;-23.43;-46.46;735;80.0;82.0;69.0;931.8;932.1;931.2;5;3;3;3.0;1.0;5.0;8.0;10.0;8.0;77.0;931.7000000000002;8.666666666666666;3.0;5
83075;2000-01-31;0;26.9;18.7;2.4;2000;1;31;-23.43;-46.46;735;76.0;75.0;62.0;932.6;932.3;929.6;4;8;7;3.0;0.0;3.0;9.0;8.0;9.0;71.0;931.5;8.666666666666666;2.0;4
83075;2000-02-01;68.3;21.7;17.2;0;2000;2;1;-23.43;-46.46;735;92.0;93.0;92.0;923.5;924.1;923.8;5;5;5;1.0;1.0;1.0;10.0;10.0;10.0;92.33333333333333;923.7999999999998;10.0;1.0;5
83075;2000-02-02;3.4;30.4;19.8;8.2;2000;2;2;-23.43;-46.46;735;86.0;75.0;48.0;925.7;927.4;925.5;7;7;7;1.0;1.0;2.0;9.0;8.0;5.0;69.66666666666667;926.1999999999999;7.333333333333333;1.3333333333333333;7
83075;2000-02-03;0.3;31;19.5;8.7;2000;2;3;-23.43;-46.46;735;82.0;76.0;47.0;932.8;933.0;930.5;5;3;3;1.0;2.0;3.0;6.0;5.0;2.0;68.33333333333333;932.1;4.333333333333333;2.0;5
83075;2000-02-04;0;23.4;17.7;1;2000;2;4;-23.43;-46.46;735;82.0;88.0;69.0;934.9;937.0;936.6;5;3;5;3.0;3.0;5.0;10.0;10.0;9.0;79.66666666666667;936.1666666666666;9.666666666666666;3.6666666666666665;5
83075;2000-02-05;0;30.4;18;9;2000;2;5;-23.43;-46.46;735;74.0;71.0;48.0;932.8;933.0;931.2;3;3;7;1.0;2.0;2.0;4.0;1.0;4.0;64.33333333333333;932.3333333333334;3.0;1.6666666666666667;3
83075;2000-02-06;0;21.2;12.6;6.5;2000;2;6;-23.43;-46.46;735;83.0;78.0;53.0;934.5;936.7;934.7;5;3;3;2.0;2.0;2.0;9.0;6.0;9.0;71.33333333333333;935.3000000000001;8.0;2.0;5
83075;2000-02-07;0;28.2;10.5;8.5;2000;2;7;-23.43;-46.46;735;84.0;81.0;39.0;933.0;933.7;931.1;8;3;7;0.0;1.0;2.0;0.0;2.0;2.0;68.0;932.6;1.3333333333333333;1.0;3
83075;2000-02-08;0;26.5;11.9;6.2;2000;2;8;-23.43;-46.46;735;84.0;85.0;40.0;936.1;936.8;933.4;5;3;8;1.0;1.0;0.0;10.0;10.0;6.0;69.66666666666667;935.4333333333334;8.666666666666666;0.6666666666666666;5
83075;2000-02-09;38.7;15.1;11.9;0;2000;2;9;-23.43;-46.46;735;92.0;88.0;89.0;931.9;932.2;931.9;8;5;5;0.0;3.0;3.0;10.0;10.0;10.0;89.66666666666667;932.0;10.0;2.0;5
83075;2000-02-10;0;31.8;13.6;9.2;2000;2;10;-23.43;-46.46;735;65.0;56.0;32.0;934.4;934.4;930.8;3;8;7;1.0;0.0;3.0;0.0;1.0;4.0;51.0;933.1999999999999;1.6666666666666667;1.3333333333333333;3
83075;2000-02-11;0;32.2;17.2;8.2;2000;2;11;-23.43;-46.46;735;77.0;68.0;33.0;931.4;930.8;926.8;3;3;7;3.0;5.0;3.0;8.0;2.0;9.0;59.333333333333336;929.6666666666666;6.333333333333333;3.6666666666666665;3
83075;2000-02-12;0;26.4;14.9;2.1;2000;2;12;-23.43;-46.46;735;84.0;74.0;57.0;931.6;930.8;928.4;5;5;5;3.0;2.0;1.0;9.0;10.0;10.0;71.66666666666667;930.2666666666668;9.666666666666666;2.0;5
83075;2000-02-13;19.6;23;19.7;0;2000;2;13;-23.43;-46.46;735;91.0;90.0;89.0;930.2;931.2;931.2;3;7;7;2.0;1.0;1.0;6.0;10.0;10.0;90.0;930.8666666666668;8.666666666666666;1.3333333333333333;3
83075;2000-02-14;13.1;30.6;19;1.2;2000;2;14;-23.43;-46.46;735;93.0;82.0;53.0;931.3;932.7;931.9;5;8;7;1.0;0.0;2.0;8.0;10.0;9.0;76.0;931.9666666666667;9.0;1.0;5
83075;2000-02-15;0;32.3;19.7;5.3;2000;2;15;-23.43;-46.46;735;87.0;67.0;46.0;932.3;932.2;930.0;5;8;7;1.0;0.0;4.0;8.0;8.0;9.0;66.66666666666667;931.5;8.333333333333334;1.6666666666666667;5
83075;2000-02-16;0;26.2;18.5;0.1;2000;2;16;-23.43;-46.46;735;83.0;76.0;70.0;931.9;932.2;931.5;5;5;5;1.0;2.0;6.0;8.0;10.0;10.0;76.33333333333333;931.8666666666667;9.333333333333334;3.0;5
83075;2000-02-17;33;20.2;15.6;0;2000;2;17;-23.43;-46.46;735;92.0;89.0;85.0;932.2;933.0;933.2;5;5;5;1.0;1.0;1.0;10.0;10.0;10.0;88.66666666666667;932.8000000000001;10.0;1.0;5
83075;2000-02-18;11;22.4;15.3;1;2000;2;18;-23.43;-46.46;735;92.0;70.0;73.0;933.8;934.6;934.5;5;5;5;1.0;5.0;6.0;10.0;9.0;9.0;78.33333333333333;934.3000000000001;9.333333333333334;4.0;5
83075;2000-02-19;0;25.4;15.3;2.6;2000;2;19;-23.43;-46.46;735;75.0;70.0;67.0;936.3;936.1;934.7;5;5;5;2.0;1.0;3.0;9.0;9.0;9.0;70.66666666666667;935.7000000000002;9.0;2.0;5
83075;2000-02-20;0;26.6;16.6;3.9;2000;2;20;-23.43;-46.46;735;81.0;77.0;64.0;935.7;936.4;934.4;5;5;5;3.0;1.0;3.0;10.0;10.0;6.0;74.0;935.5;8.666666666666666;2.3333333333333335;5
83075;2000-02-21;0;31;16.5;9.4;2000;2;21;-23.43;-46.46;735;78.0;76.0;47.0;934.9;933.9;931.5;3;3;5;2.0;2.0;3.0;10.0;2.0;5.0;67.0;933.4333333333334;5.666666666666667;2.3333333333333335;3
83075;2000-02-22;0;32.6;18.9;8;2000;2;22;-23.43;-46.46;735;83.0;76.0;44.0;933.8;932.8;930.5;5;3;7;3.0;2.0;2.0;10.0;6.0;4.0;67.66666666666667;932.3666666666667;6.666666666666667;2.3333333333333335;5
83075;2000-02-23;79.1;31.5;19.2;6.9;2000;2;23;-23.43;-46.46;735;96.0;76.0;53.0;933.5;932.3;930.6;5;5;5;3.0;1.0;2.0;10.0;8.0;2.0;75.0;932.1333333333333;6.666666666666667;2.0;5
83075;2000-02-24;55.2;31.7;19.1;5.6;2000;2;24;-23.43;-46.46;735;90.0;71.0;58.0;931.4;930.6;928.8;5;8;5;1.0;0.0;5.0;9.0;4.0;9.0;73.0;930.2666666666668;7.333333333333333;2.0;5
83075;2000-02-25;2.4;30.8;19.1;8.3;2000;2;25;-23.43;-46.46;735;86.0;78.0;62.0;930.7;930.7;929.2;4;3;5;1.0;1.0;3.0;4.0;8.0;2.0;75.33333333333333;930.2000000000002;4.666666666666667;1.6666666666666667;4
83075;2000-02-26;0;30.5;19.7;7.6;2000;2;26;-23.43;-46.46;735;70.0;77.0;66.0;931.5;931.9;930.0;5;3;5;3.0;2.0;5.0;9.0;6.0;6.0;71.0;931.1333333333333;7.0;3.3333333333333335;5
83075;2000-02-27;0;30.4;20.6;4.7;2000;2;27;-23.43;-46.46;735;82.0;74.0;82.0;930.0;931.3;929.5;3;7;8;4.0;1.0;0.0;8.0;5.0;8.0;79.33333333333333;930.2666666666668;7.0;1.6666666666666667;3
83075;2000-02-28;3.3;31;19.3;5.7;2000;2;28;-23.43;-46.46;735;87.0;78.0;69.0;930.1;930.6;928.4;8;8;3;0.0;0.0;2.0;4.0;5.0;9.0;78.0;929.6999999999999;6.0;0.6666666666666666;3
83075;2000-02-29;6.5;29.5;19.7;5;2000;2;29;-23.43;-46.46;735;89.0;73.0;73.0;930.3;931.6;929.9;8;8;3;0.0;0.0;2.0;2.0;5.0;6.0;78.33333333333333;930.6;4.333333333333333;0.6666666666666666;3
83075;2000-03-01;28.4;25.4;17.2;0.5;2000;3;1;-23.43;-46.46;735;91.0;93.0;69.0;925.2;923.8;922.8;5;8;3;1.0;0.0;2.0;10.0;10.0;10.0;84.33333333333333;923.9333333333334;10.0;1.0;5
83075;2000-03-02;0;30.6;19.4;4.3;2000;3;2;-23.43;-46.46;735;83.0;74.0;55.0;926.6;926.1;925.1;3;7;7;1.0;2.0;4.0;10.0;5.0;10.0;70.66666666666667;925.9333333333334;8.333333333333334;2.3333333333333335;3
83075;2000-03-03;0;30.3;18.7;5.6;2000;3;3;-23.43;-46.46;735;74.0;79.0;49.0;931.8;932.6;930.0;3;3;3;1.0;2.0;3.0;1.0;2.0;4.0;67.33333333333333;931.4666666666667;2.3333333333333335;2.0;3
83075;2000-03-04;0.9;21.6;15.6;0.1;2000;3;4;-23.43;-46.46;735;76.0;90.0;62.0;937.6;937.7;937.1;3;5;5;2.0;3.0;3.0;10.0;10.0;10.0;76.0;937.4666666666667;10.0;2.6666666666666665;3
83075;2000-03-05;0.7;29.5;17.6;7.2;2000;3;5;-23.43;-46.46;735;76.0;73.0;45.0;933.5;935.1;932.7;7;8;5;1.0;0.0;4.0;2.0;0.0;8.0;64.66666666666667;933.7666666666668;3.3333333333333335;1.6666666666666667;7
83075;2000-03-06;0;21.8;12.2;5.1;2000;3;6;-23.43;-46.46;735;81.0;76.0;58.0;936.6;938.5;937.5;5;3;3;1.0;1.0;2.0;10.0;9.0;8.0;71.66666666666667;937.5333333333333;9.0;1.3333333333333333;5
83075;2000-03-07;0;22.4;12.9;0;2000;3;7;-23.43;-46.46;735;55.0;74.0;78.0;932.5;938.1;937.8;7;5;3;2.0;3.0;4.0;0.0;10.0;10.0;69.0;936.1333333333332;6.666666666666667;3.0;7
83075;2000-03-08;0;21.3;14.1;1.4;2000;3;8;-23.43;-46.46;735;62.0;67.0;81.0;933.7;934.9;934.9;8;3;5;0.0;1.0;3.0;8.0;4.0;10.0;70.0;934.5;7.333333333333333;1.3333333333333333;3
83075;2000-03-09;11.5;16;10.8;0;2000;3;9;-23.43;-46.46;735;89.0;80.0;93.0;933.1;934.1;934.2;5;5;5;3.0;1.0;3.0;10.0;10.0;10.0;87.33333333333333;933.8000000000001;10.0;2.3333333333333335;5
83075;2000-03-10;0;33.1;16.6;10.3;2000;3;10;-23.43;-46.46;735;50.0;46.0;28.0;931.1;931.1;928.1;8;3;7;0.0;1.0;4.0;0.0;0.0;4.0;41.333333333333336;930.1;1.3333333333333333;1.6666666666666667;3
83075;2000-03-11;0;28.9;18.1;2;2000;3;11;-23.43;-46.46;735;71.0;56.0;68.0;926.8;926.8;924.6;3;5;5;2.0;3.0;5.0;8.0;9.0;9.0;65.0;926.0666666666666;8.666666666666666;3.3333333333333335;3
83075;2000-03-12;0;32.4;16.9;6.9;2000;3;12;-23.43;-46.46;735;86.0;75.0;39.0;929.2;929.0;926.0;3;5;7;2.0;1.0;3.0;10.0;1.0;6.0;66.66666666666667;928.0666666666666;5.666666666666667;2.0;3
83075;2000-03-13;0;26.4;14.3;8.2;2000;3;13;-23.43;-46.46;735;80.0;76.0;60.0;928.1;928.1;926.6;5;3;3;2.0;2.0;4.0;1.0;1.0;6.0;72.0;927.6;2.6666666666666665;2.6666666666666665;5
83075;2000-03-14;0;27.5;14.7;6.6;2000;3;14;-23.43;-46.46;735;78.0;81.0;50.0;928.3;928.8;927.3;5;5;5;3.0;1.0;2.0;9.0;8.0;9.0;69.66666666666667;928.1333333333332;8.666666666666666;2.0;5
83075;2000-03-15;0.1;27;17.1;1.6;2000;3;15;-23.43;-46.46;735;81.0;82.0;67.0;929.5;930.1;928.9;5;3;5;1.0;2.0;2.0;9.0;9.0;8.0;76.66666666666667;929.5;8.666666666666666;1.6666666666666667;5
83075;2000-03-16;0;28.8;18.9;2.7;2000;3;16;-23.43;-46.46;735;83.0;78.0;73.0;930.5;930.1;927.9;5;3;8;1.0;2.0;0.0;9.0;8.0;10.0;78.0;929.5;9.0;1.0;5
83075;2000-03-17;3.4;29.9;19.5;5.1;2000;3;17;-23.43;-46.46;735;86.0;82.0;63.0;928.9;928.2;925.4;3;3;8;2.0;1.0;0.0;10.0;8.0;8.0;77.0;927.5;8.666666666666666;1.0;3
83075;2000-03-18;23.4;28.7;18.8;2.9;2000;3;18;-23.43;-46.46;735;92.0;81.0;85.0;927.0;927.3;925.9;8;7;4;0.0;1.0;4.0;10.0;9.0;10.0;86.0;926.7333333333332;9.666666666666666;1.6666666666666667;7
83075;2000-03-19;17.4;23.1;17.9;0.7;2000;3;19;-23.43;-46.46;735;93.0;77.0;81.0;929.1;930.4;929.5;5;5;5;2.0;4.0;3.0;10.0;9.0;10.0;83.66666666666667;929.6666666666666;9.666666666666666;3.0;5
83075;2000-03-20;0;22.2;16.9;0;2000;3;20;-23.43;-46.46;735;80.0;81.0;79.0;932.1;932.8;932.0;5;3;5;3.0;3.0;3.0;10.0;10.0;10.0;80.0;932.3000000000001;10.0;3.0;5
83075;2000-03-21;0;26.5;18.2;1.4;2000;3;21;-23.43;-46.46;735;87.0;80.0;69.0;933.2;933.3;931.3;5;3;3;2.0;3.0;2.0;10.0;9.0;9.0;78.66666666666667;932.6;9.333333333333334;2.3333333333333335;5
83075;2000-03-22;11.8;24.6;18.6;0;2000;3;22;-23.43;-46.46;735;92.0;86.0;76.0;933.4;933.0;932.3;3;3;4;1.0;1.0;4.0;10.0;10.0;10.0;84.66666666666667;932.9;10.0;2.0;3
83075;2000-03-23;1.3;26.9;18.5;0.1;2000;3;23;-23.43;-46.46;735;92.0;87.0;67.0;933.0;932.4;931.4;5;3;8;1.0;1.0;0.0;9.0;10.0;10.0;82.0;932.2666666666668;9.666666666666666;0.6666666666666666;5
83075;2000-03-24;0;31.8;19;6.7;2000;3;24;-23.43;-46.46;735;82.0;83.0;53.0;932.6;933.3;931.0;8;3;7;0.0;2.0;3.0;10.0;5.0;9.0;72.66666666666667;932.3000000000001;8.0;1.6666666666666667;3
83075;2000-03-25;11.1;25.7;18.9;3.3;2000;3;25;-23.43;-46.46;735;85.0;63.0;71.0;933.6;933.0;932.8;5;5;5;2.0;3.0;3.0;10.0;6.0;8.0;73.0;933.1333333333332;8.0;2.6666666666666665;5
83075;2000-03-26;0;26.8;18.1;2.9;2000;3;26;-23.43;-46.46;735;86.0;84.0;63.0;933.4;933.3;929.7;5;5;5;4.0;2.0;3.0;9.0;10.0;9.0;77.66666666666667;932.1333333333332;9.333333333333334;3.0;5
83075;2000-03-27;4.1;28.7;19.2;1.2;2000;3;27;-23.43;-46.46;735;88.0;87.0;69.0;930.5;930.5;929.1;5;8;7;1.0;0.0;2.0;9.0;10.0;10.0;81.33333333333333;930.0333333333333;9.666666666666666;1.0;5
83075;2000-03-28;0;25;18.4;0.7;2000;3;28;-23.43;-46.46;735;81.0;77.0;71.0;930.8;931.3;930.3;7;0;5;1.0;1.0;1.0;9.0;9.0;10.0;76.33333333333333;930.7999999999998;9.333333333333334;1.0;7
83075;2000-03-29;9.7;21.4;18.1;0;2000;3;29;-23.43;-46.46;735;88.0;85.0;92.0;933.0;933.4;932.9;5;5;5;1.0;1.0;1.0;10.0;10.0;10.0;88.33333333333333;933.1;10.0;1.0;5
83075;2000-03-30;6.3;24.3;17.7;0.6;2000;3;30;-23.43;-46.46;735;91.0;82.0;74.0;933.6;932.7;931.1;5;5;5;1.0;2.0;3.0;10.0;10.0;10.0;82.33333333333333;932.4666666666667;10.0;2.0;5
83075;2000-03-31;8.6;30.2;17.8;7.2;2000;3;31;-23.43;-46.46;735;90.0;76.0;57.0;933.4;933.1;930.9;5;3;5;2.0;2.0;5.0;10.0;2.0;8.0;74.33333333333333;932.4666666666667;6.666666666666667;3.0;5
83075;2000-04-01;30.2;23.3;18;0;2000;4;1;-23.43;-46.46;735;94.0;83.0;79.0;924.7;926.8;926.3;3;7;7;1.0;2.0;2.0;10.0;10.0;10.0;85.33333333333333;925.9333333333334;10.0;1.6666666666666667;3
83075;2000-04-02;0;29.8;21.3;2.3;2000;4;2;-23.43;-46.46;735;80.0;77.0;62.0;924.4;925.4;924.0;8;7;7;0.0;3.0;5.0;8.0;10.0;8.0;73.0;924.6;8.666666666666666;2.6666666666666665;7
83075;2000-04-03;8.2;32.4;18.6;8.9;2000;4;3;-23.43;-46.46;735;84.0;73.0;47.0;931.8;933.4;930.7;8;5;5;0.0;1.0;2.0;6.0;2.0;5.0;68.0;931.9666666666666;4.333333333333333;1.0;5
83075;2000-04-04;0.1;25;15.1;8.4;2000;4;4;-23.43;-46.46;735;85.0;64.0;61.0;937.5;938.4;936.2;3;3;3;1.0;2.0;3.0;9.0;4.0;8.0;70.0;937.3666666666668;7.0;2.0;3
83075;2000-04-05;0;30.3;17.7;7.9;2000;4;5;-23.43;-46.46;735;84.0;79.0;50.0;934.1;934.7;931.6;3;5;7;2.0;1.0;2.0;8.0;0.0;9.0;71.0;933.4666666666667;5.666666666666667;1.6666666666666667;3
83075;2000-04-06;0;22.3;14.3;5.9;2000;4;6;-23.43;-46.46;735;85.0;79.0;58.0;938.8;939.8;937.5;3;3;3;3.0;3.0;2.0;8.0;9.0;2.0;74.0;938.6999999999999;6.333333333333333;2.6666666666666665;3
83075;2000-04-07;0;21.3;11.8;0.5;2000;4;7;-23.43;-46.46;735;83.0;83.0;75.0;940.2;941.6;939.1;5;3;3;5.0;3.0;2.0;8.0;10.0;10.0;80.33333333333333;940.3000000000001;9.333333333333334;3.3333333333333335;5
83075;2000-04-08;0.2;16;8.9;0;2000;4;8;-23.43;-46.46;735;89.0;82.0;78.0;936.1;940.1;938.6;3;5;5;2.0;5.0;4.0;10.0;10.0;10.0;83.0;938.2666666666668;10.0;3.6666666666666665;3
83075;2000-04-09;1.9;15.4;10.5;0;2000;4;9;-23.43;-46.46;735;88.0;79.0;73.0;936.9;938.6;936.3;5;5;3;2.0;5.0;3.0;9.0;10.0;10.0;80.0;937.2666666666668;9.666666666666666;3.3333333333333335;5
83075;2000-04-10;0;33.1;19.2;5;2000;4;10;-23.43;-46.46;735;50.0;57.0;38.0;929.9;929.5;926.1;8;8;7;0.0;0.0;3.0;0.0;6.0;6.0;48.333333333333336;928.5;4.0;1.0;7
83075;2000-04-11;0;28.4;18;2.9;2000;4;11;-23.43;-46.46;735;86.0;73.0;57.0;927.6;928.6;925.0;5;5;5;1.0;2.0;5.0;9.0;10.0;6.0;72.0;927.0666666666666;8.333333333333334;2.6666666666666665;5
83075;2000-04-12;0;27.7;19.6;0.4;2000;4;12;-23.43;-46.46;735;58.0;74.0;79.0;928.1;926.9;925.5;5;7;7;1.0;1.0;2.0;1.0;10.0;10.0;70.33333333333333;926.8333333333334;7.0;1.3333333333333333;5
83075;2000-04-13;0;30.6;17.5;9;2000;4;13;-23.43;-46.46;735;64.0;61.0;42.0;928.7;929.6;928.0;3;7;7;1.0;1.0;3.0;1.0;1.0;4.0;55.666666666666664;928.7666666666668;2.0;1.6666666666666667;3
83075;2000-04-14;0;30.9;19;7.7;2000;4;14;-23.43;-46.46;735;65.0;73.0;74.0;929.8;932.2;930.5;7;8;8;1.0;0.0;0.0;1.0;0.0;6.0;70.66666666666667;930.8333333333334;2.3333333333333335;0.3333333333333333;7
83075;2000-04-15;1.1;27;18.1;5.8;2000;4;15;-23.43;-46.46;735;87.0;77.0;60.0;932.8;934.8;932.9;5;5;5;1.0;1.0;3.0;10.0;9.0;2.0;74.66666666666667;933.5;7.0;1.6666666666666667;5
83075;2000-04-16;0;26.6;15.6;8.4;2000;4;16;-23.43;-46.46;735;77.0;73.0;57.0;934.2;934.5;931.9;5;3;5;1.0;2.0;3.0;9.0;4.0;2.0;69.0;933.5333333333333;5.0;2.0;5
83075;2000-04-17;0;26;15.9;3.4;2000;4;17;-23.43;-46.46;735;81.0;80.0;62.0;933.5;932.5;928.9;5;3;5;1.0;2.0;1.0;9.0;9.0;9.0;74.33333333333333;931.6333333333333;9.0;1.3333333333333333;5
83075;2000-04-18;0;28.6;17.7;2;2000;4;18;-23.43;-46.46;735;80.0;85.0;61.0;930.3;930.8;928.3;3;3;7;3.0;2.0;2.0;10.0;9.0;10.0;75.33333333333333;929.7999999999998;9.666666666666666;2.3333333333333335;3
83075;2000-04-19;0;26.5;18.9;1;2000;4;19;-23.43;-46.46;735;73.0;73.0;64.0;929.2;929.5;928.0;7;7;7;1.0;2.0;3.0;9.0;9.0;9.0;70.0;928.9;9.0;2.0;7
83075;2000-04-20;0.4;27;17.9;9.7;2000;4;20;-23.43;-46.46;735;80.0;69.0;42.0;928.5;929.5;927.5;7;7;7;1.0;3.0;3.0;9.0;4.0;0.0;63.666666666666664;928.5;4.333333333333333;2.3333333333333335;7
83075;2000-04-21;0;25.2;14.9;9.4;2000;4;21;-23.43;-46.46;735;62.0;63.0;46.0;929.4;929.7;928.2;5;7;7;2.0;3.0;3.0;1.0;0.0;1.0;57.0;929.1;0.6666666666666666;2.6666666666666665;5
83075;2000-04-22;0.1;22.5;13.9;6.4;2000;4;22;-23.43;-46.46;735;80.0;86.0;58.0;931.0;932.2;931.4;5;8;5;3.0;0.0;4.0;2.0;10.0;2.0;74.66666666666667;931.5333333333333;4.666666666666667;2.3333333333333335;5
83075;2000-04-23;0;24.8;15;7;2000;4;23;-23.43;-46.46;735;82.0;77.0;51.0;933.5;934.7;932.0;5;3;3;5.0;2.0;2.0;5.0;8.0;5.0;70.0;933.4;6.0;3.0;5
83075;2000-04-24;0;27.2;13.7;7.3;2000;4;24;-23.43;-46.46;735;77.0;87.0;46.0;933.2;934.1;931.7;5;3;3;2.0;2.0;2.0;0.0;10.0;0.0;70.0;933.0;3.3333333333333335;2.0;5
83075;2000-04-25;0;27.1;13.1;8.5;2000;4;25;-23.43;-46.46;735;83.0;82.0;35.0;933.4;934.6;932.3;8;3;3;0.0;1.0;3.0;0.0;5.0;0.0;66.66666666666667;933.4333333333334;1.6666666666666667;1.3333333333333333;3
83075;2000-04-26;0;26.5;12.5;7.7;2000;4;26;-23.43;-46.46;735;82.0;82.0;36.0;933.8;936.1;932.9;5;3;5;1.0;1.0;2.0;0.0;2.0;1.0;66.66666666666667;934.2666666666668;1.0;1.3333333333333333;5
83075;2000-04-27;0;26.9;13.2;9;2000;4;27;-23.43;-46.46;735;74.0;64.0;40.0;934.6;936.6;933.9;8;3;3;0.0;1.0;3.0;0.0;1.0;1.0;59.333333333333336;935.0333333333333;0.6666666666666666;1.3333333333333333;3
83075;2000-04-28;0;27.6;13.1;9;2000;4;28;-23.43;-46.46;735;74.0;72.0;45.0;935.3;936.9;933.9;5;8;3;1.0;0.0;1.0;0.0;0.0;2.0;63.666666666666664;935.3666666666667;0.6666666666666666;0.6666666666666666;5
83075;2000-04-29;0;28.4;14.2;8.2;2000;4;29;-23.43;-46.46;735;82.0;75.0;44.0;935.5;936.9;934.2;5;3;5;1.0;1.0;1.0;0.0;9.0;8.0;67.0;935.5333333333334;5.666666666666667;1.0;5
83075;2000-04-30;0;29.7;14.6;9.3;2000;4;30;-23.43;-46.46;735;80.0;69.0;42.0;934.6;935.7;933.4;5;3;7;1.0;1.0;1.0;2.0;0.0;4.0;63.666666666666664;934.5666666666667;2.0;1.0;5
83075;2000-05-01;12.8;23.7;19;0.1;2000;5;1;-23.43;-46.46;735;75.0;78.0;87.0;927.0;928.4;928.2;7;7;7;1.0;3.0;2.0;10.0;9.0;10.0;80.0;927.8666666666668;9.666666666666666;2.0;7
83075;2000-05-02;16.5;28.5;20.2;2.3;2000;5;2;-23.43;-46.46;735;83.0;88.0;74.0;925.4;929.7;928.6;7;5;5;2.0;1.0;3.0;8.0;10.0;9.0;81.66666666666667;927.9;9.0;2.0;7
83075;2000-05-03;0;32.9;20.3;9.4;2000;5;3;-23.43;-46.46;735;71.0;67.0;49.0;932.1;934.1;931.2;8;7;7;0.0;1.0;2.0;8.0;1.0;4.0;62.333333333333336;932.4666666666667;4.333333333333333;1.0;7
83075;2000-05-04;0;26.3;14.8;8.1;2000;5;4;-23.43;-46.46;735;79.0;80.0;53.0;937.6;938.2;936.0;5;3;4;2.0;3.0;2.0;5.0;9.0;4.0;70.66666666666667;937.2666666666668;6.0;2.3333333333333335;5
83075;2000-05-05;0;29.8;17.8;9.2;2000;5;5;-23.43;-46.46;735;73.0;68.0;40.0;933.7;932.7;929.8;7;8;7;1.0;0.0;3.0;5.0;6.0;1.0;60.333333333333336;932.0666666666666;4.0;1.3333333333333333;7
83075;2000-05-06;0;23.9;12.1;5.3;2000;5;6;-23.43;-46.46;735;85.0;87.0;63.0;938.5;939.1;935.9;5;3;5;1.0;3.0;1.0;6.0;10.0;6.0;78.33333333333333;937.8333333333334;7.333333333333333;1.6666666666666667;5
83075;2000-05-07;0;23.4;12.8;4.4;2000;5;7;-23.43;-46.46;735;85.0;88.0;54.0;939.7;939.6;936.2;3;3;3;2.0;2.0;3.0;9.0;10.0;1.0;75.66666666666667;938.5;6.666666666666667;2.3333333333333335;3
83075;2000-05-08;0;19;6.9;6.9;2000;5;8;-23.43;-46.46;735;71.0;58.0;41.0;940.0;939.7;935.4;5;3;3;5.0;5.0;3.0;10.0;9.0;9.0;56.666666666666664;938.3666666666667;9.333333333333334;4.333333333333333;5
83075;2000-05-09;0;21.6;11.3;5.9;2000;5;9;-23.43;-46.46;735;83.0;74.0;59.0;936.6;936.3;932.6;3;3;5;2.0;2.0;3.0;10.0;9.0;4.0;72.0;935.1666666666666;7.666666666666667;2.3333333333333335;3
83075;2000-05-10;23.2;27.6;17.9;2.8;2000;5;10;-23.43;-46.46;735;83.0;75.0;76.0;929.4;929.3;927.7;7;8;7;1.0;0.0;3.0;10.0;9.0;10.0;78.0;928.7999999999998;9.666666666666666;1.3333333333333333;7
83075;2000-05-11;0;29.2;18.6;1.3;2000;5;11;-23.43;-46.46;735;79.0;71.0;65.0;926.9;926.5;925.5;3;1;5;4.0;2.0;3.0;10.0;10.0;10.0;71.66666666666667;926.3000000000001;10.0;3.0;3
83075;2000-05-12;17.5;24.6;18.7;0.6;2000;5;12;-23.43;-46.46;735;85.0;88.0;76.0;925.9;926.9;926.1;5;5;5;1.0;1.0;4.0;8.0;10.0;10.0;83.0;926.3000000000001;9.333333333333334;2.0;5
83075;2000-05-13;0;23;12.1;6.5;2000;5;13;-23.43;-46.46;735;84.0;87.0;50.0;936.2;936.5;934.0;5;5;3;1.0;1.0;1.0;5.0;9.0;0.0;73.66666666666667;935.5666666666666;4.666666666666667;1.0;5
83075;2000-05-15;0;26;11.9;7;2000;5;15;-23.43;-46.46;735;87.0;91.0;51.0;934.0;933.0;929.3;8;5;7;0.0;1.0;2.0;0.0;8.0;8.0;76.33333333333333;932.1;5.333333333333333;1.0;5
83075;2000-05-16;0;27;13.9;3.3;2000;5;16;-23.43;-46.46;735;84.0;83.0;51.0;929.9;930.7;928.2;8;7;7;0.0;1.0;2.0;0.0;9.0;9.0;72.66666666666667;929.6;6.0;1.0;7
83075;2000-05-17;0;24.6;15.5;6.7;2000;5;17;-23.43;-46.46;735;59.0;65.0;65.0;928.3;929.1;927.1;7;7;7;2.0;2.0;5.0;8.0;5.0;9.0;63.0;928.1666666666666;7.333333333333333;3.0;7
83075;2000-05-18;0;21.7;12.1;8.8;2000;5;18;-23.43;-46.46;735;54.0;65.0;52.0;929.0;930.2;929.7;7;7;7;1.0;3.0;3.0;0.0;1.0;8.0;57.0;929.6333333333333;3.0;2.3333333333333335;7
83075;2000-05-19;1.1;21.3;12.1;4.2;2000;5;19;-23.43;-46.46;735;80.0;79.0;59.0;932.5;934.4;932.7;5;5;5;1.0;2.0;3.0;9.0;9.0;9.0;72.66666666666667;933.2000000000002;9.0;2.0;5
83075;2000-05-20;1.1;20;12.8;2;2000;5;20;-23.43;-46.46;735;83.0;76.0;60.0;934.5;937.0;935.6;5;3;5;1.0;2.0;3.0;10.0;9.0;5.0;73.0;935.6999999999999;8.0;2.0;5
83075;2000-05-21;0;19.3;12.5;3.7;2000;5;21;-23.43;-46.46;735;80.0;80.0;61.0;937.5;938.2;937.3;5;3;5;3.0;2.0;4.0;9.0;9.0;6.0;73.66666666666667;937.6666666666666;8.0;3.0;5
83075;2000-05-22;0;21.9;11.2;8.3;2000;5;22;-23.43;-46.46;735;85.0;81.0;54.0;938.8;939.4;937.5;5;3;5;2.0;3.0;1.0;8.0;6.0;1.0;73.33333333333333;938.5666666666666;5.0;2.0;5
83075;2000-05-23;0;22.8;11.9;5.4;2000;5;23;-23.43;-46.46;735;84.0;86.0;59.0;938.4;939.9;937.0;5;3;5;1.0;2.0;1.0;0.0;10.0;1.0;76.33333333333333;938.4333333333334;3.6666666666666665;1.3333333333333333;5
83075;2000-05-24;0;22.4;12.1;6.9;2000;5;24;-23.43;-46.46;735;85.0;83.0;56.0;938.0;939.3;936.0;5;3;3;1.0;2.0;2.0;2.0;10.0;1.0;74.66666666666667;937.7666666666668;4.333333333333333;1.6666666666666667;5
83075;2000-05-25;0;25.6;11.8;8.4;2000;5;25;-23.43;-46.46;735;90.0;81.0;49.0;936.6;936.2;932.8;8;3;7;0.0;1.0;3.0;0.0;1.0;1.0;73.33333333333333;935.2000000000002;0.6666666666666666;1.3333333333333333;3
83075;2000-05-26;0;26.4;14.3;6.7;2000;5;26;-23.43;-46.46;735;73.0;55.0;43.0;933.3;933.4;931.6;8;7;7;0.0;2.0;4.0;0.0;1.0;9.0;57.0;932.7666666666665;3.3333333333333335;2.0;7
83075;2000-05-27;0;20.3;14.5;0;2000;5;27;-23.43;-46.46;735;67.0;79.0;79.0;930.6;931.5;930.6;7;8;5;2.0;0.0;1.0;2.0;10.0;10.0;75.0;930.9;7.333333333333333;1.0;7
83075;2000-05-28;0.1;23.2;10.6;9.1;2000;5;28;-23.43;-46.46;735;76.0;68.0;36.0;931.2;931.2;929.1;5;8;7;2.0;0.0;2.0;10.0;0.0;0.0;60.0;930.5;3.3333333333333335;1.3333333333333333;5
83075;2000-05-29;0;20.1;7.7;9;2000;5;29;-23.43;-46.46;735;76.0;86.0;40.0;932.4;932.2;930.4;5;3;3;3.0;1.0;2.0;2.0;2.0;0.0;67.33333333333333;931.6666666666666;1.3333333333333333;2.0;5
83075;2000-05-30;0;24.6;6.9;6.7;2000;5;30;-23.43;-46.46;735;82.0;77.0;35.0;931.5;932.0;928.9;3;7;7;1.0;1.0;2.0;0.0;0.0;9.0;64.66666666666667;930.8000000000001;3.0;1.3333333333333333;3
83075;2000-05-31;0;24;10.9;8.2;2000;5;31;-23.43;-46.46;735;51.0;67.0;48.0;929.8;931.2;928.9;7;7;7;2.0;2.0;3.0;5.0;1.0;0.0;55.333333333333336;929.9666666666667;2.0;2.3333333333333335;7
83075;2000-06-01;9.8;28.5;19.3;2.6;2000;6;1;-23.43;-46.46;735;89.0;70.0;87.0;928.8;930.5;929.9;7;7;3;1.0;3.0;1.0;8.0;8.0;9.0;82.0;929.7333333333332;8.333333333333334;1.6666666666666667;7
83075;2000-06-02;5.6;26.6;18.9;3.2;2000;6;2;-23.43;-46.46;735;85.0;82.0;66.0;930.6;931.9;931.4;5;3;5;1.0;2.0;5.0;9.0;9.0;4.0;77.66666666666667;931.3000000000001;7.333333333333333;2.6666666666666665;5
83075;2000-06-03;0;32.7;21;9.3;2000;6;3;-23.43;-46.46;735;75.0;73.0;47.0;932.6;933.5;930.3;5;8;7;1.0;0.0;2.0;1.0;5.0;6.0;65.0;932.1333333333332;4.0;1.0;5
83075;2000-06-04;0;27.4;16.3;7.3;2000;6;4;-23.43;-46.46;735;84.0;74.0;54.0;937.4;937.8;935.0;5;3;3;2.0;2.0;2.0;7.0;8.0;4.0;70.66666666666667;936.7333333333332;6.333333333333333;2.0;5
83075;2000-06-05;0;28.3;18.6;4.5;2000;6;5;-23.43;-46.46;735;62.0;58.0;86.0;930.0;929.6;928.4;5;7;7;1.0;3.0;3.0;5.0;1.0;10.0;68.66666666666667;929.3333333333334;5.333333333333333;2.3333333333333335;5
83075;2000-06-06;0;24.9;11.9;8.6;2000;6;6;-23.43;-46.46;735;84.0;83.0;55.0;937.5;939.0;936.2;8;5;8;0.0;1.0;0.0;0.0;0.0;0.0;74.0;937.5666666666666;0.0;0.3333333333333333;5
83075;2000-06-07;0;25.3;13.9;8.3;2000;6;7;-23.43;-46.46;735;85.0;79.0;45.0;937.8;938.0;934.5;3;3;7;1.0;1.0;1.0;9.0;1.0;1.0;69.66666666666667;936.7666666666668;3.6666666666666665;1.0;3
83075;2000-06-08;0;24.2;9.5;5;2000;6;8;-23.43;-46.46;735;86.0;71.0;47.0;936.0;935.3;933.1;3;3;3;2.0;2.0;2.0;8.0;9.0;8.0;68.0;934.8000000000001;8.333333333333334;2.0;3
83075;2000-06-09;0;20.9;12.9;0.7;2000;6;9;-23.43;-46.46;735;82.0;79.0;67.0;934.2;933.3;931.4;5;3;5;2.0;2.0;5.0;10.0;10.0;9.0;76.0;932.9666666666667;9.666666666666666;3.0;5
83075;2000-06-10;1.5;23.4;15.9;1;2000;6;10;-23.43;-46.46;735;86.0;88.0;72.0;929.6;930.6;929.2;5;5;5;3.0;1.0;5.0;10.0;10.0;4.0;82.0;929.8000000000001;8.0;3.0;5
83075;2000-06-11;0;27.3;19.2;2.8;2000;6;11;-23.43;-46.46;735;77.0;73.0;59.0;927.8;928.9;927.5;3;3;5;5.0;2.0;5.0;10.0;9.0;9.0;69.66666666666667;928.0666666666666;9.333333333333334;4.0;3
83075;2000-06-12;0.7;25.3;15.9;3.4;2000;6;12;-23.43;-46.46;735;83.0;74.0;52.0;927.4;930.1;929.3;3;5;5;3.0;1.0;3.0;10.0;8.0;6.0;69.66666666666667;928.9333333333334;8.0;2.3333333333333335;3
83075;2000-06-13;0;25.4;13.1;6.9;2000;6;13;-23.43;-46.46;735;80.0;78.0;46.0;933.3;934.7;933.1;8;8;5;0.0;0.0;1.0;8.0;1.0;8.0;68.0;933.6999999999999;5.666666666666667;0.3333333333333333;5
83075;2000-06-14;0;26.6;12.2;8.2;2000;6;14;-23.43;-46.46;735;84.0;85.0;47.0;934.4;935.6;933.0;8;8;3;0.0;0.0;2.0;0.0;0.0;0.0;72.0;934.3333333333334;0.0;0.6666666666666666;3
83075;2000-06-15;0;26.3;13.5;6.7;2000;6;15;-23.43;-46.46;735;75.0;89.0;48.0;934.6;936.1;933.5;3;8;3;1.0;0.0;1.0;0.0;4.0;1.0;70.66666666666667;934.7333333333332;1.6666666666666667;0.6666666666666666;3
83075;2000-06-16;0;27.1;12.9;7.2;2000;6;16;-23.43;-46.46;735;81.0;87.0;49.0;935.2;935.6;932.9;8;8;7;0.0;0.0;1.0;0.0;1.0;4.0;72.33333333333333;934.5666666666667;1.6666666666666667;0.3333333333333333;7
83075;2000-06-17;0;27.3;13.6;6.6;2000;6;17;-23.43;-46.46;735;71.0;75.0;71.0;933.6;935.0;933.1;8;3;5;0.0;1.0;5.0;0.0;1.0;6.0;72.33333333333333;933.9;2.3333333333333335;2.0;3
83075;2000-06-18;0;24.9;14.5;4.5;2000;6;18;-23.43;-46.46;735;83.0;84.0;58.0;934.6;934.8;932.2;5;5;5;2.0;1.0;1.0;8.0;4.0;9.0;75.0;933.8666666666668;7.0;1.3333333333333333;5
83075;2000-06-19;0;25.9;14.1;1.7;2000;6;19;-23.43;-46.46;735;87.0;86.0;46.0;933.3;933.6;931.8;5;5;7;1.0;1.0;3.0;0.0;8.0;9.0;73.0;932.9;5.666666666666667;1.6666666666666667;5
83075;2000-06-20;0;25.8;15.2;2.3;2000;6;20;-23.43;-46.46;735;74.0;77.0;55.0;932.9;934.0;930.5;8;5;7;0.0;1.0;1.0;9.0;9.0;6.0;68.66666666666667;932.4666666666667;8.0;0.6666666666666666;5
83075;2000-06-21;10.3;18.7;11.9;1.8;2000;6;21;-23.43;-46.46;735;89.0;89.0;75.0;931.5;934.0;933.8;5;5;5;1.0;1.0;3.0;10.0;10.0;8.0;84.33333333333333;933.1;9.333333333333334;1.6666666666666667;5
83075;2000-06-22;0.3;19.3;4.8;6.7;2000;6;22;-23.43;-46.46;735;86.0;91.0;43.0;936.2;937.8;935.6;8;3;3;0.0;1.0;2.0;8.0;10.0;0.0;73.33333333333333;936.5333333333333;6.0;1.0;3
83075;2000-06-23;0;22.7;6.2;8;2000;6;23;-23.43;-46.46;735;75.0;62.0;43.0;932.9;937.5;934.2;8;3;3;0.0;2.0;1.0;0.0;0.0;0.0;60.0;934.8666666666668;0.0;1.0;3
83075;2000-06-24;0;26.7;8.7;8.6;2000;6;24;-23.43;-46.46;735;77.0;59.0;33.0;934.5;934.2;931.3;8;8;1;0.0;0.0;2.0;0.0;2.0;1.0;56.333333333333336;933.3333333333334;1.0;0.6666666666666666;1
83075;2000-06-25;0;28.2;13.5;7.2;2000;6;25;-23.43;-46.46;735;65.0;63.0;43.0;931.7;933.6;930.9;8;8;7;0.0;0.0;3.0;0.0;9.0;1.0;57.0;932.0666666666667;3.3333333333333335;1.0;7
83075;2000-06-26;0;27.8;15;4.7;2000;6;26;-23.43;-46.46;735;71.0;72.0;70.0;931.5;933.0;931.8;8;8;5;0.0;0.0;1.0;1.0;2.0;2.0;71.0;932.1;1.6666666666666667;0.3333333333333333;5
83075;2000-06-27;0;25.8;16.4;4.4;2000;6;27;-23.43;-46.46;735;87.0;74.0;53.0;932.3;934.5;933.3;8;7;7;0.0;1.0;1.0;6.0;9.0;4.0;71.33333333333333;933.3666666666667;6.333333333333333;0.6666666666666666;7
83075;2000-06-28;0;27.9;15.7;7.6;2000;6;28;-23.43;-46.46;735;85.0;82.0;43.0;935.1;934.8;931.0;5;7;7;1.0;1.0;1.0;10.0;2.0;2.0;70.0;933.6333333333333;4.666666666666667;1.0;5
83075;2000-06-29;0;27.6;14.6;3.8;2000;6;29;-23.43;-46.46;735;76.0;63.0;36.0;931.5;931.3;928.6;8;5;7;0.0;1.0;3.0;0.0;8.0;10.0;58.333333333333336;930.4666666666667;6.0;1.3333333333333333;5
83075;2000-06-30;0;23.4;15.4;2.8;2000;6;30;-23.43;-46.46;735;54.0;63.0;64.0;929.1;932.3;931.4;7;7;7;1.0;3.0;4.0;6.0;10.0;4.0;60.333333333333336;930.9333333333334;6.666666666666667;2.6666666666666665;7
83075;2000-07-01;22.6;29.3;18.3;4.8;2000;7;1;-23.43;-46.46;735;91.0;77.0;82.0;930.1;930.3;929.5;3;3;7;1.0;2.0;1.0;9.0;8.0;10.0;83.33333333333333;929.9666666666667;9.0;1.3333333333333333;3
83075;2000-07-02;0;25.2;17.3;1.8;2000;7;2;-23.43;-46.46;735;77.0;79.0;73.0;932.0;932.6;931.9;5;3;5;2.0;2.0;5.0;10.0;8.0;10.0;76.33333333333333;932.1666666666666;9.333333333333334;3.0;5
83075;2000-07-03;1.7;27.8;17.6;0;2000;7;3;-23.43;-46.46;735;70.0;84.0;88.0;930.3;930.6;929.5;8;8;5;0.0;0.0;1.0;4.0;10.0;10.0;80.66666666666667;930.1333333333333;8.0;0.3333333333333333;5
83075;2000-07-04;0;28.6;17.9;7.8;2000;7;4;-23.43;-46.46;735;82.0;74.0;41.0;935.8;935.1;932.5;3;3;5;2.0;3.0;2.0;9.0;1.0;2.0;65.66666666666667;934.4666666666667;4.0;2.3333333333333335;3
83075;2000-07-05;5.6;23.9;15.5;3.1;2000;7;5;-23.43;-46.46;735;82.0;77.0;57.0;929.9;934.0;931.3;7;5;7;2.0;2.0;2.0;5.0;10.0;5.0;72.0;931.7333333333332;6.666666666666667;2.0;7
83075;2000-07-07;0;26.1;13;8;2000;7;7;-23.43;-46.46;735;76.0;74.0;45.0;935.3;936.5;933.3;8;3;7;0.0;2.0;2.0;0.0;0.0;6.0;65.0;935.0333333333333;2.0;1.3333333333333333;3
83075;2000-07-08;0.4;26.6;12.5;5.4;2000;7;8;-23.43;-46.46;735;71.0;82.0;44.0;934.8;936.4;932.7;3;5;7;1.0;1.0;3.0;0.0;10.0;1.0;65.66666666666667;934.6333333333332;3.6666666666666665;1.6666666666666667;3
83075;2000-07-09;0;22.4;13.4;4.3;2000;7;9;-23.43;-46.46;735;79.0;72.0;52.0;933.2;933.9;930.6;5;5;5;3.0;1.0;1.0;10.0;9.0;4.0;67.66666666666667;932.5666666666666;7.666666666666667;1.6666666666666667;5
83075;2000-07-10;0;26.4;14.3;8.6;2000;7;10;-23.43;-46.46;735;87.0;63.0;60.0;932.1;933.7;932.2;5;3;5;3.0;2.0;3.0;10.0;2.0;1.0;70.0;932.6666666666666;4.333333333333333;2.6666666666666665;5
83075;2000-07-11;0;22.7;17.6;0.2;2000;7;11;-23.43;-46.46;735;77.0;76.0;73.0;929.3;930.6;928.9;5;5;5;3.0;3.0;3.0;8.0;10.0;10.0;75.33333333333333;929.6;9.333333333333334;3.0;5
83075;2000-07-12;0;29.1;15.7;9;2000;7;12;-23.43;-46.46;735;79.0;70.0;34.0;931.4;933.0;931.3;3;5;3;2.0;1.0;1.0;1.0;6.0;1.0;61.0;931.9;2.6666666666666665;1.3333333333333333;3
83075;2000-07-13;0;17.3;9.9;2.3;2000;7;13;-23.43;-46.46;735;84.0;84.0;66.0;937.7;940.0;937.9;5;3;5;3.0;2.0;1.0;9.0;10.0;6.0;78.0;938.5333333333333;8.333333333333334;2.0;5
83075;2000-07-14;0;13.3;8.7;0;2000;7;14;-23.43;-46.46;735;84.0;81.0;77.0;939.2;940.0;937.9;5;5;3;2.0;3.0;3.0;8.0;10.0;10.0;80.66666666666667;939.0333333333333;9.333333333333334;2.6666666666666665;5
83075;2000-07-15;0;23.1;9.2;1.2;2000;7;15;-23.43;-46.46;735;87.0;89.0;85.0;937.5;934.0;930.5;5;5;7;2.0;2.0;1.0;10.0;10.0;10.0;87.0;934.0;10.0;1.6666666666666667;5
83075;2000-07-16;34.9;17.4;9.1;7.8;2000;7;16;-23.43;-46.46;735;89.0;80.0;43.0;931.4;929.4;927.4;7;7;7;1.0;3.0;3.0;10.0;6.0;1.0;70.66666666666667;929.4;5.666666666666667;2.3333333333333335;7
83075;2000-07-17;0;16.1;3.7;9;2000;7;17;-23.43;-46.46;735;77.0;55.0;36.0;930.4;933.3;932.3;8;8;7;0.0;0.0;3.0;0.0;0.0;1.0;56.0;932.0;0.3333333333333333;1.0;7
83075;2000-07-18;0;19.4;3.7;5.1;2000;7;18;-23.43;-46.46;735;73.0;80.0;38.0;933.9;934.9;932.1;5;5;7;1.0;1.0;2.0;0.0;8.0;9.0;63.666666666666664;933.6333333333333;5.666666666666667;1.3333333333333333;5
83075;2000-07-19;0;18.5;6.8;0.3;2000;7;19;-23.43;-46.46;735;69.0;67.0;60.0;933.3;932.6;932.1;8;8;7;0.0;0.0;4.0;9.0;10.0;9.0;65.33333333333333;932.6666666666666;9.333333333333334;1.3333333333333333;7
83075;2000-07-20;0;17.7;6.7;8.5;2000;7;20;-23.43;-46.46;735;63.0;69.0;35.0;932.9;934.0;931.4;7;8;7;3.0;0.0;3.0;9.0;1.0;8.0;55.666666666666664;932.7666666666668;6.0;2.0;7
83075;2000-07-21;0;23.3;3;7.1;2000;7;21;-23.43;-46.46;735;68.0;91.0;50.0;932.1;933.6;932.4;7;3;8;1.0;3.0;0.0;0.0;10.0;2.0;69.66666666666667;932.6999999999999;4.0;1.3333333333333333;7
83075;2000-07-22;0;27.8;6;2.1;2000;7;22;-23.43;-46.46;735;71.0;80.0;50.0;930.6;931.0;927.2;3;8;7;1.0;0.0;3.0;1.0;9.0;9.0;67.0;929.6;6.333333333333333;1.3333333333333333;3
83075;2000-07-23;17.6;20.7;9.4;0;2000;7;23;-23.43;-46.46;735;74.0;91.0;85.0;927.6;930.8;930.8;8;8;7;0.0;0.0;2.0;8.0;10.0;10.0;83.33333333333333;929.7333333333332;9.333333333333334;0.6666666666666666;7
83075;2000-07-24;5.9;16.6;8.5;6;2000;7;24;-23.43;-46.46;735;90.0;77.0;72.0;934.6;935.8;934.1;5;5;3;2.0;1.0;3.0;10.0;4.0;2.0;79.66666666666667;934.8333333333334;5.333333333333333;2.0;5
83075;2000-07-25;0;18.9;9.4;5.5;2000;7;25;-23.43;-46.46;735;82.0;77.0;75.0;936.2;937.4;936.2;5;3;5;2.0;2.0;1.0;10.0;10.0;2.0;78.0;936.6;7.333333333333333;1.6666666666666667;5
83075;2000-07-26;0;15.5;10.4;0;2000;7;26;-23.43;-46.46;735;89.0;92.0;81.0;935.9;937.4;935.9;5;5;5;1.0;2.0;1.0;10.0;10.0;10.0;87.33333333333333;936.4;10.0;1.3333333333333333;5
83075;2000-07-27;0;18.5;11.2;3.7;2000;7;27;-23.43;-46.46;735;83.0;82.0;61.0;938.2;939.6;937.1;5;3;3;1.0;3.0;3.0;10.0;9.0;2.0;75.33333333333333;938.3000000000001;7.0;2.3333333333333335;5
83075;2000-07-28;0;22.9;12.3;8.5;2000;7;28;-23.43;-46.46;735;81.0;71.0;48.0;939.1;939.0;934.8;5;3;3;1.0;2.0;3.0;10.0;8.0;0.0;66.66666666666667;937.6333333333332;6.0;2.0;5
83075;2000-07-29;0;23.3;9.7;6.9;2000;7;29;-23.43;-46.46;735;86.0;85.0;54.0;936.1;935.6;932.9;3;7;5;2.0;1.0;1.0;10.0;10.0;0.0;75.0;934.8666666666667;6.666666666666667;1.3333333333333333;3
83075;2000-07-30;0;25.8;9.2;8.8;2000;7;30;-23.43;-46.46;735;82.0;78.0;43.0;933.2;933.4;932.1;8;3;8;0.0;1.0;0.0;0.0;4.0;4.0;67.66666666666667;932.9;2.6666666666666665;0.3333333333333333;3
83075;2000-07-31;0;25.4;11.2;8.2;2000;7;31;-23.43;-46.46;735;81.0;69.0;37.0;934.3;934.7;933.2;8;8;5;0.0;0.0;1.0;0.0;5.0;5.0;62.333333333333336;934.0666666666666;3.3333333333333335;0.3333333333333333;5
83075;2000-08-01;4.1;30.7;18.7;4.9;2000;8;1;-23.43;-46.46;735;92.0;80.0;51.0;930.4;930.9;928.4;8;3;1;0.0;3.0;2.0;10.0;8.0;8.0;74.33333333333333;929.9;8.666666666666666;1.6666666666666667;3
83075;2000-08-02;0;25.7;17.9;0.3;2000;8;2;-23.43;-46.46;735;82.0;79.0;73.0;931.8;932.0;930.1;5;3;5;3.0;1.0;5.0;10.0;10.0;10.0;78.0;931.3000000000001;10.0;3.0;5
83075;2000-08-03;29.1;21.7;15.9;0.7;2000;8;3;-23.43;-46.46;735;90.0;91.0;76.0;931.2;931.8;931.7;5;5;5;1.0;3.0;5.0;10.0;10.0;10.0;85.66666666666667;931.5666666666666;10.0;3.0;5
83075;2000-08-04;0;30.1;17.7;6;2000;8;4;-23.43;-46.46;735;84.0;84.0;45.0;933.5;934.5;932.0;5;8;5;1.0;0.0;3.0;0.0;10.0;6.0;71.0;933.3333333333334;5.333333333333333;1.3333333333333333;5
83075;2000-08-05;0;23.9;14.3;3.8;2000;8;5;-23.43;-46.46;735;80.0;81.0;68.0;933.8;934.1;931.8;5;3;5;2.0;2.0;3.0;9.0;8.0;9.0;76.33333333333333;933.2333333333332;8.666666666666666;2.3333333333333335;5
83075;2000-08-06;0;26.4;12.3;8.4;2000;8;6;-23.43;-46.46;735;68.0;74.0;45.0;935.5;937.2;934.9;1;8;7;1.0;0.0;3.0;2.0;1.0;1.0;62.333333333333336;935.8666666666667;1.3333333333333333;1.3333333333333333;1
83075;2000-08-07;0;26.9;13.4;0.8;2000;8;7;-23.43;-46.46;735;63.0;76.0;46.0;934.4;935.6;932.1;8;8;7;0.0;0.0;2.0;9.0;1.0;5.0;61.666666666666664;934.0333333333333;5.0;0.6666666666666666;7
83075;2000-08-08;0.3;28.9;13.2;9;2000;8;8;-23.43;-46.46;735;71.0;68.0;30.0;933.7;935.2;932.2;8;7;8;0.0;1.0;0.0;1.0;0.0;2.0;56.333333333333336;933.7000000000002;1.0;0.3333333333333333;7
83075;2000-08-09;0;24.6;12.9;3.7;2000;8;9;-23.43;-46.46;735;82.0;75.0;37.0;932.7;932.6;929.5;3;3;3;2.0;3.0;1.0;10.0;8.0;10.0;64.66666666666667;931.6;9.333333333333334;2.0;3
83075;2000-08-10;0;26.4;15.4;6.2;2000;8;10;-23.43;-46.46;735;78.0;67.0;55.0;934.2;936.1;933.0;5;5;5;3.0;3.0;5.0;10.0;6.0;1.0;66.66666666666667;934.4333333333334;5.666666666666667;3.6666666666666665;5
83075;2000-08-11;0.8;27.6;15.2;7.6;2000;8;11;-23.43;-46.46;735;72.0;65.0;47.0;930.5;930.4;927.0;3;3;5;2.0;1.0;2.0;9.0;8.0;8.0;61.333333333333336;929.3000000000001;8.333333333333334;1.6666666666666667;3
83075;2000-08-12;0;31.6;17.9;7;2000;8;12;-23.43;-46.46;735;77.0;68.0;40.0;933.1;934.2;930.5;5;3;5;2.0;1.0;1.0;1.0;6.0;6.0;61.666666666666664;932.6;4.333333333333333;1.3333333333333333;5
83075;2000-08-13;0;18.9;6.3;8.7;2000;8;13;-23.43;-46.46;735;81.0;76.0;63.0;939.1;939.0;936.4;5;3;5;3.0;1.0;4.0;10.0;1.0;1.0;73.33333333333333;938.1666666666666;4.0;2.6666666666666665;5
83075;2000-08-14;0;24.7;8.8;7.4;2000;8;14;-23.43;-46.46;735;79.0;82.0;38.0;938.6;938.5;934.8;5;3;3;1.0;2.0;2.0;10.0;9.0;1.0;66.33333333333333;937.2999999999998;6.666666666666667;1.6666666666666667;5
83075;2000-08-15;0;28.9;10.4;6.9;2000;8;15;-23.43;-46.46;735;71.0;66.0;33.0;935.5;935.3;933.0;8;8;7;0.0;0.0;3.0;0.0;8.0;6.0;56.666666666666664;934.6;4.666666666666667;1.0;7
83075;2000-08-16;13.2;17.7;11.6;0;2000;8;16;-23.43;-46.46;735;76.0;86.0;87.0;935.6;937.9;936.9;5;5;5;3.0;2.0;3.0;10.0;10.0;10.0;83.0;936.8000000000001;10.0;2.6666666666666665;5
83075;2000-08-17;0;22.3;11.5;1.4;2000;8;17;-23.43;-46.46;735;87.0;83.0;69.0;937.6;936.6;934.4;3;3;7;1.0;3.0;3.0;10.0;10.0;10.0;79.66666666666667;936.1999999999999;10.0;2.3333333333333335;3
83075;2000-08-18;1.2;22.9;11.4;3.2;2000;8;18;-23.43;-46.46;735;85.0;79.0;80.0;935.2;935.5;935.2;5;8;5;1.0;0.0;4.0;10.0;5.0;10.0;81.33333333333333;935.3000000000001;8.333333333333334;1.6666666666666667;5
83075;2000-08-19;0;22.8;12.8;7.6;2000;8;19;-23.43;-46.46;735;82.0;78.0;57.0;937.3;937.8;935.2;5;5;5;1.0;1.0;4.0;10.0;8.0;5.0;72.33333333333333;936.7666666666668;7.666666666666667;2.0;5
83075;2000-08-20;0;27.4;12.7;6;2000;8;20;-23.43;-46.46;735;86.0;85.0;46.0;936.5;937.8;934.7;5;3;8;1.0;2.0;0.0;0.0;10.0;0.0;72.33333333333333;936.3333333333334;3.3333333333333335;1.0;5
83075;2000-08-21;0;29.1;13.1;9;2000;8;21;-23.43;-46.46;735;71.0;72.0;33.0;936.2;937.2;934.2;5;8;3;1.0;0.0;1.0;1.0;0.0;0.0;58.666666666666664;935.8666666666668;0.3333333333333333;0.6666666666666666;5
83075;2000-08-22;0;29.2;13.3;8.7;2000;8;22;-23.43;-46.46;735;53.0;59.0;28.0;935.4;936.2;933.2;8;3;5;0.0;1.0;1.0;0.0;0.0;1.0;46.666666666666664;934.9333333333334;0.3333333333333333;0.6666666666666666;3
83075;2000-08-23;0;28.5;13.7;7.6;2000;8;23;-23.43;-46.46;735;51.0;52.0;34.0;933.9;934.5;931.4;8;7;7;0.0;1.0;1.0;0.0;4.0;8.0;45.666666666666664;933.2666666666668;4.0;0.6666666666666666;7
83075;2000-08-24;0;30.5;13.6;9;2000;8;24;-23.43;-46.46;735;53.0;59.0;28.0;932.3;933.7;930.7;7;5;5;1.0;1.0;1.0;0.0;0.0;1.0;46.666666666666664;932.2333333333332;0.3333333333333333;1.0;7
83075;2000-08-25;0;32.4;14.9;8.7;2000;8;25;-23.43;-46.46;735;60.0;52.0;22.0;932.2;931.9;927.9;5;7;7;1.0;1.0;3.0;0.0;0.0;1.0;44.666666666666664;930.6666666666666;0.3333333333333333;1.6666666666666667;5
83075;2000-08-26;0;32.6;16.9;6.6;2000;8;26;-23.43;-46.46;735;54.0;34.0;27.0;929.0;927.9;926.0;8;7;7;0.0;3.0;3.0;0.0;1.0;9.0;38.333333333333336;927.6333333333333;3.3333333333333335;2.0;7
83075;2000-08-27;0;24.2;15.1;0;2000;8;27;-23.43;-46.46;735;70.0;70.0;64.0;929.8;928.9;925.3;5;3;5;5.0;2.0;4.0;9.0;10.0;10.0;68.0;928.0;9.666666666666666;3.6666666666666665;5
83075;2000-08-28;34.8;18.5;12.8;0;2000;8;28;-23.43;-46.46;735;89.0;86.0;85.0;927.6;927.5;928.9;5;7;7;1.0;2.0;3.0;10.0;10.0;10.0;86.66666666666667;928.0;10.0;2.0;5
83075;2000-08-29;17.7;19;11.9;0.6;2000;8;29;-23.43;-46.46;735;82.0;82.0;64.0;929.4;932.1;931.9;7;3;8;2.0;1.0;0.0;10.0;9.0;9.0;76.0;931.1333333333333;9.333333333333334;1.0;7
83075;2000-08-30;0;23.7;10.4;6.5;2000;8;30;-23.43;-46.46;735;79.0;85.0;48.0;934.4;937.1;934.4;3;3;3;2.0;2.0;3.0;10.0;10.0;4.0;70.66666666666667;935.3000000000001;8.0;2.3333333333333335;3
83075;2000-08-31;0;20.8;13.3;0;2000;8;31;-23.43;-46.46;735;83.0;85.0;81.0;936.1;935.3;931.6;5;3;3;1.0;1.0;1.0;4.0;10.0;10.0;83.0;934.3333333333334;8.0;1.0;5
83075;2000-09-01;2.8;31;19.8;6.7;2000;9;1;-23.43;-46.46;735;84.0;73.0;49.0;931.0;932.3;931.4;5;3;3;3.0;2.0;2.0;10.0;4.0;6.0;68.66666666666667;931.5666666666666;6.666666666666667;2.3333333333333335;5
83075;2000-09-02;0;27.5;19.3;1.8;2000;9;2;-23.43;-46.46;735;82.0;85.0;76.0;931.0;930.6;928.2;5;3;5;3.0;2.0;2.0;9.0;9.0;9.0;81.0;929.9333333333334;9.0;2.3333333333333335;5
83075;2000-09-03;0;25.8;14.5;6.4;2000;9;3;-23.43;-46.46;735;74.0;71.0;66.0;933.1;933.2;931.7;3;3;5;1.0;2.0;3.0;9.0;4.0;9.0;70.33333333333333;932.6666666666666;7.333333333333333;2.0;3
83075;2000-09-04;0;29.7;16.8;6.2;2000;9;4;-23.43;-46.46;735;81.0;89.0;47.0;933.0;934.2;931.1;5;4;8;1.0;2.0;0.0;0.0;10.0;2.0;72.33333333333333;932.7666666666668;4.0;1.0;5
83075;2000-09-05;0.9;21;14.8;5;2000;9;5;-23.43;-46.46;735;88.0;70.0;71.0;932.3;934.5;933.9;8;5;5;0.0;3.0;3.0;9.0;6.0;9.0;76.33333333333333;933.5666666666666;8.0;2.0;5
83075;2000-09-06;0;26.1;12.6;5.4;2000;9;6;-23.43;-46.46;735;68.0;77.0;50.0;935.5;937.2;935.4;8;8;5;0.0;0.0;3.0;0.0;8.0;4.0;65.0;936.0333333333333;4.0;1.0;5
83075;2000-09-07;0;28;14.3;8.7;2000;9;7;-23.43;-46.46;735;71.0;73.0;42.0;932.4;934.7;931.0;7;8;7;1.0;0.0;2.0;0.0;1.0;2.0;62.0;932.6999999999999;1.0;1.0;7
83075;2000-09-08;0;30.3;14.3;8.7;2000;9;8;-23.43;-46.46;735;63.0;61.0;19.0;934.3;933.7;930.9;8;3;7;0.0;1.0;4.0;0.0;8.0;1.0;47.666666666666664;932.9666666666667;3.0;1.6666666666666667;3
83075;2000-09-09;0;25.4;14.8;3.7;2000;9;9;-23.43;-46.46;735;68.0;59.0;50.0;931.3;932.3;930.4;3;5;7;1.0;2.0;2.0;10.0;6.0;8.0;59.0;931.3333333333334;8.0;1.6666666666666667;3
83075;2000-09-10;0;28.2;16.6;4.3;2000;9;10;-23.43;-46.46;735;79.0;80.0;58.0;934.4;935.4;931.9;3;3;7;3.0;1.0;1.0;1.0;10.0;1.0;72.33333333333333;933.9;4.0;1.6666666666666667;3
83075;2000-09-11;0;29.8;15.3;7;2000;9;11;-23.43;-46.46;735;77.0;72.0;38.0;929.3;929.5;925.9;3;3;5;3.0;1.0;2.0;0.0;8.0;2.0;62.333333333333336;928.2333333333332;3.3333333333333335;2.0;3
83075;2000-09-12;0;33.3;18.5;7.4;2000;9;12;-23.43;-46.46;735;79.0;63.0;42.0;931.9;931.5;928.3;3;5;7;2.0;1.0;2.0;4.0;0.0;6.0;61.333333333333336;930.5666666666666;3.3333333333333335;1.6666666666666667;3
83075;2000-09-13;20.1;27.3;16.3;1.1;2000;9;13;-23.43;-46.46;735;91.0;65.0;58.0;931.0;931.1;930.3;5;5;7;3.0;1.0;3.0;10.0;10.0;10.0;71.33333333333333;930.7999999999998;10.0;2.3333333333333335;5
83075;2000-09-14;12.7;29.6;16.7;2.8;2000;9;14;-23.43;-46.46;735;87.0;81.0;49.0;932.6;934.1;930.8;5;3;7;2.0;1.0;2.0;10.0;10.0;9.0;72.33333333333333;932.5;9.666666666666666;1.6666666666666667;5
83075;2000-09-15;0;29.7;18.2;2.8;2000;9;15;-23.43;-46.46;735;75.0;63.0;48.0;933.2;933.1;930.6;5;7;7;1.0;1.0;1.0;10.0;8.0;10.0;62.0;932.3000000000001;9.333333333333334;1.0;5
83075;2000-09-16;1.3;20.2;14.7;0;2000;9;16;-23.43;-46.46;735;91.0;81.0;79.0;934.4;935.3;934.9;5;5;5;1.0;3.0;3.0;10.0;10.0;10.0;83.66666666666667;934.8666666666667;10.0;2.3333333333333335;5
83075;2000-09-17;0;24.1;13.9;0;2000;9;17;-23.43;-46.46;735;82.0;80.0;85.0;937.4;937.6;936.8;5;5;5;4.0;3.0;3.0;9.0;10.0;10.0;82.33333333333333;937.2666666666668;9.666666666666666;3.3333333333333335;5
83075;2000-09-18;3.7;26.6;14.3;5.1;2000;9;18;-23.43;-46.46;735;92.0;80.0;58.0;938.4;938.3;934.6;8;3;5;0.0;3.0;1.0;9.0;10.0;1.0;76.66666666666667;937.0999999999999;6.666666666666667;1.3333333333333333;3
83075;2000-09-19;0;25.9;14.3;5.7;2000;9;19;-23.43;-46.46;735;88.0;69.0;68.0;937.3;936.1;935.8;5;3;7;1.0;3.0;2.0;10.0;9.0;4.0;75.0;936.4;7.666666666666667;2.0;5
83075;2000-09-20;0;30.9;16.3;7.8;2000;9;20;-23.43;-46.46;735;76.0;73.0;34.0;935.6;935.7;932.3;7;5;5;1.0;1.0;2.0;1.0;2.0;2.0;61.0;934.5333333333334;1.6666666666666667;1.3333333333333333;7
83075;2000-09-21;0;31.7;18.3;8.7;2000;9;21;-23.43;-46.46;735;64.0;53.0;36.0;934.0;933.1;930.5;8;3;7;0.0;1.0;3.0;0.0;2.0;8.0;51.0;932.5333333333333;3.3333333333333335;1.3333333333333333;3
83075;2000-09-22;0;25.7;16.4;0.3;2000;9;22;-23.43;-46.46;735;54.0;79.0;75.0;932.0;934.9;935.0;8;5;5;0.0;3.0;3.0;1.0;10.0;10.0;69.33333333333333;933.9666666666667;7.0;2.0;5
83075;2000-09-23;0;30.4;14.1;7.1;2000;9;23;-23.43;-46.46;735;84.0;82.0;48.0;935.1;933.6;928.8;3;3;7;1.0;1.0;1.0;0.0;10.0;2.0;71.33333333333333;932.5;4.0;1.0;3
83075;2000-09-24;0;32.4;16.2;8.7;2000;9;24;-23.43;-46.46;735;76.0;38.0;26.0;929.7;928.7;926.3;8;7;7;0.0;4.0;4.0;0.0;1.0;6.0;46.666666666666664;928.2333333333332;2.3333333333333335;2.6666666666666665;7
83075;2000-09-25;2.6;18.4;10.6;0;2000;9;25;-23.43;-46.46;735;78.0;40.0;41.0;931.3;936.2;936.7;3;5;5;2.0;4.0;3.0;8.0;10.0;10.0;53.0;934.7333333333332;9.333333333333334;3.0;3
83075;2000-09-26;0;14.6;9;0;2000;9;26;-23.43;-46.46;735;55.0;73.0;66.0;939.9;941.6;940.4;5;3;3;3.0;3.0;3.0;10.0;10.0;10.0;64.66666666666667;940.6333333333333;10.0;3.0;5
83075;2000-09-27;0;22;11.1;5.6;2000;9;27;-23.43;-46.46;735;75.0;68.0;54.0;941.6;941.4;937.6;3;3;3;2.0;3.0;1.0;10.0;9.0;4.0;65.66666666666667;940.1999999999999;7.666666666666667;2.0;3
83075;2000-09-28;0;26.8;13.2;7.2;2000;9;28;-23.43;-46.46;735;77.0;78.0;44.0;938.9;939.4;935.4;3;3;7;3.0;2.0;2.0;10.0;10.0;2.0;66.33333333333333;937.9;7.333333333333333;2.3333333333333335;3
83075;2000-09-29;0;27.8;14.1;8.6;2000;9;29;-23.43;-46.46;735;79.0;66.0;54.0;937.1;937.4;934.6;3;3;5;1.0;1.0;5.0;0.0;0.0;1.0;66.33333333333333;936.3666666666667;0.3333333333333333;2.3333333333333335;3
83075;2000-09-30;0;27.3;13.6;6.9;2000;9;30;-23.43;-46.46;735;80.0;85.0;46.0;937.1;936.8;933.0;3;5;3;1.0;2.0;2.0;0.0;10.0;0.0;70.33333333333333;935.6333333333333;3.3333333333333335;1.6666666666666667;3
83075;2000-10-01;8.6;32.8;18.5;7.4;2000;10;1;-23.43;-46.46;735;88.0;76.0;47.0;931.7;932.6;929.7;8;5;8;0.0;1.0;0.0;0.0;0.0;4.0;70.33333333333333;931.3333333333334;1.3333333333333333;0.3333333333333333;5
83075;2000-10-02;25.4;24.8;19.5;0;2000;10;2;-23.43;-46.46;735;89.0;84.0;78.0;929.4;929.3;927.6;3;7;7;1.0;2.0;2.0;9.0;10.0;10.0;83.66666666666667;928.7666666666665;9.666666666666666;1.6666666666666667;3
83075;2000-10-03;0;26.2;16.4;3.5;2000;10;3;-23.43;-46.46;735;78.0;70.0;65.0;933.0;932.6;930.3;4;3;5;1.0;1.0;4.0;10.0;8.0;9.0;71.0;931.9666666666666;9.0;2.0;4
83075;2000-10-04;0;30.9;18.3;7.3;2000;10;4;-23.43;-46.46;735;80.0;79.0;45.0;933.0;932.9;930.8;5;8;7;2.0;0.0;2.0;9.0;4.0;6.0;68.0;932.2333333333332;6.333333333333333;1.3333333333333333;5
83075;2000-10-05;0;21.7;11.2;8.3;2000;10;5;-23.43;-46.46;735;80.0;76.0;53.0;935.7;936.4;935.5;3;3;5;3.0;1.0;3.0;9.0;2.0;5.0;69.66666666666667;935.8666666666667;5.333333333333333;2.3333333333333335;3
83075;2000-10-06;0;23.7;14.7;6.9;2000;10;6;-23.43;-46.46;735;80.0;82.0;55.0;937.1;938.2;935.3;5;5;5;1.0;1.0;1.0;10.0;9.0;6.0;72.33333333333333;936.8666666666668;8.333333333333334;1.0;5
83075;2000-10-07;0;28;14.7;8.9;2000;10;7;-23.43;-46.46;735;72.0;67.0;41.0;931.4;932.9;929.8;7;7;7;1.0;1.0;2.0;0.0;2.0;2.0;60.0;931.3666666666667;1.3333333333333333;1.3333333333333333;7
83075;2000-10-08;0;22;12.8;0;2000;10;8;-23.43;-46.46;735;52.0;86.0;77.0;933.5;937.7;935.4;3;5;5;5.0;2.0;2.0;10.0;10.0;9.0;71.66666666666667;935.5333333333333;9.666666666666666;3.0;3
83075;2000-10-09;0;29.9;13.8;9.3;2000;10;9;-23.43;-46.46;735;71.0;62.0;39.0;932.1;933.1;928.3;7;3;7;1.0;2.0;3.0;0.0;4.0;4.0;57.333333333333336;931.1666666666666;2.6666666666666665;2.0;7
83075;2000-10-10;0;27.6;18.2;1.7;2000;10;10;-23.43;-46.46;735;72.0;70.0;59.0;932.7;933.1;930.7;3;5;5;1.0;2.0;1.0;0.0;9.0;10.0;67.0;932.1666666666666;6.333333333333333;1.3333333333333333;3
83075;2000-10-11;0;29;18;4.6;2000;10;11;-23.43;-46.46;735;76.0;59.0;59.0;927.9;928.5;926.1;5;8;5;2.0;0.0;3.0;0.0;6.0;8.0;64.66666666666667;927.5;4.666666666666667;1.6666666666666667;5
83075;2000-10-12;6.5;27.7;18.9;2.5;2000;10;12;-23.43;-46.46;735;84.0;76.0;71.0;929.9;929.2;928.1;7;7;3;2.0;1.0;2.0;9.0;8.0;9.0;77.0;929.0666666666666;8.666666666666666;1.6666666666666667;7
83075;2000-10-13;0;32.7;18.7;6.8;2000;10;13;-23.43;-46.46;735;50.0;70.0;42.0;931.8;935.3;931.1;3;5;3;1.0;3.0;2.0;1.0;9.0;2.0;54.0;932.7333333333332;4.0;2.0;3
83075;2000-10-14;0;28.7;18.2;1.4;2000;10;14;-23.43;-46.46;735;80.0;71.0;72.0;935.3;935.4;934.4;3;3;5;3.0;1.0;5.0;8.0;8.0;9.0;74.33333333333333;935.0333333333333;8.333333333333334;3.0;3
83075;2000-10-15;0;26;18.4;1.6;2000;10;15;-23.43;-46.46;735;78.0;73.0;65.0;937.4;936.6;934.5;5;5;5;2.0;1.0;3.0;8.0;10.0;9.0;72.0;936.1666666666666;9.0;2.0;5
83075;2000-10-16;0;30.9;18.8;8.4;2000;10;16;-23.43;-46.46;735;80.0;71.0;45.0;936.2;936.9;932.9;5;3;3;1.0;2.0;3.0;8.0;6.0;1.0;65.33333333333333;935.3333333333334;5.0;2.0;5
83075;2000-10-17;0;34.3;19.1;8.7;2000;10;17;-23.43;-46.46;735;79.0;65.0;32.0;934.8;935.7;932.3;3;3;7;2.0;1.0;2.0;9.0;1.0;8.0;58.666666666666664;934.2666666666668;6.0;1.6666666666666667;3
83075;2000-10-18;0.4;34.8;19.2;9.9;2000;10;18;-23.43;-46.46;735;78.0;56.0;50.0;936.3;935.5;933.2;3;8;5;3.0;0.0;5.0;9.0;0.0;8.0;61.333333333333336;935.0;5.666666666666667;2.6666666666666665;3
83075;2000-10-19;0;32.8;19.4;7.7;2000;10;19;-23.43;-46.46;735;63.0;69.0;38.0;935.2;935.3;930.8;5;3;3;1.0;1.0;2.0;4.0;5.0;4.0;56.666666666666664;933.7666666666668;4.333333333333333;1.3333333333333333;5
83075;2000-10-20;0.9;32.5;20;6.6;2000;10;20;-23.43;-46.46;735;83.0;73.0;42.0;932.5;931.6;928.3;5;3;7;1.0;1.0;5.0;10.0;9.0;4.0;66.0;930.7999999999998;7.666666666666667;2.3333333333333335;5
83075;2000-10-21;0;25.4;18.6;0.5;2000;10;21;-23.43;-46.46;735;59.0;78.0;69.0;930.5;930.5;929.2;7;5;5;3.0;3.0;4.0;9.0;10.0;10.0;68.66666666666667;930.0666666666666;9.666666666666666;3.3333333333333335;7
83075;2000-10-22;0;31.1;17.1;8.6;2000;10;22;-23.43;-46.46;735;81.0;71.0;59.0;930.6;930.1;927.2;3;3;5;1.0;1.0;3.0;9.0;9.0;0.0;70.33333333333333;929.3000000000001;6.0;1.6666666666666667;3
83075;2000-10-23;0;35.3;17.3;9.5;2000;10;23;-23.43;-46.46;735;82.0;62.0;29.0;929.8;929.8;927.1;8;7;7;0.0;1.0;3.0;0.0;1.0;4.0;57.666666666666664;928.9;1.6666666666666667;1.3333333333333333;7
83075;2000-10-24;3.8;32.8;19.6;5.8;2000;10;24;-23.43;-46.46;735;68.0;68.0;41.0;929.6;931.6;927.9;7;3;7;2.0;1.0;1.0;8.0;2.0;8.0;59.0;929.6999999999999;6.0;1.3333333333333333;7
83075;2000-10-25;1.9;23.3;18.7;0;2000;10;25;-23.43;-46.46;735;81.0;82.0;78.0;931.9;934.2;931.9;5;7;5;1.0;1.0;2.0;8.0;10.0;10.0;80.33333333333333;932.6666666666666;9.333333333333334;1.3333333333333333;5
83075;2000-10-26;1.2;30.9;18.2;4.1;2000;10;26;-23.43;-46.46;735;90.0;75.0;61.0;933.0;932.8;928.7;5;3;5;2.0;1.0;5.0;10.0;9.0;4.0;75.33333333333333;931.5;7.666666666666667;2.6666666666666665;5
83075;2000-10-27;3.2;30.4;17.9;2.5;2000;10;27;-23.43;-46.46;735;85.0;56.0;59.0;930.7;928.5;927.1;5;7;7;0.1;1.0;3.0;9.0;8.0;10.0;66.66666666666667;928.7666666666668;9.0;1.3666666666666665;5
83075;2000-10-28;0;24.2;16.4;0;2000;10;28;-23.43;-46.46;735;69.0;72.0;75.0;928.4;931.3;931.0;5;5;3;1.0;3.0;5.0;8.0;10.0;10.0;72.0;930.2333333333332;9.333333333333334;3.0;5
83075;2000-10-29;1.1;26.1;14.5;0;2000;10;29;-23.43;-46.46;735;87.0;76.0;74.0;933.3;936.0;934.1;5;5;5;2.0;3.0;3.0;10.0;10.0;10.0;79.0;934.4666666666667;10.0;2.6666666666666665;5
83075;2000-10-30;0;28.4;14.4;6.7;2000;10;30;-23.43;-46.46;735;81.0;70.0;43.0;934.8;934.8;931.4;5;3;5;2.0;1.0;4.0;9.0;9.0;4.0;64.66666666666667;933.6666666666666;7.333333333333333;2.3333333333333335;5
83075;2000-10-31;0;27.6;17.3;3.3;2000;10;31;-23.43;-46.46;735;77.0;73.0;41.0;933.5;933.4;931.1;5;3;7;3.0;1.0;2.0;10.0;9.0;9.0;63.666666666666664;932.6666666666666;9.333333333333334;2.0;5
83075;2000-11-01;0;33.4;19.9;8.2;2000;11;1;-23.43;-46.46;735;66.0;56.0;43.0;930.7;930.5;928.0;5;7;7;2.0;3.0;3.0;8.0;1.0;4.0;55.0;929.7333333333332;4.333333333333333;2.6666666666666665;5
83075;2000-11-02;13.7;25.3;19.9;0;2000;11;2;-23.43;-46.46;735;89.0;84.0;78.0;928.7;929.5;928.5;7;7;5;1.0;5.0;1.0;9.0;10.0;10.0;83.66666666666667;928.9;9.666666666666666;2.3333333333333335;7
83075;2000-11-03;0;22.9;17.3;0;2000;11;3;-23.43;-46.46;735;82.0;84.0;78.0;931.8;930.8;928.8;3;3;5;1.0;1.0;2.0;10.0;10.0;10.0;81.33333333333333;930.4666666666666;10.0;1.3333333333333333;3
83075;2000-11-04;0;30.4;17.1;9;2000;11;4;-23.43;-46.46;735;82.0;81.0;44.0;932.0;931.4;929.5;3;4;7;1.0;2.0;3.0;9.0;6.0;4.0;69.0;930.9666666666667;6.333333333333333;2.0;3
83075;2000-11-05;0.4;20.1;12.2;6.1;2000;11;5;-23.43;-46.46;735;89.0;75.0;58.0;936.9;938.3;936.0;5;3;5;3.0;3.0;5.0;10.0;8.0;8.0;74.0;937.0666666666666;8.666666666666666;3.6666666666666665;5
83075;2000-11-06;0;26.2;14.6;4.7;2000;11;6;-23.43;-46.46;735;84.0;82.0;51.0;935.8;935.8;932.4;5;3;7;1.0;2.0;1.0;10.0;8.0;9.0;72.33333333333333;934.6666666666666;9.0;1.3333333333333333;5
83075;2000-11-07;0;27.9;18.3;0.8;2000;11;7;-23.43;-46.46;735;68.0;57.0;43.0;931.1;932.9;930.0;7;7;7;1.0;2.0;2.0;0.0;10.0;6.0;56.0;931.3333333333334;5.333333333333333;1.6666666666666667;7
83075;2000-11-08;2.8;14.3;8.5;0;2000;11;8;-23.43;-46.46;735;90.0;83.0;78.0;937.7;939.3;937.9;8;5;5;0.0;2.0;3.0;10.0;10.0;10.0;83.66666666666667;938.3000000000001;10.0;1.6666666666666667;5
83075;2000-11-09;0;31.5;17.3;9.1;2000;11;9;-23.43;-46.46;735;59.0;61.0;37.0;930.0;930.9;927.5;7;3;7;2.0;2.0;4.0;8.0;4.0;4.0;52.333333333333336;929.4666666666667;5.333333333333333;2.6666666666666665;7
83075;2000-11-10;3.3;29.5;18;4.5;2000;11;10;-23.43;-46.46;735;68.0;71.0;50.0;935.1;933.3;930.7;5;3;7;3.0;3.0;2.0;10.0;2.0;9.0;63.0;933.0333333333334;7.0;2.6666666666666665;5
83075;2000-11-11;0;28.6;18;6;2000;11;11;-23.43;-46.46;735;75.0;65.0;63.0;929.5;928.2;925.7;5;8;5;1.0;0.0;5.0;8.0;2.0;4.0;67.66666666666667;927.8000000000001;4.666666666666667;2.0;5
83075;2000-11-12;16.7;30;16.7;5.7;2000;11;12;-23.43;-46.46;735;76.0;71.0;42.0;929.9;930.0;927.2;5;3;5;2.0;1.0;1.0;8.0;9.0;5.0;63.0;929.0333333333334;7.333333333333333;1.3333333333333333;5
83075;2000-11-13;3.5;27.5;19.5;1.1;2000;11;13;-23.43;-46.46;735;67.0;62.0;60.0;924.1;924.5;922.7;7;7;7;1.0;2.0;4.0;6.0;6.0;10.0;63.0;923.7666666666668;7.333333333333333;2.3333333333333335;7
83075;2000-11-14;61.8;23.1;15.4;0;2000;11;14;-23.43;-46.46;735;81.0;89.0;87.0;923.6;925.6;925.1;5;5;3;2.0;2.0;2.0;9.0;10.0;10.0;85.66666666666667;924.7666666666668;9.666666666666666;2.0;5
83075;2000-11-15;7.6;23.5;14.9;3.5;2000;11;15;-23.43;-46.46;735;90.0;70.0;60.0;927.2;931.0;930.1;5;5;5;2.0;5.0;5.0;10.0;10.0;4.0;73.33333333333333;929.4333333333334;8.0;4.0;5
83075;2000-11-16;0;25;15.6;2.2;2000;11;16;-23.43;-46.46;735;79.0;72.0;59.0;932.9;933.1;932.1;5;3;5;4.0;1.0;4.0;9.0;10.0;4.0;70.0;932.6999999999999;7.666666666666667;3.0;5
83075;2000-11-17;0;26.5;17;1.5;2000;11;17;-23.43;-46.46;735;79.0;77.0;72.0;933.3;934.1;933.0;3;3;5;1.0;1.0;4.0;5.0;10.0;10.0;76.0;933.4666666666667;8.333333333333334;2.0;3
83075;2000-11-18;27.1;20.4;15.4;0;2000;11;18;-23.43;-46.46;735;79.0;89.0;84.0;933.7;932.9;931.2;3;7;7;3.0;1.0;1.0;10.0;10.0;10.0;84.0;932.6;10.0;1.6666666666666667;3
83075;2000-11-19;16.6;27.3;15.6;2.2;2000;11;19;-23.43;-46.46;735;92.0;74.0;55.0;932.0;929.9;933.6;3;7;7;1.0;5.0;4.0;10.0;9.0;9.0;73.66666666666667;931.8333333333334;9.333333333333334;3.3333333333333335;3
83075;2000-11-20;0;31.8;18.2;8.4;2000;11;20;-23.43;-46.46;735;78.0;64.0;32.0;929.7;931.5;929.0;8;7;7;0.0;2.0;2.0;8.0;5.0;5.0;58.0;930.0666666666666;6.0;1.3333333333333333;7
83075;2000-11-21;0;28.5;17.5;3.3;2000;11;21;-23.43;-46.46;735;68.0;69.0;82.0;932.3;933.1;930.2;5;5;5;2.0;1.0;3.0;2.0;8.0;10.0;73.0;931.8666666666668;6.666666666666667;2.0;5
83075;2000-11-22;42.2;30.2;17.7;5.8;2000;11;22;-23.43;-46.46;735;91.0;68.0;61.0;933.1;933.4;932.3;5;7;5;1.0;1.0;2.0;9.0;8.0;9.0;73.33333333333333;932.9333333333334;8.666666666666666;1.3333333333333333;5
83075;2000-11-23;0;27.8;17.6;3.6;2000;11;23;-23.43;-46.46;735;85.0;81.0;62.0;934.8;935.1;932.4;3;5;5;2.0;1.0;4.0;10.0;10.0;9.0;76.0;934.1;9.666666666666666;2.3333333333333335;3
83075;2000-11-24;0;31.8;19.2;6.4;2000;11;24;-23.43;-46.46;735;82.0;52.0;52.0;932.9;931.8;930.2;3;7;7;1.0;2.0;5.0;10.0;5.0;10.0;62.0;931.6333333333332;8.333333333333334;2.6666666666666665;3
83075;2000-11-25;16.9;25.9;17.9;0.1;2000;11;25;-23.43;-46.46;735;78.0;85.0;66.0;930.6;931.1;929.0;8;7;7;0.0;3.0;2.0;4.0;10.0;10.0;76.33333333333333;930.2333333333332;8.0;1.6666666666666667;7
83075;2000-11-26;15.8;23.9;17.6;0.4;2000;11;26;-23.43;-46.46;735;86.0;83.0;67.0;931.4;932.0;930.5;5;5;5;2.0;1.0;2.0;9.0;10.0;9.0;78.66666666666667;931.3000000000001;9.333333333333334;1.6666666666666667;5
83075;2000-11-27;0.2;29.4;16.7;4.9;2000;11;27;-23.43;-46.46;735;83.0;76.0;73.0;932.4;932.0;931.0;5;3;3;2.0;2.0;3.0;8.0;8.0;9.0;77.33333333333333;931.8000000000001;8.333333333333334;2.3333333333333335;5
83075;2000-11-28;0;31.9;17.9;7.1;2000;11;28;-23.43;-46.46;735;85.0;65.0;46.0;931.5;931.4;928.6;8;1;7;0.0;1.0;2.0;0.0;2.0;9.0;65.33333333333333;930.5;3.6666666666666665;1.0;1
83075;2000-11-29;15.7;31;18.7;8;2000;11;29;-23.43;-46.46;735;87.0;60.0;50.0;930.6;931.1;928.4;8;7;7;0.0;3.0;5.0;8.0;2.0;9.0;65.66666666666667;930.0333333333333;6.333333333333333;2.6666666666666665;7
83075;2000-11-30;19.7;29.1;18.5;2.7;2000;11;30;-23.43;-46.46;735;73.0;68.0;70.0;929.6;929.3;928.2;3;7;5;1.0;1.0;2.0;4.0;9.0;9.0;70.33333333333333;929.0333333333334;7.333333333333333;1.3333333333333333;3
83075;2000-12-01;0;32.1;21.3;5.3;2000;12;1;-23.43;-46.46;735;69.0;63.0;58.0;927.9;928.0;926.5;7;7;7;2.0;1.0;3.0;6.0;8.0;8.0;63.333333333333336;927.4666666666667;7.333333333333333;2.0;7
83075;2000-12-02;27.4;26.4;18.8;0;2000;12;2;-23.43;-46.46;735;91.0;84.0;79.0;929.6;930.0;929.1;8;7;7;0.0;2.0;2.0;10.0;10.0;10.0;84.66666666666667;929.5666666666666;10.0;1.3333333333333333;7
83075;2000-12-03;0.5;23.3;17.1;0.2;2000;12;3;-23.43;-46.46;735;87.0;78.0;70.0;929.2;928.8;927.6;3;5;5;2.0;2.0;3.0;9.0;10.0;9.0;78.33333333333333;928.5333333333333;9.333333333333334;2.3333333333333335;3
83075;2000-12-04;0;30.7;15.7;9.4;2000;12;4;-23.43;-46.46;735;78.0;61.0;38.0;930.5;930.2;928.3;5;5;7;1.0;1.0;3.0;0.0;0.0;2.0;59.0;929.6666666666666;0.6666666666666666;1.6666666666666667;5
83075;2000-12-05;0;22.6;11.2;8;2000;12;5;-23.43;-46.46;735;83.0;77.0;51.0;937.1;937.6;934.9;5;3;5;1.0;1.0;3.0;4.0;8.0;4.0;70.33333333333333;936.5333333333333;5.333333333333333;1.6666666666666667;5
83075;2000-12-07;0;23.9;13.1;0.3;2000;12;7;-23.43;-46.46;735;64.0;70.0;67.0;931.9;935.8;934.9;8;7;7;0.0;2.0;2.0;8.0;9.0;10.0;67.0;934.1999999999999;9.0;1.3333333333333333;7
83075;2000-12-08;0;13.1;6;1;2000;12;8;-23.43;-46.46;735;80.0;69.0;67.0;940.2;940.9;938.6;5;5;5;5.0;3.0;3.0;9.0;10.0;9.0;72.0;939.9;9.333333333333334;3.6666666666666665;5
83075;2000-12-09;0;25.9;17;0;2000;12;9;-23.43;-46.46;735;57.0;78.0;62.0;928.7;931.9;928.3;7;5;3;1.0;2.0;1.0;8.0;10.0;10.0;65.66666666666667;929.6333333333332;9.333333333333334;1.3333333333333333;7
83075;2000-12-10;0;34.1;19.1;6.6;2000;12;10;-23.43;-46.46;735;79.0;38.0;28.0;931.6;930.4;929.6;5;1;7;1.0;2.0;1.0;10.0;1.0;8.0;48.333333333333336;930.5333333333333;6.333333333333333;1.3333333333333333;5
83075;2000-12-11;0.1;30.1;18;3.4;2000;12;11;-23.43;-46.46;735;76.0;70.0;49.0;927.2;926.2;923.7;3;5;7;3.0;1.0;1.0;4.0;6.0;8.0;65.0;925.7000000000002;6.0;1.6666666666666667;3
83075;2000-12-12;0;32.2;18.3;4.6;2000;12;12;-23.43;-46.46;735;83.0;65.0;51.0;928.6;929.0;926.5;5;3;5;1.0;1.0;3.0;9.0;1.0;10.0;66.33333333333333;928.0333333333333;6.666666666666667;1.6666666666666667;5
83075;2000-12-13;0;29.4;18.4;3;2000;12;13;-23.43;-46.46;735;69.0;62.0;86.0;927.8;928.6;927.4;3;1;5;3.0;1.0;3.0;4.0;8.0;9.0;72.33333333333333;927.9333333333334;7.0;2.3333333333333335;3
83075;2000-12-14;4.5;27.8;19.7;0;2000;12;14;-23.43;-46.46;735;78.0;76.0;81.0;927.7;926.7;923.1;3;3;8;1.0;2.0;0.0;9.0;10.0;9.0;78.33333333333333;925.8333333333334;9.333333333333334;1.0;3
83075;2000-12-15;38.1;29.7;20.5;2.1;2000;12;15;-23.43;-46.46;735;86.0;63.0;54.0;923.9;922.6;920.6;7;7;7;1.0;1.0;1.0;9.0;9.0;9.0;67.66666666666667;922.3666666666667;9.0;1.0;7
83075;2000-12-16;6.5;30.1;19;0.6;2000;12;16;-23.43;-46.46;735;89.0;65.0;63.0;922.7;928.7;920.8;7;8;8;1.0;0.0;0.0;10.0;9.0;9.0;72.33333333333333;924.0666666666666;9.333333333333334;0.3333333333333333;7
83075;2000-12-17;127.5;20.5;14.1;0;2000;12;17;-23.43;-46.46;735;90.0;91.0;74.0;925.0;928.1;926.6;5;5;5;1.0;3.0;3.0;10.0;10.0;10.0;85.0;926.5666666666666;10.0;2.3333333333333335;5
83075;2000-12-18;4.3;19.5;14.1;0.1;2000;12;18;-23.43;-46.46;735;86.0;77.0;72.0;928.8;929.1;927.9;5;5;5;3.0;3.0;3.0;10.0;10.0;10.0;78.33333333333333;928.6;10.0;3.0;5
83075;2000-12-19;0.2;27.3;14.7;3.8;2000;12;19;-23.43;-46.46;735;82.0;77.0;55.0;929.2;928.4;926.5;5;3;7;2.0;1.0;1.0;10.0;8.0;8.0;71.33333333333333;928.0333333333333;8.666666666666666;1.3333333333333333;5
83075;2000-12-20;0;30.7;14.7;6.7;2000;12;20;-23.43;-46.46;735;84.0;64.0;39.0;928.1;930.6;928.9;8;7;7;0.0;1.0;1.0;0.0;2.0;8.0;62.333333333333336;929.1999999999999;3.3333333333333335;0.6666666666666666;7
83075;2000-12-21;0;32.6;17.5;7.9;2000;12;21;-23.43;-46.46;735;68.0;68.0;41.0;930.5;931.7;928.7;7;3;7;1.0;2.0;1.0;2.0;0.0;8.0;59.0;930.3000000000001;3.3333333333333335;1.3333333333333333;7
83075;2000-12-22;1.2;32.4;17.5;7.5;2000;12;22;-23.43;-46.46;735;78.0;57.0;42.0;930.4;930.1;929.5;5;7;7;1.0;2.0;3.0;0.0;2.0;8.0;59.0;930.0;3.3333333333333335;2.0;5
83075;2000-12-23;0;32.9;20.7;7.8;2000;12;23;-23.43;-46.46;735;65.0;55.0;55.0;929.5;931.9;928.9;7;7;5;2.0;3.0;4.0;6.0;4.0;6.0;58.333333333333336;930.1;5.333333333333333;3.0;7
83075;2000-12-24;0;32.8;20;5.2;2000;12;24;-23.43;-46.46;735;78.0;69.0;57.0;931.6;931.6;928.7;3;5;3;2.0;1.0;3.0;6.0;8.0;10.0;68.0;930.6333333333333;8.0;2.0;3
83075;2000-12-25;21.2;31.1;19.4;2.5;2000;12;25;-23.43;-46.46;735;87.0;76.0;53.0;931.5;931.0;929.3;3;5;7;1.0;1.0;1.0;10.0;9.0;9.0;72.0;930.6;9.333333333333334;1.0;3
83075;2000-12-26;21.1;29.6;19.8;0.8;2000;12;26;-23.43;-46.46;735;91.0;74.0;56.0;931.8;931.4;929.2;5;7;7;1.0;2.0;3.0;8.0;9.0;9.0;73.66666666666667;930.7999999999998;8.666666666666666;2.0;5
83075;2000-12-27;17.2;31.3;19.3;8;2000;12;27;-23.43;-46.46;735;91.0;62.0;49.0;931.1;930.2;928.7;7;7;7;1.0;3.0;3.0;9.0;9.0;5.0;67.33333333333333;930.0;7.666666666666667;2.3333333333333335;7
83075;2000-12-28;3.3;28.7;20.7;3.4;2000;12;28;-23.43;-46.46;735;69.0;82.0;57.0;930.1;930.8;928.3;7;7;7;3.0;2.0;3.0;9.0;9.0;5.0;69.33333333333333;929.7333333333332;7.666666666666667;2.6666666666666665;7
83075;2000-12-29;0;30.3;20.8;3.1;2000;12;29;-23.43;-46.46;735;71.0;74.0;54.0;929.6;929.0;927.0;7;7;7;1.0;3.0;5.0;9.0;10.0;8.0;66.33333333333333;928.5333333333333;9.0;3.0;7
83075;2000-12-30;21.4;29.6;19.5;2.6;2000;12;30;-23.43;-46.46;735;75.0;91.0;64.0;927.3;928.7;926.2;7;5;7;3.0;1.0;1.0;5.0;10.0;8.0;76.66666666666667;927.4;7.666666666666667;1.6666666666666667;7
83075;2000-12-31;18.6;22.6;18.8;0.2;2000;12;31;-23.43;-46.46;735;87.0;81.0;80.0;928.5;929.9;929.3;5;5;5;1.0;3.0;2.0;10.0;10.0;10.0;82.66666666666667;929.2333333333332;10.0;2.0;5
83075;2001-01-01;1.4;25.2;16.9;2;2001;1;1;-23.43;-46.46;735;86.0;76.0;64.0;930.4;930.8;930.6;5;5;5;2.0;2.0;5.0;10.0;9.0;9.0;75.33333333333333;930.5999999999999;9.333333333333334;3.0;5
83075;2001-01-02;30;31.1;19.5;7.8;2001;1;2;-23.43;-46.46;735;86.0;68.0;55.0;929.5;927.7;925.5;5;7;7;1.0;3.0;2.0;9.0;9.0;6.0;69.66666666666667;927.5666666666666;8.0;2.0;5
83075;2001-01-03;0;30;18.2;8.1;2001;1;3;-23.43;-46.46;735;76.0;72.0;44.0;933.5;934.1;932.3;3;3;5;3.0;1.0;5.0;8.0;6.0;6.0;64.0;933.2999999999998;6.666666666666667;3.0;3
83075;2001-01-04;26.5;29.5;17.3;6;2001;1;4;-23.43;-46.46;735;93.0;84.0;67.0;932.4;933.4;929.9;5;5;5;1.0;1.0;2.0;5.0;1.0;8.0;81.33333333333333;931.9;4.666666666666667;1.3333333333333333;5
83075;2001-01-05;0;29.8;17.5;8;2001;1;5;-23.43;-46.46;735;82.0;76.0;41.0;935.0;935.5;932.3;3;3;5;1.0;1.0;1.0;0.0;1.0;8.0;66.33333333333333;934.2666666666668;3.0;1.0;3
83075;2001-01-06;0;27.8;16.1;7.5;2001;1;6;-23.43;-46.46;735;82.0;85.0;46.0;934.7;935.9;933.0;8;3;3;0.0;1.0;1.0;0.0;9.0;2.0;71.0;934.5333333333333;3.6666666666666665;0.6666666666666666;3
83075;2001-01-07;0;23.6;9.8;5.8;2001;1;7;-23.43;-46.46;735;86.0;90.0;55.0;935.1;935.3;933.3;8;7;8;0.0;1.0;0.0;0.0;10.0;1.0;77.0;934.5666666666666;3.6666666666666665;0.3333333333333333;7
83075;2001-01-08;0;27.1;11.7;9;2001;1;8;-23.43;-46.46;735;83.0;76.0;32.0;938.6;941.0;938.5;8;3;8;0.0;1.0;0.0;0.0;0.0;0.0;63.666666666666664;939.3666666666667;0.0;0.3333333333333333;3
83075;2001-01-09;0;30.4;16.7;7.6;2001;1;9;-23.43;-46.46;735;66.0;63.0;36.0;936.0;935.0;932.7;3;3;8;2.0;1.0;0.0;1.0;0.0;4.0;55.0;934.5666666666666;1.6666666666666667;1.0;3
83075;2001-01-10;0;24.3;16.5;0;2001;1;10;-23.43;-46.46;735;72.0;65.0;90.0;930.0;929.2;926.7;3;7;5;1.0;2.0;1.0;0.0;10.0;10.0;75.66666666666667;928.6333333333333;6.666666666666667;1.3333333333333333;3
83075;2001-01-11;0;27.4;16.5;6.1;2001;1;11;-23.43;-46.46;735;76.0;67.0;61.0;931.0;930.9;929.5;5;5;5;1.0;1.0;5.0;8.0;9.0;4.0;68.0;930.4666666666667;7.0;2.3333333333333335;5
83075;2001-01-12;26.6;26.9;17.7;10.5;2001;1;12;-23.43;-46.46;735;71.0;64.0;29.0;921.6;922.9;922.8;7;7;7;2.0;2.0;6.0;9.0;8.0;5.0;54.666666666666664;922.4333333333334;7.333333333333333;3.3333333333333335;7
83075;2001-01-13;0.5;29.6;19.6;2.8;2001;1;13;-23.43;-46.46;735;81.0;74.0;86.0;932.7;934.1;933.5;5;5;5;2.0;2.0;1.0;8.0;10.0;9.0;80.33333333333333;933.4333333333334;9.0;1.6666666666666667;5
83075;2001-01-14;13.4;29.6;17.7;2.5;2001;1;14;-23.43;-46.46;735;82.0;73.0;49.0;935.0;936.2;933.1;5;5;5;1.0;1.0;1.0;2.0;9.0;9.0;68.0;934.7666666666668;6.666666666666667;1.0;5
83075;2001-01-15;77.6;30.6;17.7;6.5;2001;1;15;-23.43;-46.46;735;91.0;74.0;58.0;934.1;934.7;933.0;7;3;5;1.0;3.0;2.0;2.0;1.0;10.0;74.33333333333333;933.9333333333334;4.333333333333333;2.0;7
83075;2001-01-16;1.6;31.9;18.9;6.8;2001;1;16;-23.43;-46.46;735;71.0;64.0;43.0;933.2;934.3;932.4;5;3;7;1.0;2.0;1.0;0.0;6.0;8.0;59.333333333333336;933.3000000000001;4.666666666666667;1.3333333333333333;5
83075;2001-01-17;0;32.6;20.4;5.7;2001;1;17;-23.43;-46.46;735;75.0;66.0;44.0;933.1;934.7;932.6;5;3;7;1.0;1.0;1.0;0.0;1.0;8.0;61.666666666666664;933.4666666666667;3.0;1.0;5
83075;2001-01-18;0.7;34.3;19.5;7.5;2001;1;18;-23.43;-46.46;735;80.0;62.0;38.0;933.2;933.8;931.1;5;5;7;1.0;1.0;1.0;0.0;1.0;6.0;60.0;932.6999999999999;2.3333333333333335;1.0;5
83075;2001-01-19;0;33.9;21;8.6;2001;1;19;-23.43;-46.46;735;74.0;60.0;37.0;933.1;933.4;930.6;5;5;7;2.0;1.0;2.0;9.0;1.0;5.0;57.0;932.3666666666667;5.0;1.6666666666666667;5
83075;2001-01-20;0;31.6;19.8;9.6;2001;1;20;-23.43;-46.46;735;62.0;61.0;47.0;932.2;933.5;931.3;3;5;5;1.0;1.0;3.0;6.0;9.0;2.0;56.666666666666664;932.3333333333334;5.666666666666667;1.6666666666666667;3
83075;2001-01-21;0;28.4;19.1;2.5;2001;1;21;-23.43;-46.46;735;73.0;66.0;80.0;932.1;932.3;931.0;5;3;5;1.0;1.0;1.0;10.0;9.0;10.0;73.0;931.8000000000001;9.666666666666666;1.0;5
83075;2001-01-22;22.6;29.2;18.7;6.5;2001;1;22;-23.43;-46.46;735;84.0;68.0;60.0;932.0;932.4;930.1;3;3;5;2.0;1.0;5.0;9.0;6.0;8.0;70.66666666666667;931.5;7.666666666666667;2.6666666666666665;3
83075;2001-01-23;0;30.4;18.9;4.3;2001;1;23;-23.43;-46.46;735;74.0;72.0;78.0;932.2;932.3;930.7;3;3;5;3.0;1.0;2.0;8.0;8.0;9.0;74.66666666666667;931.7333333333332;8.333333333333334;2.0;3
83075;2001-01-24;5.7;27.3;19.7;0.6;2001;1;24;-23.43;-46.46;735;90.0;70.0;84.0;932.3;933.2;931.9;5;7;5;1.0;1.0;1.0;10.0;10.0;9.0;81.33333333333333;932.4666666666667;9.666666666666666;1.0;5
83075;2001-01-25;8.2;30.6;19.7;1;2001;1;25;-23.43;-46.46;735;90.0;79.0;56.0;932.7;932.1;929.8;5;3;7;1.0;1.0;1.0;6.0;9.0;9.0;75.0;931.5333333333334;8.0;1.0;5
83075;2001-01-26;1.3;28.9;20.3;2.7;2001;1;26;-23.43;-46.46;735;82.0;72.0;61.0;931.5;931.8;930.2;7;7;7;1.0;1.0;3.0;9.0;9.0;10.0;71.66666666666667;931.1666666666666;9.333333333333334;1.6666666666666667;7
83075;2001-01-27;0;32.7;20.3;6.9;2001;1;27;-23.43;-46.46;735;71.0;61.0;46.0;930.5;930.7;927.5;7;7;7;1.0;2.0;3.0;0.0;6.0;8.0;59.333333333333336;929.5666666666666;4.666666666666667;2.0;7
83075;2001-01-28;11.9;33.4;20.3;7.3;2001;1;28;-23.43;-46.46;735;90.0;69.0;45.0;930.1;930.8;927.7;1;7;7;1.0;1.0;1.0;10.0;8.0;8.0;68.0;929.5333333333334;8.666666666666666;1.0;1
83075;2001-01-29;14.4;31.9;19.4;7.2;2001;1;29;-23.43;-46.46;735;64.0;71.0;46.0;929.7;928.7;926.3;7;7;7;2.0;1.0;2.0;6.0;8.0;1.0;60.333333333333336;928.2333333333332;5.0;1.6666666666666667;7
83075;2001-01-30;0;31.3;20.9;4.2;2001;1;30;-23.43;-46.46;735;67.0;70.0;56.0;928.0;928.6;926.7;7;7;3;2.0;2.0;3.0;4.0;5.0;9.0;64.33333333333333;927.7666666666668;6.0;2.3333333333333335;7
83075;2001-01-31;3.1;30.4;20.9;4.4;2001;1;31;-23.43;-46.46;735;86.0;72.0;75.0;928.7;928.7;928.3;5;7;5;1.0;2.0;2.0;6.0;6.0;10.0;77.66666666666667;928.5666666666666;7.333333333333333;1.6666666666666667;5
83075;2001-02-01;0;27.1;15.9;6.1;2001;2;1;-23.43;-46.46;735;79.0;72.0;62.0;931.3;931.0;930.0;5;5;5;2.0;2.0;3.0;2.0;8.0;9.0;71.0;930.7666666666668;6.333333333333333;2.3333333333333335;5
83075;2001-02-02;0;32.5;21.2;7.1;2001;2;2;-23.43;-46.46;735;71.0;70.0;46.0;927.1;927.9;925.8;5;7;7;1.0;1.0;3.0;4.0;6.0;4.0;62.333333333333336;926.9333333333334;4.666666666666667;1.6666666666666667;5
83075;2001-02-03;0;30.3;18.3;7.1;2001;2;3;-23.43;-46.46;735;75.0;72.0;41.0;933.2;934.3;931.5;3;3;3;2.0;3.0;0.5;4.0;0.0;8.0;62.666666666666664;933.0;4.0;1.8333333333333333;3
83075;2001-02-04;20.2;23.6;17.7;0;2001;2;4;-23.43;-46.46;735;90.0;87.0;75.0;933.0;932.6;932.2;3;7;7;1.0;1.0;3.0;10.0;10.0;10.0;84.0;932.6;10.0;1.6666666666666667;3
83075;2001-02-05;0;30.6;18.3;8.9;2001;2;5;-23.43;-46.46;735;74.0;67.0;45.0;934.0;936.4;933.7;5;3;7;1.0;2.0;2.0;5.0;4.0;4.0;62.0;934.7000000000002;4.333333333333333;1.6666666666666667;5
83075;2001-02-07;0;25.6;10;7.8;2001;2;7;-23.43;-46.46;735;85.0;85.0;46.0;935.2;935.0;932.0;8;3;3;0.0;1.0;1.0;4.0;1.0;0.0;72.0;934.0666666666666;1.6666666666666667;0.6666666666666666;3
83075;2001-02-08;0;26.7;10.6;9.2;2001;2;8;-23.43;-46.46;735;61.0;66.0;31.0;940.5;941.5;938.6;8;8;3;0.0;0.0;1.0;0.0;0.0;0.0;52.666666666666664;940.1999999999999;0.0;0.3333333333333333;3
83075;2001-02-09;0;30.4;16.5;8.2;2001;2;9;-23.43;-46.46;735;62.0;64.0;34.0;934.3;934.5;931.5;5;7;5;1.0;1.0;1.0;0.0;0.0;5.0;53.333333333333336;933.4333333333334;1.6666666666666667;1.0;5
83075;2001-02-10;82.4;26.3;16.5;4.7;2001;2;10;-23.43;-46.46;735;90.0;80.0;70.0;926.5;928.7;926.5;3;7;7;1.0;3.0;5.0;10.0;9.0;9.0;80.0;927.2333333333332;9.333333333333334;3.0;3
83075;2001-02-11;0.3;22.5;15;0;2001;2;11;-23.43;-46.46;735;92.0;71.0;76.0;931.2;931.5;929.4;3;5;5;3.0;3.0;4.0;10.0;10.0;10.0;79.66666666666667;930.6999999999999;10.0;3.3333333333333335;3
83075;2001-02-12;0;26.2;14.5;10.7;2001;2;12;-23.43;-46.46;735;64.0;55.0;48.0;927.2;931.7;930.7;5;5;5;1.0;2.0;3.0;2.0;5.0;5.0;55.666666666666664;929.8666666666668;4.0;2.0;5
83075;2001-02-13;11.4;27.4;19.9;0;2001;2;13;-23.43;-46.46;735;89.0;79.0;64.0;930.7;930.3;928.3;5;7;5;1.0;1.0;2.0;10.0;10.0;10.0;77.33333333333333;929.7666666666668;10.0;1.3333333333333333;5
83075;2001-02-14;0.3;29.5;20;1.2;2001;2;14;-23.43;-46.46;735;85.0;72.0;55.0;928.7;928.6;926.4;7;7;7;1.0;1.0;4.0;9.0;9.0;9.0;70.66666666666667;927.9000000000001;9.0;2.0;7
83075;2001-02-15;16.2;30.8;20.6;5.2;2001;2;15;-23.43;-46.46;735;85.0;62.0;59.0;927.1;927.6;927.1;7;7;7;1.0;5.0;3.0;6.0;5.0;8.0;68.66666666666667;927.2666666666668;6.333333333333333;3.0;7
83075;2001-02-16;7.2;31.7;19.7;6.8;2001;2;16;-23.43;-46.46;735;79.0;67.0;63.0;928.3;930.6;930.0;7;7;7;1.0;2.0;3.0;4.0;5.0;10.0;69.66666666666667;929.6333333333333;6.333333333333333;2.0;7
83075;2001-02-17;3.5;29.9;19.9;1;2001;2;17;-23.43;-46.46;735;84.0;81.0;59.0;931.8;933.5;932.2;5;5;3;3.0;1.0;2.0;10.0;10.0;6.0;74.66666666666667;932.5;8.666666666666666;2.0;5
83075;2001-02-18;2;33.1;18.9;5.8;2001;2;18;-23.43;-46.46;735;85.0;71.0;44.0;933.9;934.2;931.9;3;8;7;1.0;0.0;1.0;6.0;4.0;9.0;66.66666666666667;933.3333333333334;6.333333333333333;0.6666666666666666;3
83075;2001-02-19;0;33.7;20.4;8.5;2001;2;19;-23.43;-46.46;735;80.0;74.0;38.0;933.8;933.4;930.5;5;3;7;2.0;1.0;3.0;9.0;4.0;6.0;64.0;932.5666666666666;6.333333333333333;2.0;5
83075;2001-02-20;0.7;28.6;21.5;0.9;2001;2;20;-23.43;-46.46;735;75.0;76.0;84.0;931.6;932.1;931.7;3;3;5;2.0;1.0;2.0;10.0;10.0;10.0;78.33333333333333;931.8000000000001;10.0;1.6666666666666667;3
83075;2001-02-21;15.2;31.3;18.9;6.6;2001;2;21;-23.43;-46.46;735;80.0;71.0;55.0;932.9;933.2;930.3;5;3;5;2.0;2.0;3.0;4.0;6.0;5.0;68.66666666666667;932.1333333333332;5.0;2.3333333333333335;5
83075;2001-02-22;0;29.3;19.9;2.5;2001;2;22;-23.43;-46.46;735;80.0;77.0;57.0;931.9;932.9;930.5;5;3;3;2.0;1.0;2.0;8.0;8.0;9.0;71.33333333333333;931.7666666666668;8.333333333333334;1.6666666666666667;5
83075;2001-02-23;0;32.6;18.1;5.8;2001;2;23;-23.43;-46.46;735;79.0;83.0;49.0;931.0;932.8;931.4;8;8;7;0.0;0.0;5.0;4.0;9.0;10.0;70.33333333333333;931.7333333333332;7.666666666666667;1.6666666666666667;7
83075;2001-02-24;45.4;31.3;18.1;6.5;2001;2;24;-23.43;-46.46;735;82.0;76.0;56.0;932.2;933.6;930.9;7;3;5;1.0;1.0;2.0;0.0;1.0;9.0;71.33333333333333;932.2333333333335;3.3333333333333335;1.3333333333333333;7
83075;2001-02-25;0;31.1;19.5;5.2;2001;2;25;-23.43;-46.46;735;80.0;75.0;48.0;931.7;932.8;930.2;5;3;3;1.0;1.0;1.0;0.0;1.0;9.0;67.66666666666667;931.5666666666666;3.3333333333333335;1.0;5
83075;2001-02-26;6.1;31.1;19.4;7.1;2001;2;26;-23.43;-46.46;735;88.0;73.0;48.0;931.2;931.9;929.8;8;3;5;0.0;3.0;5.0;1.0;1.0;9.0;69.66666666666667;930.9666666666666;3.6666666666666665;2.6666666666666665;3
83075;2001-02-27;0.2;29.1;18.3;4.7;2001;2;27;-23.43;-46.46;735;76.0;68.0;59.0;932.0;933.6;932.8;5;5;5;3.0;3.0;3.0;2.0;8.0;9.0;67.66666666666667;932.7999999999998;6.333333333333333;3.0;5
83075;2001-02-28;0;29;18.4;9.3;2001;2;28;-23.43;-46.46;735;72.0;66.0;54.0;934.3;934.6;932.7;5;5;5;2.0;2.0;3.0;9.0;9.0;6.0;64.0;933.8666666666668;8.0;2.3333333333333335;5
83075;2001-03-01;0;27.4;17.7;1.2;2001;3;1;-23.43;-46.46;735;79.0;78.0;64.0;931.2;932.4;931.2;5;5;5;3.0;2.0;5.0;2.0;10.0;9.0;73.66666666666667;931.6;7.0;3.3333333333333335;5
83075;2001-03-02;1;31.9;21.9;3.6;2001;3;2;-23.43;-46.46;735;78.0;65.0;84.0;927.7;928.8;928.2;3;7;3;1.0;1.0;2.0;6.0;8.0;10.0;75.66666666666667;928.2333333333332;8.0;1.3333333333333333;3
83075;2001-03-03;8;31.4;16.7;7.1;2001;3;3;-23.43;-46.46;735;85.0;70.0;51.0;932.8;934.9;931.6;7;3;5;2.0;1.0;5.0;2.0;0.0;9.0;68.66666666666667;933.0999999999999;3.6666666666666665;2.6666666666666665;7
83075;2001-03-04;0.8;27.2;17.3;5.8;2001;3;4;-23.43;-46.46;735;84.0;85.0;62.0;933.7;934.7;933.6;7;5;5;1.0;1.0;3.0;10.0;8.0;8.0;77.0;934.0;8.666666666666666;1.6666666666666667;7
83075;2001-03-05;0;31.6;19.3;8.7;2001;3;5;-23.43;-46.46;735;64.0;63.0;42.0;934.5;935.7;932.3;7;7;7;1.0;1.0;1.0;5.0;0.0;6.0;56.333333333333336;934.1666666666666;3.6666666666666665;1.0;7
83075;2001-03-06;0;26.9;15.1;7;2001;3;6;-23.43;-46.46;735;73.0;88.0;48.0;936.9;938.1;934.7;8;5;5;0.0;1.0;1.0;0.0;10.0;1.0;69.66666666666667;936.5666666666666;3.6666666666666665;0.6666666666666666;5
83075;2001-03-07;0;26.2;11.8;7.9;2001;3;7;-23.43;-46.46;735;73.0;81.0;42.0;934.9;935.6;933.4;5;3;3;1.0;1.0;2.0;6.0;8.0;0.0;65.33333333333333;934.6333333333333;4.666666666666667;1.3333333333333333;5
83075;2001-03-08;0;27;11.7;9.4;2001;3;8;-23.43;-46.46;735;64.0;69.0;34.0;940.3;942.2;939.0;3;3;5;1.0;1.0;1.0;0.0;0.0;0.0;55.666666666666664;940.5;0.0;1.0;3
83075;2001-03-09;0;31;16.9;8.8;2001;3;9;-23.43;-46.46;735;59.0;57.0;32.0;932.8;934.1;930.5;5;5;7;1.0;1.0;2.0;4.0;0.0;4.0;49.333333333333336;932.4666666666667;2.6666666666666665;1.3333333333333333;5
83075;2001-03-10;0;25.6;14.9;10.3;2001;3;10;-23.43;-46.46;735;59.0;64.0;41.0;929.3;931.3;929.3;7;7;7;3.0;3.0;4.0;1.0;2.0;1.0;54.666666666666664;929.9666666666666;1.3333333333333333;3.3333333333333335;7
83075;2001-03-11;1.9;17.8;13.9;0;2001;3;11;-23.43;-46.46;735;80.0;79.0;77.0;931.6;931.8;930.6;5;5;5;2.0;1.0;2.0;10.0;10.0;10.0;78.66666666666667;931.3333333333334;10.0;1.6666666666666667;5
83075;2001-03-12;0;28.5;14.2;10.9;2001;3;12;-23.43;-46.46;735;72.0;60.0;50.0;933.3;933.1;931.0;3;3;5;2.0;2.0;3.0;1.0;4.0;4.0;60.666666666666664;932.4666666666667;3.0;2.3333333333333335;3
83075;2001-03-13;1.2;32;19.7;8.5;2001;3;13;-23.43;-46.46;735;79.0;74.0;43.0;931.8;933.0;930.8;5;5;3;3.0;1.0;1.0;10.0;4.0;5.0;65.33333333333333;931.8666666666667;6.333333333333333;1.6666666666666667;5
83075;2001-03-14;0;31.9;20.2;5.3;2001;3;14;-23.43;-46.46;735;68.0;78.0;44.0;931.7;932.8;930.4;5;5;1;1.0;1.0;1.0;1.0;0.0;5.0;63.333333333333336;931.6333333333333;2.0;1.0;5
83075;2001-03-15;0.4;32.9;20.4;7.2;2001;3;15;-23.43;-46.46;735;75.0;69.0;49.0;932.0;933.1;930.3;3;3;5;1.0;1.0;3.0;1.0;1.0;9.0;64.33333333333333;931.7999999999998;3.6666666666666665;1.6666666666666667;3
83075;2001-03-16;15;32.7;20;8.5;2001;3;16;-23.43;-46.46;735;84.0;70.0;42.0;932.2;933.6;931.3;5;8;5;1.0;0.0;1.0;10.0;6.0;4.0;65.33333333333333;932.3666666666668;6.666666666666667;0.6666666666666666;5
83075;2001-03-17;4.6;32.3;21;5.8;2001;3;17;-23.43;-46.46;735;75.0;71.0;61.0;932.4;932.8;930.6;5;8;5;1.0;0.0;2.0;4.0;1.0;10.0;69.0;931.9333333333333;5.0;1.0;5
83075;2001-03-18;1.3;30.5;20;3.1;2001;3;18;-23.43;-46.46;735;85.0;73.0;51.0;931.4;929.6;926.7;5;3;5;1.0;1.0;2.0;2.0;9.0;6.0;69.66666666666667;929.2333333333332;5.666666666666667;1.3333333333333333;5
83075;2001-03-19;0;28.5;19.6;0.2;2001;3;19;-23.43;-46.46;735;73.0;61.0;59.0;928.6;929.1;928.0;5;1;1;1.0;1.0;2.0;5.0;9.0;9.0;64.33333333333333;928.5666666666666;7.666666666666667;1.3333333333333333;5
83075;2001-03-20;0;30.1;18.9;5;2001;3;20;-23.43;-46.46;735;82.0;70.0;63.0;930.9;933.6;931.7;5;5;5;1.0;1.0;2.0;10.0;0.0;9.0;71.66666666666667;932.0666666666666;6.333333333333333;1.3333333333333333;5
83075;2001-03-21;4.8;31.1;18.5;6.1;2001;3;21;-23.43;-46.46;735;87.0;79.0;51.0;934.7;934.7;931.9;3;3;3;1.0;1.0;1.0;9.0;6.0;8.0;72.33333333333333;933.7666666666668;7.666666666666667;1.0;3
83075;2001-03-22;0;33.2;19.6;8.1;2001;3;22;-23.43;-46.46;735;77.0;67.0;44.0;932.5;932.1;928.6;7;3;5;1.0;2.0;1.0;8.0;0.0;6.0;62.666666666666664;931.0666666666666;4.666666666666667;1.3333333333333333;7
83075;2001-03-23;9.9;32.7;19.7;7.6;2001;3;23;-23.43;-46.46;735;79.0;67.0;47.0;930.8;930.2;928.2;3;8;5;3.0;0.0;3.0;10.0;0.0;8.0;64.33333333333333;929.7333333333332;6.0;2.0;3
83075;2001-03-24;0;32;20.2;4.1;2001;3;24;-23.43;-46.46;735;72.0;72.0;59.0;929.9;931.7;928.9;3;3;1;1.0;2.0;1.0;4.0;9.0;6.0;67.66666666666667;930.1666666666666;6.333333333333333;1.3333333333333333;3
83075;2001-03-25;8;31.2;20;6;2001;3;25;-23.43;-46.46;735;81.0;75.0;57.0;931.8;932.7;931.0;3;3;5;1.0;1.0;2.0;5.0;1.0;9.0;71.0;931.8333333333334;5.0;1.3333333333333333;3
83075;2001-03-26;0;31.9;18.8;7.7;2001;3;26;-23.43;-46.46;735;76.0;64.0;46.0;931.8;931.6;928.7;7;7;7;2.0;1.0;2.0;9.0;6.0;4.0;62.0;930.7000000000002;6.333333333333333;1.6666666666666667;7
83075;2001-03-27;35.6;30.2;18.1;7.3;2001;3;27;-23.43;-46.46;735;87.0;68.0;61.0;931.5;930.6;928.2;5;7;5;1.0;1.0;3.0;10.0;2.0;8.0;72.0;930.1;6.666666666666667;1.6666666666666667;5
83075;2001-03-28;0;27.7;18.7;5;2001;3;28;-23.43;-46.46;735;78.0;70.0;65.0;931.1;931.1;928.4;5;3;5;3.0;1.0;3.0;10.0;5.0;10.0;71.0;930.1999999999999;8.333333333333334;2.3333333333333335;5
83075;2001-03-29;24.4;27.5;18.7;2.6;2001;3;29;-23.43;-46.46;735;88.0;86.0;83.0;931.1;932.3;932.0;7;5;3;1.0;2.0;2.0;10.0;9.0;10.0;85.66666666666667;931.8000000000001;9.666666666666666;1.6666666666666667;7
83075;2001-03-30;17.2;27.9;18.1;6.6;2001;3;30;-23.43;-46.46;735;83.0;77.0;63.0;934.5;934.4;932.8;3;3;5;1.0;1.0;2.0;10.0;6.0;4.0;74.33333333333333;933.9;6.666666666666667;1.3333333333333333;3
83075;2001-03-31;0;28.9;17.3;5.6;2001;3;31;-23.43;-46.46;735;81.0;77.0;56.0;933.8;933.2;930.4;5;3;5;1.0;2.0;1.0;9.0;5.0;6.0;71.33333333333333;932.4666666666667;6.666666666666667;1.3333333333333333;5
83075;2001-04-01;0;31.9;19.2;7.8;2001;4;1;-23.43;-46.46;735;85.0;68.0;42.0;933.1;934.0;932.1;5;3;7;1.0;2.0;3.0;10.0;1.0;5.0;65.0;933.0666666666666;5.333333333333333;2.0;5
83075;2001-04-02;25.2;33.2;21.6;6;2001;4;2;-23.43;-46.46;735;79.0;58.0;60.0;929.7;930.9;929.0;5;7;5;1.0;1.0;2.0;8.0;1.0;10.0;65.66666666666667;929.8666666666667;6.333333333333333;1.3333333333333333;5
83075;2001-04-03;2.8;31.5;16.5;9.6;2001;4;3;-23.43;-46.46;735;81.0;66.0;40.0;933.5;933.3;930.6;5;5;7;1.0;1.0;1.0;5.0;4.0;5.0;62.333333333333336;932.4666666666667;4.666666666666667;1.0;5
83075;2001-04-04;0;27.4;16.3;7.3;2001;4;4;-23.43;-46.46;735;79.0;78.0;55.0;935.4;934.2;932.1;5;8;3;1.0;0.0;3.0;4.0;5.0;5.0;70.66666666666667;933.9;4.666666666666667;1.3333333333333333;5
83075;2001-04-05;0;28.7;19.3;2.5;2001;4;5;-23.43;-46.46;735;84.0;79.0;60.0;932.8;931.0;927.0;3;1;7;1.0;1.0;3.0;4.0;10.0;9.0;74.33333333333333;930.2666666666668;7.666666666666667;1.6666666666666667;3
83075;2001-04-06;0;28.3;15.4;6.7;2001;4;6;-23.43;-46.46;735;83.0;90.0;48.0;937.2;938.5;935.9;5;5;3;1.0;1.0;1.0;0.0;10.0;2.0;73.66666666666667;937.1999999999999;4.0;1.0;5
83075;2001-04-07;0;27;11.4;8.1;2001;4;7;-23.43;-46.46;735;81.0;80.0;41.0;934.4;935.3;932.8;5;5;5;1.0;1.0;3.0;0.0;0.0;0.0;67.33333333333333;934.1666666666666;0.0;1.6666666666666667;5
83075;2001-04-08;0;27.3;13.6;7.7;2001;4;8;-23.43;-46.46;735;67.0;87.0;25.0;940.6;941.2;938.6;8;3;3;0.0;1.0;3.0;0.0;10.0;0.0;59.666666666666664;940.1333333333333;3.3333333333333335;1.3333333333333333;3
83075;2001-04-09;0;31.4;17.1;7.6;2001;4;9;-23.43;-46.46;735;68.0;57.0;32.0;932.6;933.7;931.7;3;5;5;1.0;1.0;3.0;4.0;0.0;5.0;52.333333333333336;932.6666666666666;3.0;1.6666666666666667;3
83075;2001-04-10;0;28.8;16.1;10.3;2001;4;10;-23.43;-46.46;735;60.0;49.0;29.0;930.6;932.3;930.0;7;7;7;2.0;3.0;3.0;0.0;2.0;2.0;46.0;930.9666666666667;1.3333333333333333;2.6666666666666665;7
83075;2001-04-11;0.4;18.1;14.5;0;2001;4;11;-23.43;-46.46;735;78.0;81.0;84.0;931.6;931.2;929.4;3;3;5;1.0;1.0;2.0;10.0;10.0;10.0;81.0;930.7333333333335;10.0;1.3333333333333333;3
83075;2001-04-12;0;28.5;15.9;4.7;2001;4;12;-23.43;-46.46;735;73.0;67.0;60.0;933.1;932.4;930.5;3;3;5;2.0;1.0;3.0;4.0;9.0;9.0;66.66666666666667;932.0;7.333333333333333;2.0;3
83075;2001-04-13;0;25;16;8.3;2001;4;13;-23.43;-46.46;735;73.0;73.0;43.0;934.7;934.6;932.6;3;3;5;1.0;3.0;3.0;0.0;6.0;1.0;63.0;933.9666666666667;2.3333333333333335;2.3333333333333335;3
83075;2001-04-14;0;26.7;14.8;7.2;2001;4;14;-23.43;-46.46;735;79.0;76.0;43.0;933.8;934.5;932.1;5;5;5;3.0;2.0;3.0;8.0;8.0;1.0;66.0;933.4666666666667;5.666666666666667;2.6666666666666665;5
83075;2001-04-15;0;27.9;16.8;8.3;2001;4;15;-23.43;-46.46;735;79.0;75.0;48.0;934.1;934.8;933.0;5;3;3;1.0;3.0;2.0;4.0;2.0;4.0;67.33333333333333;933.9666666666667;3.3333333333333335;2.0;5
83075;2001-04-16;0;27.2;15.1;8.7;2001;4;16;-23.43;-46.46;735;76.0;61.0;43.0;935.8;938.1;935.3;4;3;5;1.0;1.0;5.0;1.0;1.0;1.0;60.0;936.4;1.0;2.3333333333333335;4
83075;2001-04-17;0;27;15.7;8.3;2001;4;17;-23.43;-46.46;735;77.0;72.0;47.0;938.3;937.4;934.3;5;3;5;1.0;1.0;3.0;8.0;5.0;5.0;65.33333333333333;936.6666666666666;6.0;1.6666666666666667;5
83075;2001-04-18;0;27.4;16.8;8.4;2001;4;18;-23.43;-46.46;735;79.0;68.0;46.0;935.7;934.4;930.7;5;3;5;1.0;2.0;1.0;5.0;2.0;1.0;64.33333333333333;933.6;2.6666666666666665;1.3333333333333333;5
83075;2001-04-19;0;28.9;15.6;7.3;2001;4;19;-23.43;-46.46;735;78.0;83.0;38.0;931.9;932.5;928.8;5;5;7;1.0;1.0;2.0;10.0;8.0;4.0;66.33333333333333;931.0666666666666;7.333333333333333;1.3333333333333333;5
83075;2001-04-20;0;29.9;15.8;8.7;2001;4;20;-23.43;-46.46;735;59.0;56.0;31.0;929.5;930.3;928.1;7;7;7;1.0;1.0;3.0;0.0;0.0;2.0;48.666666666666664;929.3000000000001;0.6666666666666666;1.6666666666666667;7
83075;2001-04-21;0;31.1;17.7;8.2;2001;4;21;-23.43;-46.46;735;61.0;58.0;35.0;930.1;930.8;928.3;7;8;7;1.0;0.0;4.0;0.0;1.0;4.0;51.333333333333336;929.7333333333332;1.6666666666666667;1.6666666666666667;7
83075;2001-04-22;0;28.2;19.7;3.9;2001;4;22;-23.43;-46.46;735;78.0;76.0;69.0;930.6;929.9;929.2;5;5;7;1.0;2.0;3.0;10.0;8.0;9.0;74.33333333333333;929.9;9.0;2.0;5
83075;2001-04-23;0;30.1;18.5;2;2001;4;23;-23.43;-46.46;735;76.0;72.0;54.0;930.6;933.2;930.9;5;3;5;1.0;1.0;1.0;0.0;9.0;9.0;67.33333333333333;931.5666666666667;6.0;1.0;5
83075;2001-04-24;0.7;30.4;19.8;6.7;2001;4;24;-23.43;-46.46;735;72.0;73.0;50.0;932.3;935.2;934.3;8;8;7;0.0;0.0;1.0;0.0;9.0;8.0;65.0;933.9333333333334;5.666666666666667;0.3333333333333333;7
83075;2001-04-25;0;29.2;19.7;7.2;2001;4;25;-23.43;-46.46;735;76.0;74.0;62.0;937.1;937.8;935.3;5;3;5;3.0;1.0;5.0;10.0;8.0;5.0;70.66666666666667;936.7333333333332;7.666666666666667;3.0;5
83075;2001-04-26;0;30;18.4;7.7;2001;4;26;-23.43;-46.46;735;77.0;78.0;37.0;936.7;937.7;933.1;3;3;5;2.0;1.0;2.0;10.0;8.0;1.0;64.0;935.8333333333334;6.333333333333333;1.6666666666666667;3
83075;2001-04-27;0;30.7;17;8.8;2001;4;27;-23.43;-46.46;735;64.0;64.0;37.0;934.1;934.8;932.3;7;3;7;1.0;1.0;2.0;0.0;0.0;2.0;55.0;933.7333333333332;0.6666666666666666;1.3333333333333333;7
83075;2001-04-28;0;30.9;17.3;8.8;2001;4;28;-23.43;-46.46;735;59.0;62.0;28.0;934.0;936.2;932.6;3;3;8;1.0;1.0;0.0;0.0;0.0;1.0;49.666666666666664;934.2666666666668;0.3333333333333333;0.6666666666666666;3
83075;2001-04-29;0;29.5;16.5;8.8;2001;4;29;-23.43;-46.46;735;59.0;66.0;46.0;934.5;936.3;935.1;5;5;5;1.0;1.0;3.0;0.0;0.0;2.0;57.0;935.3000000000001;0.6666666666666666;1.6666666666666667;5
83075;2001-04-30;0;28.1;17.5;8.7;2001;4;30;-23.43;-46.46;735;80.0;67.0;44.0;936.9;936.7;933.2;5;3;3;3.0;2.0;2.0;8.0;4.0;4.0;63.666666666666664;935.6;5.333333333333333;2.3333333333333335;5
83075;2001-05-01;3.1;32.5;18.6;8.4;2001;5;1;-23.43;-46.46;735;85.0;62.0;43.0;934.4;934.1;931.2;5;7;7;1.0;1.0;1.0;10.0;5.0;5.0;63.333333333333336;933.2333333333332;6.666666666666667;1.0;5
83075;2001-05-02;2.5;29;20.7;4.9;2001;5;2;-23.43;-46.46;735;83.0;66.0;84.0;930.8;929.9;927.3;3;7;5;1.0;1.0;3.0;9.0;5.0;10.0;77.66666666666667;929.3333333333334;8.0;1.6666666666666667;3
83075;2001-05-03;0;31.4;18.8;6.7;2001;5;3;-23.43;-46.46;735;65.0;68.0;47.0;932.3;931.5;928.3;5;7;5;2.0;1.0;5.0;8.0;1.0;9.0;60.0;930.6999999999999;6.0;2.6666666666666665;5
83075;2001-05-04;0;28.9;18.7;6.9;2001;5;4;-23.43;-46.46;735;79.0;74.0;58.0;934.8;935.0;931.8;5;3;3;2.0;2.0;3.0;9.0;8.0;8.0;70.33333333333333;933.8666666666667;8.333333333333334;2.3333333333333335;5
83075;2001-05-05;3.8;22;14.3;8.2;2001;5;5;-23.43;-46.46;735;81.0;41.0;26.0;928.4;929.4;928.8;7;7;7;1.0;3.0;3.0;4.0;1.0;0.0;49.333333333333336;928.8666666666667;1.6666666666666667;2.3333333333333335;7
83075;2001-05-06;0;27.8;16;6.3;2001;5;6;-23.43;-46.46;735;74.0;91.0;50.0;936.1;936.8;933.1;3;3;7;1.0;1.0;2.0;5.0;9.0;6.0;71.66666666666667;935.3333333333334;6.666666666666667;1.3333333333333333;3
83075;2001-05-07;0;27.5;11.6;8.2;2001;5;7;-23.43;-46.46;735;79.0;74.0;34.0;935.4;937.0;935.4;5;3;7;1.0;1.0;1.0;0.0;1.0;0.0;62.333333333333336;935.9333333333334;0.3333333333333333;1.0;5
83075;2001-05-08;0;25.3;11.7;5.2;2001;5;8;-23.43;-46.46;735;83.0;93.0;34.0;939.0;940.1;938.2;8;3;5;0.0;1.0;3.0;0.0;10.0;6.0;70.0;939.1;5.333333333333333;1.3333333333333333;3
83075;2001-05-09;0;24.8;16.7;7.3;2001;5;9;-23.43;-46.46;735;79.0;65.0;63.0;935.6;937.5;936.5;3;5;5;4.0;3.0;5.0;10.0;5.0;8.0;69.0;936.5333333333333;7.666666666666667;4.0;3
83075;2001-05-10;0;29.3;14.8;10.1;2001;5;10;-23.43;-46.46;735;54.0;52.0;45.0;931.7;932.5;930.4;7;8;5;1.0;0.0;4.0;0.0;0.0;4.0;50.333333333333336;931.5333333333333;1.3333333333333333;1.6666666666666667;7
83075;2001-05-11;0.3;27.3;14.3;7;2001;5;11;-23.43;-46.46;735;90.0;73.0;53.0;930.0;930.8;928.7;3;3;5;1.0;1.0;1.0;10.0;9.0;1.0;72.0;929.8333333333334;6.666666666666667;1.0;3
83075;2001-05-12;0;32.5;16.2;8.3;2001;5;12;-23.43;-46.46;735;75.0;61.0;41.0;932.0;930.2;927.4;3;8;7;2.0;0.0;1.0;8.0;9.0;6.0;59.0;929.8666666666667;7.666666666666667;1.0;3
83075;2001-05-13;51;18.9;14.3;0;2001;5;13;-23.43;-46.46;735;86.0;94.0;90.0;932.0;933.5;933.1;5;5;5;2.0;2.0;2.0;9.0;10.0;10.0;90.0;932.8666666666667;9.666666666666666;2.0;5
83075;2001-05-14;2.7;17.2;12.7;0;2001;5;14;-23.43;-46.46;735;88.0;81.0;79.0;935.6;936.8;934.7;5;5;5;2.0;3.0;2.0;9.0;10.0;10.0;82.66666666666667;935.7000000000002;9.666666666666666;2.3333333333333335;5
83075;2001-05-15;0;18.4;11.3;1.2;2001;5;15;-23.43;-46.46;735;81.0;76.0;68.0;936.5;936.2;933.6;5;5;3;3.0;2.0;4.0;10.0;10.0;10.0;75.0;935.4333333333334;10.0;3.0;5
83075;2001-05-16;2.3;17;13.3;0;2001;5;16;-23.43;-46.46;735;85.0;93.0;90.0;933.6;931.4;931.2;3;5;8;2.0;1.0;0.0;10.0;10.0;10.0;89.33333333333333;932.0666666666666;10.0;1.0;3
83075;2001-05-17;9.1;21.5;12.6;4.2;2001;5;17;-23.43;-46.46;735;92.0;76.0;66.0;930.8;929.5;927.9;5;7;7;1.0;3.0;4.0;10.0;4.0;2.0;78.0;929.4;5.333333333333333;2.6666666666666665;5
83075;2001-05-18;0;20.9;8.7;9.3;2001;5;18;-23.43;-46.46;735;71.0;64.0;46.0;930.9;933.4;931.3;7;7;7;2.0;2.0;1.0;0.0;0.0;0.0;60.333333333333336;931.8666666666667;0.0;1.6666666666666667;7
83075;2001-05-19;0;21.1;12.3;5.7;2001;5;19;-23.43;-46.46;735;79.0;83.0;54.0;934.9;936.2;934.8;8;3;5;0.0;1.0;1.0;0.0;9.0;6.0;72.0;935.2999999999998;5.0;0.6666666666666666;3
83075;2001-05-20;0;22.7;12.1;8.9;2001;5;20;-23.43;-46.46;735;84.0;78.0;54.0;936.2;937.1;934.8;5;3;3;1.0;1.0;2.0;0.0;4.0;1.0;72.0;936.0333333333334;1.6666666666666667;1.3333333333333333;5
83075;2001-05-21;0;23.6;13.7;3.5;2001;5;21;-23.43;-46.46;735;81.0;81.0;60.0;936.6;935.3;932.0;3;3;3;1.0;2.0;1.0;10.0;10.0;6.0;74.0;934.6333333333333;8.666666666666666;1.3333333333333333;3
83075;2001-05-22;0;24.1;14;2.3;2001;5;22;-23.43;-46.46;735;71.0;69.0;57.0;932.5;933.2;929.3;5;5;7;1.0;1.0;3.0;2.0;9.0;10.0;65.66666666666667;931.6666666666666;7.0;1.6666666666666667;5
83075;2001-05-23;0;22.3;13.7;1;2001;5;23;-23.43;-46.46;735;69.0;75.0;67.0;931.6;933.0;933.0;5;5;5;1.0;1.0;3.0;4.0;10.0;10.0;70.33333333333333;932.5333333333333;8.0;1.6666666666666667;5
83075;2001-05-24;0;21.5;15.1;2.4;2001;5;24;-23.43;-46.46;735;81.0;73.0;70.0;935.8;937.4;935.8;5;3;5;2.0;1.0;3.0;9.0;4.0;9.0;74.66666666666667;936.3333333333334;7.333333333333333;2.0;5
83075;2001-05-25;0;22.7;14.8;3.6;2001;5;25;-23.43;-46.46;735;84.0;77.0;61.0;937.2;937.5;935.4;3;5;5;3.0;1.0;1.0;10.0;9.0;9.0;74.0;936.6999999999999;9.333333333333334;1.6666666666666667;3
83075;2001-05-26;0;23.9;16.1;5.4;2001;5;26;-23.43;-46.46;735;81.0;80.0;60.0;936.8;935.0;931.7;3;3;3;1.0;1.0;2.0;10.0;9.0;4.0;73.66666666666667;934.5;7.666666666666667;1.3333333333333333;3
83075;2001-05-27;0;20.1;16.6;0;2001;5;27;-23.43;-46.46;735;83.0;86.0;87.0;933.4;932.9;931.7;3;3;5;2.0;2.0;1.0;9.0;10.0;10.0;85.33333333333333;932.6666666666666;9.666666666666666;1.6666666666666667;3
83075;2001-05-28;7.2;24.9;14.7;6.3;2001;5;28;-23.43;-46.46;735;93.0;75.0;60.0;931.9;932.2;929.9;5;7;7;1.0;2.0;2.0;8.0;8.0;6.0;76.0;931.3333333333334;7.333333333333333;1.6666666666666667;5
83075;2001-05-29;0;26.7;18.3;8.4;2001;5;29;-23.43;-46.46;735;78.0;74.0;47.0;931.9;932.2;931.4;3;7;7;1.0;3.0;3.0;8.0;1.0;5.0;66.33333333333333;931.8333333333334;4.666666666666667;2.3333333333333335;3
83075;2001-05-30;0;27.3;14.9;8.7;2001;5;30;-23.43;-46.46;735;77.0;81.0;45.0;933.4;935.6;933.8;7;5;7;1.0;1.0;2.0;1.0;1.0;5.0;67.66666666666667;934.2666666666668;2.3333333333333335;1.3333333333333333;7
83075;2001-05-31;0;26.5;16.5;5.7;2001;5;31;-23.43;-46.46;735;83.0;85.0;55.0;936.2;936.2;933.4;3;7;5;1.0;1.0;1.0;10.0;10.0;4.0;74.33333333333333;935.2666666666668;8.0;1.0;3
83075;2001-06-01;0;33.5;20.8;5.7;2001;6;1;-23.43;-46.46;735;61.0;63.0;40.0;931.7;931.0;931.5;3;7;7;3.0;3.0;3.0;2.0;9.0;6.0;54.666666666666664;931.4;5.666666666666667;3.0;3
83075;2001-06-02;35.4;26.3;20.1;3.2;2001;6;2;-23.43;-46.46;735;87.0;82.0;75.0;929.7;929.0;926.6;5;7;7;1.0;2.0;3.0;10.0;9.0;4.0;81.33333333333333;928.4333333333334;7.666666666666667;2.0;5
83075;2001-06-03;0.3;30.8;17;8.8;2001;6;3;-23.43;-46.46;735;75.0;67.0;49.0;930.8;931.2;929.6;7;5;7;1.0;1.0;3.0;8.0;2.0;8.0;63.666666666666664;930.5333333333333;6.0;1.6666666666666667;7
83075;2001-06-04;0;32.1;19.6;8.3;2001;6;4;-23.43;-46.46;735;86.0;75.0;44.0;934.1;934.6;932.5;5;3;7;1.0;1.0;1.0;10.0;1.0;5.0;68.33333333333333;933.7333333333332;5.333333333333333;1.0;5
83075;2001-06-05;0;21.1;11.4;6.3;2001;6;5;-23.43;-46.46;735;50.0;65.0;42.0;931.2;932.6;931.7;5;5;5;1.0;3.0;3.0;0.0;8.0;9.0;52.333333333333336;931.8333333333334;5.666666666666667;2.3333333333333335;5
83075;2001-06-06;0;27.1;15.6;8.7;2001;6;6;-23.43;-46.46;735;69.0;67.0;48.0;934.6;935.4;932.8;7;7;7;1.0;1.0;3.0;0.0;0.0;1.0;61.333333333333336;934.2666666666668;0.3333333333333333;1.6666666666666667;7
83075;2001-06-07;0;23.7;14.9;6.5;2001;6;7;-23.43;-46.46;735;78.0;82.0;55.0;939.0;940.2;937.8;5;3;3;2.0;3.0;3.0;9.0;8.0;4.0;71.66666666666667;939.0;7.0;2.6666666666666665;5
83075;2001-06-08;0;26.2;11.6;7.3;2001;6;8;-23.43;-46.46;735;85.0;81.0;31.0;939.3;941.2;938.1;5;3;5;1.0;3.0;1.0;9.0;9.0;0.0;65.66666666666667;939.5333333333333;6.0;1.6666666666666667;5
83075;2001-06-09;0;22.4;15.8;1.1;2001;6;9;-23.43;-46.46;735;76.0;85.0;86.0;937.7;937.0;936.5;5;3;5;4.0;1.0;4.0;9.0;10.0;10.0;82.33333333333333;937.0666666666666;9.666666666666666;3.0;5
83075;2001-06-10;0;26.3;13.3;7.8;2001;6;10;-23.43;-46.46;735;68.0;62.0;58.0;933.7;935.3;933.3;5;5;5;2.0;1.0;3.0;0.0;1.0;8.0;62.666666666666664;934.1;3.0;2.0;5
83075;2001-06-11;0;30.9;16.1;8.1;2001;6;11;-23.43;-46.46;735;83.0;80.0;41.0;931.7;932.9;930.4;3;3;5;1.0;2.0;3.0;0.0;9.0;1.0;68.0;931.6666666666666;3.3333333333333335;2.0;3
83075;2001-06-12;5.5;26;20.8;0.4;2001;6;12;-23.43;-46.46;735;75.0;85.0;74.0;928.6;929.1;928.1;8;7;7;0.0;2.0;2.0;9.0;10.0;9.0;78.0;928.6;9.333333333333334;1.3333333333333333;7
83075;2001-06-13;0;24.9;14.4;7.2;2001;6;13;-23.43;-46.46;735;85.0;84.0;43.0;937.3;937.3;934.6;3;3;7;1.0;2.0;3.0;1.0;8.0;4.0;70.66666666666667;936.4;4.333333333333333;2.0;3
83075;2001-06-14;0;26.2;12.2;7.6;2001;6;14;-23.43;-46.46;735;82.0;90.0;41.0;935.6;935.7;932.0;5;3;7;1.0;1.0;2.0;0.0;1.0;5.0;71.0;934.4333333333334;2.0;1.3333333333333333;5
83075;2001-06-15;0;26.9;13.7;8.3;2001;6;15;-23.43;-46.46;735;71.0;82.0;39.0;933.5;933.8;931.4;8;8;7;0.0;0.0;3.0;9.0;0.0;8.0;64.0;932.9;5.666666666666667;1.0;7
83075;2001-06-16;0;27.6;16;6.3;2001;6;16;-23.43;-46.46;735;67.0;66.0;28.0;932.9;932.8;929.8;8;5;7;0.0;1.0;4.0;9.0;9.0;1.0;53.666666666666664;931.8333333333334;6.333333333333333;1.6666666666666667;5
83075;2001-06-17;0;26.6;17.3;5.9;2001;6;17;-23.43;-46.46;735;58.0;57.0;52.0;931.3;932.4;930.9;5;7;7;1.0;2.0;1.0;5.0;1.0;9.0;55.666666666666664;931.5333333333333;5.0;1.3333333333333333;5
83075;2001-06-18;0.9;21.4;12;0;2001;6;18;-23.43;-46.46;735;79.0;86.0;88.0;933.2;936.9;936.9;5;5;5;3.0;1.0;2.0;9.0;10.0;10.0;84.33333333333333;935.6666666666666;9.666666666666666;2.0;5
83075;2001-06-19;3.4;17.6;11.5;0;2001;6;19;-23.43;-46.46;735;89.0;89.0;82.0;938.1;936.0;933.5;5;3;5;1.0;1.0;1.0;10.0;10.0;10.0;86.66666666666667;935.8666666666667;10.0;1.0;5
83075;2001-06-20;0;17.6;10.8;0;2001;6;20;-23.43;-46.46;735;90.0;86.0;75.0;933.7;933.2;932.8;8;7;7;0.0;5.0;4.0;9.0;10.0;10.0;83.66666666666667;933.2333333333332;9.666666666666666;3.0;7
83075;2001-06-21;0;16.4;6.2;8;2001;6;21;-23.43;-46.46;735;77.0;74.0;40.0;936.2;938.2;936.6;7;7;3;3.0;1.0;1.0;0.0;2.0;1.0;63.666666666666664;937.0;1.0;1.6666666666666667;7
83075;2001-06-22;0;17.4;7.7;3.8;2001;6;22;-23.43;-46.46;735;81.0;81.0;55.0;939.2;940.3;937.1;5;5;3;2.0;1.0;2.0;9.0;9.0;9.0;72.33333333333333;938.8666666666667;9.0;1.6666666666666667;5
83075;2001-06-23;0;23.6;10.1;5.6;2001;6;23;-23.43;-46.46;735;83.0;91.0;62.0;937.6;937.0;934.9;3;3;5;2.0;1.0;1.0;9.0;10.0;5.0;78.66666666666667;936.5;8.0;1.3333333333333333;3
83075;2001-06-24;0;21.5;12.1;1.2;2001;6;24;-23.43;-46.46;735;87.0;88.0;71.0;937.7;938.0;936.7;5;5;3;2.0;1.0;2.0;10.0;10.0;9.0;82.0;937.4666666666667;9.666666666666666;1.6666666666666667;5
83075;2001-06-25;0;26.5;15;7.2;2001;6;25;-23.43;-46.46;735;89.0;82.0;52.0;938.1;938.1;934.1;3;3;3;1.0;2.0;3.0;10.0;8.0;9.0;74.33333333333333;936.7666666666668;9.0;2.0;3
83075;2001-06-26;0;23.1;12.5;1.3;2001;6;26;-23.43;-46.46;735;78.0;73.0;77.0;935.5;935.2;935.3;8;7;7;0.0;1.0;2.0;0.0;9.0;10.0;76.0;935.3333333333334;6.333333333333333;1.0;7
83075;2001-06-27;15;17.4;7;8.3;2001;6;27;-23.43;-46.46;735;82.0;70.0;45.0;936.0;936.9;936.6;7;7;7;3.0;2.0;3.0;5.0;1.0;0.0;65.66666666666667;936.5;2.0;2.6666666666666665;7
83075;2001-06-28;0;15.4;9;0;2001;6;28;-23.43;-46.46;735;72.0;76.0;71.0;938.4;939.1;938.7;5;5;5;1.0;3.0;3.0;9.0;10.0;10.0;73.0;938.7333333333332;9.666666666666666;2.3333333333333335;5
83075;2001-06-29;0;19;10.6;3.6;2001;6;29;-23.43;-46.46;735;84.0;82.0;61.0;940.2;939.5;937.1;5;3;5;1.0;2.0;1.0;10.0;10.0;9.0;75.66666666666667;938.9333333333334;9.666666666666666;1.3333333333333333;5
83075;2001-06-30;0;22.7;11.7;6.2;2001;6;30;-23.43;-46.46;735;84.0;84.0;53.0;937.8;938.1;934.0;3;3;8;3.0;1.0;0.0;10.0;10.0;0.0;73.66666666666667;936.6333333333333;6.666666666666667;1.3333333333333333;3
83075;2001-07-01;0;33.9;21.1;3.5;2001;7;1;-23.43;-46.46;735;62.0;65.0;37.0;929.6;929.9;929.3;3;8;7;1.0;0.0;3.0;8.0;9.0;9.0;54.666666666666664;929.6;8.666666666666666;1.3333333333333333;3
83075;2001-07-02;16.2;28.3;20.6;1.1;2001;7;2;-23.43;-46.46;735;89.0;71.0;72.0;928.6;929.1;929.2;5;3;5;2.0;1.0;3.0;10.0;9.0;9.0;77.33333333333333;928.9666666666667;9.333333333333334;2.0;5
83075;2001-07-03;0;30.9;21.2;8;2001;7;3;-23.43;-46.46;735;66.0;69.0;50.0;931.3;932.8;930.7;8;7;7;0.0;3.0;3.0;9.0;9.0;6.0;61.666666666666664;931.6;8.0;2.0;7
83075;2001-07-04;21.6;29;19.9;7.8;2001;7;4;-23.43;-46.46;735;83.0;73.0;57.0;935.5;936.7;934.7;3;3;5;1.0;2.0;3.0;9.0;5.0;6.0;71.0;935.6333333333333;6.666666666666667;2.0;3
83075;2001-07-05;1.2;20.6;13.3;2.6;2001;7;5;-23.43;-46.46;735;77.0;76.0;64.0;934.1;934.5;932.6;5;5;5;3.0;2.0;4.0;10.0;2.0;10.0;72.33333333333333;933.7333333333332;7.333333333333333;3.0;5
83075;2001-07-06;0;24.8;16.7;1.6;2001;7;6;-23.43;-46.46;735;74.0;82.0;77.0;933.6;936.0;934.5;7;3;5;1.0;1.0;6.0;1.0;8.0;10.0;77.66666666666667;934.6999999999999;6.333333333333333;2.6666666666666665;7
83075;2001-07-07;0;24.5;13.5;6.9;2001;7;7;-23.43;-46.46;735;81.0;84.0;47.0;939.3;940.7;938.0;5;3;3;2.0;3.0;2.0;9.0;9.0;0.0;70.66666666666667;939.3333333333334;6.0;2.3333333333333335;5
83075;2001-07-08;0;26.7;11.5;6.6;2001;7;8;-23.43;-46.46;735;84.0;89.0;30.0;940.2;942.4;937.8;3;3;5;1.0;1.0;2.0;0.0;10.0;0.0;67.66666666666667;940.1333333333332;3.3333333333333335;1.3333333333333333;3
83075;2001-07-09;7.3;21.6;14;3.6;2001;7;9;-23.43;-46.46;735;84.0;75.0;57.0;938.3;937.2;933.9;3;5;3;4.0;2.0;3.0;6.0;5.0;9.0;72.0;936.4666666666667;6.666666666666667;3.0;3
83075;2001-07-10;0;25.4;14.2;7.9;2001;7;10;-23.43;-46.46;735;76.0;62.0;55.0;934.7;934.0;931.3;5;3;3;3.0;3.0;3.0;9.0;9.0;8.0;64.33333333333333;933.3333333333334;8.666666666666666;3.0;5
83075;2001-07-11;0;33.3;16.3;8.9;2001;7;11;-23.43;-46.46;735;76.0;68.0;37.0;932.9;932.7;929.9;8;5;7;0.0;2.0;1.0;0.0;0.0;8.0;60.333333333333336;931.8333333333334;2.6666666666666665;1.0;5
83075;2001-07-12;0;30.6;19.6;9.2;2001;7;12;-23.43;-46.46;735;74.0;68.0;57.0;929.0;930.0;927.6;7;7;7;1.0;2.0;2.0;8.0;9.0;9.0;66.33333333333333;928.8666666666667;8.666666666666666;1.6666666666666667;7
83075;2001-07-13;0;15.3;10;0;2001;7;13;-23.43;-46.46;735;83.0;77.0;71.0;938.0;939.9;938.3;5;5;5;3.0;2.0;3.0;9.0;10.0;10.0;77.0;938.7333333333332;9.666666666666666;2.6666666666666665;5
83075;2001-07-14;0;21.7;10.5;7.8;2001;7;14;-23.43;-46.46;735;72.0;76.0;54.0;939.2;938.2;934.7;5;3;3;3.0;3.0;2.0;9.0;8.0;0.0;67.33333333333333;937.3666666666668;5.666666666666667;2.6666666666666665;5
83075;2001-07-15;0;24.8;9.6;7.3;2001;7;15;-23.43;-46.46;735;85.0;93.0;53.0;935.8;935.2;932.1;3;5;5;1.0;1.0;1.0;0.0;10.0;8.0;77.0;934.3666666666667;6.0;1.0;3
83075;2001-07-16;0;27;10.9;8.7;2001;7;16;-23.43;-46.46;735;83.0;78.0;42.0;933.7;935.6;932.9;5;3;7;1.0;1.0;2.0;0.0;4.0;4.0;67.66666666666667;934.0666666666667;2.6666666666666665;1.3333333333333333;5
83075;2001-07-17;0;26.7;13.3;9.2;2001;7;17;-23.43;-46.46;735;75.0;73.0;32.0;934.6;936.1;932.2;7;8;7;1.0;0.0;3.0;2.0;0.0;0.0;60.0;934.3000000000001;0.6666666666666666;1.3333333333333333;7
83075;2001-07-18;0;28.4;13.6;9.2;2001;7;18;-23.43;-46.46;735;58.0;64.0;32.0;933.1;934.0;929.7;7;8;7;1.0;0.0;4.0;0.0;0.0;1.0;51.333333333333336;932.2666666666668;0.3333333333333333;1.6666666666666667;7
83075;2001-07-19;0;26.1;15.8;5.5;2001;7;19;-23.43;-46.46;735;56.0;84.0;48.0;931.8;934.8;932.5;8;5;7;0.0;1.0;3.0;1.0;10.0;6.0;62.666666666666664;933.0333333333333;5.666666666666667;1.3333333333333333;5
83075;2001-07-20;0;29.6;15;8.2;2001;7;20;-23.43;-46.46;735;71.0;61.0;31.0;931.4;930.6;927.3;8;1;7;0.0;1.0;5.0;1.0;9.0;4.0;54.333333333333336;929.7666666666668;4.666666666666667;2.0;1
83075;2001-07-21;0;29.5;17.4;7.9;2001;7;21;-23.43;-46.46;735;42.0;46.0;37.0;927.5;930.7;928.8;7;7;7;3.0;3.0;4.0;0.0;4.0;8.0;41.666666666666664;929.0;4.0;3.3333333333333335;7
83075;2001-07-22;1.8;19.7;13.1;0;2001;7;22;-23.43;-46.46;735;83.0;84.0;85.0;930.8;936.0;935.7;5;5;3;2.0;3.0;3.0;10.0;10.0;10.0;84.0;934.1666666666666;10.0;2.6666666666666665;5
83075;2001-07-23;0.3;14.9;10.9;0;2001;7;23;-23.43;-46.46;735;83.0;84.0;80.0;938.0;939.1;937.0;5;3;3;2.0;3.0;3.0;10.0;10.0;10.0;82.33333333333333;938.0333333333333;10.0;2.6666666666666665;5
83075;2001-07-24;0;18.5;11.6;0;2001;7;24;-23.43;-46.46;735;87.0;88.0;75.0;937.9;936.7;935.1;3;3;3;3.0;2.0;2.0;10.0;10.0;10.0;83.33333333333333;936.5666666666666;10.0;2.3333333333333335;3
83075;2001-07-25;1.9;23.4;13.5;2.3;2001;7;25;-23.43;-46.46;735;91.0;89.0;71.0;936.0;936.0;933.3;5;5;3;2.0;1.0;1.0;10.0;10.0;9.0;83.66666666666667;935.1;9.666666666666666;1.3333333333333333;5
83075;2001-07-26;0;24.2;15.5;0.5;2001;7;26;-23.43;-46.46;735;91.0;85.0;69.0;934.7;936.6;933.3;8;7;7;0.0;2.0;2.0;10.0;10.0;9.0;81.66666666666667;934.8666666666668;9.666666666666666;1.3333333333333333;7
83075;2001-07-27;0;24.2;11.9;1.1;2001;7;27;-23.43;-46.46;735;82.0;77.0;77.0;934.0;935.1;936.0;7;5;5;1.0;1.0;3.0;9.0;9.0;10.0;78.66666666666667;935.0333333333333;9.333333333333334;1.6666666666666667;7
83075;2001-07-28;17.2;13;6.9;0;2001;7;28;-23.43;-46.46;735;90.0;87.0;81.0;938.8;940.7;940.0;5;5;5;3.0;3.0;1.0;10.0;10.0;10.0;86.0;939.8333333333334;10.0;2.3333333333333335;5
83075;2001-07-29;0;18.4;5;7.3;2001;7;29;-23.43;-46.46;735;88.0;79.0;50.0;940.9;941.3;937.5;5;5;3;3.0;2.0;2.0;9.0;10.0;8.0;72.33333333333333;939.9;9.0;2.3333333333333335;5
83075;2001-07-30;0;24;8.2;8.1;2001;7;30;-23.43;-46.46;735;88.0;84.0;54.0;939.7;940.2;936.6;3;3;3;2.0;2.0;3.0;6.0;9.0;0.0;75.33333333333333;938.8333333333334;5.0;2.3333333333333335;3
83075;2001-07-31;0;26.6;11.8;8.5;2001;7;31;-23.43;-46.46;735;89.0;84.0;29.0;939.0;940.2;936.7;5;7;5;1.0;1.0;1.0;10.0;4.0;0.0;67.33333333333333;938.6333333333333;4.666666666666667;1.0;5
83075;2001-08-01;0;34.2;20.5;6.9;2001;8;1;-23.43;-46.46;735;62.0;56.0;31.0;929.9;930.0;927.2;3;1;7;2.0;1.0;3.0;9.0;4.0;8.0;49.666666666666664;929.0333333333334;7.0;2.0;3
83075;2001-08-02;0;31.1;21.4;6.4;2001;8;2;-23.43;-46.46;735;80.0;74.0;56.0;930.0;930.3;927.7;3;3;5;1.0;2.0;3.0;10.0;8.0;6.0;70.0;929.3333333333334;8.0;2.0;3
83075;2001-08-03;10.4;25.6;19.9;0;2001;8;3;-23.43;-46.46;735;72.0;87.0;77.0;932.6;932.9;931.4;3;1;7;1.0;1.0;2.0;9.0;10.0;10.0;78.66666666666667;932.3000000000001;9.666666666666666;1.3333333333333333;3
83075;2001-08-04;0;28.6;19.3;4.4;2001;8;4;-23.43;-46.46;735;82.0;76.0;66.0;936.7;935.6;932.6;5;3;5;1.0;3.0;3.0;9.0;9.0;9.0;74.66666666666667;934.9666666666667;9.0;2.3333333333333335;5
83075;2001-08-05;0.4;22.6;13.8;7.1;2001;8;5;-23.43;-46.46;735;86.0;76.0;50.0;933.8;933.3;930.9;5;5;5;1.0;2.0;3.0;9.0;10.0;5.0;70.66666666666667;932.6666666666666;8.0;2.0;5
83075;2001-08-06;0;23.9;16.7;0.5;2001;8;6;-23.43;-46.46;735;85.0;83.0;58.0;936.8;937.8;935.7;5;5;5;2.0;2.0;2.0;10.0;10.0;9.0;75.33333333333333;936.7666666666668;9.666666666666666;2.0;5
83075;2001-08-07;0;25.7;12.4;7.4;2001;8;7;-23.43;-46.46;735;83.0;95.0;49.0;939.1;940.2;937.2;3;3;8;1.0;1.0;0.0;0.0;1.0;8.0;75.66666666666667;938.8333333333334;3.0;0.6666666666666666;3
83075;2001-08-08;0;21.9;11.9;4.9;2001;8;8;-23.43;-46.46;735;66.0;63.0;56.0;939.5;941.4;939.3;8;3;5;0.0;1.0;1.0;0.0;6.0;10.0;61.666666666666664;940.0666666666666;5.333333333333333;0.6666666666666666;3
83075;2001-08-09;0;28.9;12.4;8.8;2001;8;9;-23.43;-46.46;735;78.0;76.0;39.0;934.0;932.5;929.4;3;3;5;3.0;1.0;1.0;10.0;8.0;0.0;64.33333333333333;931.9666666666667;6.0;1.6666666666666667;3
83075;2001-08-10;5.8;19.8;15.3;0;2001;8;10;-23.43;-46.46;735;78.0;88.0;80.0;932.4;933.7;930.5;3;3;3;3.0;1.0;3.0;10.0;10.0;10.0;82.0;932.1999999999999;10.0;2.3333333333333335;3
83075;2001-08-11;0;33.6;18.2;;2001;8;11;-23.43;-46.46;735;52.0;51.0;40.0;932.0;931.9;930.4;3;5;5;1.0;1.0;3.0;2.0;4.0;1.0;47.666666666666664;931.4333333333334;2.3333333333333335;1.6666666666666667;3
83075;2001-08-12;45.6;32.2;19.2;8.1;2001;8;12;-23.43;-46.46;735;91.0;65.0;44.0;930.0;932.4;928.0;3;7;7;1.0;1.0;3.0;9.0;9.0;10.0;66.66666666666667;930.1333333333333;9.333333333333334;1.6666666666666667;3
83075;2001-08-13;0;25.3;12.4;7.3;2001;8;13;-23.43;-46.46;735;80.0;85.0;31.0;941.0;941.7;938.5;5;3;3;1.0;2.0;2.0;1.0;9.0;2.0;65.33333333333333;940.4;4.0;1.6666666666666667;5
83075;2001-08-14;0;24.1;12.3;6.3;2001;8;14;-23.43;-46.46;735;72.0;85.0;34.0;939.7;940.8;938.1;3;3;5;2.0;1.0;3.0;1.0;10.0;6.0;63.666666666666664;939.5333333333333;5.666666666666667;2.0;3
83075;2001-08-15;0;24.8;12.9;8;2001;8;15;-23.43;-46.46;735;78.0;76.0;34.0;939.4;941.6;938.6;3;3;3;1.0;2.0;3.0;0.0;6.0;1.0;62.666666666666664;939.8666666666667;2.3333333333333335;2.0;3
83075;2001-08-16;0;24.7;13.6;6.9;2001;8;16;-23.43;-46.46;735;77.0;76.0;36.0;939.8;941.4;937.9;5;5;5;1.0;1.0;2.0;0.0;8.0;2.0;63.0;939.6999999999999;3.3333333333333335;1.3333333333333333;5
83075;2001-08-17;0;25.2;12.1;7.8;2001;8;17;-23.43;-46.46;735;73.0;77.0;30.0;939.7;940.6;937.4;3;8;5;1.0;0.0;2.0;0.0;2.0;8.0;60.0;939.2333333333335;3.3333333333333335;1.0;3
83075;2001-08-18;0;28;12.6;8.6;2001;8;18;-23.43;-46.46;735;62.0;59.0;33.0;938.5;939.8;936.0;3;3;3;1.0;1.0;1.0;4.0;0.0;1.0;51.333333333333336;938.1;1.6666666666666667;1.0;3
83075;2001-08-19;0;28.6;14.3;8.6;2001;8;19;-23.43;-46.46;735;61.0;61.0;34.0;937.8;939.8;936.7;3;3;3;1.0;1.0;1.0;0.0;0.0;2.0;52.0;938.1;0.6666666666666666;1.0;3
83075;2001-08-20;0;27.7;15.1;6.2;2001;8;20;-23.43;-46.46;735;64.0;60.0;62.0;939.0;940.8;938.6;3;3;5;1.0;2.0;5.0;2.0;8.0;10.0;62.0;939.4666666666667;6.666666666666667;2.6666666666666665;3
83075;2001-08-21;0;25;14.8;4.5;2001;8;21;-23.43;-46.46;735;77.0;79.0;56.0;940.4;939.0;935.8;5;5;5;2.0;1.0;4.0;10.0;10.0;8.0;70.66666666666667;938.4;9.333333333333334;2.3333333333333335;5
83075;2001-08-22;9.4;20.5;13.7;2;2001;8;22;-23.43;-46.46;735;80.0;86.0;82.0;937.6;935.8;934.5;5;3;5;2.0;2.0;4.0;10.0;10.0;10.0;82.66666666666667;935.9666666666667;10.0;2.6666666666666665;5
83075;2001-08-23;12.8;20.9;13.4;1.3;2001;8;23;-23.43;-46.46;735;88.0;71.0;60.0;936.2;935.9;933.9;5;8;1;1.0;0.0;1.0;10.0;9.0;9.0;73.0;935.3333333333334;9.333333333333334;0.6666666666666666;5
83075;2001-08-24;0.1;27;13.9;5;2001;8;24;-23.43;-46.46;735;66.0;61.0;50.0;935.1;934.3;933.0;5;8;7;1.0;0.0;4.0;10.0;9.0;10.0;59.0;934.1333333333333;9.666666666666666;1.6666666666666667;5
83075;2001-08-25;1.7;28.5;14.5;8.4;2001;8;25;-23.43;-46.46;735;83.0;69.0;41.0;933.7;934.1;931.3;8;5;7;0.0;1.0;1.0;9.0;0.0;0.0;64.33333333333333;933.0333333333334;3.0;0.6666666666666666;5
83075;2001-08-26;0;27.6;16.7;2;2001;8;26;-23.43;-46.46;735;74.0;68.0;45.0;932.2;933.3;932.1;8;7;7;0.0;1.0;2.0;5.0;10.0;9.0;62.333333333333336;932.5333333333333;8.0;1.0;7
83075;2001-08-27;0;28.5;16.2;3.9;2001;8;27;-23.43;-46.46;735;76.0;76.0;46.0;934.7;934.4;933.1;3;3;7;1.0;1.0;3.0;9.0;5.0;9.0;66.0;934.0666666666666;7.666666666666667;1.6666666666666667;3
83075;2001-08-28;0;27.6;16.9;5;2001;8;28;-23.43;-46.46;735;72.0;67.0;79.0;934.8;934.9;933.6;8;3;5;0.0;1.0;3.0;5.0;8.0;10.0;72.66666666666667;934.4333333333333;7.666666666666667;1.3333333333333333;3
83075;2001-08-29;0.2;21.6;16.9;0;2001;8;29;-23.43;-46.46;735;85.0;81.0;82.0;935.8;933.9;933.6;5;5;7;2.0;1.0;1.0;10.0;10.0;10.0;82.66666666666667;934.4333333333333;10.0;1.3333333333333333;5
83075;2001-08-30;1.8;30.3;15.8;8.3;2001;8;30;-23.43;-46.46;735;79.0;75.0;40.0;934.5;935.7;933.1;5;3;7;1.0;1.0;3.0;9.0;2.0;6.0;64.66666666666667;934.4333333333334;5.666666666666667;1.6666666666666667;5
83075;2001-08-31;0;30.4;16.7;7.1;2001;8;31;-23.43;-46.46;735;63.0;63.0;39.0;934.9;936.2;933.2;5;3;5;1.0;1.0;3.0;0.0;4.0;5.0;55.0;934.7666666666668;3.0;1.6666666666666667;5
83075;2001-09-01;9.9;33.3;20.9;9.4;2001;9;1;-23.43;-46.46;735;84.0;62.0;41.0;929.6;930.7;928.1;7;7;3;3.0;3.0;2.0;10.0;8.0;5.0;62.333333333333336;929.4666666666667;7.666666666666667;2.6666666666666665;7
83075;2001-09-02;0;26.1;21.3;0;2001;9;2;-23.43;-46.46;735;79.0;77.0;70.0;929.7;930.2;927.8;5;1;8;2.0;1.0;0.0;9.0;10.0;10.0;75.33333333333333;929.2333333333332;9.666666666666666;1.0;5
83075;2001-09-03;10.2;27.4;19.6;1.2;2001;9;3;-23.43;-46.46;735;88.0;78.0;66.0;931.2;930.4;927.4;7;7;7;1.0;1.0;2.0;10.0;9.0;8.0;77.33333333333333;929.6666666666666;9.0;1.3333333333333333;7
83075;2001-09-04;0;30.1;18.7;5.8;2001;9;4;-23.43;-46.46;735;81.0;74.0;52.0;934.0;931.7;929.2;3;3;7;2.0;2.0;3.0;5.0;2.0;10.0;69.0;931.6333333333333;5.666666666666667;2.3333333333333335;3
83075;2001-09-05;0;27.2;12.3;8.8;2001;9;5;-23.43;-46.46;735;81.0;73.0;53.0;931.9;930.8;927.8;5;5;7;1.0;1.0;1.0;10.0;0.0;1.0;69.0;930.1666666666666;3.6666666666666665;1.0;5
83075;2001-09-06;0;26;16.6;5;2001;9;6;-23.43;-46.46;735;81.0;79.0;52.0;937.2;937.3;935.4;5;7;7;2.0;1.0;2.0;10.0;9.0;8.0;70.66666666666667;936.6333333333333;9.0;1.6666666666666667;5
83075;2001-09-07;0;25.7;13.7;6.4;2001;9;7;-23.43;-46.46;735;71.0;78.0;44.0;938.0;937.7;935.3;3;5;8;1.0;1.0;0.0;4.0;4.0;9.0;64.33333333333333;937.0;5.666666666666667;0.6666666666666666;3
83075;2001-09-08;0;24;12.8;6.9;2001;9;8;-23.43;-46.46;735;79.0;81.0;42.0;940.5;941.2;938.7;3;3;5;1.0;1.0;1.0;2.0;10.0;1.0;67.33333333333333;940.1333333333333;4.333333333333333;1.0;3
83075;2001-09-09;0;28.8;15;9.5;2001;9;9;-23.43;-46.46;735;76.0;61.0;43.0;932.4;934.7;931.6;5;5;3;1.0;1.0;2.0;9.0;1.0;1.0;60.0;932.9;3.6666666666666665;1.3333333333333333;5
83075;2001-09-10;13.9;20.6;15.2;0;2001;9;10;-23.43;-46.46;735;92.0;90.0;82.0;933.1;932.0;930.4;3;3;3;2.0;1.0;2.0;10.0;10.0;10.0;88.0;931.8333333333334;10.0;1.6666666666666667;3
83075;2001-09-11;0;27.4;18.2;5.3;2001;9;11;-23.43;-46.46;735;65.0;79.0;71.0;934.7;935.3;933.9;3;5;5;1.0;2.0;5.0;10.0;6.0;10.0;71.66666666666667;934.6333333333333;8.666666666666666;2.6666666666666665;3
83075;2001-09-12;4.2;27.5;18.5;1.3;2001;9;12;-23.43;-46.46;735;79.0;66.0;80.0;929.8;930.5;929.9;8;5;3;0.0;2.0;3.0;9.0;9.0;10.0;75.0;930.0666666666666;9.333333333333334;1.6666666666666667;5
83075;2001-09-13;0;28.3;12.3;8.5;2001;9;13;-23.43;-46.46;735;78.0;69.0;47.0;935.5;934.0;929.7;3;3;3;5.0;2.0;1.0;10.0;2.0;1.0;64.66666666666667;933.0666666666666;4.333333333333333;2.6666666666666665;3
83075;2001-09-14;9.7;23.7;16.1;0;2001;9;14;-23.43;-46.46;735;67.0;85.0;86.0;930.5;932.4;930.5;5;5;5;1.0;1.0;2.0;0.0;10.0;10.0;79.33333333333333;931.1333333333333;6.666666666666667;1.3333333333333333;5
83075;2001-09-15;30.3;22.5;15.4;0.2;2001;9;15;-23.43;-46.46;735;88.0;90.0;80.0;929.0;927.9;926.0;3;7;5;1.0;1.0;1.0;10.0;10.0;10.0;86.0;927.6333333333333;10.0;1.0;3
83075;2001-09-16;0;21.5;9.9;4.3;2001;9;16;-23.43;-46.46;735;76.0;74.0;68.0;929.3;931.6;931.1;5;5;5;1.0;1.0;3.0;9.0;9.0;9.0;72.66666666666667;930.6666666666666;9.0;1.6666666666666667;5
83075;2001-09-17;0;16.4;8.5;4.3;2001;9;17;-23.43;-46.46;735;60.0;73.0;59.0;935.8;938.6;938.2;5;5;5;4.0;3.0;4.0;10.0;8.0;9.0;64.0;937.5333333333334;9.0;3.6666666666666665;5
83075;2001-09-18;2.1;19.6;10.5;4.2;2001;9;18;-23.43;-46.46;735;81.0;79.0;56.0;939.9;939.9;938.0;5;3;3;1.0;3.0;4.0;10.0;9.0;6.0;72.0;939.2666666666668;8.333333333333334;2.6666666666666665;5
83075;2001-09-19;0;23.8;9.9;8.2;2001;9;19;-23.43;-46.46;735;83.0;80.0;35.0;939.1;938.7;934.9;3;3;5;1.0;3.0;2.0;1.0;6.0;2.0;66.0;937.5666666666667;3.0;2.0;3
83075;2001-09-20;0;25.4;11.3;6.8;2001;9;20;-23.43;-46.46;735;76.0;65.0;37.0;937.1;936.8;934.3;3;3;5;1.0;1.0;1.0;0.0;2.0;8.0;59.333333333333336;936.0666666666666;3.3333333333333335;1.0;3
83075;2001-09-21;0.3;25.6;13;4.9;2001;9;21;-23.43;-46.46;735;79.0;78.0;57.0;936.4;936.5;933.7;5;5;5;1.0;1.0;3.0;9.0;9.0;8.0;71.33333333333333;935.5333333333334;8.666666666666666;1.6666666666666667;5
83075;2001-09-22;0.1;19.1;15;0;2001;9;22;-23.43;-46.46;735;76.0;88.0;88.0;935.9;936.6;934.0;5;3;5;2.0;1.0;1.0;10.0;10.0;10.0;84.0;935.5;10.0;1.3333333333333333;5
83075;2001-09-23;2.1;23.3;14.5;3.4;2001;9;23;-23.43;-46.46;735;82.0;90.0;64.0;934.8;934.2;931.0;3;5;5;1.0;1.0;3.0;9.0;10.0;4.0;78.66666666666667;933.3333333333334;7.666666666666667;1.6666666666666667;3
83075;2001-09-24;2.1;28.6;14.4;6.5;2001;9;24;-23.43;-46.46;735;79.0;78.0;44.0;933.6;933.0;928.8;5;3;3;1.0;1.0;2.0;9.0;4.0;5.0;67.0;931.7999999999998;6.0;1.3333333333333333;5
83075;2001-09-25;0;27;16;1.7;2001;9;25;-23.43;-46.46;735;83.0;73.0;70.0;932.1;930.8;928.5;8;5;8;0.0;1.0;0.0;0.0;5.0;10.0;75.33333333333333;930.4666666666667;5.0;0.3333333333333333;5
83075;2001-09-26;9.9;27.4;18;4.8;2001;9;26;-23.43;-46.46;735;91.0;81.0;54.0;930.6;930.9;928.5;7;7;7;1.0;1.0;3.0;9.0;10.0;9.0;75.33333333333333;930.0;9.333333333333334;1.6666666666666667;7
83075;2001-09-27;0;23.7;16.1;0;2001;9;27;-23.43;-46.46;735;72.0;81.0;78.0;930.5;934.7;934.0;7;5;5;1.0;1.0;2.0;4.0;10.0;10.0;77.0;933.0666666666666;8.0;1.3333333333333333;7
83075;2001-09-28;0;22.3;15.5;1.6;2001;9;28;-23.43;-46.46;735;82.0;70.0;72.0;936.0;935.6;934.5;5;7;3;1.0;1.0;3.0;10.0;6.0;10.0;74.66666666666667;935.3666666666667;8.666666666666666;1.6666666666666667;5
83075;2001-09-29;0;20.9;15.1;2;2001;9;29;-23.43;-46.46;735;86.0;84.0;70.0;936.7;938.2;935.6;3;3;3;3.0;1.0;1.0;10.0;10.0;9.0;80.0;936.8333333333334;9.666666666666666;1.6666666666666667;3
83075;2001-09-30;3.8;27.7;14.6;5.5;2001;9;30;-23.43;-46.46;735;82.0;83.0;55.0;936.4;935.5;929.7;3;3;3;1.0;1.0;1.0;9.0;10.0;6.0;73.33333333333333;933.8666666666668;8.333333333333334;1.0;3
83075;2001-10-01;0;30.8;20.6;5.9;2001;10;1;-23.43;-46.46;735;71.0;68.0;44.0;929.5;931.1;929.6;7;7;7;3.0;3.0;5.0;9.0;9.0;8.0;61.0;930.0666666666666;8.666666666666666;3.6666666666666665;7
83075;2001-10-02;1.5;27.6;20.3;0;2001;10;2;-23.43;-46.46;735;84.0;79.0;64.0;928.8;929.9;928.9;8;7;7;0.0;1.0;2.0;9.0;10.0;10.0;75.66666666666667;929.1999999999999;9.666666666666666;1.0;7
83075;2001-10-03;9.8;27.9;19.9;2.9;2001;10;3;-23.43;-46.46;735;79.0;83.0;56.0;928.2;926.7;938.7;7;7;5;1.0;2.0;1.0;10.0;10.0;6.0;72.66666666666667;931.2000000000002;8.666666666666666;1.3333333333333333;7
83075;2001-10-04;0;30.7;19.7;5.7;2001;10;4;-23.43;-46.46;735;79.0;70.0;53.0;929.9;929.8;928.6;8;5;7;0.0;1.0;3.0;10.0;9.0;9.0;67.33333333333333;929.4333333333333;9.333333333333334;1.3333333333333333;5
83075;2001-10-05;0;28.1;15.5;8.7;2001;10;5;-23.43;-46.46;735;74.0;70.0;46.0;929.8;929.7;927.0;8;3;7;0.0;1.0;2.0;0.0;0.0;6.0;63.333333333333336;928.8333333333334;2.0;1.0;3
83075;2001-10-06;0;24.7;15.7;5;2001;10;6;-23.43;-46.46;735;73.0;86.0;53.0;936.3;938.5;936.4;5;5;3;1.0;1.0;2.0;4.0;10.0;5.0;70.66666666666667;937.0666666666666;6.333333333333333;1.3333333333333333;5
83075;2001-10-07;0;26.7;12.9;8.7;2001;10;7;-23.43;-46.46;735;74.0;79.0;37.0;935.5;935.2;931.3;5;8;7;1.0;0.0;1.0;5.0;0.0;2.0;63.333333333333336;934.0;2.3333333333333335;0.6666666666666666;5
83075;2001-10-08;0;23.6;11.4;6.1;2001;10;8;-23.43;-46.46;735;83.0;86.0;46.0;939.9;940.5;937.5;3;3;8;1.0;1.0;0.0;0.0;10.0;2.0;71.66666666666667;939.3000000000001;4.0;0.6666666666666666;3
83075;2001-10-09;0;28.9;14;6.6;2001;10;9;-23.43;-46.46;735;78.0;81.0;48.0;933.7;931.9;929.4;5;3;5;1.0;1.0;3.0;0.0;2.0;1.0;69.0;931.6666666666666;1.0;1.6666666666666667;5
83075;2001-10-10;0;29.8;15.8;5.7;2001;10;10;-23.43;-46.46;735;85.0;77.0;51.0;930.9;932.3;930.6;3;3;7;1.0;1.0;1.0;9.0;4.0;10.0;71.0;931.2666666666665;7.666666666666667;1.0;3
83075;2001-10-11;0;31.1;18.3;5.2;2001;10;11;-23.43;-46.46;735;82.0;59.0;79.0;935.3;933.3;930.4;3;5;5;2.0;1.0;1.0;9.0;2.0;10.0;73.33333333333333;933.0;7.0;1.3333333333333333;3
83075;2001-10-12;17;27.4;18.3;0.3;2001;10;12;-23.43;-46.46;735;89.0;78.0;84.0;931.3;932.7;931.1;3;3;7;1.0;1.0;2.0;9.0;10.0;10.0;83.66666666666667;931.6999999999999;9.666666666666666;1.3333333333333333;3
83075;2001-10-13;0;27.7;13.9;6.8;2001;10;13;-23.43;-46.46;735;80.0;75.0;56.0;937.0;936.4;932.9;5;3;5;2.0;2.0;4.0;10.0;9.0;9.0;70.33333333333333;935.4333333333334;9.333333333333334;2.6666666666666665;5
83075;2001-10-14;0;27.7;14.1;5.1;2001;10;14;-23.43;-46.46;735;79.0;74.0;37.0;934.9;935.8;932.2;5;5;5;2.0;1.0;1.0;9.0;8.0;10.0;63.333333333333336;934.2999999999998;9.0;1.3333333333333333;5
83075;2001-10-15;0;28.5;14.6;9.4;2001;10;15;-23.43;-46.46;735;72.0;70.0;60.0;933.9;933.7;931.4;5;3;5;1.0;1.0;3.0;6.0;0.0;0.0;67.33333333333333;933.0;2.0;1.6666666666666667;5
83075;2001-10-16;0;26.3;15;7.1;2001;10;16;-23.43;-46.46;735;76.0;71.0;59.0;934.0;934.1;931.3;5;3;5;2.0;3.0;5.0;4.0;9.0;1.0;68.66666666666667;933.1333333333332;4.666666666666667;3.3333333333333335;5
83075;2001-10-17;0;26.9;15.3;0.5;2001;10;17;-23.43;-46.46;735;72.0;73.0;54.0;933.7;932.1;928.7;3;3;5;3.0;2.0;2.0;8.0;9.0;10.0;66.33333333333333;931.5;9.0;2.3333333333333335;3
83075;2001-10-18;2.2;27.8;16.2;6.3;2001;10;18;-23.43;-46.46;735;81.0;73.0;78.0;931.2;930.9;929.4;8;5;5;0.0;1.0;3.0;9.0;8.0;9.0;77.33333333333333;930.5;8.666666666666666;1.3333333333333333;5
83075;2001-10-19;1.7;28.2;16.3;1;2001;10;19;-23.43;-46.46;735;80.0;79.0;78.0;930.1;929.6;926.6;3;5;7;1.0;1.0;4.0;4.0;10.0;10.0;79.0;928.7666666666668;8.0;2.0;3
83075;2001-10-20;41;25.8;15.9;3;2001;10;20;-23.43;-46.46;735;91.0;75.0;69.0;930.1;927.8;925.6;8;3;5;0.0;2.0;3.0;10.0;8.0;9.0;78.33333333333333;927.8333333333334;9.0;1.6666666666666667;3
83075;2001-10-21;0.2;30.1;15.6;8.8;2001;10;21;-23.43;-46.46;735;85.0;66.0;34.0;928.1;928.0;924.6;5;7;7;1.0;1.0;1.0;8.0;1.0;9.0;61.666666666666664;926.9;6.0;1.0;5
83075;2001-10-22;14.4;25.5;16.7;5.1;2001;10;22;-23.43;-46.46;735;79.0;83.0;64.0;927.2;926.9;926.0;5;7;7;1.0;3.0;3.0;10.0;10.0;10.0;75.33333333333333;926.6999999999999;10.0;2.3333333333333335;5
83075;2001-10-23;2.9;28.5;16.7;9.1;2001;10;23;-23.43;-46.46;735;84.0;66.0;43.0;928.2;931.5;930.1;8;8;5;0.0;0.0;3.0;5.0;5.0;1.0;64.33333333333333;929.9333333333334;3.6666666666666665;1.0;5
83075;2001-10-24;0;25.6;14;8.8;2001;10;24;-23.43;-46.46;735;75.0;58.0;55.0;935.2;938.1;935.8;5;3;5;1.0;2.0;3.0;6.0;2.0;9.0;62.666666666666664;936.3666666666668;5.666666666666667;2.0;5
83075;2001-10-25;0;27.8;15.7;10.8;2001;10;25;-23.43;-46.46;735;76.0;63.0;52.0;938.7;938.4;935.8;5;3;5;2.0;2.0;5.0;9.0;4.0;1.0;63.666666666666664;937.6333333333332;4.666666666666667;3.0;5
83075;2001-10-26;0;27.8;13.7;9.8;2001;10;26;-23.43;-46.46;735;78.0;63.0;30.0;937.5;936.3;933.4;5;3;5;2.0;1.0;2.0;0.0;2.0;1.0;57.0;935.7333333333332;1.0;1.6666666666666667;5
83075;2001-10-27;0;28.7;12.8;9.1;2001;10;27;-23.43;-46.46;735;76.0;74.0;47.0;935.5;933.7;930.9;3;3;3;2.0;3.0;3.0;0.0;4.0;0.0;65.66666666666667;933.3666666666667;1.3333333333333333;2.6666666666666665;3
83075;2001-10-28;0;31.7;14.3;10.3;2001;10;28;-23.43;-46.46;735;70.0;61.0;38.0;932.1;932.3;929.8;3;5;5;1.0;1.0;5.0;0.0;0.0;1.0;56.333333333333336;931.4;0.3333333333333333;2.3333333333333335;3
83075;2001-10-29;0;33.2;16.3;10.6;2001;10;29;-23.43;-46.46;735;61.0;56.0;28.0;932.0;931.1;928.3;5;8;7;1.0;0.0;2.0;0.0;0.0;1.0;48.333333333333336;930.4666666666666;0.3333333333333333;1.0;5
83075;2001-10-30;0;33.5;17.8;8.8;2001;10;30;-23.43;-46.46;735;60.0;55.0;28.0;931.2;930.3;927.2;3;3;7;1.0;1.0;3.0;0.0;1.0;6.0;47.666666666666664;929.5666666666666;2.3333333333333335;1.6666666666666667;3
83075;2001-10-31;0;31.4;19.2;6.7;2001;10;31;-23.43;-46.46;735;68.0;56.0;47.0;931.1;930.2;927.6;5;5;5;3.0;1.0;4.0;2.0;2.0;4.0;57.0;929.6333333333333;2.6666666666666665;2.6666666666666665;5
83075;2001-11-01;0;32.2;20.6;8.1;2001;11;1;-23.43;-46.46;735;59.0;54.0;41.0;931.1;932.0;929.8;7;7;7;2.0;4.0;3.0;9.0;2.0;9.0;51.333333333333336;930.9666666666666;6.666666666666667;3.0;7
83075;2001-11-02;8.6;31.3;19.9;6.6;2001;11;2;-23.43;-46.46;735;86.0;70.0;46.0;929.8;930.6;929.0;5;7;7;1.0;1.0;3.0;10.0;9.0;8.0;67.33333333333333;929.8000000000001;9.0;1.6666666666666667;5
83075;2001-11-03;19.5;30.4;18.5;7.9;2001;11;3;-23.43;-46.46;735;87.0;73.0;58.0;927.9;928.5;927.0;5;7;5;1.0;2.0;5.0;8.0;4.0;4.0;72.66666666666667;927.8000000000001;5.333333333333333;2.6666666666666665;5
83075;2001-11-04;0;29.5;20.3;4.9;2001;11;4;-23.43;-46.46;735;75.0;67.0;61.0;931.1;932.8;932.0;7;7;5;2.0;1.0;3.0;8.0;6.0;8.0;67.66666666666667;931.9666666666667;7.333333333333333;2.0;7
83075;2001-11-05;0.4;24.2;16.3;0.3;2001;11;5;-23.43;-46.46;735;64.0;75.0;85.0;927.2;929.8;928.7;8;5;5;0.0;1.0;1.0;5.0;10.0;10.0;74.66666666666667;928.5666666666666;8.333333333333334;0.6666666666666666;5
83075;2001-11-06;0;22.9;15.5;3.3;2001;11;6;-23.43;-46.46;735;81.0;78.0;67.0;938.2;939.0;937.5;5;5;5;1.0;1.0;3.0;8.0;10.0;9.0;75.33333333333333;938.2333333333332;9.0;1.6666666666666667;5
83075;2001-11-07;0;26.9;12.9;8.1;2001;11;7;-23.43;-46.46;735;71.0;61.0;35.0;932.1;931.2;929.1;7;8;7;1.0;0.0;3.0;0.0;4.0;5.0;55.666666666666664;930.8000000000001;3.0;1.3333333333333333;7
83075;2001-11-08;0;23.1;12.5;7.9;2001;11;8;-23.43;-46.46;735;74.0;71.0;58.0;940.4;941.6;938.9;5;5;5;3.0;1.0;3.0;8.0;5.0;2.0;67.66666666666667;940.3000000000001;5.0;2.3333333333333335;5
83075;2001-11-09;0;20.7;14.1;0.6;2001;11;9;-23.43;-46.46;735;82.0;80.0;69.0;929.9;932.2;931.6;5;5;5;1.0;3.0;3.0;10.0;10.0;8.0;77.0;931.2333333333332;9.333333333333334;2.3333333333333335;5
83075;2001-11-10;14;27.4;16.9;1.7;2001;11;10;-23.43;-46.46;735;87.0;79.0;75.0;933.6;934.5;932.2;8;3;5;0.0;1.0;2.0;9.0;10.0;10.0;80.33333333333333;933.4333333333334;9.666666666666666;1.0;3
83075;2001-11-11;4.3;27.3;18.3;0;2001;11;11;-23.43;-46.46;735;82.0;70.0;76.0;931.0;929.6;927.5;5;7;7;1.0;1.0;1.0;4.0;10.0;10.0;76.0;929.3666666666667;8.0;1.0;5
83075;2001-11-12;5.6;27.8;18;0;2001;11;12;-23.43;-46.46;735;88.0;80.0;66.0;932.9;932.9;932.3;7;3;5;1.0;1.0;2.0;9.0;9.0;10.0;78.0;932.6999999999999;9.333333333333334;1.3333333333333333;7
83075;2001-11-13;3.1;25.5;17.2;0.5;2001;11;13;-23.43;-46.46;735;85.0;74.0;64.0;932.8;931.1;928.3;3;3;3;1.0;1.0;3.0;10.0;10.0;10.0;74.33333333333333;930.7333333333332;10.0;1.6666666666666667;3
83075;2001-11-14;2.8;27.8;17.3;3.1;2001;11;14;-23.43;-46.46;735;82.0;91.0;69.0;929.3;927.2;923.8;3;5;7;1.0;1.0;3.0;10.0;10.0;9.0;80.66666666666667;926.7666666666668;9.666666666666666;1.6666666666666667;3
83075;2001-11-15;9.9;26.7;18.2;0.5;2001;11;15;-23.43;-46.46;735;87.0;78.0;61.0;924.6;926.0;925.1;7;7;7;1.0;3.0;2.0;0.0;10.0;10.0;75.33333333333333;925.2333333333332;6.666666666666667;2.0;7
83075;2001-11-16;26.7;22.6;18.5;0;2001;11;16;-23.43;-46.46;735;93.0;81.0;78.0;927.9;930.8;930.8;5;5;5;2.0;1.0;3.0;10.0;10.0;10.0;84.0;929.8333333333334;10.0;2.0;5
83075;2001-11-17;0.4;23.6;17.2;0.4;2001;11;17;-23.43;-46.46;735;86.0;77.0;73.0;931.8;932.6;931.2;5;5;5;2.0;1.0;4.0;10.0;10.0;10.0;78.66666666666667;931.8666666666668;10.0;2.3333333333333335;5
83075;2001-11-18;0;25.5;16.5;1.6;2001;11;18;-23.43;-46.46;735;83.0;74.0;69.0;933.4;933.3;930.7;3;3;5;3.0;1.0;3.0;10.0;10.0;10.0;75.33333333333333;932.4666666666666;10.0;2.3333333333333335;3
83075;2001-11-19;0;28.6;17.9;5;2001;11;19;-23.43;-46.46;735;83.0;69.0;86.0;933.1;932.4;931.9;3;3;5;3.0;2.0;3.0;10.0;4.0;10.0;79.33333333333333;932.4666666666667;8.0;2.6666666666666665;3
83075;2001-11-20;8.1;29.1;18.2;5.9;2001;11;20;-23.43;-46.46;735;80.0;73.0;61.0;932.3;931.7;930.1;3;3;5;2.0;1.0;4.0;8.0;9.0;8.0;71.33333333333333;931.3666666666667;8.333333333333334;2.3333333333333335;3
83075;2001-11-21;0;31.5;18.5;6.7;2001;11;21;-23.43;-46.46;735;77.0;72.0;49.0;931.9;932.5;929.8;5;3;5;3.0;1.0;3.0;10.0;1.0;6.0;66.0;931.4;5.666666666666667;2.3333333333333335;5
83075;2001-11-22;0;32.3;19.2;9.3;2001;11;22;-23.43;-46.46;735;80.0;58.0;45.0;932.0;931.6;927.5;5;7;7;1.0;1.0;2.0;0.0;8.0;6.0;61.0;930.3666666666667;4.666666666666667;1.3333333333333333;5
83075;2001-11-23;12.2;31.8;18;8.8;2001;11;23;-23.43;-46.46;735;84.0;64.0;46.0;931.8;928.6;925.6;3;3;7;1.0;1.0;3.0;10.0;8.0;4.0;64.66666666666667;928.6666666666666;7.333333333333333;1.6666666666666667;3
83075;2001-11-24;1.3;33.1;19.9;10.4;2001;11;24;-23.43;-46.46;735;74.0;57.0;39.0;927.1;928.6;925.9;3;7;7;1.0;2.0;3.0;9.0;0.0;4.0;56.666666666666664;927.1999999999999;4.333333333333333;2.0;3
83075;2001-11-25;4.7;28.9;19.5;8.1;2001;11;25;-23.43;-46.46;735;74.0;69.0;56.0;928.6;931.4;930.3;8;5;5;0.0;2.0;4.0;0.0;6.0;4.0;66.33333333333333;930.1;3.3333333333333335;2.0;5
83075;2001-11-26;0;31.4;18.6;10.4;2001;11;26;-23.43;-46.46;735;78.0;59.0;50.0;932.6;933.1;931.1;5;3;5;2.0;2.0;3.0;5.0;0.0;2.0;62.333333333333336;932.2666666666668;2.3333333333333335;2.3333333333333335;5
83075;2001-11-27;0;33.1;18;9;2001;11;27;-23.43;-46.46;735;76.0;54.0;41.0;931.9;930.7;927.8;3;7;7;2.0;3.0;3.0;0.0;8.0;6.0;57.0;930.1333333333332;4.666666666666667;2.6666666666666665;3
83075;2001-11-28;0.1;30.8;19;1.2;2001;11;28;-23.43;-46.46;735;70.0;73.0;81.0;929.8;930.2;927.0;5;5;5;1.0;1.0;4.0;10.0;9.0;10.0;74.66666666666667;929.0;9.666666666666666;2.0;5
83075;2001-11-29;34.6;30.2;18.3;6.6;2001;11;29;-23.43;-46.46;735;91.0;70.0;50.0;930.0;927.8;924.8;7;5;7;1.0;1.0;3.0;10.0;6.0;10.0;70.33333333333333;927.5333333333333;8.666666666666666;1.6666666666666667;7
83075;2001-11-30;0;27;18.9;0.6;2001;11;30;-23.43;-46.46;735;78.0;73.0;53.0;927.5;924.7;921.2;5;7;7;3.0;2.0;3.0;10.0;10.0;10.0;68.0;924.4666666666667;10.0;2.6666666666666665;5
83075;2001-12-01;1.3;28.4;20.1;1.7;2001;12;1;-23.43;-46.46;735;57.0;74.0;82.0;932.8;932.9;932.2;7;3;5;3.0;1.0;3.0;9.0;9.0;10.0;71.0;932.6333333333332;9.333333333333334;2.3333333333333335;7
83075;2001-12-02;7.4;31.4;20.3;2.9;2001;12;2;-23.43;-46.46;735;67.0;75.0;49.0;929.3;930.0;928.4;5;8;7;1.0;0.0;2.0;9.0;6.0;9.0;63.666666666666664;929.2333333333332;8.0;1.0;5
83075;2001-12-03;0;29.7;19;4.9;2001;12;3;-23.43;-46.46;735;76.0;70.0;59.0;930.7;930.6;929.6;5;5;5;3.0;1.0;3.0;9.0;4.0;10.0;68.33333333333333;930.3000000000001;7.666666666666667;2.3333333333333335;5
83075;2001-12-04;0;26;18.3;8.2;2001;12;4;-23.43;-46.46;735;81.0;66.0;43.0;934.0;935.2;935.1;5;5;5;2.0;1.0;5.0;8.0;4.0;2.0;63.333333333333336;934.7666666666668;4.666666666666667;2.6666666666666665;5
83075;2001-12-05;5.5;19.1;15;0;2001;12;5;-23.43;-46.46;735;88.0;92.0;82.0;931.1;933.3;931.4;5;5;5;1.0;1.0;2.0;10.0;10.0;10.0;87.33333333333333;931.9333333333334;10.0;1.3333333333333333;5
83075;2001-12-06;0;24.8;14.7;7.7;2001;12;6;-23.43;-46.46;735;83.0;78.0;51.0;938.5;939.2;936.2;3;3;3;3.0;1.0;2.0;9.0;2.0;2.0;70.66666666666667;937.9666666666667;4.333333333333333;2.0;3
83075;2001-12-07;2.5;23.9;11.3;0;2001;12;7;-23.43;-46.46;735;44.0;86.0;80.0;929.2;935.8;936.0;7;5;5;1.0;3.0;3.0;8.0;10.0;10.0;70.0;933.6666666666666;9.333333333333334;2.3333333333333335;7
83075;2001-12-08;0;24.4;12.5;7.6;2001;12;8;-23.43;-46.46;735;77.0;78.0;52.0;941.2;942.4;938.9;5;3;5;2.0;2.0;4.0;10.0;2.0;5.0;69.0;940.8333333333334;5.666666666666667;2.6666666666666665;5
83075;2001-12-09;0.1;20.6;11;7.9;2001;12;9;-23.43;-46.46;735;80.0;64.0;48.0;933.7;934.4;932.9;3;3;5;2.0;3.0;3.0;2.0;9.0;6.0;64.0;933.6666666666666;5.666666666666667;2.6666666666666665;3
83075;2001-12-10;1.9;26.7;15.6;5.7;2001;12;10;-23.43;-46.46;735;85.0;83.0;62.0;934.4;937.2;934.5;3;8;5;1.0;0.0;3.0;10.0;10.0;1.0;76.66666666666667;935.3666666666667;7.0;1.3333333333333333;3
83075;2001-12-11;40.4;24.3;18.2;0;2001;12;11;-23.43;-46.46;735;89.0;77.0;80.0;928.8;931.7;931.3;7;5;5;2.0;1.0;2.0;9.0;10.0;10.0;82.0;930.6;9.666666666666666;1.6666666666666667;7
83075;2001-12-12;0;29.6;18.3;1.8;2001;12;12;-23.43;-46.46;735;86.0;81.0;50.0;933.3;931.0;929.5;8;3;7;0.0;1.0;3.0;10.0;10.0;9.0;72.33333333333333;931.2666666666668;9.666666666666666;1.3333333333333333;3
83075;2001-12-13;11.1;24.8;18.9;0;2001;12;13;-23.43;-46.46;735;88.0;86.0;76.0;930.4;928.9;926.1;5;7;7;2.0;1.0;2.0;10.0;10.0;10.0;83.33333333333333;928.4666666666667;10.0;1.6666666666666667;5
83075;2001-12-14;6.2;23.4;18.6;0;2001;12;14;-23.43;-46.46;735;85.0;86.0;76.0;927.4;927.4;926.1;7;7;7;2.0;2.0;2.0;10.0;10.0;10.0;82.33333333333333;926.9666666666667;10.0;2.0;7
83075;2001-12-15;9.3;23.3;18.9;0;2001;12;15;-23.43;-46.46;735;78.0;89.0;91.0;926.3;928.0;926.9;7;5;5;1.0;1.0;1.0;9.0;10.0;10.0;86.0;927.0666666666666;9.666666666666666;1.0;7
83075;2001-12-16;17.9;26.6;17.9;1.4;2001;12;16;-23.43;-46.46;735;91.0;91.0;93.0;927.7;926.5;924.6;5;8;5;1.0;0.0;2.0;9.0;10.0;10.0;91.66666666666667;926.2666666666668;9.666666666666666;1.0;5
83075;2001-12-17;10.4;30.4;16.7;8.6;2001;12;17;-23.43;-46.46;735;91.0;75.0;50.0;926.5;925.6;923.5;3;7;7;1.0;2.0;2.0;6.0;2.0;2.0;72.0;925.1999999999999;3.3333333333333335;1.6666666666666667;3
83075;2001-12-18;0;32;19;10.3;2001;12;18;-23.43;-46.46;735;80.0;65.0;36.0;925.1;926.6;925.6;5;7;7;1.0;1.0;3.0;1.0;1.0;8.0;60.333333333333336;925.7666666666668;3.3333333333333335;1.6666666666666667;5
83075;2001-12-19;0;33.5;19.7;9;2001;12;19;-23.43;-46.46;735;83.0;69.0;39.0;928.3;929.6;928.0;5;3;7;1.0;2.0;2.0;4.0;2.0;5.0;63.666666666666664;928.6333333333333;3.6666666666666665;1.6666666666666667;5
83075;2001-12-20;0;31.3;20.2;3.9;2001;12;20;-23.43;-46.46;735;80.0;71.0;79.0;930.0;929.7;928.5;3;3;5;1.0;1.0;1.0;5.0;0.0;10.0;76.66666666666667;929.4;5.0;1.0;3
83075;2001-12-21;16.2;31.3;19.5;6.4;2001;12;21;-23.43;-46.46;735;81.0;65.0;60.0;929.1;930.5;927.4;8;7;7;0.0;3.0;2.0;10.0;6.0;9.0;68.66666666666667;929.0;8.333333333333334;1.6666666666666667;7
83075;2001-12-22;1.4;30.9;20.3;3.5;2001;12;22;-23.43;-46.46;735;82.0;70.0;49.0;929.1;929.2;925.7;7;7;7;1.0;1.0;4.0;9.0;10.0;9.0;67.0;928.0;9.333333333333334;2.0;7
83075;2001-12-23;7.2;23.5;16.7;0;2001;12;23;-23.43;-46.46;735;82.0;91.0;86.0;928.6;930.3;931.5;7;7;7;1.0;1.0;1.0;6.0;10.0;10.0;86.33333333333333;930.1333333333333;8.666666666666666;1.0;7
83075;2001-12-24;24;19.9;15;0;2001;12;24;-23.43;-46.46;735;94.0;76.0;63.0;933.8;936.5;935.7;5;5;5;1.0;3.0;4.0;10.0;10.0;10.0;77.66666666666667;935.3333333333334;10.0;2.6666666666666665;5
83075;2001-12-25;0;23.8;15.4;1.9;2001;12;25;-23.43;-46.46;735;70.0;62.0;63.0;937.0;936.5;934.3;5;5;5;2.0;2.0;3.0;9.0;8.0;10.0;65.0;935.9333333333334;9.0;2.3333333333333335;5
83075;2001-12-26;0;24.5;15.8;1.5;2001;12;26;-23.43;-46.46;735;84.0;69.0;67.0;935.0;934.7;932.3;3;3;5;3.0;1.0;3.0;9.0;9.0;9.0;73.33333333333333;934.0;9.0;2.3333333333333335;3
83075;2001-12-27;0;28.3;17.1;5.1;2001;12;27;-23.43;-46.46;735;81.0;71.0;64.0;933.5;932.8;930.1;3;3;5;3.0;2.0;3.0;10.0;6.0;9.0;72.0;932.1333333333333;8.333333333333334;2.6666666666666665;3
83075;2001-12-28;0;29;19.1;3.7;2001;12;28;-23.43;-46.46;735;75.0;71.0;69.0;931.4;932.0;929.7;5;3;5;3.0;1.0;3.0;10.0;9.0;10.0;71.66666666666667;931.0333333333334;9.666666666666666;2.3333333333333335;5
83075;2001-12-29;5.2;23.4;18.1;0;2001;12;29;-23.43;-46.46;735;91.0;83.0;77.0;930.3;930.6;928.5;5;5;3;1.0;1.0;2.0;8.0;10.0;10.0;83.66666666666667;929.8000000000001;9.333333333333334;1.3333333333333333;5
83075;2001-12-30;7.8;26;17.2;1.8;2001;12;30;-23.43;-46.46;735;92.0;79.0;64.0;929.3;928.0;925.6;5;8;5;1.0;0.0;4.0;10.0;10.0;9.0;78.33333333333333;927.6333333333333;9.666666666666666;1.6666666666666667;5
83075;2001-12-31;0;31;18.3;6.5;2001;12;31;-23.43;-46.46;735;82.0;72.0;37.0;927.3;927.2;924.3;5;8;7;2.0;0.0;1.0;8.0;8.0;5.0;63.666666666666664;926.2666666666668;7.0;1.0;5
83075;2002-01-01;0;28.6;18.8;0.8;2002;1;1;-23.43;-46.46;735;80.0;71.0;57.0;925.3;926.7;924.3;7;8;7;1.0;0.0;1.0;9.0;9.0;10.0;69.33333333333333;925.4333333333334;9.333333333333334;0.6666666666666666;7
83075;2002-01-02;4.8;29.5;22.6;1;2002;1;2;-23.43;-46.46;735;74.0;78.0;69.0;928.1;928.8;928.2;7;7;7;1.0;2.0;3.0;2.0;10.0;10.0;73.66666666666667;928.3666666666668;7.333333333333333;2.0;7
83075;2002-01-03;24.4;32.4;17.1;8.9;2002;1;3;-23.43;-46.46;735;87.0;72.0;47.0;933.6;933.2;930.8;3;3;7;1.0;1.0;1.0;8.0;1.0;4.0;68.66666666666667;932.5333333333334;4.333333333333333;1.0;3
83075;2002-01-04;0;32.4;19.7;9.3;2002;1;4;-23.43;-46.46;735;67.0;62.0;43.0;931.9;932.3;930.0;7;3;7;1.0;1.0;3.0;0.0;1.0;5.0;57.333333333333336;931.4;2.0;1.6666666666666667;7
83075;2002-01-05;3.6;25.4;17.7;2.8;2002;1;5;-23.43;-46.46;735;66.0;75.0;63.0;931.9;934.4;932.8;5;5;5;2.0;1.0;1.0;9.0;10.0;2.0;68.0;933.0333333333333;7.0;1.3333333333333333;5
83075;2002-01-06;0;23.7;15.8;5.6;2002;1;6;-23.43;-46.46;735;75.0;84.0;59.0;937.8;938.0;936.1;8;3;5;0.0;1.0;1.0;0.0;10.0;2.0;72.66666666666667;937.3000000000001;4.0;0.6666666666666666;3
83075;2002-01-07;0;26.7;13.3;8;2002;1;7;-23.43;-46.46;735;93.0;74.0;55.0;933.8;940.0;938.8;8;3;5;0.0;2.0;2.0;10.0;0.0;2.0;74.0;937.5333333333333;4.0;1.3333333333333333;3
83075;2002-01-08;2;23.6;14.9;0.5;2002;1;8;-23.43;-46.46;735;86.0;81.0;70.0;934.4;933.6;931.9;5;3;7;3.08664;2.0;2.0;10.0;10.0;0.0;79.0;933.3000000000001;6.666666666666667;2.3622133333333335;5
83075;2002-01-09;26;22.7;12;4.8;2002;1;9;-23.43;-46.46;735;87.0;79.0;38.0;934.4;935.0;933.5;5;5;7;3.0;3.0;3.0;10.0;10.0;2.0;68.0;934.3000000000001;7.333333333333333;3.0;5
83075;2002-01-10;0.1;25.3;16.2;0.1;2002;1;10;-23.43;-46.46;735;60.0;78.0;83.0;934.9;936.4;936.4;5;5;8;2.0;2.0;0.0;10.0;10.0;10.0;73.66666666666667;935.9;10.0;1.3333333333333333;5
83075;2002-01-11;0;25.7;17.3;2.5;2002;1;11;-23.43;-46.46;735;83.0;83.0;60.0;933.1;933.5;933.5;3;3;5;2.0;1.0;2.0;9.0;10.0;8.0;75.33333333333333;933.3666666666667;9.0;1.6666666666666667;3
83075;2002-01-12;0;33.9;20.8;9;2002;1;12;-23.43;-46.46;735;65.0;46.0;36.0;935.1;935.1;933.7;5;7;7;1.0;3.0;4.0;8.0;1.0;8.0;49.0;934.6333333333333;5.666666666666667;2.6666666666666665;5
83075;2002-01-13;21.3;22.6;17.9;0;2002;1;13;-23.43;-46.46;735;91.0;90.0;85.0;932.4;931.2;928.6;8;3;3;0.0;1.0;1.0;10.0;10.0;10.0;88.66666666666667;930.7333333333332;10.0;0.6666666666666666;3
83075;2002-01-14;29.6;29.2;18.8;3.5;2002;1;14;-23.43;-46.46;735;94.0;80.0;58.0;929.1;926.8;923.8;8;7;7;0.0;3.0;3.0;10.0;10.0;9.0;77.33333333333333;926.5666666666666;9.666666666666666;2.0;7
83075;2002-01-15;11.7;25.9;18.7;1.4;2002;1;15;-23.43;-46.46;735;92.0;83.0;85.0;924.9;924.4;923.9;8;7;5;0.0;1.0;3.0;4.0;8.0;9.0;86.66666666666667;924.4;7.0;1.3333333333333333;7
83075;2002-01-16;17.3;21.2;15.7;0.3;2002;1;16;-23.43;-46.46;735;91.0;73.0;80.0;925.4;928.3;928.4;5;5;5;3.0;4.0;5.0;10.0;10.0;10.0;81.33333333333333;927.3666666666667;10.0;4.0;5
83075;2002-01-17;1.5;23.2;13.3;5.7;2002;1;17;-23.43;-46.46;735;85.0;65.0;65.0;929.8;930.3;930.7;5;5;5;3.0;3.0;3.0;10.0;5.0;10.0;71.66666666666667;930.2666666666668;8.333333333333334;3.0;5
83075;2002-01-18;0;23.3;15.3;0.8;2002;1;18;-23.43;-46.46;735;81.0;71.0;58.0;932.2;933.1;931.9;5;3;5;3.0;4.0;3.0;10.0;9.0;10.0;70.0;932.4000000000001;9.666666666666666;3.3333333333333335;5
83075;2002-01-19;0;22.3;15.2;1.3;2002;1;19;-23.43;-46.46;735;71.0;64.0;86.0;932.5;932.9;931.5;5;5;5;2.0;1.0;2.0;10.0;10.0;10.0;73.66666666666667;932.3000000000001;10.0;1.6666666666666667;5
83075;2002-01-20;28.2;29.1;16.8;1.9;2002;1;20;-23.43;-46.46;735;93.0;80.0;59.0;932.7;933.2;931.0;5;5;5;1.0;1.0;1.0;10.0;8.0;9.0;77.33333333333333;932.3000000000001;9.0;1.0;5
83075;2002-01-21;1.7;32.3;19;5.5;2002;1;21;-23.43;-46.46;735;90.0;72.0;49.0;933.9;933.7;931.5;5;5;7;1.0;1.0;1.0;10.0;4.0;8.0;70.33333333333333;933.0333333333333;7.333333333333333;1.0;5
83075;2002-01-22;0;33.6;20.9;8.8;2002;1;22;-23.43;-46.46;735;75.0;64.0;40.0;933.2;933.6;931.0;5;3;7;1.0;1.0;1.0;8.0;6.0;6.0;59.666666666666664;932.6;6.666666666666667;1.0;5
83075;2002-01-23;0.4;28.9;21.1;3.8;2002;1;23;-23.43;-46.46;735;79.0;71.0;56.0;932.4;932.6;930.9;5;7;7;1.0;2.0;2.0;5.0;9.0;9.0;68.66666666666667;931.9666666666667;7.666666666666667;1.6666666666666667;5
83075;2002-01-24;1.8;32;20.1;4.6;2002;1;24;-23.43;-46.46;735;73.0;68.0;77.0;931.2;930.6;929.0;5;7;5;1.0;1.0;2.0;9.0;5.0;10.0;72.66666666666667;930.2666666666668;8.0;1.3333333333333333;5
83075;2002-01-25;16.4;31;19.1;4.6;2002;1;25;-23.43;-46.46;735;86.0;65.0;63.0;930.7;930.0;926.9;5;7;7;1.0;1.0;3.0;8.0;5.0;9.0;71.33333333333333;929.1999999999999;7.333333333333333;1.6666666666666667;5
83075;2002-01-26;22.9;33.5;19.1;10.1;2002;1;26;-23.43;-46.46;735;86.0;65.0;47.0;929.7;929.4;928.0;7;7;7;2.0;2.0;2.0;5.0;5.0;5.0;66.0;929.0333333333333;5.0;2.0;7
83075;2002-01-27;0;33.9;21.1;10.7;2002;1;27;-23.43;-46.46;735;68.0;66.0;42.0;930.1;930.5;927.3;7;7;7;1.0;1.0;2.0;8.0;4.0;6.0;58.666666666666664;929.2999999999998;6.0;1.3333333333333333;7
83075;2002-01-28;0;32.5;20.7;7.9;2002;1;28;-23.43;-46.46;735;71.0;61.0;53.0;929.2;928.3;926.6;7;7;7;1.0;2.0;3.0;6.0;8.0;5.0;61.666666666666664;928.0333333333333;6.333333333333333;2.0;7
83075;2002-01-29;25.2;32.2;19.9;8;2002;1;29;-23.43;-46.46;735;92.0;69.0;47.0;929.2;929.1;927.0;5;5;7;1.0;1.0;3.0;10.0;4.0;5.0;69.33333333333333;928.4333333333334;6.333333333333333;1.6666666666666667;5
83075;2002-01-30;0;30.9;20.2;0.7;2002;1;30;-23.43;-46.46;735;76.0;81.0;52.0;929.7;931.4;928.4;5;5;7;2.0;1.0;3.0;9.0;10.0;9.0;69.66666666666667;929.8333333333334;9.333333333333334;2.0;5
83075;2002-01-31;0.1;33.4;21.3;8;2002;1;31;-23.43;-46.46;735;81.0;71.0;76.0;930.0;928.8;926.6;5;5;7;1.0;1.0;3.0;8.0;4.0;6.0;76.0;928.4666666666667;6.0;1.6666666666666667;5
83075;2002-02-01;2.9;31;18;8;2002;2;1;-23.43;-46.46;735;78.0;66.0;51.0;925.4;925.5;923.4;8;7;7;0.0;1.0;3.0;9.0;1.0;5.0;65.0;924.7666666666668;5.0;1.3333333333333333;7
83075;2002-02-02;0.4;28.3;19.9;1.1;2002;2;2;-23.43;-46.46;735;77.0;83.0;76.0;928.9;930.2;928.5;7;7;5;2.0;2.0;5.0;8.0;10.0;10.0;78.66666666666667;929.1999999999999;9.333333333333334;3.0;7
83075;2002-02-03;0;28.6;18.8;3.5;2002;2;3;-23.43;-46.46;735;66.0;63.0;91.0;932.9;933.0;932.8;5;5;5;2.0;1.0;1.0;6.0;2.0;10.0;73.33333333333333;932.9;6.0;1.3333333333333333;5
83075;2002-02-04;0;32.6;21.5;8.6;2002;2;4;-23.43;-46.46;735;78.0;66.0;36.0;930.8;932.0;930.9;5;7;7;1.0;1.0;2.0;9.0;2.0;6.0;60.0;931.2333333333332;5.666666666666667;1.3333333333333333;5
83075;2002-02-05;0;29.2;18.1;8;2002;2;5;-23.43;-46.46;735;81.0;79.0;42.0;934.0;932.9;929.5;5;3;7;1.0;1.0;2.0;9.0;8.0;1.0;67.33333333333333;932.1333333333333;6.0;1.3333333333333333;5
83075;2002-02-06;0;27.1;16.7;8.7;2002;2;6;-23.43;-46.46;735;84.0;79.0;50.0;937.3;938.4;934.5;5;3;7;1.0;1.0;1.0;10.0;1.0;1.0;71.0;936.7333333333332;4.0;1.0;5
83075;2002-02-07;0;23.5;15;7.6;2002;2;7;-23.43;-46.46;735;83.0;72.0;51.0;940.2;941.9;938.1;8;3;3;0.0;2.0;3.0;4.0;1.0;0.0;68.66666666666667;940.0666666666666;1.6666666666666667;1.6666666666666667;3
83075;2002-02-08;17;19.5;14;0;2002;2;8;-23.43;-46.46;735;91.0;85.0;73.0;935.0;937.6;935.8;8;5;5;0.0;2.0;2.0;10.0;10.0;10.0;83.0;936.1333333333332;10.0;1.3333333333333333;5
83075;2002-02-09;0;18.2;8.1;9;2002;2;9;-23.43;-46.46;735;80.0;57.0;25.0;933.5;934.5;934.4;5;7;7;2.0;3.0;3.0;9.0;4.0;0.0;54.0;934.1333333333333;4.333333333333333;2.6666666666666665;5
83075;2002-02-10;6.8;26.4;14.8;8.6;2002;2;10;-23.43;-46.46;735;87.0;67.0;44.0;937.0;937.5;936.9;5;3;3;3.0;1.0;2.0;10.0;6.0;1.0;66.0;937.1333333333333;5.666666666666667;2.0;5
83075;2002-02-11;0;27.5;16.3;9.1;2002;2;11;-23.43;-46.46;735;80.0;63.0;58.0;934.3;934.6;934.5;3;3;5;3.0;2.0;4.0;9.0;6.0;2.0;67.0;934.4666666666667;5.666666666666667;3.0;3
83075;2002-02-12;3.6;29.1;19.8;1.2;2002;2;12;-23.43;-46.46;735;85.0;62.0;71.0;934.3;934.0;934.5;7;7;5;2.0;1.0;3.0;9.0;9.0;10.0;72.66666666666667;934.2666666666668;9.333333333333334;2.0;7
83075;2002-02-13;0;32.3;19.4;4.3;2002;2;13;-23.43;-46.46;735;80.0;73.0;44.0;933.8;933.0;929.4;5;3;7;2.0;2.0;1.0;9.0;10.0;9.0;65.66666666666667;932.0666666666666;9.333333333333334;1.6666666666666667;5
83075;2002-02-14;11;25.6;18.4;0.6;2002;2;14;-23.43;-46.46;735;86.0;72.0;68.0;932.1;931.2;930.8;5;7;7;3.0;1.0;2.0;10.0;10.0;10.0;75.33333333333333;931.3666666666668;10.0;2.0;5
83075;2002-02-15;2.8;30.5;17.7;7.8;2002;2;15;-23.43;-46.46;735;78.0;66.0;53.0;931.8;932.4;930.6;8;7;7;0.0;3.0;3.0;9.0;1.0;6.0;65.66666666666667;931.5999999999999;5.333333333333333;2.0;7
83075;2002-02-16;20.4;28.3;17.8;2.2;2002;2;16;-23.43;-46.46;735;79.0;76.0;67.0;933.2;933.5;931.6;5;3;3;1.0;1.0;4.0;9.0;10.0;8.0;74.0;932.7666666666668;9.0;2.0;5
83075;2002-02-17;0.6;27.7;18.5;3.5;2002;2;17;-23.43;-46.46;735;77.0;71.0;65.0;932.4;933.3;932.1;5;3;3;2.0;2.0;4.0;8.0;6.0;9.0;71.0;932.5999999999999;7.666666666666667;2.6666666666666665;5
83075;2002-02-18;2.4;26.3;16.7;5.4;2002;2;18;-23.43;-46.46;735;92.0;69.0;57.0;933.3;934.0;932.3;3;3;5;2.0;2.0;3.0;10.0;5.0;9.0;72.66666666666667;933.1999999999999;8.0;2.3333333333333335;3
83075;2002-02-19;0;27.3;16.7;5.9;2002;2;19;-23.43;-46.46;735;74.0;71.0;66.0;933.5;933.6;931.6;3;3;5;1.0;1.0;3.0;2.0;8.0;10.0;70.33333333333333;932.9;6.666666666666667;1.6666666666666667;3
83075;2002-02-20;0;23.5;18.1;0;2002;2;20;-23.43;-46.46;735;78.0;78.0;79.0;932.5;932.2;929.7;3;3;5;3.0;1.0;1.0;9.0;10.0;10.0;78.33333333333333;931.4666666666667;9.666666666666666;1.6666666666666667;3
83075;2002-02-21;2.4;25.2;19.5;0;2002;2;21;-23.43;-46.46;735;90.0;77.0;78.0;930.1;928.8;926.7;3;7;7;1.0;2.0;2.0;10.0;10.0;10.0;81.66666666666667;928.5333333333334;10.0;1.6666666666666667;3
83075;2002-02-22;16.1;27.6;19.9;1.8;2002;2;22;-23.43;-46.46;735;90.0;88.0;70.0;927.1;925.3;923.5;7;7;7;3.0;3.0;3.0;10.0;10.0;10.0;82.66666666666667;925.3000000000001;10.0;3.0;7
83075;2002-02-23;10.4;27.6;19.9;3.9;2002;2;23;-23.43;-46.46;735;87.0;100.0;100.0;924.8;927.7;926.7;3;7;7;3.0;3.0;3.0;10.0;9.0;9.0;95.66666666666667;926.4;9.333333333333334;3.0;3
83075;2002-02-24;9.4;27.6;18.2;8.4;2002;2;24;-23.43;-46.46;735;98.0;60.0;57.0;930.4;933.8;932.0;8;5;5;0.0;3.0;4.0;9.0;1.0;4.0;71.66666666666667;932.0666666666666;4.666666666666667;2.3333333333333335;5
83075;2002-02-25;0.3;25.6;16.9;5.3;2002;2;25;-23.43;-46.46;735;88.0;68.0;59.0;934.8;934.8;933.1;3;5;3;1.0;3.0;2.0;10.0;5.0;5.0;71.66666666666667;934.2333333333332;6.666666666666667;2.0;3
83075;2002-02-26;0;27.6;16.5;0;2002;2;26;-23.43;-46.46;735;66.0;69.0;60.0;934.1;933.9;931.3;5;3;5;3.0;1.0;1.0;9.0;9.0;10.0;65.0;933.1;9.333333333333334;1.6666666666666667;5
83075;2002-02-27;0;24.8;19.6;0;2002;2;27;-23.43;-46.46;735;73.0;79.0;73.0;932.8;934.8;933.5;3;8;8;1.0;0.0;0.0;8.0;10.0;10.0;75.0;933.6999999999999;9.333333333333334;0.3333333333333333;3
83075;2002-02-28;0.2;28.2;18;0.8;2002;2;28;-23.43;-46.46;735;82.0;76.0;64.0;934.2;933.8;932.3;3;8;5;1.0;0.0;3.0;10.0;10.0;10.0;74.0;933.4333333333334;10.0;1.3333333333333333;3
83075;2002-03-01;0;29.5;18.3;7.1;2002;3;1;-23.43;-46.46;735;65.0;57.0;52.0;925.7;926.5;924.4;5;3;3;1.0;1.0;2.0;6.0;1.0;6.0;58.0;925.5333333333333;4.333333333333333;1.3333333333333333;5
83075;2002-03-02;1.2;24.5;16.6;2.6;2002;3;2;-23.43;-46.46;735;82.0;74.0;59.0;930.2;931.5;929.9;5;5;5;3.0;3.0;2.0;9.0;10.0;6.0;71.66666666666667;930.5333333333333;8.333333333333334;2.6666666666666665;5
83075;2002-03-03;44.6;30;18.5;5;2002;3;3;-23.43;-46.46;735;84.0;77.0;54.0;933.4;934.4;931.7;5;5;3;1.0;1.0;1.0;9.0;6.0;8.0;71.66666666666667;933.1666666666666;7.666666666666667;1.0;5
83075;2002-03-04;0;28.1;20.5;5;2002;3;4;-23.43;-46.46;735;79.0;78.0;61.0;934.4;935.1;933.3;5;3;3;1.0;2.0;2.0;6.0;10.0;5.0;72.66666666666667;934.2666666666668;7.0;1.6666666666666667;5
83075;2002-03-05;14.8;27.4;16.6;6.1;2002;3;5;-23.43;-46.46;735;77.0;70.0;60.0;930.4;929.6;928.0;3;7;7;1.0;1.0;3.0;10.0;8.0;6.0;69.0;929.3333333333334;8.0;1.6666666666666667;3
83075;2002-03-06;0;26.7;14.1;8;2002;3;6;-23.43;-46.46;735;69.0;86.0;45.0;935.7;936.0;933.3;8;5;7;0.0;1.0;3.0;0.0;5.0;1.0;66.66666666666667;935.0;2.0;1.3333333333333333;5
83075;2002-03-07;0;23.3;14.3;4.6;2002;3;7;-23.43;-46.46;735;80.0;82.0;56.0;939.2;940.6;938.1;3;3;3;1.0;3.0;3.0;9.0;10.0;8.0;72.66666666666667;939.3000000000001;9.0;2.3333333333333335;3
83075;2002-03-08;9.4;22.5;14.6;0.9;2002;3;8;-23.43;-46.46;735;92.0;91.0;76.0;935.3;934.4;932.9;5;7;7;1.0;1.0;4.0;8.0;10.0;9.0;86.33333333333333;934.1999999999999;9.0;2.0;5
83075;2002-03-09;0;24.9;4.4;9;2002;3;9;-23.43;-46.46;735;65.0;53.0;23.0;935.8;936.2;936.1;5;3;5;1.0;2.0;1.0;0.0;2.0;5.0;47.0;936.0333333333333;2.3333333333333335;1.3333333333333333;5
83075;2002-03-10;0;30.3;14.3;4.8;2002;3;10;-23.43;-46.46;735;81.0;73.0;66.0;937.2;936.8;934.8;3;7;5;2.0;2.0;3.0;6.0;9.0;9.0;73.33333333333333;936.2666666666668;8.0;2.3333333333333335;3
83075;2002-03-11;0;32.5;15.4;11.3;2002;3;11;-23.43;-46.46;735;74.0;69.0;28.0;934.7;935.3;932.4;3;3;7;4.0;3.0;3.0;9.0;0.0;1.0;57.0;934.1333333333333;3.3333333333333335;3.3333333333333335;3
83075;2002-03-12;4.8;26.4;19.4;0.5;2002;3;12;-23.43;-46.46;735;89.0;79.0;71.0;935.1;935.4;935.8;3;5;5;2.0;1.0;3.0;10.0;10.0;9.0;79.66666666666667;935.4333333333334;9.666666666666666;2.0;3
83075;2002-03-13;0.7;33.9;21.5;8.6;2002;3;13;-23.43;-46.46;735;75.0;70.0;38.0;933.6;933.6;930.1;8;3;7;0.0;1.0;2.0;4.0;0.0;5.0;61.0;932.4333333333334;3.0;1.0;3
83075;2002-03-14;0.9;28.4;20.8;0.5;2002;3;14;-23.43;-46.46;735;63.0;76.0;63.0;931.5;932.1;929.9;7;7;7;1.0;1.0;2.0;2.0;10.0;10.0;67.33333333333333;931.1666666666666;7.333333333333333;1.3333333333333333;7
83075;2002-03-15;0;32.1;20;6.8;2002;3;15;-23.43;-46.46;735;65.0;69.0;41.0;931.0;930.6;928.6;7;7;7;1.0;1.0;1.0;9.0;5.0;8.0;58.333333333333336;930.0666666666666;7.333333333333333;1.0;7
83075;2002-03-16;22;31.3;18.9;5.6;2002;3;16;-23.43;-46.46;735;85.0;72.0;59.0;931.1;930.8;928.3;7;7;5;1.0;1.0;3.0;2.0;1.0;8.0;72.0;930.0666666666666;3.6666666666666665;1.6666666666666667;7
83075;2002-03-17;0.2;31.9;19.5;7.6;2002;3;17;-23.43;-46.46;735;81.0;76.0;49.0;930.3;930.8;927.7;3;5;5;1.0;1.0;1.0;8.0;0.0;9.0;68.66666666666667;929.6;5.666666666666667;1.0;3
83075;2002-03-18;1.7;32.8;20.5;7.7;2002;3;18;-23.43;-46.46;735;85.0;67.0;47.0;929.8;930.4;928.0;3;7;7;1.0;1.0;3.0;2.0;1.0;9.0;66.33333333333333;929.4;4.0;1.6666666666666667;3
83075;2002-03-19;4;33.2;18.5;9.4;2002;3;19;-23.43;-46.46;735;81.0;79.0;43.0;930.5;929.2;927.1;5;3;7;1.0;1.0;3.0;5.0;1.0;4.0;67.66666666666667;928.9333333333334;3.3333333333333335;1.6666666666666667;5
83075;2002-03-20;0;31.4;21.5;9.1;2002;3;20;-23.43;-46.46;735;80.0;67.0;53.0;928.8;929.3;927.5;3;7;7;1.0;3.0;3.0;4.0;5.0;5.0;66.66666666666667;928.5333333333333;4.666666666666667;2.3333333333333335;3
83075;2002-03-21;46.6;27.9;18.6;0;2002;3;21;-23.43;-46.46;735;71.0;81.0;72.0;928.8;932.6;932.5;5;3;5;1.0;1.0;3.0;9.0;10.0;10.0;74.66666666666667;931.3000000000001;9.666666666666666;1.6666666666666667;5
83075;2002-03-22;1.1;25.6;16.3;5.6;2002;3;22;-23.43;-46.46;735;78.0;70.0;62.0;934.0;933.9;932.2;5;3;5;2.0;3.0;3.0;10.0;5.0;6.0;70.0;933.3666666666668;7.0;2.6666666666666665;5
83075;2002-03-23;0;29.2;17.1;6.5;2002;3;23;-23.43;-46.46;735;80.0;77.0;54.0;934.5;934.4;930.4;3;5;3;4.0;1.0;1.0;9.0;6.0;8.0;70.33333333333333;933.1;7.666666666666667;2.0;3
83075;2002-03-24;6;23.8;19.5;0;2002;3;24;-23.43;-46.46;735;79.0;88.0;88.0;931.9;931.6;927.8;3;5;7;1.0;1.0;1.0;8.0;10.0;10.0;85.0;930.4333333333334;9.333333333333334;1.0;3
83075;2002-03-25;71.2;27.5;19.4;4;2002;3;25;-23.43;-46.46;735;89.0;78.0;61.0;928.4;928.0;927.4;5;7;7;1.0;2.0;1.0;10.0;8.0;4.0;76.0;927.9333333333334;7.333333333333333;1.3333333333333333;5
83075;2002-03-26;0;29.4;19.7;7.3;2002;3;26;-23.43;-46.46;735;82.0;66.0;50.0;930.6;930.4;929.0;5;5;5;1.0;1.0;1.0;9.0;1.0;5.0;66.0;930.0;5.0;1.0;5
83075;2002-03-27;0;30.7;18.6;4.4;2002;3;27;-23.43;-46.46;735;75.0;79.0;59.0;933.7;932.9;930.2;5;3;3;1.0;2.0;2.0;10.0;10.0;9.0;71.0;932.2666666666668;9.666666666666666;1.6666666666666667;5
83075;2002-03-28;32.7;30.5;18.1;7.5;2002;3;28;-23.43;-46.46;735;85.0;76.0;51.0;933.7;935.5;932.7;8;8;7;0.0;0.0;1.0;10.0;8.0;4.0;70.66666666666667;933.9666666666667;7.333333333333333;0.3333333333333333;7
83075;2002-03-29;0;32.4;20.8;9.7;2002;3;29;-23.43;-46.46;735;82.0;71.0;45.0;934.3;933.6;931.1;3;3;7;3.0;1.0;1.0;10.0;1.0;4.0;66.0;933.0;5.0;1.6666666666666667;3
83075;2002-03-30;0;31.5;20.1;9.7;2002;3;30;-23.43;-46.46;735;75.0;59.0;37.0;933.0;932.7;932.2;7;7;7;1.0;1.0;2.0;1.0;1.0;1.0;57.0;932.6333333333333;1.0;1.3333333333333333;7
83075;2002-03-31;0;32.2;18.2;9.7;2002;3;31;-23.43;-46.46;735;60.0;58.0;42.0;932.8;933.7;931.3;8;5;7;0.0;1.0;2.0;0.0;1.0;2.0;53.333333333333336;932.6;1.0;1.0;5
83075;2002-04-01;0.6;29.9;18.2;9.8;2002;4;1;-23.43;-46.46;735;76.0;68.0;49.0;927.4;928.9;927.4;5;5;5;2.0;3.0;3.0;6.0;8.0;8.0;64.33333333333333;927.9;7.333333333333333;2.6666666666666665;5
83075;2002-04-02;0;26.7;15.7;9.5;2002;4;2;-23.43;-46.46;735;67.0;64.0;45.0;930.9;931.6;929.5;5;5;5;2.0;2.0;4.0;9.0;5.0;6.0;58.666666666666664;930.6666666666666;6.666666666666667;2.6666666666666665;5
83075;2002-04-03;29.4;30.4;17.3;7;2002;4;3;-23.43;-46.46;735;90.0;74.0;47.0;934.4;935.1;933.2;5;3;3;1.0;1.0;3.0;6.0;1.0;8.0;70.33333333333333;934.2333333333332;5.0;1.6666666666666667;5
83075;2002-04-04;1.4;26.6;18.7;3.5;2002;4;4;-23.43;-46.46;735;80.0;71.0;63.0;936.6;935.7;933.6;5;3;5;1.0;1.0;4.0;10.0;4.0;10.0;71.33333333333333;935.3000000000001;8.0;2.0;5
83075;2002-04-05;0;25.9;18.5;2;2002;4;5;-23.43;-46.46;735;82.0;84.0;62.0;930.3;932.5;930.5;8;5;5;0.0;1.0;2.0;0.0;10.0;9.0;76.0;931.1;6.333333333333333;1.0;5
83075;2002-04-06;0;27.1;13.7;8.7;2002;4;6;-23.43;-46.46;735;73.0;75.0;39.0;935.3;935.7;933.0;7;3;8;1.0;1.0;0.0;0.0;0.0;0.0;62.333333333333336;934.6666666666666;0.0;0.6666666666666666;7
83075;2002-04-07;0;25.3;13.6;6.7;2002;4;7;-23.43;-46.46;735;87.0;89.0;46.0;939.3;941.8;937.8;8;3;3;0.0;1.0;3.0;0.0;8.0;5.0;74.0;939.6333333333332;4.333333333333333;1.3333333333333333;3
83075;2002-04-08;0;27.9;14.5;9.2;2002;4;8;-23.43;-46.46;735;79.0;69.0;41.0;934.2;934.4;931.6;7;7;7;0.2;2.0;3.0;8.0;9.0;8.0;63.0;933.4;8.333333333333334;1.7333333333333334;7
83075;2002-04-09;0;23.5;8.7;8.5;2002;4;9;-23.43;-46.46;735;68.0;67.0;33.0;937.4;938.4;938.1;5;3;5;1.0;1.0;2.0;0.0;10.0;4.0;56.0;937.9666666666667;4.666666666666667;1.3333333333333333;5
83075;2002-04-10;1.1;28.9;17.7;4.6;2002;4;10;-23.43;-46.46;735;79.0;86.0;47.0;934.4;934.4;934.0;3;8;7;1.0;0.0;2.0;9.0;10.0;0.0;70.66666666666667;934.2666666666668;6.333333333333333;1.0;3
83075;2002-04-11;0;31.1;17.6;1.2;2002;4;11;-23.43;-46.46;735;51.0;60.0;65.0;932.6;932.1;931.3;8;8;5;0.0;0.0;4.0;0.0;10.0;10.0;58.666666666666664;932.0;6.666666666666667;1.3333333333333333;5
83075;2002-04-12;0;32.2;19.7;6;2002;4;12;-23.43;-46.46;735;83.0;75.0;50.0;936.5;936.2;934.9;5;5;5;2.0;1.0;4.0;10.0;9.0;9.0;69.33333333333333;935.8666666666667;9.333333333333334;2.3333333333333335;5
83075;2002-04-13;0;28.4;20.6;5.7;2002;4;13;-23.43;-46.46;735;69.0;76.0;61.0;932.5;934.6;932.9;3;5;5;1.0;1.0;3.0;0.0;8.0;5.0;68.66666666666667;933.3333333333334;4.333333333333333;1.6666666666666667;3
83075;2002-04-14;0;28.2;19.2;4.6;2002;4;14;-23.43;-46.46;735;78.0;76.0;61.0;935.0;935.8;933.7;5;3;3;2.0;2.0;1.0;9.0;4.0;5.0;71.66666666666667;934.8333333333334;6.0;1.6666666666666667;5
83075;2002-04-15;0;29.6;18.4;7.9;2002;4;15;-23.43;-46.46;735;82.0;75.0;45.0;934.7;935.6;932.5;5;8;5;1.0;0.0;2.0;8.0;2.0;4.0;67.33333333333333;934.2666666666668;4.666666666666667;1.0;5
83075;2002-04-16;0;29.6;17.6;7.3;2002;4;16;-23.43;-46.46;735;78.0;83.0;44.0;933.9;934.4;931.9;8;3;3;0.0;2.0;2.0;0.0;9.0;1.0;68.33333333333333;933.4;3.3333333333333335;1.3333333333333333;3
83075;2002-04-17;0;31.3;18.1;8.4;2002;4;17;-23.43;-46.46;735;73.0;71.0;42.0;934.2;934.2;931.8;8;8;7;0.0;0.0;1.0;0.0;1.0;2.0;62.0;933.4;1.0;0.3333333333333333;7
83075;2002-04-18;0;30.1;19.3;5.6;2002;4;18;-23.43;-46.46;735;60.0;66.0;61.0;932.8;934.4;933.1;7;8;5;1.0;0.0;4.0;0.0;1.0;9.0;62.333333333333336;933.4333333333333;3.3333333333333335;1.6666666666666667;7
83075;2002-04-19;0;30.1;19.9;7.8;2002;4;19;-23.43;-46.46;735;77.0;75.0;40.0;935.3;935.1;931.9;5;5;3;3.0;1.0;1.0;9.0;5.0;1.0;64.0;934.1;5.0;1.6666666666666667;5
83075;2002-04-20;0;30.7;17.6;8.2;2002;4;20;-23.43;-46.46;735;80.0;67.0;39.0;933.4;932.5;931.0;5;7;7;1.0;1.0;3.0;0.0;0.0;8.0;62.0;932.3000000000001;2.6666666666666665;1.6666666666666667;5
83075;2002-04-21;0;26.1;20;4.2;2002;4;21;-23.43;-46.46;735;72.0;75.0;67.0;932.9;935.7;934.4;5;5;5;1.0;1.0;3.0;2.0;9.0;8.0;71.33333333333333;934.3333333333334;6.333333333333333;1.6666666666666667;5
83075;2002-04-22;0;27;19.2;4.9;2002;4;22;-23.43;-46.46;735;83.0;74.0;56.0;935.7;937.1;934.3;5;3;5;2.0;2.0;2.0;10.0;9.0;8.0;71.0;935.7000000000002;9.0;2.0;5
83075;2002-04-23;0;29.6;18.2;8.6;2002;4;23;-23.43;-46.46;735;81.0;74.0;44.0;935.0;934.6;932.2;3;3;5;2.0;1.0;1.0;2.0;2.0;2.0;66.33333333333333;933.9333333333334;2.0;1.3333333333333333;3
83075;2002-04-24;0;31;16.9;8.7;2002;4;24;-23.43;-46.46;735;73.0;73.0;37.0;934.0;932.7;929.8;3;3;7;1.0;1.0;2.0;0.0;1.0;1.0;61.0;932.1666666666666;0.6666666666666666;1.3333333333333333;3
83075;2002-04-25;0;30.8;18.3;8.2;2002;4;25;-23.43;-46.46;735;69.0;69.0;34.0;930.7;933.8;931.0;5;3;7;1.0;1.0;3.0;1.0;4.0;1.0;57.333333333333336;931.8333333333334;2.0;1.6666666666666667;5
83075;2002-04-26;0;30.8;17.3;7.8;2002;4;26;-23.43;-46.46;735;58.0;64.0;35.0;932.4;933.4;930.8;8;3;7;0.0;1.0;2.0;0.0;1.0;1.0;52.333333333333336;932.1999999999999;0.6666666666666666;1.0;3
83075;2002-04-27;0;27.1;17.9;0.8;2002;4;27;-23.43;-46.46;735;66.0;77.0;77.0;933.1;932.8;932.5;5;3;5;1.0;1.0;3.0;2.0;9.0;10.0;73.33333333333333;932.8000000000001;7.0;1.6666666666666667;5
83075;2002-04-28;1.8;26.5;17.1;4.6;2002;4;28;-23.43;-46.46;735;86.0;80.0;57.0;933.8;933.6;931.3;5;3;3;3.0;2.0;1.0;8.0;10.0;6.0;74.33333333333333;932.9;8.0;2.0;5
83075;2002-04-29;0;30.9;18;8.6;2002;4;29;-23.43;-46.46;735;83.0;76.0;36.0;933.8;932.8;929.9;3;3;7;3.0;1.0;2.0;9.0;0.0;2.0;65.0;932.1666666666666;3.6666666666666665;2.0;3
83075;2002-04-30;0;30.4;19.7;7.7;2002;4;30;-23.43;-46.46;735;60.0;51.0;42.0;930.7;931.3;929.6;8;7;7;0.0;3.0;4.0;4.0;5.0;4.0;51.0;930.5333333333333;4.333333333333333;2.3333333333333335;7
83075;2002-05-01;0;31.2;18.4;7.5;2002;5;1;-23.43;-46.46;735;75.0;62.0;62.0;930.2;931.5;929.1;3;3;5;3.0;3.0;4.0;1.0;1.0;9.0;66.33333333333333;930.2666666666668;3.6666666666666665;3.3333333333333335;3
83075;2002-05-02;0;30;15.2;9.4;2002;5;2;-23.43;-46.46;735;72.0;66.0;39.0;932.4;932.0;930.0;5;3;7;3.0;4.0;2.0;1.0;1.0;5.0;59.0;931.4666666666667;2.3333333333333335;3.0;5
83075;2002-05-03;2.9;32.4;17.7;10.7;2002;5;3;-23.43;-46.46;735;77.0;62.0;40.0;934.1;934.5;931.9;5;8;7;1.0;0.0;1.0;6.0;2.0;4.0;59.666666666666664;933.5;4.0;0.6666666666666666;5
83075;2002-05-04;0;28.2;18.5;6.7;2002;5;4;-23.43;-46.46;735;80.0;70.0;51.0;935.0;934.1;931.7;5;7;3;1.0;1.0;3.0;1.0;4.0;6.0;67.0;933.6;3.6666666666666665;1.6666666666666667;5
83075;2002-05-05;0;25.2;17.1;1.5;2002;5;5;-23.43;-46.46;735;79.0;84.0;66.0;933.4;935.7;934.8;3;3;5;3.0;3.0;3.0;10.0;10.0;10.0;76.33333333333333;934.6333333333332;10.0;3.0;3
83075;2002-05-06;0;27.8;13.4;8.7;2002;5;6;-23.43;-46.46;735;73.0;66.0;38.0;933.3;933.3;930.9;8;3;7;0.0;1.0;3.0;0.0;0.0;2.0;59.0;932.5;0.6666666666666666;1.3333333333333333;3
83075;2002-05-07;0;25.5;14.4;4.1;2002;5;7;-23.43;-46.46;735;78.0;88.0;46.0;939.3;940.2;935.8;8;5;5;0.0;1.0;1.0;5.0;10.0;10.0;70.66666666666667;938.4333333333334;8.333333333333334;0.6666666666666666;5
83075;2002-05-08;0;30.2;14.4;9.2;2002;5;8;-23.43;-46.46;735;79.0;70.0;35.0;933.1;933.6;929.6;7;8;7;1.0;0.0;3.0;0.0;6.0;2.0;61.333333333333336;932.1;2.6666666666666665;1.3333333333333333;7
83075;2002-05-09;0;27.1;12.3;4.2;2002;5;9;-23.43;-46.46;735;81.0;74.0;52.0;938.7;938.4;936.3;5;3;8;3.0;2.0;0.0;10.0;9.0;9.0;69.0;937.7999999999998;9.333333333333334;1.6666666666666667;5
83075;2002-05-10;0;32.6;16.1;8;2002;5;10;-23.43;-46.46;735;73.0;76.0;35.0;934.3;934.9;934.0;3;3;3;1.0;1.0;3.0;0.0;0.0;10.0;61.333333333333336;934.4;3.3333333333333335;1.6666666666666667;3
83075;2002-05-11;10;20.8;14.7;0;2002;5;11;-23.43;-46.46;735;81.0;87.0;77.0;932.4;934.9;935.6;5;5;5;3.0;4.0;4.0;10.0;10.0;10.0;81.66666666666667;934.3000000000001;10.0;3.6666666666666665;5
83075;2002-05-12;0.2;33.8;20.4;4.5;2002;5;12;-23.43;-46.46;735;74.0;61.0;40.0;935.4;935.5;934.8;8;3;5;0.0;1.0;3.0;9.0;9.0;9.0;58.333333333333336;935.2333333333332;9.0;1.3333333333333333;3
83075;2002-05-13;0;27.7;16.1;5.4;2002;5;13;-23.43;-46.46;735;75.0;88.0;45.0;936.3;937.3;934.5;3;3;5;1.0;1.0;1.0;2.0;10.0;5.0;69.33333333333333;936.0333333333333;5.666666666666667;1.0;3
83075;2002-05-14;0;29.2;16.3;7.7;2002;5;14;-23.43;-46.46;735;80.0;84.0;37.0;936.4;936.4;933.0;8;5;7;0.0;1.0;1.0;0.0;9.0;2.0;67.0;935.2666666666668;3.6666666666666665;0.6666666666666666;5
83075;2002-05-15;0;29.4;15.9;8.1;2002;5;15;-23.43;-46.46;735;73.0;85.0;37.0;934.6;935.3;932.0;8;7;7;0.0;1.0;3.0;0.0;5.0;1.0;65.0;933.9666666666667;2.0;1.3333333333333333;7
83075;2002-05-16;0;25.1;17.4;3;2002;5;16;-23.43;-46.46;735;63.0;50.0;50.0;932.6;930.8;927.9;8;7;7;0.0;3.0;5.0;0.0;9.0;9.0;54.333333333333336;930.4333333333334;6.0;2.6666666666666665;7
83075;2002-05-17;0;26.4;16.3;5.4;2002;5;17;-23.43;-46.46;735;71.0;80.0;51.0;931.0;932.5;929.9;8;7;5;0.0;1.0;1.0;2.0;9.0;8.0;67.33333333333333;931.1333333333333;6.333333333333333;0.6666666666666666;7
83075;2002-05-18;0;28.9;16.6;7.4;2002;5;18;-23.43;-46.46;735;82.0;74.0;44.0;932.1;931.2;927.8;5;5;7;1.0;2.0;1.0;10.0;9.0;9.0;66.66666666666667;930.3666666666668;9.333333333333334;1.3333333333333333;5
83075;2002-05-19;18.4;20.6;15.4;0.3;2002;5;19;-23.43;-46.46;735;87.0;91.0;78.0;930.4;934.6;930.3;8;7;7;0.0;3.0;2.0;10.0;10.0;10.0;85.33333333333333;931.7666666666668;10.0;1.6666666666666667;7
83075;2002-05-20;7;26.2;13.6;3.3;2002;5;20;-23.43;-46.46;735;89.0;84.0;58.0;931.5;933.0;930.3;5;5;7;1.0;1.0;3.0;9.0;9.0;10.0;77.0;931.6;9.333333333333334;1.6666666666666667;5
83075;2002-05-21;12;22.9;15.8;3.2;2002;5;21;-23.43;-46.46;735;81.0;79.0;70.0;929.6;930.6;930.4;7;7;7;1.0;1.0;3.0;9.0;8.0;10.0;76.66666666666667;930.1999999999999;9.0;1.6666666666666667;7
83075;2002-05-22;10;19.2;14.3;0.1;2002;5;22;-23.43;-46.46;735;88.0;84.0;76.0;933.2;935.8;935.4;5;5;5;2.0;1.0;3.0;10.0;10.0;10.0;82.66666666666667;934.8000000000001;10.0;2.0;5
83075;2002-05-23;0.1;20.6;13.7;3.7;2002;5;23;-23.43;-46.46;735;90.0;74.0;58.0;937.3;938.2;937.5;3;3;3;3.0;4.0;5.0;10.0;9.0;8.0;74.0;937.6666666666666;9.0;4.0;3
83075;2002-05-24;0.5;20.7;12.1;4.9;2002;5;24;-23.43;-46.46;735;77.0;80.0;50.0;938.7;939.5;937.5;3;3;5;2.0;3.0;3.0;9.0;10.0;2.0;69.0;938.5666666666666;7.0;2.6666666666666665;3
83075;2002-05-25;0;20.3;12.1;8.1;2002;5;25;-23.43;-46.46;735;82.0;80.0;58.0;938.2;938.3;936.4;8;5;5;0.0;1.0;3.0;1.0;1.0;6.0;73.33333333333333;937.6333333333333;2.6666666666666665;1.3333333333333333;5
83075;2002-05-26;0;21.9;10.8;8.6;2002;5;26;-23.43;-46.46;735;83.0;79.0;48.0;937.3;938.3;935.1;5;3;3;2.0;3.0;2.0;8.0;5.0;2.0;70.0;936.9;5.0;2.3333333333333335;5
83075;2002-05-27;0;24.1;11.3;7.2;2002;5;27;-23.43;-46.46;735;83.0;82.0;44.0;936.0;937.6;934.9;3;3;3;1.0;1.0;2.0;0.0;9.0;9.0;69.66666666666667;936.1666666666666;6.0;1.3333333333333333;3
83075;2002-05-28;0;25.2;11.9;7.7;2002;5;28;-23.43;-46.46;735;80.0;85.0;48.0;935.8;936.3;933.3;5;5;3;1.0;1.0;1.0;8.0;6.0;1.0;71.0;935.1333333333332;5.0;1.0;5
83075;2002-05-29;0;25.1;12.6;6.3;2002;5;29;-23.43;-46.46;735;73.0;79.0;45.0;933.8;935.0;932.8;8;5;7;0.0;1.0;2.0;0.0;9.0;10.0;65.66666666666667;933.8666666666667;6.333333333333333;1.0;5
83075;2002-05-30;0;24.9;12.2;6.9;2002;5;30;-23.43;-46.46;735;78.0;73.0;48.0;933.3;935.7;932.2;8;8;7;0.0;0.0;1.0;1.0;10.0;8.0;66.33333333333333;933.7333333333332;6.333333333333333;0.3333333333333333;7
83075;2002-05-31;0;25;14;8.4;2002;5;31;-23.43;-46.46;735;80.0;73.0;56.0;934.3;934.8;934.1;8;5;7;0.0;1.0;1.0;0.0;9.0;10.0;69.66666666666667;934.4;6.333333333333333;0.6666666666666666;5
83075;2002-06-01;0;33.7;19.8;8.3;2002;6;1;-23.43;-46.46;735;77.0;55.0;40.0;931.3;929.5;926.4;3;7;7;3.0;3.0;3.0;10.0;9.0;10.0;57.333333333333336;929.0666666666666;9.666666666666666;3.0;3
83075;2002-06-02;0;30;16.8;4.7;2002;6;2;-23.43;-46.46;735;76.0;76.0;59.0;932.1;931.3;928.9;5;3;5;4.0;2.0;3.0;2.0;10.0;8.0;70.33333333333333;930.7666666666668;6.666666666666667;3.0;5
83075;2002-06-03;0;32.8;20.3;10.2;2002;6;3;-23.43;-46.46;735;63.0;53.0;38.0;932.9;932.2;929.8;7;5;7;1.0;1.0;2.0;9.0;6.0;4.0;51.333333333333336;931.6333333333332;6.333333333333333;1.3333333333333333;7
83075;2002-06-04;0;28.3;16.3;6.3;2002;6;4;-23.43;-46.46;735;78.0;75.0;51.0;933.6;933.4;929.9;5;5;5;3.0;2.0;1.0;1.0;8.0;4.0;68.0;932.3000000000001;4.333333333333333;2.0;5
83075;2002-06-05;32.8;26.5;17.2;3.5;2002;6;5;-23.43;-46.46;735;82.0;90.0;64.0;934.9;935.8;933.4;3;3;7;3.0;1.0;2.0;10.0;10.0;4.0;78.66666666666667;934.6999999999999;8.0;2.0;3
83075;2002-06-06;0;27.4;14.5;4.7;2002;6;6;-23.43;-46.46;735;71.0;69.0;38.0;932.3;934.0;931.6;7;3;7;1.0;1.0;3.0;0.0;0.0;10.0;59.333333333333336;932.6333333333333;3.3333333333333335;1.6666666666666667;7
83075;2002-06-07;0;25.3;13.5;4.3;2002;6;7;-23.43;-46.46;735;75.0;80.0;46.0;935.9;935.5;932.6;8;3;7;0.0;1.0;3.0;0.0;9.0;9.0;67.0;934.6666666666666;6.0;1.3333333333333333;3
83075;2002-06-08;0;27.7;14.6;6.4;2002;6;8;-23.43;-46.46;735;78.0;79.0;53.0;933.0;934.9;932.8;5;3;7;5.0;1.0;1.0;8.0;10.0;4.0;70.0;933.5666666666666;7.333333333333333;2.3333333333333335;5
83075;2002-06-09;0;31.9;15.2;6;2002;6;9;-23.43;-46.46;735;73.0;70.0;36.0;936.3;936.0;933.2;5;7;7;3.0;1.0;3.0;10.0;9.0;8.0;59.666666666666664;935.1666666666666;9.0;2.3333333333333335;5
83075;2002-06-10;0;32.9;16.7;8.2;2002;6;10;-23.43;-46.46;735;69.0;64.0;38.0;934.9;935.2;933.5;5;3;5;3.0;1.0;2.0;10.0;0.0;8.0;57.0;934.5333333333333;6.0;2.0;5
83075;2002-06-11;2.5;19.2;12.5;0;2002;6;11;-23.43;-46.46;735;87.0;74.0;73.0;938.4;940.2;941.2;5;5;5;3.0;4.0;3.0;10.0;10.0;10.0;78.0;939.9333333333334;10.0;3.3333333333333335;5
83075;2002-06-12;23;33.7;20;7.8;2002;6;12;-23.43;-46.46;735;84.0;63.0;40.0;934.9;934.4;931.8;3;7;7;1.0;1.0;3.0;9.0;9.0;9.0;62.333333333333336;933.6999999999999;9.0;1.6666666666666667;3
83075;2002-06-13;0;28.7;15.7;7.9;2002;6;13;-23.43;-46.46;735;84.0;85.0;40.0;935.0;936.2;933.3;3;5;7;1.0;1.0;4.0;10.0;1.0;1.0;69.66666666666667;934.8333333333334;4.0;2.0;3
83075;2002-06-14;0;28.6;15;6.6;2002;6;14;-23.43;-46.46;735;70.0;74.0;73.0;935.2;937.5;936.7;8;7;5;0.0;1.0;4.0;0.0;0.0;8.0;72.33333333333333;936.4666666666667;2.6666666666666665;1.6666666666666667;7
83075;2002-06-15;0.2;21.6;16.1;0;2002;6;15;-23.43;-46.46;735;80.0;80.0;79.0;939.2;940.8;939.2;3;5;5;2.0;2.0;3.0;9.0;10.0;10.0;79.66666666666667;939.7333333333332;9.666666666666666;2.3333333333333335;3
83075;2002-06-16;0;24.6;15.8;5.6;2002;6;16;-23.43;-46.46;735;88.0;92.0;53.0;940.0;940.0;936.7;5;3;3;1.0;1.0;1.0;10.0;10.0;1.0;77.66666666666667;938.9;7.0;1.0;5
83075;2002-06-17;0;26.7;16.7;7.9;2002;6;17;-23.43;-46.46;735;87.0;76.0;42.0;938.2;939.1;934.7;5;3;7;1.0;1.0;2.0;10.0;5.0;1.0;68.33333333333333;937.3333333333334;5.333333333333333;1.3333333333333333;5
83075;2002-06-18;0;26.8;13.9;8.2;2002;6;18;-23.43;-46.46;735;78.0;62.0;34.0;935.2;936.8;935.4;8;3;7;0.0;1.0;3.0;0.0;8.0;4.0;58.0;935.8000000000001;4.0;1.3333333333333333;3
83075;2002-06-19;0;25.6;13.7;7.9;2002;6;19;-23.43;-46.46;735;64.0;63.0;60.0;936.9;938.9;937.6;7;5;5;1.0;1.0;4.0;1.0;5.0;4.0;62.333333333333336;937.8000000000001;3.3333333333333335;2.0;7
83075;2002-06-20;0;24.5;16.1;6.1;2002;6;20;-23.43;-46.46;735;79.0;82.0;52.0;939.8;939.7;936.7;5;3;5;1.0;1.0;1.0;9.0;10.0;2.0;71.0;938.7333333333332;7.0;1.0;5
83075;2002-06-21;0;26.2;13.3;7.7;2002;6;21;-23.43;-46.46;735;79.0;79.0;43.0;937.4;938.9;936.9;8;8;7;0.0;0.0;1.0;0.0;4.0;2.0;67.0;937.7333333333332;2.0;0.3333333333333333;7
83075;2002-06-22;0;20.1;14.2;0;2002;6;22;-23.43;-46.46;735;80.0;80.0;77.0;938.9;940.8;940.8;3;5;5;3.0;3.0;3.0;9.0;10.0;10.0;79.0;940.1666666666666;9.666666666666666;3.0;3
83075;2002-06-23;0.4;19.4;12.7;2;2002;6;23;-23.43;-46.46;735;89.0;83.0;70.0;941.7;941.8;939.0;5;5;5;1.0;3.0;3.0;10.0;10.0;9.0;80.66666666666667;940.8333333333334;9.666666666666666;2.3333333333333335;5
83075;2002-06-24;0;25.3;13.8;6.9;2002;6;24;-23.43;-46.46;735;83.0;83.0;38.0;940.2;939.9;937.3;5;7;7;2.0;2.0;2.0;9.0;0.0;5.0;68.0;939.1333333333332;4.666666666666667;2.0;5
83075;2002-06-25;0;18.9;12.9;0.7;2002;6;25;-23.43;-46.46;735;81.0;78.0;68.0;940.3;942.1;939.7;5;3;3;3.0;2.0;2.0;10.0;10.0;6.0;75.66666666666667;940.7000000000002;8.666666666666666;2.3333333333333335;5
83075;2002-06-26;0;20.5;12.7;3.6;2002;6;26;-23.43;-46.46;735;83.0;81.0;62.0;941.9;942.3;939.4;5;3;3;3.0;1.0;1.0;10.0;9.0;1.0;75.33333333333333;941.1999999999999;6.666666666666667;1.6666666666666667;5
83075;2002-06-27;0;22.8;13.4;5.6;2002;6;27;-23.43;-46.46;735;87.0;82.0;58.0;940.4;939.5;937.1;5;3;3;2.0;1.0;1.0;10.0;10.0;0.0;75.66666666666667;939.0;6.666666666666667;1.3333333333333333;5
83075;2002-06-28;0;26;14.2;7.2;2002;6;28;-23.43;-46.46;735;88.0;84.0;37.0;938.5;938.4;935.6;5;5;7;1.0;1.0;1.0;10.0;8.0;4.0;69.66666666666667;937.5;7.333333333333333;1.0;5
83075;2002-06-29;0;26.8;12.3;8.3;2002;6;29;-23.43;-46.46;735;63.0;69.0;36.0;936.3;938.0;936.1;3;3;7;1.0;1.0;3.0;0.0;0.0;0.0;56.0;936.8000000000001;0.0;1.6666666666666667;3
83075;2002-06-30;0;27.5;12.2;3.8;2002;6;30;-23.43;-46.46;735;69.0;74.0;35.0;937.2;938.0;936.2;5;8;7;1.0;0.0;3.0;0.0;0.0;0.0;59.333333333333336;937.1333333333333;0.0;1.3333333333333333;5
83075;2002-07-01;0.7;25.7;19.6;0;2002;7;1;-23.43;-46.46;735;68.0;69.0;79.0;929.5;929.8;928.8;8;7;7;0.0;1.0;3.0;10.0;10.0;10.0;72.0;929.3666666666667;10.0;1.3333333333333333;7
83075;2002-07-02;2.5;23.4;17.9;1.1;2002;7;2;-23.43;-46.46;735;79.0;79.0;80.0;931.4;929.9;928.7;7;3;7;1.0;2.0;1.0;8.0;9.0;10.0;79.33333333333333;930.0;9.0;1.3333333333333333;7
83075;2002-07-03;0;33.8;20;10.1;2002;7;3;-23.43;-46.46;735;72.0;62.0;37.0;931.4;933.3;931.2;3;3;7;1.0;1.0;3.0;6.0;4.0;5.0;57.0;931.9666666666666;5.0;1.6666666666666667;3
83075;2002-07-04;31.3;27;16.3;4.4;2002;7;4;-23.43;-46.46;735;91.0;79.0;78.0;931.4;933.1;930.8;7;7;3;1.0;1.0;3.0;10.0;5.0;10.0;82.66666666666667;931.7666666666668;8.333333333333334;1.6666666666666667;7
83075;2002-07-05;4.3;28.2;17.1;6.7;2002;7;5;-23.43;-46.46;735;81.0;86.0;58.0;935.5;935.4;932.7;5;5;7;2.0;1.0;1.0;9.0;10.0;5.0;75.0;934.5333333333334;8.0;1.3333333333333333;5
83075;2002-07-06;0;27.5;14.2;8.4;2002;7;6;-23.43;-46.46;735;75.0;74.0;35.0;933.5;934.2;931.0;8;8;7;0.0;0.0;3.0;0.0;1.0;0.0;61.333333333333336;932.9;0.3333333333333333;1.0;7
83075;2002-07-07;0;22.4;14.1;1.7;2002;7;7;-23.43;-46.46;735;72.0;79.0;83.0;933.3;931.4;929.6;8;8;7;0.0;0.0;2.0;8.0;9.0;10.0;78.0;931.4333333333333;9.0;0.6666666666666666;7
83075;2002-07-08;4;29.5;14;8.9;2002;7;8;-23.43;-46.46;735;75.0;76.0;39.0;935.4;938.3;939.4;7;7;3;1.0;1.0;1.0;0.0;0.0;1.0;63.333333333333336;937.6999999999999;0.3333333333333333;1.0;7
83075;2002-07-09;9.4;27;10.8;0.2;2002;7;9;-23.43;-46.46;735;54.0;75.0;82.0;932.6;935.1;935.9;7;7;5;1.0;3.0;3.0;9.0;10.0;10.0;70.33333333333333;934.5333333333333;9.666666666666666;2.3333333333333335;7
83075;2002-07-10;0.5;34.2;17.9;9.8;2002;7;10;-23.43;-46.46;735;70.0;44.0;30.0;933.8;934.2;933.6;8;8;7;0.0;0.0;2.0;1.0;2.0;8.0;48.0;933.8666666666667;3.6666666666666665;0.6666666666666666;7
83075;2002-07-11;0.3;20.2;11.9;2.5;2002;7;11;-23.43;-46.46;735;77.0;76.0;62.0;941.7;942.2;941.9;3;5;5;3.0;2.0;2.0;10.0;10.0;9.0;71.66666666666667;941.9333333333334;9.666666666666666;2.3333333333333335;3
83075;2002-07-12;0.3;32.5;19.7;4.2;2002;7;12;-23.43;-46.46;735;63.0;92.0;41.0;932.0;931.8;930.1;8;7;7;0.0;1.0;2.0;9.0;9.0;8.0;65.33333333333333;931.3000000000001;8.666666666666666;1.0;7
83075;2002-07-13;12.6;17.8;10.7;1;2002;7;13;-23.43;-46.46;735;89.0;79.0;77.0;932.0;934.8;933.2;8;5;5;0.0;2.0;3.0;9.0;10.0;9.0;81.66666666666667;933.3333333333334;9.333333333333334;1.6666666666666667;5
83075;2002-07-14;0;20.3;8;8.9;2002;7;14;-23.43;-46.46;735;87.0;79.0;43.0;935.2;936.1;933.6;5;3;5;2.0;1.0;2.0;10.0;1.0;0.0;69.66666666666667;934.9666666666667;3.6666666666666665;1.6666666666666667;5
83075;2002-07-15;0;21.7;7.5;6.4;2002;7;15;-23.43;-46.46;735;81.0;85.0;52.0;936.3;936.6;934.0;3;3;5;2.0;1.0;1.0;0.0;10.0;0.0;72.66666666666667;935.6333333333333;3.3333333333333335;1.3333333333333333;3
83075;2002-07-16;0;24.9;10.7;7.7;2002;7;16;-23.43;-46.46;735;85.0;81.0;29.0;935.8;936.2;933.5;5;3;5;2.0;3.0;2.0;8.0;8.0;1.0;65.0;935.1666666666666;5.666666666666667;2.3333333333333335;5
83075;2002-07-17;0;18.3;8.5;8.3;2002;7;17;-23.43;-46.46;735;73.0;70.0;58.0;935.3;938.6;938.0;5;5;5;1.0;2.0;3.0;0.0;0.0;6.0;67.0;937.3000000000001;2.0;2.0;5
83075;2002-07-18;0;17.9;11.1;0.9;2002;7;18;-23.43;-46.46;735;77.0;77.0;65.0;939.5;940.7;938.1;5;3;5;2.0;2.0;3.0;9.0;9.0;8.0;73.0;939.4333333333334;8.666666666666666;2.3333333333333335;5
83075;2002-07-19;0;21.5;10.8;6.2;2002;7;19;-23.43;-46.46;735;82.0;79.0;55.0;938.8;937.8;934.4;3;3;5;3.0;3.0;2.0;8.0;8.0;4.0;72.0;937.0;6.666666666666667;2.6666666666666665;3
83075;2002-07-20;0;23.7;12.1;4.8;2002;7;20;-23.43;-46.46;735;86.0;85.0;57.0;935.5;936.3;933.1;3;3;3;1.0;3.0;1.0;1.0;10.0;4.0;76.0;934.9666666666667;5.0;1.6666666666666667;3
83075;2002-07-21;0;21.6;13.3;0.1;2002;7;21;-23.43;-46.46;735;71.0;78.0;65.0;934.1;934.8;932.9;3;3;5;2.0;2.0;1.0;4.0;9.0;9.0;71.33333333333333;933.9333333333334;7.333333333333333;1.6666666666666667;3
83075;2002-07-22;0.1;25.4;14.9;0.9;2002;7;22;-23.43;-46.46;735;82.0;76.0;42.0;933.8;933.0;930.3;5;3;7;1.0;2.0;5.0;9.0;9.0;10.0;66.66666666666667;932.3666666666667;9.333333333333334;2.6666666666666665;5
83075;2002-07-23;0;25.6;11.9;9.1;2002;7;23;-23.43;-46.46;735;75.0;70.0;45.0;930.6;935.0;933.0;7;7;7;5.0;2.0;2.0;9.0;9.0;0.0;63.333333333333336;932.8666666666667;6.0;3.0;7
83075;2002-07-24;0;24.9;11.7;4.8;2002;7;24;-23.43;-46.46;735;71.0;91.0;58.0;935.1;938.2;935.2;5;5;5;1.0;1.0;2.0;0.0;10.0;0.0;73.33333333333333;936.1666666666666;3.3333333333333335;1.3333333333333333;5
83075;2002-07-25;0;29.6;12;9;2002;7;25;-23.43;-46.46;735;83.0;78.0;28.0;936.3;937.6;935.6;5;3;7;1.0;1.0;1.0;0.0;0.0;1.0;63.0;936.5;0.3333333333333333;1.0;5
83075;2002-07-26;0;23.2;12.2;5.9;2002;7;26;-23.43;-46.46;735;74.0;81.0;55.0;937.2;939.0;935.2;3;5;5;1.0;1.0;1.0;0.0;10.0;2.0;70.0;937.1333333333333;4.0;1.0;3
83075;2002-07-27;0;28.5;12.3;8;2002;7;27;-23.43;-46.46;735;87.0;82.0;33.0;936.0;935.0;931.9;5;3;7;1.0;1.0;2.0;10.0;1.0;8.0;67.33333333333333;934.3000000000001;6.333333333333333;1.3333333333333333;5
83075;2002-07-28;0;18.9;10.8;2.8;2002;7;28;-23.43;-46.46;735;79.0;83.0;54.0;935.0;937.9;936.9;5;5;3;1.0;1.0;2.0;8.0;10.0;1.0;72.0;936.6;6.333333333333333;1.3333333333333333;5
83075;2002-07-29;0;21;7.5;7.8;2002;7;29;-23.43;-46.46;735;75.0;72.0;46.0;939.7;940.9;937.3;5;3;3;1.0;2.0;2.0;9.0;2.0;9.0;64.33333333333333;939.2999999999998;6.666666666666667;1.6666666666666667;5
83075;2002-07-30;0;26.2;10.1;6.8;2002;7;30;-23.43;-46.46;735;78.0;81.0;49.0;938.9;939.3;934.3;3;3;3;1.0;3.0;1.0;10.0;10.0;9.0;69.33333333333333;937.5;9.666666666666666;1.6666666666666667;3
83075;2002-07-31;0;26.5;13.5;1.7;2002;7;31;-23.43;-46.46;735;67.0;73.0;73.0;935.3;934.7;932.8;3;3;3;1.0;1.0;4.0;0.0;6.0;9.0;71.0;934.2666666666668;5.0;2.0;3
83075;2002-08-01;0.4;28.9;17.6;2.9;2002;8;1;-23.43;-46.46;735;81.0;63.0;86.0;929.6;930.7;930.6;8;7;5;0.0;2.0;3.0;8.0;5.0;9.0;76.66666666666667;930.3000000000001;7.333333333333333;1.6666666666666667;7
83075;2002-08-02;31.6;27.7;18.5;1.6;2002;8;2;-23.43;-46.46;735;89.0;76.0;70.0;929.4;931.1;927.6;3;7;7;1.0;2.0;2.0;8.0;10.0;9.0;78.33333333333333;929.3666666666667;9.0;1.6666666666666667;3
83075;2002-08-03;4.5;33.6;19.8;7;2002;8;3;-23.43;-46.46;735;81.0;66.0;42.0;934.5;934.4;931.5;3;8;7;2.0;0.0;3.0;10.0;5.0;9.0;63.0;933.4666666666667;8.0;1.6666666666666667;3
83075;2002-08-04;21.4;25.7;16.7;4.3;2002;8;4;-23.43;-46.46;735;84.0;80.0;66.0;932.0;932.9;930.4;5;7;5;1.0;1.0;3.0;5.0;10.0;5.0;76.66666666666667;931.7666666666668;6.666666666666667;1.6666666666666667;5
83075;2002-08-05;0;27.5;18;6.5;2002;8;5;-23.43;-46.46;735;83.0;80.0;53.0;934.1;933.8;931.7;5;7;7;1.0;1.0;2.0;9.0;9.0;9.0;72.0;933.2000000000002;9.0;1.3333333333333333;5
83075;2002-08-06;0;27.9;14.4;8.1;2002;8;6;-23.43;-46.46;735;54.0;70.0;40.0;933.5;936.4;933.9;7;8;7;2.0;0.0;1.0;0.0;0.0;5.0;54.666666666666664;934.6;1.6666666666666667;1.0;7
83075;2002-08-07;1.3;18.7;8.8;8.5;2002;8;7;-23.43;-46.46;735;80.0;71.0;46.0;932.5;935.1;933.4;7;7;7;3.0;2.0;1.0;2.0;1.0;1.0;65.66666666666667;933.6666666666666;1.3333333333333333;2.0;7
83075;2002-08-08;0;30.5;15.5;9.1;2002;8;8;-23.43;-46.46;735;69.0;72.0;39.0;940.1;940.6;939.0;0;3;5;1.0;1.0;1.0;0.0;0.0;1.0;60.0;939.9;0.3333333333333333;1.0;0
83075;2002-08-09;0;16.2;10.4;0;2002;8;9;-23.43;-46.46;735;89.0;69.0;70.0;939.6;941.8;941.6;5;3;3;3.0;3.0;3.0;10.0;10.0;10.0;76.0;941.0;10.0;3.0;5
83075;2002-08-10;0;35.1;20.5;9;2002;8;10;-23.43;-46.46;735;60.0;44.0;29.0;933.9;934.7;934.4;8;7;7;0.0;1.0;2.0;0.0;0.0;4.0;44.333333333333336;934.3333333333334;1.3333333333333333;1.0;7
83075;2002-08-11;0;24.7;12.3;11.1;2002;8;11;-23.43;-46.46;735;78.0;50.0;49.0;941.9;942.0;938.9;3;3;3;3.0;3.0;4.0;9.0;2.0;4.0;59.0;940.9333333333334;5.0;3.3333333333333335;3
83075;2002-08-12;19.2;25.9;18.8;0.2;2002;8;12;-23.43;-46.46;735;92.0;73.0;85.0;930.5;930.6;930.5;8;5;5;0.0;1.0;3.0;10.0;10.0;10.0;83.33333333333333;930.5333333333333;10.0;1.3333333333333333;5
83075;2002-08-13;0;30.1;15.6;8;2002;8;13;-23.43;-46.46;735;62.0;56.0;27.0;939.1;939.2;938.5;8;7;0;0.0;1.0;2.0;8.0;0.0;4.0;48.333333333333336;938.9333333333334;4.0;1.0;7
83075;2002-08-14;0;29.1;15.1;6.3;2002;8;14;-23.43;-46.46;735;53.0;53.0;62.0;938.6;938.9;939.0;8;5;5;0.0;1.0;0.3;4.0;4.0;1.0;56.0;938.8333333333334;3.0;0.43333333333333335;5
83075;2002-08-15;0;26.3;16.4;6.1;2002;8;15;-23.43;-46.46;735;80.0;75.0;50.0;939.9;940.6;940.2;5;0;3;3.0;2.0;2.0;10.0;9.0;1.0;68.33333333333333;940.2333333333332;6.666666666666667;2.3333333333333335;5
83075;2002-08-16;0;27.3;16.1;6.8;2002;8;16;-23.43;-46.46;735;83.0;75.0;43.0;940.5;941.9;941.3;5;3;3;2.0;3.0;3.0;10.0;9.0;0.0;67.0;941.2333333333332;6.333333333333333;2.6666666666666665;5
83075;2002-08-17;0;27.4;14.8;7.7;2002;8;17;-23.43;-46.46;735;83.0;76.0;40.0;941.8;942.0;941.4;3;5;5;1.0;1.0;1.0;10.0;6.0;0.0;66.33333333333333;941.7333333333332;5.333333333333333;1.0;3
83075;2002-08-18;0;27.9;14.8;8.6;2002;8;18;-23.43;-46.46;735;81.0;67.0;38.0;941.3;941.8;939.8;5;3;3;1.0;2.0;2.0;0.0;0.0;1.0;62.0;940.9666666666666;0.3333333333333333;1.6666666666666667;5
83075;2002-08-19;0;28.5;14.5;8.6;2002;8;19;-23.43;-46.46;735;64.0;68.0;30.0;939.8;941.1;940.3;5;5;7;1.0;1.0;3.0;0.0;0.0;1.0;54.0;940.4;0.3333333333333333;1.6666666666666667;5
83075;2002-08-20;0;27.8;14.7;8.6;2002;8;20;-23.43;-46.46;735;57.0;62.0;36.0;940.3;940.5;939.8;5;3;7;1.0;2.0;2.0;0.0;1.0;4.0;51.666666666666664;940.1999999999999;1.6666666666666667;1.6666666666666667;5
83075;2002-08-21;0;28.7;14.4;7.6;2002;8;21;-23.43;-46.46;735;55.0;45.0;32.0;940.2;940.8;940.5;8;7;7;0.0;2.0;3.0;0.0;4.0;9.0;44.0;940.5;4.333333333333333;1.6666666666666667;7
83075;2002-08-22;0;28.6;16.3;3.8;2002;8;22;-23.43;-46.46;735;58.0;60.0;39.0;940.8;940.9;940.2;8;5;5;0.0;1.0;1.0;2.0;9.0;9.0;52.333333333333336;940.6333333333332;6.666666666666667;0.6666666666666666;5
83075;2002-08-23;0;29.3;14.7;8.4;2002;8;23;-23.43;-46.46;735;78.0;69.0;32.0;940.9;940.4;939.2;5;3;5;1.0;0.2;3.0;10.0;1.0;1.0;59.666666666666664;940.1666666666666;4.0;1.4000000000000001;5
83075;2002-08-24;0;28.7;15.9;8.5;2002;8;24;-23.43;-46.46;735;64.0;72.0;31.0;939.4;939.5;939.1;8;5;5;0.0;3.0;3.0;0.0;0.0;0.0;55.666666666666664;939.3333333333334;0.0;2.0;5
83075;2002-08-25;0;28.5;14.3;8.4;2002;8;25;-23.43;-46.46;735;73.0;74.0;34.0;939.4;939.7;939.3;8;3;7;0.0;1.0;1.0;0.0;0.0;1.0;60.333333333333336;939.4666666666666;0.3333333333333333;0.6666666666666666;3
83075;2002-08-26;0;25.8;14.4;5;2002;8;26;-23.43;-46.46;735;81.0;80.0;56.0;939.7;940.7;940.5;5;3;3;1.0;2.0;3.0;0.0;10.0;2.0;72.33333333333333;940.3000000000001;4.0;2.0;5
83075;2002-08-27;0;26.4;13.8;6.8;2002;8;27;-23.43;-46.46;735;80.0;73.0;36.0;932.7;941.1;940.4;5;3;3;2.0;3.0;2.0;6.0;9.0;1.0;63.0;938.0666666666667;5.333333333333333;2.3333333333333335;5
83075;2002-08-28;0;29.4;14.2;8.6;2002;8;28;-23.43;-46.46;735;78.0;74.0;26.0;940.7;940.1;936.6;3;3;3;2.0;2.0;1.0;0.0;0.0;2.0;59.333333333333336;939.1333333333333;0.6666666666666666;1.6666666666666667;3
83075;2002-08-29;0;28.4;15.5;5;2002;8;29;-23.43;-46.46;735;57.0;48.0;42.0;936.0;935.9;933.5;8;3;7;0.0;2.0;3.0;0.0;1.0;10.0;49.0;935.1333333333333;3.6666666666666665;1.6666666666666667;3
83075;2002-08-30;2.5;24.6;15.7;4.2;2002;8;30;-23.43;-46.46;735;78.0;71.0;52.0;933.9;934.2;934.1;5;7;7;1.0;3.0;2.0;10.0;6.0;8.0;67.0;934.0666666666666;8.0;2.0;5
83075;2002-08-31;0;24.3;14.6;1.7;2002;8;31;-23.43;-46.46;735;76.0;86.0;63.0;934.6;935.1;934.1;5;5;7;1.0;1.0;2.0;4.0;10.0;10.0;75.0;934.6;8.0;1.3333333333333333;5
83075;2002-09-01;21.4;26.6;17.4;0.3;2002;9;1;-23.43;-46.46;735;88.0;74.0;59.0;934.0;935.1;933.8;3;3;3;1.0;1.0;1.0;10.0;10.0;10.0;73.66666666666667;934.2999999999998;10.0;1.0;3
83075;2002-09-02;32;22.7;18.3;0;2002;9;2;-23.43;-46.46;735;33.0;91.0;83.0;930.8;930.3;928.6;3;7;3;1.0;1.0;1.0;10.0;10.0;10.0;69.0;929.9;10.0;1.0;3
83075;2002-09-03;55.8;33.6;18.9;9.4;2002;9;3;-23.43;-46.46;735;89.0;76.0;40.0;935.0;935.4;932.5;3;3;3;2.0;1.0;1.0;9.0;0.0;1.0;68.33333333333333;934.3000000000001;3.3333333333333335;1.3333333333333333;3
83075;2002-09-04;0;27;16.5;6;2002;9;4;-23.43;-46.46;735;81.0;82.0;49.0;932.5;932.5;930.0;5;3;3;1.0;1.0;3.0;1.0;9.0;2.0;70.66666666666667;931.6666666666666;4.0;1.6666666666666667;5
83075;2002-09-05;12.4;23.4;17.2;1.1;2002;9;5;-23.43;-46.46;735;76.0;75.0;68.0;933.4;934.8;933.8;5;5;5;3.0;2.0;2.0;9.0;10.0;10.0;73.0;934.0;9.666666666666666;2.3333333333333335;5
83075;2002-09-06;0;28.3;14.3;8.1;2002;9;6;-23.43;-46.46;735;65.0;76.0;38.0;935.2;935.2;931.9;8;8;7;0.0;0.0;3.0;4.0;4.0;5.0;59.666666666666664;934.1;4.333333333333333;1.0;7
83075;2002-09-07;0;18.9;9;6.1;2002;9;7;-23.43;-46.46;735;80.0;80.0;52.0;935.9;938.9;936.2;3;3;5;1.0;2.0;2.0;10.0;10.0;4.0;70.66666666666667;937.0;8.0;1.6666666666666667;3
83075;2002-09-08;0;30.5;17.3;8.2;2002;9;8;-23.43;-46.46;735;58.0;65.0;29.0;939.0;938.9;937.8;7;5;7;1.0;2.0;3.0;6.0;8.0;4.0;50.666666666666664;938.5666666666666;6.0;2.0;7
83075;2002-09-09;0;24.3;12.3;3.7;2002;9;9;-23.43;-46.46;735;80.0;79.0;62.0;942.1;941.9;941.4;3;3;5;3.0;2.0;4.0;10.0;10.0;10.0;73.66666666666667;941.8000000000001;10.0;3.0;3
83075;2002-09-10;0;34.3;18.8;7.4;2002;9;10;-23.43;-46.46;735;45.0;59.0;33.0;935.6;935.5;934.8;8;3;8;0.0;2.0;0.0;8.0;4.0;8.0;45.666666666666664;935.2999999999998;6.666666666666667;0.6666666666666666;3
83075;2002-09-11;0;31.9;13.2;11.5;2002;9;11;-23.43;-46.46;735;78.0;61.0;29.0;938.7;938.7;934.7;3;3;7;4.0;1.0;1.0;9.0;9.0;2.0;56.0;937.3666666666668;6.666666666666667;2.0;3
83075;2002-09-12;19.5;22.7;17.5;0;2002;9;12;-23.43;-46.46;735;93.0;80.0;74.0;931.2;933.3;935.0;5;5;5;1.0;3.0;5.0;9.0;10.0;10.0;82.33333333333333;933.1666666666666;9.666666666666666;3.0;5
83075;2002-09-13;0;25.5;18.4;0.2;2002;9;13;-23.43;-46.46;735;53.0;58.0;55.0;934.7;934.6;935.1;5;7;7;1.0;1.0;1.0;5.0;10.0;10.0;55.333333333333336;934.8000000000001;8.333333333333334;1.0;5
83075;2002-09-14;3.2;23.7;14.2;0.4;2002;9;14;-23.43;-46.46;735;84.0;66.0;83.0;934.4;934.0;934.1;8;7;5;0.0;5.0;3.0;10.0;10.0;10.0;77.66666666666667;934.1666666666666;10.0;2.6666666666666665;7
83075;2002-09-15;1.4;26;14.1;4.8;2002;9;15;-23.43;-46.46;735;87.0;78.0;50.0;934.7;936.0;936.2;5;3;3;1.0;1.0;2.0;10.0;9.0;5.0;71.66666666666667;935.6333333333333;8.0;1.3333333333333333;5
83075;2002-09-16;0;21.6;15.2;0;2002;9;16;-23.43;-46.46;735;80.0;73.0;69.0;937.8;938.7;938.8;3;3;8;2.0;2.0;0.0;9.0;10.0;10.0;74.0;938.4333333333334;9.666666666666666;1.3333333333333333;3
83075;2002-09-17;0;30.9;14.6;7.8;2002;9;17;-23.43;-46.46;735;79.0;80.0;36.0;939.6;939.8;937.6;3;3;5;2.0;2.0;2.0;10.0;2.0;4.0;65.0;939.0;5.333333333333333;2.0;3
83075;2002-09-18;0;29.6;16.2;7;2002;9;18;-23.43;-46.46;735;79.0;75.0;41.0;938.6;938.4;936.9;5;3;3;1.0;2.0;2.0;10.0;5.0;5.0;65.0;937.9666666666667;6.666666666666667;1.6666666666666667;5
83075;2002-09-19;0;30.6;16.3;4.8;2002;9;19;-23.43;-46.46;735;82.0;61.0;39.0;937.6;936.8;933.9;5;5;5;1.0;1.0;3.0;10.0;2.0;9.0;60.666666666666664;936.1;7.0;1.6666666666666667;5
83075;2002-09-20;0.2;26.2;17.2;0;2002;9;20;-23.43;-46.46;735;67.0;77.0;81.0;934.0;935.2;933.1;8;8;5;0.0;0.0;1.0;10.0;10.0;10.0;75.0;934.1;10.0;0.3333333333333333;5
83075;2002-09-21;26.3;20.2;10.5;0;2002;9;21;-23.43;-46.46;735;87.0;92.0;85.0;933.4;934.3;934.5;8;5;5;0.0;3.0;3.0;10.0;10.0;10.0;88.0;934.0666666666666;10.0;2.0;5
83075;2002-09-22;0.1;16.7;10.2;0.5;2002;9;22;-23.43;-46.46;735;88.0;86.0;73.0;935.9;936.7;936.0;5;3;3;1.0;1.0;2.0;10.0;10.0;9.0;82.33333333333333;936.1999999999999;9.666666666666666;1.3333333333333333;5
83075;2002-09-23;0;17.7;11.4;0;2002;9;23;-23.43;-46.46;735;83.0;81.0;79.0;936.5;936.0;936.0;3;3;5;1.0;2.0;1.0;10.0;10.0;10.0;81.0;936.1666666666666;10.0;1.3333333333333333;3
83075;2002-09-24;0.4;16.8;12.4;0;2002;9;24;-23.43;-46.46;735;82.0;88.0;70.0;936.0;936.4;936.3;5;5;5;1.0;1.0;3.0;10.0;10.0;10.0;80.0;936.2333333333332;10.0;1.6666666666666667;5
83075;2002-09-25;0.2;22.2;11.1;4.5;2002;9;25;-23.43;-46.46;735;80.0;61.0;63.0;937.1;937.5;937.0;3;3;5;1.0;3.0;4.0;10.0;4.0;9.0;68.0;937.1999999999999;7.666666666666667;2.6666666666666665;3
83075;2002-09-26;0;25;11.3;7;2002;9;26;-23.43;-46.46;735;81.0;79.0;58.0;937.8;937.8;937.9;3;3;5;1.0;2.0;5.0;10.0;8.0;1.0;72.66666666666667;937.8333333333334;6.333333333333333;2.6666666666666665;3
83075;2002-09-27;0;25.5;13.3;6.6;2002;9;27;-23.43;-46.46;735;77.0;75.0;63.0;938.6;939.5;939.2;3;3;5;1.0;1.0;4.0;9.0;9.0;2.0;71.66666666666667;939.1;6.666666666666667;2.0;3
83075;2002-09-28;0;27;15.2;9;2002;9;28;-23.43;-46.46;735;73.0;65.0;50.0;940.4;940.2;939.1;3;3;5;3.0;2.0;2.0;10.0;2.0;4.0;62.666666666666664;939.9;5.333333333333333;2.3333333333333335;3
83075;2002-09-29;0;30.9;15;8.6;2002;9;29;-23.43;-46.46;735;83.0;68.0;30.0;939.3;939.4;936.6;5;3;7;2.0;3.0;2.0;4.0;2.0;4.0;60.333333333333336;938.4333333333333;3.3333333333333335;2.3333333333333335;5
83075;2002-09-30;0;32.6;16.6;5.7;2002;9;30;-23.43;-46.46;735;58.0;52.0;27.0;936.2;936.2;934.4;8;8;7;0.0;0.0;3.0;4.0;10.0;9.0;45.666666666666664;935.6;7.666666666666667;1.0;7
83075;2002-10-01;17;27.7;17.3;0.7;2002;10;1;-23.43;-46.46;735;86.0;78.0;61.0;935.2;936.9;934.8;3;3;5;1.0;2.0;3.0;10.0;10.0;10.0;75.0;935.6333333333332;10.0;2.0;3
83075;2002-10-02;4.8;29.2;17.2;5.6;2002;10;2;-23.43;-46.46;735;84.0;73.0;57.0;929.8;930.8;929.0;8;7;7;0.0;1.0;3.0;6.0;8.0;9.0;71.33333333333333;929.8666666666667;7.666666666666667;1.3333333333333333;7
83075;2002-10-03;0;32.8;19.1;9.8;2002;10;3;-23.43;-46.46;735;81.0;69.0;26.0;937.7;934.6;932.2;3;7;5;1.0;1.0;2.0;10.0;4.0;2.0;58.666666666666664;934.8333333333334;5.333333333333333;1.3333333333333333;3
83075;2002-10-04;0;27.9;17;6.4;2002;10;4;-23.43;-46.46;735;79.0;77.0;46.0;931.8;931.8;929.0;3;3;5;1.0;1.0;2.0;4.0;6.0;5.0;67.33333333333333;930.8666666666667;5.0;1.3333333333333333;3
83075;2002-10-05;0.1;24.7;15.8;4.7;2002;10;5;-23.43;-46.46;735;91.0;81.0;60.0;935.8;937.3;935.6;3;3;3;1.0;2.0;1.0;10.0;10.0;4.0;77.33333333333333;936.2333333333332;8.0;1.3333333333333333;3
83075;2002-10-06;0;28;16.9;4.4;2002;10;6;-23.43;-46.46;735;72.0;67.0;44.0;932.8;935.5;933.4;8;8;7;0.0;0.0;2.0;6.0;9.0;9.0;61.0;933.9;8.0;0.6666666666666666;7
83075;2002-10-07;0;21.6;11.3;5.6;2002;10;7;-23.43;-46.46;735;80.0;81.0;53.0;938.8;938.8;936.1;5;3;5;3.0;1.0;2.0;9.0;8.0;9.0;71.33333333333333;937.9;8.666666666666666;2.0;5
83075;2002-10-08;0;24.9;13.5;7.4;2002;10;8;-23.43;-46.46;735;48.0;58.0;59.0;937.9;939.2;938.8;7;5;5;2.0;1.0;4.0;0.0;9.0;5.0;55.0;938.6333333333332;4.666666666666667;2.3333333333333335;7
83075;2002-10-09;0;24.2;14.3;4.2;2002;10;9;-23.43;-46.46;735;80.0;83.0;61.0;941.9;941.7;941.2;3;3;3;1.0;2.0;2.0;10.0;10.0;1.0;74.66666666666667;941.6;7.0;1.6666666666666667;3
83075;2002-10-10;0;35.6;17.9;9.5;2002;10;10;-23.43;-46.46;735;59.0;61.0;22.0;935.5;935.3;934.1;3;5;3;2.0;1.0;1.0;6.0;1.0;4.0;47.333333333333336;934.9666666666667;3.6666666666666665;1.3333333333333333;3
83075;2002-10-11;0;32.2;18.4;5.1;2002;10;11;-23.43;-46.46;735;56.0;40.0;44.0;934.4;934.3;933.7;8;7;7;0.0;3.0;2.0;1.0;10.0;10.0;46.666666666666664;934.1333333333332;7.0;1.6666666666666667;7
83075;2002-10-12;0;24.5;16.9;0.6;2002;10;12;-23.43;-46.46;735;82.0;73.0;72.0;936.7;937.1;937.3;5;3;5;4.0;2.0;4.0;10.0;9.0;10.0;75.66666666666667;937.0333333333334;9.666666666666666;3.3333333333333335;5
83075;2002-10-13;0;33.9;18.7;9.3;2002;10;13;-23.43;-46.46;735;63.0;56.0;30.0;935.1;934.9;934.7;5;3;5;3.0;1.0;3.0;0.0;4.0;9.0;49.666666666666664;934.9;4.333333333333333;2.3333333333333335;5
83075;2002-10-14;0;35.3;18.2;9;2002;10;14;-23.43;-46.46;735;76.0;71.0;17.0;936.3;936.5;935.8;5;5;5;1.0;1.0;2.0;0.0;4.0;5.0;54.666666666666664;936.1999999999999;3.0;1.3333333333333333;5
83075;2002-10-15;0;33.2;18.2;3.7;2002;10;15;-23.43;-46.46;735;53.0;44.0;24.0;935.9;936.2;935.5;8;5;5;0.0;1.0;1.0;0.0;10.0;10.0;40.333333333333336;935.8666666666667;6.666666666666667;0.6666666666666666;5
83075;2002-10-16;0;36;18;9.2;2002;10;16;-23.43;-46.46;735;58.0;35.0;20.0;935.8;935.7;934.5;5;3;7;1.0;1.0;1.0;2.0;0.0;1.0;37.666666666666664;935.3333333333334;1.0;1.0;5
83075;2002-10-17;0;27.8;19.5;1.3;2002;10;17;-23.43;-46.46;735;38.0;63.0;71.0;936.2;935.0;935.4;8;5;5;0.0;3.0;5.0;0.0;9.0;9.0;57.333333333333336;935.5333333333333;6.0;2.6666666666666665;5
83075;2002-10-18;1.6;25.1;17.8;0;2002;10;18;-23.43;-46.46;735;82.0;75.0;70.0;936.6;936.9;936.6;5;3;5;2.0;2.0;5.0;10.0;10.0;10.0;75.66666666666667;936.6999999999999;10.0;3.0;5
83075;2002-10-19;0;32.6;17.6;6.3;2002;10;19;-23.43;-46.46;735;72.0;69.0;42.0;936.8;937.2;934.6;3;3;3;5.0;4.0;1.0;9.0;1.0;8.0;61.0;936.1999999999999;6.0;3.3333333333333335;3
83075;2002-10-20;3.5;34.2;18.9;10;2002;10;20;-23.43;-46.46;735;82.0;51.0;33.0;935.4;935.2;932.5;5;3;7;1.0;3.0;3.0;10.0;0.0;1.0;55.333333333333336;934.3666666666667;3.6666666666666665;2.3333333333333335;5
83075;2002-10-21;0;34.9;20.3;7;2002;10;21;-23.43;-46.46;735;51.0;44.0;53.0;932.6;933.0;932.6;3;3;5;2.0;1.0;3.0;9.0;6.0;6.0;49.333333333333336;932.7333333333332;7.0;2.0;3
83075;2002-10-22;13.3;22.9;15.3;0;2002;10;22;-23.43;-46.46;735;85.0;76.0;80.0;934.6;936.9;937.6;5;3;5;3.0;1.0;5.0;10.0;10.0;10.0;80.33333333333333;936.3666666666667;10.0;3.0;5
83075;2002-10-23;0;20.3;13.7;0;2002;10;23;-23.43;-46.46;735;84.0;74.0;74.0;939.7;940.4;939.7;5;5;5;3.0;2.0;2.0;10.0;10.0;10.0;77.33333333333333;939.9333333333334;10.0;2.3333333333333335;5
83075;2002-10-24;0;30.3;14.9;4.7;2002;10;24;-23.43;-46.46;735;81.0;61.0;48.0;939.6;939.1;935.3;3;3;5;4.0;2.0;3.0;10.0;4.0;10.0;63.333333333333336;938.0;8.0;3.0;3
83075;2002-10-25;0;32.7;17.5;5.6;2002;10;25;-23.43;-46.46;735;79.0;68.0;37.0;935.6;935.1;932.1;3;3;7;1.0;1.0;3.0;10.0;2.0;10.0;61.333333333333336;934.2666666666668;7.333333333333333;1.6666666666666667;3
83075;2002-10-26;48.6;31.5;17.5;6.1;2002;10;26;-23.43;-46.46;735;90.0;71.0;49.0;933.6;933.4;933.1;3;5;5;2.0;1.0;2.0;9.0;5.0;9.0;70.0;933.3666666666667;7.666666666666667;1.6666666666666667;3
83075;2002-10-27;0;30.7;17.2;9.4;2002;10;27;-23.43;-46.46;735;77.0;65.0;56.0;933.5;933.8;933.5;5;3;3;3.0;2.0;4.0;9.0;2.0;9.0;66.0;933.6;6.666666666666667;3.0;5
83075;2002-10-28;0;30.3;17.9;4.9;2002;10;28;-23.43;-46.46;735;71.0;65.0;68.0;933.9;935.5;934.0;3;3;5;2.0;2.0;6.0;9.0;4.0;10.0;68.0;934.4666666666667;7.666666666666667;3.3333333333333335;3
83075;2002-10-29;0;34.3;17.7;8.8;2002;10;29;-23.43;-46.46;735;81.0;63.0;33.0;934.0;933.6;930.9;3;7;7;3.0;1.0;2.0;10.0;8.0;6.0;59.0;932.8333333333334;8.0;2.0;3
83075;2002-10-30;51;26.6;18.3;0;2002;10;30;-23.43;-46.46;735;74.0;80.0;88.0;931.3;931.3;931.3;5;8;5;5.0;0.0;1.0;10.0;10.0;10.0;80.66666666666667;931.2999999999998;10.0;2.0;5
83075;2002-10-31;12.6;23.7;17;0.1;2002;10;31;-23.43;-46.46;735;85.0;83.0;78.0;932.4;932.7;932.9;5;3;5;4.0;1.0;4.0;10.0;10.0;10.0;82.0;932.6666666666666;10.0;3.0;5
83075;2002-11-01;0;27.6;18.4;0.6;2002;11;1;-23.43;-46.46;735;78.0;74.0;57.0;935.5;936.7;935.7;5;3;3;2.0;3.0;1.0;10.0;10.0;10.0;69.66666666666667;935.9666666666667;10.0;2.0;5
83075;2002-11-02;7;32.4;17.3;9.8;2002;11;2;-23.43;-46.46;735;87.0;62.0;43.0;931.0;932.4;930.2;3;1;7;2.0;1.0;3.0;1.0;1.0;4.0;64.0;931.2000000000002;2.0;2.0;3
83075;2002-11-03;0;33;19.7;9.8;2002;11;3;-23.43;-46.46;735;79.0;68.0;39.0;933.8;934.3;932.1;3;3;7;2.0;1.0;1.0;9.0;1.0;2.0;62.0;933.4;4.0;1.3333333333333333;3
83075;2002-11-04;0;30.5;17.3;7.9;2002;11;4;-23.43;-46.46;735;79.0;83.0;43.0;931.0;931.6;928.5;5;3;7;1.0;1.0;3.0;8.0;8.0;4.0;68.33333333333333;930.3666666666667;6.666666666666667;1.6666666666666667;5
83075;2002-11-05;0;27;17.5;6.4;2002;11;5;-23.43;-46.46;735;83.0;77.0;58.0;938.2;939.4;936.1;5;3;5;3.0;1.0;1.0;10.0;10.0;2.0;72.66666666666667;937.9;7.333333333333333;1.6666666666666667;5
83075;2002-11-06;0;28.6;17.3;8;2002;11;6;-23.43;-46.46;735;79.0;73.0;44.0;935.7;935.8;932.7;5;3;7;3.0;3.0;3.0;10.0;5.0;2.0;65.33333333333333;934.7333333333332;5.666666666666667;3.0;5
83075;2002-11-07;0;18.5;12.6;0;2002;11;7;-23.43;-46.46;735;84.0;79.0;81.0;937.8;937.5;936.3;5;5;5;2.0;1.0;4.0;10.0;10.0;10.0;81.33333333333333;937.1999999999999;10.0;2.3333333333333335;5
83075;2002-11-08;0;29.3;13.5;6.5;2002;11;8;-23.43;-46.46;735;86.0;87.0;33.0;939.4;939.3;938.8;5;5;7;1.0;1.0;3.0;10.0;10.0;1.0;68.66666666666667;939.1666666666666;7.0;1.6666666666666667;5
83075;2002-11-09;0;28.2;16;7.5;2002;11;9;-23.43;-46.46;735;84.0;74.0;46.0;941.4;941.5;939.5;5;3;3;1.0;2.0;2.0;9.0;9.0;2.0;68.0;940.8000000000001;6.666666666666667;1.6666666666666667;5
83075;2002-11-10;0;36.4;19.8;9.8;2002;11;10;-23.43;-46.46;735;44.0;46.0;26.0;934.4;934.5;934.0;5;3;7;1.0;1.0;1.0;8.0;2.0;1.0;38.666666666666664;934.3000000000001;3.6666666666666665;1.0;5
83075;2002-11-11;9;28;18.9;3.9;2002;11;11;-23.43;-46.46;735;87.0;65.0;61.0;933.6;934.4;934.1;7;7;7;1.0;2.0;2.0;9.0;9.0;10.0;71.0;934.0333333333333;9.333333333333334;1.6666666666666667;7
83075;2002-11-12;0;25;17.5;0.1;2002;11;12;-23.43;-46.46;735;83.0;80.0;69.0;937.6;937.6;936.8;5;3;5;2.0;3.0;1.0;9.0;10.0;10.0;77.33333333333333;937.3333333333334;9.666666666666666;2.0;5
83075;2002-11-13;7.6;19.4;15.2;0;2002;11;13;-23.43;-46.46;735;85.0;86.0;90.0;939.3;939.5;939.7;3;3;5;2.0;2.0;3.0;10.0;10.0;10.0;87.0;939.5;10.0;2.3333333333333335;3
83075;2002-11-14;4;29.6;14.7;5;2002;11;14;-23.43;-46.46;735;90.0;77.0;48.0;939.9;939.2;937.2;3;3;7;1.0;2.0;2.0;10.0;9.0;10.0;71.66666666666667;938.7666666666668;9.666666666666666;1.6666666666666667;3
83075;2002-11-15;0.9;31.4;18.5;6.6;2002;11;15;-23.43;-46.46;735;80.0;63.0;46.0;937.4;937.2;935.0;8;7;7;0.0;3.0;3.0;10.0;10.0;9.0;63.0;936.5333333333333;9.666666666666666;2.0;7
83075;2002-11-16;0;32;17;7.1;2002;11;16;-23.43;-46.46;735;75.0;64.0;44.0;935.4;935.6;933.4;5;7;7;1.0;2.0;3.0;2.0;5.0;10.0;61.0;934.8000000000001;5.666666666666667;2.0;5
83075;2002-11-17;2.1;32.5;16.4;8.6;2002;11;17;-23.43;-46.46;735;79.0;76.0;42.0;933.7;933.6;931.4;3;5;7;2.0;3.0;3.0;5.0;2.0;5.0;65.66666666666667;932.9000000000001;4.0;2.6666666666666665;3
83075;2002-11-18;0;34.1;20;10.4;2002;11;18;-23.43;-46.46;735;83.0;52.0;41.0;932.1;932.0;930.6;3;7;7;1.0;4.0;4.0;10.0;4.0;6.0;58.666666666666664;931.5666666666666;6.666666666666667;3.0;3
83075;2002-11-19;5.8;30.9;19.4;8.1;2002;11;19;-23.43;-46.46;735;65.0;61.0;44.0;932.3;932.9;932.4;5;7;7;5.0;2.0;2.0;10.0;6.0;6.0;56.666666666666664;932.5333333333333;7.333333333333333;3.0;5
83075;2002-11-20;0;32.7;18.4;9.7;2002;11;20;-23.43;-46.46;735;71.0;63.0;51.0;934.1;933.9;933.5;3;5;5;2.0;1.0;4.0;4.0;6.0;8.0;61.666666666666664;933.8333333333334;6.0;2.3333333333333335;3
83075;2002-11-21;0;35.5;20.1;10.9;2002;11;21;-23.43;-46.46;735;72.0;64.0;52.0;934.3;933.7;933.7;8;3;5;0.0;1.0;4.0;0.0;4.0;9.0;62.666666666666664;933.9;4.333333333333333;1.6666666666666667;3
83075;2002-11-22;0;26.2;19.5;5.1;2002;11;22;-23.43;-46.46;735;77.0;75.0;64.0;937.3;937.1;937.4;5;5;5;4.0;2.0;4.0;10.0;9.0;9.0;72.0;937.2666666666668;9.333333333333334;3.3333333333333335;5
83075;2002-11-23;7.4;28.7;18.9;2.7;2002;11;23;-23.43;-46.46;735;91.0;70.0;67.0;938.2;938.0;936.8;5;5;5;3.0;1.0;3.0;10.0;9.0;9.0;76.0;937.6666666666666;9.333333333333334;2.3333333333333335;5
83075;2002-11-24;0;31.9;19.9;6.4;2002;11;24;-23.43;-46.46;735;82.0;65.0;51.0;937.0;936.9;935.9;5;7;7;1.0;3.0;2.0;9.0;9.0;8.0;66.0;936.6;8.666666666666666;2.0;5
83075;2002-11-25;23.3;31.7;17.9;5.4;2002;11;25;-23.43;-46.46;735;87.0;64.0;51.0;935.9;935.8;935.1;8;5;7;0.0;1.0;2.0;9.0;9.0;10.0;67.33333333333333;935.5999999999999;9.333333333333334;1.0;5
83075;2002-11-26;16.2;26.6;19.4;0;2002;11;26;-23.43;-46.46;735;70.0;82.0;75.0;935.1;935.2;935.1;8;7;7;0.0;3.0;3.0;4.0;10.0;10.0;75.66666666666667;935.1333333333333;8.0;2.0;7
83075;2002-11-27;0;31.4;21.3;6;2002;11;27;-23.43;-46.46;735;69.0;63.0;56.0;935.0;935.6;934.3;7;7;7;2.0;3.0;3.0;9.0;9.0;9.0;62.666666666666664;934.9666666666666;9.0;2.6666666666666665;7
83075;2002-11-28;0;33.7;20.1;6.8;2002;11;28;-23.43;-46.46;735;66.0;61.0;44.0;935.2;934.9;934.4;7;7;5;5.0;1.0;6.0;9.0;5.0;10.0;57.0;934.8333333333334;8.0;4.0;7
83075;2002-11-29;15.9;33.3;19.8;7.2;2002;11;29;-23.43;-46.46;735;90.0;61.0;41.0;934.7;934.6;933.6;8;3;7;0.0;2.0;2.0;9.0;8.0;9.0;64.0;934.3000000000001;8.666666666666666;1.3333333333333333;3
83075;2002-11-30;12.5;28.6;19.8;0.9;2002;11;30;-23.43;-46.46;735;70.0;79.0;54.0;934.5;935.3;934.9;7;7;7;2.0;2.0;3.0;10.0;10.0;9.0;67.66666666666667;934.9;9.666666666666666;2.3333333333333335;7
83075;2002-12-01;9.8;24.8;18.4;0;2002;12;1;-23.43;-46.46;735;80.0;87.0;63.0;936.8;936.4;933.1;3;5;3;1.0;1.0;1.0;10.0;10.0;10.0;76.66666666666667;935.4333333333333;10.0;1.0;3
83075;2002-12-02;17;31.7;17.1;6.8;2002;12;2;-23.43;-46.46;735;82.0;62.0;55.0;933.1;935.3;931.6;3;7;7;3.0;1.0;3.0;9.0;5.0;6.0;66.33333333333333;933.3333333333334;6.666666666666667;2.3333333333333335;3
83075;2002-12-03;0;33.4;21.1;8.8;2002;12;3;-23.43;-46.46;735;74.0;55.0;37.0;933.6;934.3;932.9;3;7;7;1.0;1.0;2.0;8.0;1.0;5.0;55.333333333333336;933.6;4.666666666666667;1.3333333333333333;3
83075;2002-12-04;0;31.6;17.7;6.9;2002;12;4;-23.43;-46.46;735;70.0;64.0;41.0;929.9;931.1;928.6;8;8;7;0.0;0.0;2.0;0.0;1.0;6.0;58.333333333333336;929.8666666666667;2.3333333333333335;0.6666666666666666;7
83075;2002-12-05;0;28.1;17.9;7.5;2002;12;5;-23.43;-46.46;735;82.0;78.0;42.0;937.3;938.2;934.9;5;5;5;2.0;1.0;1.0;9.0;9.0;2.0;67.33333333333333;936.8000000000001;6.666666666666667;1.3333333333333333;5
83075;2002-12-06;0;28.6;16.2;8.1;2002;12;6;-23.43;-46.46;735;73.0;78.0;42.0;934.3;934.6;932.3;8;8;7;0.0;0.0;3.0;0.0;0.0;2.0;64.33333333333333;933.7333333333332;0.6666666666666666;1.0;7
83075;2002-12-07;8.4;17.7;12.6;0;2002;12;7;-23.43;-46.46;735;91.0;93.0;82.0;936.5;936.0;932.7;3;5;5;1.0;2.0;1.0;9.0;10.0;10.0;88.66666666666667;935.0666666666666;9.666666666666666;1.3333333333333333;3
83075;2002-12-08;0;30.5;14.5;6.8;2002;12;8;-23.43;-46.46;735;65.0;66.0;34.0;939.1;939.6;938.9;8;8;7;0.0;0.0;1.0;0.0;4.0;9.0;55.0;939.1999999999999;4.333333333333333;0.3333333333333333;7
83075;2002-12-09;0;29.9;14.6;9.4;2002;12;9;-23.43;-46.46;735;70.0;61.0;34.0;939.7;938.7;934.9;3;3;7;2.0;1.0;4.0;1.0;8.0;9.0;55.0;937.7666666666668;6.0;2.3333333333333335;3
83075;2002-12-10;0;35.8;19.3;8.3;2002;12;10;-23.43;-46.46;735;45.0;64.0;36.0;934.3;934.7;934.1;8;3;5;0.0;1.0;3.0;4.0;0.0;4.0;48.333333333333336;934.3666666666667;2.6666666666666665;1.3333333333333333;3
83075;2002-12-11;10.2;23.4;16.3;0;2002;12;11;-23.43;-46.46;735;78.0;84.0;85.0;934.9;937.6;937.7;8;5;5;0.0;1.0;1.0;10.0;10.0;10.0;82.33333333333333;936.7333333333332;10.0;0.6666666666666666;5
83075;2002-12-12;1.3;28.4;18.7;2.4;2002;12;12;-23.43;-46.46;735;84.0;80.0;64.0;937.0;936.2;933.2;3;3;5;3.0;2.0;2.0;10.0;9.0;10.0;76.0;935.4666666666667;9.666666666666666;2.3333333333333335;3
83075;2002-12-13;0;30.7;18.5;5.6;2002;12;13;-23.43;-46.46;735;82.0;64.0;59.0;933.7;933.4;933.1;8;8;5;0.0;0.0;5.0;10.0;9.0;10.0;68.33333333333333;933.4;9.666666666666666;1.6666666666666667;5
83075;2002-12-14;14.6;32;17.7;6.7;2002;12;14;-23.43;-46.46;735;84.0;62.0;41.0;933.3;933.7;933.3;8;8;5;0.0;0.0;1.0;9.0;10.0;9.0;62.333333333333336;933.4333333333334;9.333333333333334;0.3333333333333333;5
83075;2002-12-15;36.2;29.7;17.3;2;2002;12;15;-23.43;-46.46;735;88.0;65.0;54.0;934.7;934.6;934.0;3;7;7;2.0;1.0;2.0;10.0;10.0;9.0;69.0;934.4333333333334;9.666666666666666;1.6666666666666667;3
83075;2002-12-16;22.1;27.3;17.7;2.1;2002;12;16;-23.43;-46.46;735;79.0;88.0;58.0;934.2;934.1;933.7;5;8;7;1.0;0.0;3.0;10.0;10.0;9.0;75.0;934.0;9.666666666666666;1.3333333333333333;5
83075;2002-12-17;0.5;28.7;19;4.6;2002;12;17;-23.43;-46.46;735;77.0;69.0;83.0;933.3;933.4;933.9;7;7;5;2.0;3.0;1.0;1.0;9.0;9.0;76.33333333333333;933.5333333333333;6.333333333333333;2.0;7
83075;2002-12-18;20.1;28.3;16.3;1;2002;12;18;-23.43;-46.46;735;88.0;44.0;44.0;934.8;936.2;936.4;5;3;5;2.0;1.0;3.0;10.0;0.0;5.0;58.666666666666664;935.8000000000001;5.0;2.0;5
83075;2002-12-19;0;33.1;16.1;9.5;2002;12;19;-23.43;-46.46;735;74.0;65.0;40.0;937.2;936.6;935.6;3;5;7;3.0;1.0;4.0;5.0;0.0;6.0;59.666666666666664;936.4666666666667;3.6666666666666665;2.6666666666666665;3
83075;2002-12-20;0;34.2;21.1;9.1;2002;12;20;-23.43;-46.46;735;73.0;54.0;40.0;936.0;935.8;935.6;5;7;7;1.0;3.0;3.0;2.0;9.0;5.0;55.666666666666664;935.8000000000001;5.333333333333333;2.3333333333333335;5
83075;2002-12-21;13.9;30.5;20.2;3.6;2002;12;21;-23.43;-46.46;735;87.0;72.0;69.0;936.3;937.3;936.7;8;5;5;0.0;2.0;3.0;9.0;8.0;10.0;76.0;936.7666666666668;9.0;1.6666666666666667;5
83075;2002-12-22;0;29.8;20;6.6;2002;12;22;-23.43;-46.46;735;78.0;68.0;53.0;937.4;937.6;935.7;5;3;5;1.0;3.0;3.0;8.0;5.0;6.0;66.33333333333333;936.9;6.333333333333333;2.3333333333333335;5
83075;2002-12-23;0;34.3;19.8;7.9;2002;12;23;-23.43;-46.46;735;80.0;68.0;41.0;935.5;935.4;933.1;3;8;7;2.0;0.0;4.0;10.0;2.0;8.0;63.0;934.6666666666666;6.666666666666667;2.0;3
83075;2002-12-24;0;33.3;22.5;9.2;2002;12;24;-23.43;-46.46;735;66.0;57.0;46.0;933.7;933.9;932.4;7;7;7;2.0;1.0;3.0;6.0;10.0;9.0;56.333333333333336;933.3333333333334;8.333333333333334;2.0;7
83075;2002-12-25;5.5;27.3;18;0.8;2002;12;25;-23.43;-46.46;735;69.0;74.0;75.0;932.5;932.8;933.7;7;7;5;2.0;2.0;3.0;4.0;10.0;10.0;72.66666666666667;933.0;8.0;2.3333333333333335;7
83075;2002-12-26;1.3;22.6;17.1;0.3;2002;12;26;-23.43;-46.46;735;80.0;73.0;68.0;936.1;937.0;936.8;5;5;5;3.0;2.0;3.0;10.0;10.0;10.0;73.66666666666667;936.6333333333332;10.0;2.6666666666666665;5
83075;2002-12-27;0;28.9;16.4;8.3;2002;12;27;-23.43;-46.46;735;79.0;66.0;51.0;936.9;937.1;936.5;5;5;5;3.0;1.0;5.0;10.0;2.0;1.0;65.33333333333333;936.8333333333334;4.333333333333333;3.0;5
83075;2002-12-28;0;31.8;15.5;9.1;2002;12;28;-23.43;-46.46;735;76.0;65.0;38.0;936.4;936.4;934.1;3;3;7;2.0;2.0;1.0;6.0;1.0;2.0;59.666666666666664;935.6333333333333;3.0;1.6666666666666667;3
83075;2002-12-29;0;32.7;18.1;9.8;2002;12;29;-23.43;-46.46;735;77.0;66.0;45.0;934.7;934.7;934.0;5;1;5;1.0;2.0;2.0;0.0;0.0;2.0;62.666666666666664;934.4666666666667;0.6666666666666666;1.6666666666666667;5
83075;2002-12-30;0;35.4;18.1;10.5;2002;12;30;-23.43;-46.46;735;78.0;55.0;29.0;934.2;934.4;933.7;3;5;5;1.0;1.0;1.0;1.0;1.0;4.0;54.0;934.1;2.0;1.0;3
83075;2002-12-31;0;35.4;18.1;8.5;2002;12;31;-23.43;-46.46;735;51.0;53.0;40.0;933.9;934.2;933.7;5;7;7;1.0;1.0;2.0;0.0;5.0;8.0;48.0;933.9333333333334;4.333333333333333;1.3333333333333333;5
83075;2003-01-01;26.2;32.9;20.3;6.4;2003;1;1;-23.43;-46.46;735;85.0;61.0;76.0;934.5;934.5;934.7;8;7;7;0.0;1.0;2.0;10.0;9.0;9.0;74.0;934.5666666666666;9.333333333333334;1.0;7
83075;2003-01-02;5;32.8;18.3;8.7;2003;1;2;-23.43;-46.46;735;87.0;64.0;42.0;936.9;938.0;937.9;8;7;7;0.0;2.05776;3.08664;9.0;7.5;8.75;64.33333333333333;937.6;8.416666666666666;1.7148;7
83075;2003-01-03;0;34.6;19.2;9.9;2003;1;3;-23.43;-46.46;735;65.0;64.0;24.0;936.5;936.8;934.9;3;3;7;1.02888;1.0;3.0;0.0;0.0;1.0;51.0;936.0666666666666;0.3333333333333333;1.6762933333333334;3
83075;2003-01-04;0;27.6;18.2;5.5;2003;1;4;-23.43;-46.46;735;70.0;74.0;51.0;936.0;937.2;937.4;5;3;5;1.0;2.0;2.0;1.0;5.0;10.0;65.0;936.8666666666667;5.333333333333333;1.6666666666666667;5
83075;2003-01-05;0;30.5;19.2;6.2;2003;1;5;-23.43;-46.46;735;65.0;67.0;42.0;937.4;937.9;936.2;8;5;7;0.0;1.0;3.0;0.0;9.0;9.0;58.0;937.1666666666666;6.0;1.3333333333333333;5
83075;2003-01-06;0;26.5;13.1;8.6;2003;1;6;-23.43;-46.46;735;73.0;77.0;43.0;940.6;941.1;940.0;7;5;7;1.0;1.0;1.0;0.0;0.0;1.0;64.33333333333333;940.5666666666666;0.3333333333333333;1.0;7
83075;2003-01-07;0;24.2;11.6;6.6;2003;1;7;-23.43;-46.46;735;80.0;86.0;41.0;942.5;943.0;942.1;5;3;7;1.02888;1.02888;3.0;8.75;10.0;8.75;69.0;942.5333333333333;9.166666666666666;1.68592;5
83075;2003-01-08;0;24.2;14.6;5.7;2003;1;8;-23.43;-46.46;735;79.0;74.0;50.0;940.4;940.7;940.7;5;3;5;1.02888;1.0;2.0;10.0;9.0;1.0;67.66666666666667;940.6;6.666666666666667;1.34296;5
83075;2003-01-09;0.3;22.6;10.5;7.4;2003;1;9;-23.43;-46.46;735;81.0;69.0;63.0;940.6;941.2;941.2;5;5;5;1.0;2.0;5.0;10.0;7.5;1.25;71.0;941.0;6.25;2.6666666666666665;5
83075;2003-01-10;0;26.6;14.5;8.4;2003;1;10;-23.43;-46.46;735;77.0;67.0;58.0;938.4;938.7;938.1;5;3;5;2.0;2.0;5.0;9.0;9.0;1.0;67.33333333333333;938.4;6.333333333333333;3.0;5
83075;2003-01-11;0;29.9;17.2;4.5;2003;1;11;-23.43;-46.46;735;78.0;55.0;58.0;936.9;935.5;935.2;5;3;5;1.0;1.0;2.0;2.0;4.0;8.0;63.666666666666664;935.8666666666668;4.666666666666667;1.3333333333333333;5
83075;2003-01-12;16.8;25.7;19.4;0.1;2003;1;12;-23.43;-46.46;735;91.0;87.0;76.0;933.2;932.0;930.3;5;5;7;1.0;1.02888;1.02888;10.0;10.0;10.0;84.66666666666667;931.8333333333334;10.0;1.0192533333333333;5
83075;2003-01-13;7.3;21.5;17.4;0;2003;1;13;-23.43;-46.46;735;88.0;87.0;90.0;934.0;934.3;934.4;5;3;5;3.0;1.0;1.0;10.0;10.0;10.0;88.33333333333333;934.2333333333332;10.0;1.6666666666666667;5
83075;2003-01-14;3.6;24.3;17.8;2.7;2003;1;14;-23.43;-46.46;735;87.0;73.0;74.0;934.4;934.9;935.1;5;3;5;2.0;3.0;4.0;9.0;10.0;10.0;78.0;934.8000000000001;9.666666666666666;3.0;5
83075;2003-01-15;0;28.2;18.2;3.4;2003;1;15;-23.43;-46.46;735;83.0;73.0;60.0;935.0;935.3;935.1;5;3;5;3.0;1.0;2.0;9.0;9.0;9.0;72.0;935.1333333333333;9.0;2.0;5
83075;2003-01-16;0;28.4;19.4;7;2003;1;16;-23.43;-46.46;735;79.0;75.0;88.0;935.5;935.6;935.6;5;5;5;3.0;1.0;1.0;9.0;4.0;10.0;80.66666666666667;935.5666666666666;7.666666666666667;1.6666666666666667;5
83075;2003-01-17;7.1;30;18.3;6.5;2003;1;17;-23.43;-46.46;735;86.0;76.0;59.0;935.4;935.3;933.8;5;3;5;1.0;1.0;5.0;6.0;5.0;8.0;73.66666666666667;934.8333333333334;6.333333333333333;2.3333333333333335;5
83075;2003-01-18;46.3;30.4;17.6;6;2003;1;18;-23.43;-46.46;735;88.0;71.0;57.0;934.4;934.0;934.0;7;7;7;1.0;3.0;4.0;5.0;8.0;8.0;72.0;934.1333333333333;7.0;2.6666666666666665;7
83075;2003-01-19;0;30.7;20.3;6.3;2003;1;19;-23.43;-46.46;735;75.0;71.0;47.0;934.1;934.1;933.2;7;3;5;1.0;3.0;3.0;10.0;9.0;8.0;64.33333333333333;933.8000000000001;9.0;2.3333333333333335;7
83075;2003-01-20;0;30.5;19;0.8;2003;1;20;-23.43;-46.46;735;79.0;68.0;54.0;933.5;933.6;931.8;3;5;7;3.0;1.0;3.0;8.0;2.0;10.0;67.0;932.9666666666666;6.666666666666667;2.3333333333333335;3
83075;2003-01-21;0;28.2;19.1;0;2003;1;21;-23.43;-46.46;735;72.0;68.0;70.0;931.9;931.9;931.0;1;7;7;3.0;3.0;1.0;9.0;10.0;10.0;70.0;931.6;9.666666666666666;2.3333333333333335;1
83075;2003-01-22;11.1;26;18.6;3.8;2003;1;22;-23.43;-46.46;735;88.0;88.0;85.0;931.8;932.4;932.5;7;5;3;1.0;1.0;1.0;10.0;10.0;10.0;87.0;932.2333333333332;10.0;1.0;7
83075;2003-01-23;6.8;30.3;20.2;0;2003;1;23;-23.43;-46.46;735;90.0;73.0;53.0;932.9;934.1;933.9;5;7;7;1.0;3.0;5.0;9.0;10.0;8.0;72.0;933.6333333333333;9.0;3.0;5
83075;2003-01-24;7.4;28;16.9;0;2003;1;24;-23.43;-46.46;735;89.0;81.0;88.0;935.5;936.4;936.3;7;7;7;1.0;2.0;3.0;10.0;10.0;10.0;86.0;936.0666666666666;10.0;2.0;7
83075;2003-01-25;59.4;22.3;16.4;0;2003;1;25;-23.43;-46.46;735;90.0;86.0;90.0;938.8;938.7;938.4;5;3;5;3.0;2.0;2.0;10.0;10.0;10.0;88.66666666666667;938.6333333333333;10.0;2.3333333333333335;5
83075;2003-01-26;1.7;25.7;17.9;0;2003;1;26;-23.43;-46.46;735;91.0;84.0;72.0;938.5;936.8;936.4;5;3;5;1.0;1.0;2.0;10.0;10.0;10.0;82.33333333333333;937.2333333333332;10.0;1.3333333333333333;5
83075;2003-01-27;3.3;25.7;18.4;0;2003;1;27;-23.43;-46.46;735;82.0;88.0;79.0;935.8;934.1;931.9;5;3;7;1.0;1.0;3.0;10.0;10.0;10.0;83.0;933.9333333333334;10.0;1.6666666666666667;5
83075;2003-01-28;10.3;23.1;18.6;0;2003;1;28;-23.43;-46.46;735;84.0;83.0;89.0;931.7;931.9;932.0;8;7;7;0.0;3.0;2.0;10.0;10.0;10.0;85.33333333333333;931.8666666666667;10.0;1.6666666666666667;7
83075;2003-01-29;13.9;25;17.7;0;2003;1;29;-23.43;-46.46;735;91.0;78.0;75.0;932.5;934.6;935.9;5;5;5;1.0;2.0;5.0;10.0;10.0;10.0;81.33333333333333;934.3333333333334;10.0;2.6666666666666665;5
83075;2003-01-30;0.6;24.3;17.8;0;2003;1;30;-23.43;-46.46;735;78.0;88.0;79.0;936.4;936.3;936.0;5;5;7;1.0;1.0;2.0;10.0;10.0;10.0;81.66666666666667;936.2333333333332;10.0;1.3333333333333333;5
83075;2003-01-31;4;26.2;19;0;2003;1;31;-23.43;-46.46;735;88.0;81.0;85.0;936.2;936.5;936.4;5;7;8;1.0;1.0;0.0;9.0;10.0;10.0;84.66666666666667;936.3666666666667;9.666666666666666;0.6666666666666666;5
83075;2003-02-01;12.6;28.7;20.9;4.3;2003;2;1;-23.43;-46.46;735;74.0;57.0;82.0;933.4;933.7;933.2;8;7;5;0.0;2.0;3.0;5.0;10.0;10.0;71.0;933.4333333333334;8.333333333333334;1.6666666666666667;7
83075;2003-02-02;0;33.4;18.5;11.1;2003;2;2;-23.43;-46.46;735;76.0;66.0;28.0;938.7;939.8;938.8;8;7;3;0.0;1.02888;3.08664;1.25;1.25;1.25;56.666666666666664;939.1;1.25;1.37184;7
83075;2003-02-03;0;34.4;20.2;10.7;2003;2;3;-23.43;-46.46;735;72.0;64.0;29.0;934.9;935.2;934.2;5;8;7;1.0;0.0;2.0;0.0;0.0;1.0;55.0;934.7666666666668;0.3333333333333333;1.0;5
83075;2003-02-04;0;28.4;16.4;8;2003;2;4;-23.43;-46.46;735;78.0;78.0;54.0;938.0;938.2;937.8;3;3;5;3.0;2.0;3.0;1.25;2.0;2.0;70.0;938.0;1.75;2.6666666666666665;3
83075;2003-02-05;0.7;26.4;16.2;0.9;2003;2;5;-23.43;-46.46;735;55.0;78.0;79.0;936.4;936.6;935.7;7;3;5;1.0;2.0;3.0;2.0;10.0;10.0;70.66666666666667;936.2333333333332;7.333333333333333;2.0;7
83075;2003-02-06;0;28.2;12.6;8.7;2003;2;6;-23.43;-46.46;735;77.0;74.0;34.0;940.0;940.0;937.3;8;5;7;0.0;1.0;3.0;0.0;0.0;0.0;61.666666666666664;939.1;0.0;1.3333333333333333;5
83075;2003-02-08;0;24.6;15.5;7.6;2003;2;8;-23.43;-46.46;735;75.0;75.0;46.0;941.5;943.1;942.4;0;3;8;2.0;1.02888;0.0;10.0;7.5;1.25;65.33333333333333;942.3333333333334;6.25;1.0096266666666667;0
83075;2003-02-09;0;21.2;13.2;5.7;2003;2;9;-23.43;-46.46;735;84.0;72.0;59.0;941.4;942.5;942.6;5;5;5;1.0;2.0;3.0;10.0;8.75;7.5;71.66666666666667;942.1666666666666;8.75;2.0;5
83075;2003-02-10;0;30.3;15.9;7.8;2003;2;10;-23.43;-46.46;735;73.0;68.0;59.0;938.8;938.4;937.2;5;3;5;3.0;2.0;5.0;10.0;2.0;0.0;66.66666666666667;938.1333333333332;4.0;3.3333333333333335;5
83075;2003-02-11;8;20.2;12.7;0;2003;2;11;-23.43;-46.46;735;84.0;87.0;87.0;935.0;936.1;936.8;5;5;5;3.0;1.0;1.0;9.0;10.0;10.0;86.0;935.9666666666666;9.666666666666666;1.6666666666666667;5
83075;2003-02-12;2;32.1;19.5;7.7;2003;2;12;-23.43;-46.46;735;81.0;76.0;62.0;930.4;930.7;929.8;8;5;5;0.0;1.02888;3.0;9.0;8.75;3.75;73.0;930.2999999999998;7.166666666666667;1.34296;5
83075;2003-02-15;2.3;27.3;19.4;1.6;2003;2;15;-23.43;-46.46;735;82.0;62.0;72.0;934.2;934.5;934.5;8;7;7;0.0;4.11552;2.05776;10.0;7.5;10.0;72.0;934.4;9.166666666666666;2.05776;7
83075;2003-02-16;0;30.8;18.6;9.3;2003;2;16;-23.43;-46.46;735;78.0;59.0;52.0;934.6;934.2;933.1;5;7;7;1.02888;4.11552;4.11552;8.75;6.25;5.0;63.0;933.9666666666667;6.666666666666667;3.0866400000000005;5
83075;2003-02-17;15.6;24.8;20.2;1;2003;2;17;-23.43;-46.46;735;75.0;91.0;73.0;933.1;932.3;931.4;8;7;7;0.0;1.02888;2.05776;2.5;10.0;8.75;79.66666666666667;932.2666666666668;7.083333333333333;1.02888;7
83075;2003-02-18;29.6;29.4;18.8;3.3;2003;2;18;-23.43;-46.46;735;82.0;75.0;58.0;933.5;932.6;932.5;7;7;7;1.02888;3.08664;4.11552;3.75;8.75;8.75;71.66666666666667;932.8666666666667;7.083333333333333;2.74368;7
83075;2003-02-19;3.8;32.2;20.7;8;2003;2;19;-23.43;-46.46;735;80.0;71.0;63.0;933.3;934.0;934.2;5;7;7;1.02888;2.05776;4.11552;10.0;1.25;8.75;71.33333333333333;933.8333333333334;6.666666666666667;2.40072;5
83075;2003-02-20;2.4;31.6;20.1;9.5;2003;2;20;-23.43;-46.46;735;84.0;66.0;50.0;934.8;936.1;959.0;5;7;7;2.05776;3.08664;3.08664;0.0;8.75;7.5;66.66666666666667;943.3000000000001;5.416666666666667;2.74368;5
83075;2003-02-21;17.1;29.5;20.8;6.6;2003;2;21;-23.43;-46.46;735;86.0;73.0;63.0;935.7;935.8;935.5;7;3;5;1.02888;1.02888;5.1444;8.75;8.75;8.75;74.0;935.6666666666666;8.75;2.40072;7
83075;2003-02-22;0;31.6;21.1;8.9;2003;2;22;-23.43;-46.46;735;78.0;65.0;84.0;936.4;937.1;1015.8;5;5;5;4.11552;2.05776;5.1444;10.0;7.5;6.25;75.66666666666667;963.1;7.916666666666667;3.77256;5
83075;2003-02-23;0;32.7;21.3;9;2003;2;23;-23.43;-46.46;735;79.0;68.0;36.0;937.9;939.4;939.2;3;3;5;2.05776;1.02888;1.02888;7.5;7.5;3.75;61.0;938.8333333333334;6.25;1.37184;3
83075;2003-02-24;0;31.8;20.1;6.1;2003;2;24;-23.43;-46.46;735;77.0;70.0;44.0;939.4;939.8;938.8;5;3;7;2.05776;3.08664;1.02888;5.0;7.5;5.0;63.666666666666664;939.3333333333334;5.833333333333333;2.05776;5
83075;2003-02-25;0;34.6;20.5;9.6;2003;2;25;-23.43;-46.46;735;77.0;70.0;53.0;938.9;938.5;937.3;8;5;5;0.0;1.02888;1.02888;0.0;0.0;7.5;66.66666666666667;938.2333333333332;2.5;0.68592;5
83075;2003-02-26;0;33.6;20.4;11;2003;2;26;-23.43;-46.46;735;53.0;54.0;32.0;937.3;935.8;935.5;5;5;5;1.02888;1.02888;4.11552;7.5;2.5;2.5;46.333333333333336;936.1999999999999;4.166666666666667;2.05776;5
83075;2003-02-27;0;33.4;20.5;10.1;2003;2;27;-23.43;-46.46;735;58.0;62.0;33.0;936.1;936.4;936.0;3;3;5;1.02888;1.02888;3.08664;0.0;0.0;1.25;51.0;936.1666666666666;0.4166666666666667;1.7148;3
83075;2003-02-28;0;34.2;20.1;10.4;2003;2;28;-23.43;-46.46;735;78.0;72.0;28.0;936.5;937.2;936.1;5;3;3;2.05776;1.02888;1.02888;8.75;1.25;2.5;59.333333333333336;936.6;4.166666666666667;1.37184;5
83075;2003-03-01;1;28.6;20.5;0.7;2003;3;1;-23.43;-46.46;735;82.0;78.0;89.0;933.5;933.6;933.3;5;5;5;1.0;2.0;2.0;9.0;10.0;10.0;83.0;933.4666666666666;9.666666666666666;1.6666666666666667;5
83075;2003-03-03;0;33.6;20.7;6.9;2003;3;3;-23.43;-46.46;735;67.0;61.0;44.0;934.3;934.7;934.7;5;8;7;1.0;0.0;4.0;0.0;2.0;9.0;57.333333333333336;934.5666666666666;3.6666666666666665;1.6666666666666667;5
83075;2003-03-04;0;27.6;17.3;6.5;2003;3;4;-23.43;-46.46;735;78.0;67.0;62.0;937.9;938.2;937.4;3;3;3;1.0;2.0;3.0;8.0;8.75;8.75;69.0;937.8333333333334;8.5;2.0;3
83075;2003-03-05;8;21.1;12.7;7.2;2003;3;5;-23.43;-46.46;735;81.0;67.0;53.0;935.7;937.6;937.5;5;5;5;3.0;3.0;3.0;10.0;8.75;3.75;67.0;936.9333333333334;7.5;3.0;5
83075;2003-03-06;0;26.9;15;3.7;2003;3;6;-23.43;-46.46;735;61.0;61.0;50.0;937.4;937.6;936.1;8;7;7;0.0;1.0;2.0;0.0;9.0;10.0;57.333333333333336;937.0333333333333;6.333333333333333;1.0;7
83075;2003-03-07;0;22.5;8.9;7.6;2003;3;7;-23.43;-46.46;735;79.0;82.0;40.0;940.8;941.2;940.5;8;8;3;0.0;0.0;3.0;0.0;0.0;0.0;67.0;940.8333333333334;0.0;1.0;3
83075;2003-03-08;0;24.6;14.1;7.5;2003;3;8;-23.43;-46.46;735;81.0;78.0;42.0;943.3;943.8;942.5;5;3;5;1.02888;2.0;1.0;10.0;8.75;1.25;67.0;943.1999999999999;6.666666666666667;1.34296;5
83075;2003-03-09;0;23.6;11.2;7.1;2003;3;9;-23.43;-46.46;735;74.0;66.0;61.0;943.3;943.8;943.6;5;3;5;1.0;3.0;5.0;10.0;3.75;6.25;67.0;943.5666666666666;6.666666666666667;3.0;5
83075;2003-03-10;0;30.8;16.7;6.3;2003;3;10;-23.43;-46.46;735;82.0;82.0;44.0;938.0;938.5;937.7;3;5;5;1.0;2.0;3.0;0.0;10.0;1.25;69.33333333333333;938.0666666666666;3.75;2.0;3
83075;2003-03-11;1;18.3;12.1;0.7;2003;3;11;-23.43;-46.46;735;89.0;72.0;60.0;937.3;937.7;937.6;5;3;5;1.0;3.0;3.0;10.0;8.75;8.75;73.66666666666667;937.5333333333333;9.166666666666666;2.3333333333333335;5
83075;2003-03-12;0;32.8;20.2;7.9;2003;3;12;-23.43;-46.46;735;85.0;64.0;62.0;930.9;931.4;930.9;3;7;5;1.02888;2.0;4.0;8.75;3.75;10.0;70.33333333333333;931.0666666666666;7.5;2.34296;3
83075;2003-03-13;10;30.3;20.8;7.3;2003;3;13;-23.43;-46.46;735;87.0;73.0;81.0;933.1;933.2;932.8;8;5;7;0.0;1.0;1.0;2.0;8.0;9.0;80.33333333333333;933.0333333333334;6.333333333333333;0.6666666666666666;5
83075;2003-03-14;5.7;30.8;18.6;8.2;2003;3;14;-23.43;-46.46;735;82.0;77.0;44.0;933.4;934.0;933.6;7;7;7;3.0;1.0;2.0;10.0;1.0;4.0;67.66666666666667;933.6666666666666;5.0;2.0;7
83075;2003-03-15;0;31.6;20.1;5.2;2003;3;15;-23.43;-46.46;735;78.0;81.0;65.0;935.2;936.0;935.9;5;5;5;1.0;1.0;5.0;4.0;9.0;10.0;74.66666666666667;935.6999999999999;7.666666666666667;2.3333333333333335;5
83075;2003-03-16;0;32.9;20.6;7.6;2003;3;16;-23.43;-46.46;735;80.0;74.0;47.0;936.8;936.7;935.6;5;5;5;2.0;1.0;3.0;10.0;1.0;9.0;67.0;936.3666666666667;6.666666666666667;2.0;5
83075;2003-03-17;2.2;25.6;18.5;0.3;2003;3;17;-23.43;-46.46;735;79.0;84.0;70.0;935.9;936.9;936.8;5;5;5;3.0;1.0;3.0;9.0;10.0;10.0;77.66666666666667;936.5333333333333;9.666666666666666;2.3333333333333335;5
83075;2003-03-18;4;25.2;17.2;1.3;2003;3;18;-23.43;-46.46;735;84.0;76.0;65.0;937.1;937.6;937.3;5;3;3;1.0;2.0;2.0;10.0;10.0;10.0;75.0;937.3333333333334;10.0;1.6666666666666667;5
83075;2003-03-19;0;28.8;18.5;5.7;2003;3;19;-23.43;-46.46;735;73.0;71.0;61.0;937.3;937.6;937.4;5;3;4;1.0;1.0;1.0;9.0;2.0;9.0;68.33333333333333;937.4333333333334;6.666666666666667;1.0;5
83075;2003-03-20;0.3;31.9;17.5;8.1;2003;3;20;-23.43;-46.46;735;81.0;72.0;46.0;937.8;937.8;936.4;3;7;7;2.0;1.0;3.0;1.0;0.0;4.0;66.33333333333333;937.3333333333334;1.6666666666666667;2.0;3
83075;2003-03-21;8;25.9;19;0.5;2003;3;21;-23.43;-46.46;735;74.0;78.0;69.0;936.2;935.5;934.8;5;7;7;1.0;2.0;3.0;5.0;10.0;10.0;73.66666666666667;935.5;8.333333333333334;2.0;5
83075;2003-03-22;6;23.4;17;0.5;2003;3;22;-23.43;-46.46;735;87.0;73.0;73.0;934.7;936.0;936.2;5;5;5;2.0;1.0;3.0;9.0;10.0;10.0;77.66666666666667;935.6333333333333;9.666666666666666;2.0;5
83075;2003-03-23;0.5;22.9;16.2;0;2003;3;23;-23.43;-46.46;735;86.0;79.0;67.0;936.6;938.0;938.2;5;5;5;1.0;2.0;3.0;9.0;10.0;10.0;77.33333333333333;937.6;9.666666666666666;2.0;5
83075;2003-03-24;0;23.2;17.4;0.5;2003;3;24;-23.43;-46.46;735;82.0;72.0;70.0;938.4;940.4;940.2;5;5;5;2.0;2.0;2.0;9.0;8.0;10.0;74.66666666666667;939.6666666666666;9.0;2.0;5
83075;2003-03-25;0.1;24.6;16.9;2.5;2003;3;25;-23.43;-46.46;735;76.0;87.0;63.0;940.6;940.5;940.1;5;5;5;4.0;1.0;3.0;9.0;10.0;9.0;75.33333333333333;940.4;9.333333333333334;2.6666666666666665;5
83075;2003-03-26;0.4;24;17.3;0;2003;3;26;-23.43;-46.46;735;85.0;80.0;67.0;940.1;940.2;938.8;5;3;3;2.0;2.0;2.0;10.0;10.0;10.0;77.33333333333333;939.7000000000002;10.0;2.0;5
83075;2003-03-27;0;26.6;17.1;2.8;2003;3;27;-23.43;-46.46;735;81.0;75.0;63.0;939.1;939.0;938.4;3;5;5;2.0;1.0;4.0;10.0;10.0;6.0;73.0;938.8333333333334;8.666666666666666;2.3333333333333335;3
83075;2003-03-28;0.3;24.6;17.3;6.6;2003;3;28;-23.43;-46.46;735;80.0;74.0;58.0;938.8;939.4;939.0;5;5;5;1.0;2.0;3.0;4.0;9.0;9.0;70.66666666666667;939.0666666666666;7.333333333333333;2.0;5
83075;2003-03-29;0;28;16.7;8.2;2003;3;29;-23.43;-46.46;735;79.0;70.0;55.0;939.3;939.4;938.3;3;3;5;2.0;3.0;3.0;9.0;6.0;6.0;68.0;939.0;7.0;2.6666666666666665;3
83075;2003-03-30;0;30.5;16.8;9;2003;3;30;-23.43;-46.46;735;78.0;79.0;41.0;938.2;938.2;935.8;5;7;7;3.0;1.0;2.0;9.0;1.0;2.0;66.0;937.4;4.0;2.0;5
83075;2003-03-31;0;31.3;18.2;6.1;2003;3;31;-23.43;-46.46;735;78.0;72.0;43.0;935.7;936.2;935.6;3;3;7;1.0;2.0;3.0;0.0;1.0;9.0;64.33333333333333;935.8333333333334;3.3333333333333335;2.0;3
83075;2003-04-01;17.7;29.6;20.1;1.6;2003;4;1;-23.43;-46.46;735;91.0;83.0;64.0;933.4;933.2;929.7;5;7;7;2.0;1.0;1.0;10.0;10.0;9.0;79.33333333333333;932.1;9.666666666666666;1.3333333333333333;5
83075;2003-04-03;6.8;31.6;19.3;7.3;2003;4;3;-23.43;-46.46;735;84.0;68.0;44.0;935.5;936.6;936.2;8;3;3;0.0;1.0;2.0;10.0;1.0;9.0;65.33333333333333;936.1;6.666666666666667;1.0;3
83075;2003-04-04;0;22.6;18.7;0.2;2003;4;4;-23.43;-46.46;735;78.0;77.0;83.0;937.8;936.8;934.5;3;3;7;1.0;2.0;3.0;10.0;10.0;10.0;79.33333333333333;936.3666666666667;10.0;2.0;3
83075;2003-04-05;0;22.9;12.5;6.3;2003;4;5;-23.43;-46.46;735;82.0;79.0;53.0;938.0;938.7;937.9;3;3;3;2.0;2.0;3.0;8.75;8.75;8.75;71.33333333333333;938.1999999999999;8.75;2.3333333333333335;3
83075;2003-04-06;0.1;25.9;15.8;2.6;2003;4;6;-23.43;-46.46;735;84.0;77.0;87.0;936.2;937.5;937.3;5;5;3;1.0;1.0;1.0;10.0;10.0;10.0;82.66666666666667;937.0;10.0;1.0;5
83075;2003-04-07;0;25.2;12.1;7.4;2003;4;7;-23.43;-46.46;735;82.0;85.0;26.0;940.7;940.8;937.8;5;3;7;1.02888;1.02888;3.0;10.0;6.25;0.0;64.33333333333333;939.7666666666668;5.416666666666667;1.68592;5
83075;2003-04-08;0;26.3;12.5;6.7;2003;4;8;-23.43;-46.46;735;84.0;88.0;36.0;942.7;941.2;939.6;3;5;8;1.0;1.02888;0.0;0.0;10.0;0.0;69.33333333333333;941.1666666666666;3.3333333333333335;0.6762933333333333;3
83075;2003-04-09;0;26.2;13.7;6.4;2003;4;9;-23.43;-46.46;735;80.0;82.0;43.0;943.8;944.3;943.4;3;3;5;3.0;3.0;2.0;10.0;8.75;0.0;68.33333333333333;943.8333333333334;6.25;2.6666666666666665;3
83075;2003-04-10;0;32;16.7;9.2;2003;4;10;-23.43;-46.46;735;71.0;66.0;55.0;937.9;939.8;938.2;5;5;5;3.0;2.0;4.0;10.0;1.0;0.0;64.0;938.6333333333332;3.6666666666666665;3.0;5
83075;2003-04-11;0.1;21.4;11.5;5.6;2003;4;11;-23.43;-46.46;735;73.0;72.0;58.0;938.5;938.7;938.3;5;3;5;3.0;3.0;5.0;10.0;8.75;8.75;67.66666666666667;938.5;9.166666666666666;3.6666666666666665;5
83075;2003-04-12;1.1;28;20.7;2.1;2003;4;12;-23.43;-46.46;735;88.0;78.0;63.0;931.6;931.8;930.7;8;5;3;0.0;1.02888;1.02888;10.0;10.0;8.75;76.33333333333333;931.3666666666668;9.583333333333334;0.68592;5
83075;2003-04-13;0;22.6;11.7;8.7;2003;4;13;-23.43;-46.46;735;76.0;62.0;37.0;940.4;942.9;942.5;5;5;5;3.0;3.0;4.0;10.0;1.25;1.25;58.333333333333336;941.9333333333334;4.166666666666667;3.3333333333333335;5
83075;2003-04-14;0;26.2;12.8;8.2;2003;4;14;-23.43;-46.46;735;80.0;68.0;42.0;943.4;943.5;942.1;5;5;5;1.02888;1.02888;3.0;5.0;6.25;7.5;63.333333333333336;943.0;6.25;1.68592;5
83075;2003-04-15;0;23.2;16.8;0.6;2003;4;15;-23.43;-46.46;735;78.0;77.0;67.0;942.2;942.0;940.1;5;3;3;1.02888;2.0;2.0;8.75;10.0;10.0;74.0;941.4333333333334;9.583333333333334;1.6762933333333334;5
83075;2003-04-16;0;26.2;16.5;6.3;2003;4;16;-23.43;-46.46;735;84.0;77.0;45.0;940.2;940.0;937.7;5;3;5;2.0;2.0;3.0;10.0;8.75;7.5;68.66666666666667;939.3000000000001;8.75;2.3333333333333335;5
83075;2003-04-17;0;28;16.3;6.5;2003;4;17;-23.43;-46.46;735;81.0;80.0;43.0;938.4;938.9;938.1;5;3;7;1.0;2.0;1.02888;8.75;8.75;5.0;68.0;938.4666666666667;7.5;1.34296;5
83075;2003-04-18;0;30.3;16.2;7.2;2003;4;18;-23.43;-46.46;735;89.0;75.0;42.0;937.8;938.2;936.0;5;3;5;1.0;3.0;1.02888;1.25;10.0;8.75;68.66666666666667;937.3333333333334;6.666666666666667;1.6762933333333334;5
83075;2003-04-19;0;30.9;18.2;5;2003;4;19;-23.43;-46.46;735;62.0;63.0;55.0;935.9;936.3;935.9;5;8;7;1.02888;0.0;1.02888;7.5;8.75;8.75;60.0;936.0333333333333;8.333333333333334;0.68592;5
83075;2003-04-20;13.8;24.4;17;0.2;2003;4;20;-23.43;-46.46;735;87.0;89.0;75.0;936.6;936.9;936.6;5;5;5;1.02888;1.02888;3.0;8.75;10.0;10.0;83.66666666666667;936.6999999999999;9.583333333333334;1.68592;5
83075;2003-04-21;0;25.3;18.3;0.2;2003;4;21;-23.43;-46.46;735;84.0;83.0;73.0;937.2;938.7;938.5;5;5;5;2.0;2.0;1.02888;10.0;10.0;10.0;80.0;938.1333333333333;10.0;1.6762933333333334;5
83075;2003-04-22;1.8;29.2;18.7;7;2003;4;22;-23.43;-46.46;735;85.0;78.0;57.0;939.1;940.1;940.0;5;7;5;1.0;1.02888;2.0;7.5;6.25;3.75;73.33333333333333;939.7333333333332;5.833333333333333;1.34296;5
83075;2003-04-23;0;28.8;18.5;7.4;2003;4;23;-23.43;-46.46;735;84.0;79.0;45.0;941.0;941.5;940.4;3;3;3;2.0;3.0;2.0;2.5;3.75;1.25;69.33333333333333;940.9666666666667;2.5;2.3333333333333335;3
83075;2003-04-24;0;29.1;16.9;8.4;2003;4;24;-23.43;-46.46;735;80.0;74.0;43.0;940.9;940.7;938.8;3;3;3;1.02888;2.0;2.0;0.0;0.0;0.0;65.66666666666667;940.1333333333332;0.0;1.6762933333333334;3
83075;2003-04-25;0;31;16;8.2;2003;4;25;-23.43;-46.46;735;81.0;80.0;39.0;939.4;939.3;937.8;5;3;3;1.02888;1.02888;1.02888;6.25;0.0;1.25;66.66666666666667;938.8333333333334;2.5;1.02888;5
83075;2003-04-26;0;31.9;17.6;7.5;2003;4;26;-23.43;-46.46;735;65.0;74.0;34.0;938.3;938.7;938.4;8;5;7;0.0;1.02888;2.0;0.0;8.75;2.0;57.666666666666664;938.4666666666667;3.5833333333333335;1.0096266666666667;5
83075;2003-04-27;0;31.4;17.5;8.7;2003;4;27;-23.43;-46.46;735;79.0;76.0;38.0;939.0;939.1;938.3;5;3;7;1.02888;1.02888;2.0;0.0;1.25;1.25;64.33333333333333;938.7999999999998;0.8333333333333334;1.3525866666666666;5
83075;2003-04-28;0;31.8;17.2;8.5;2003;4;28;-23.43;-46.46;735;67.0;63.0;38.0;938.3;938.3;937.2;8;3;7;0.0;2.0;1.02888;0.0;1.25;7.5;56.0;937.9333333333334;2.9166666666666665;1.0096266666666667;3
83075;2003-04-29;0;31;18.7;8.8;2003;4;29;-23.43;-46.46;735;63.0;73.0;37.0;937.5;937.9;938.5;8;5;1;0.0;1.02888;1.02888;0.0;1.25;3.75;57.666666666666664;937.9666666666667;1.6666666666666667;0.68592;5
83075;2003-04-30;0;30.7;18;6.8;2003;4;30;-23.43;-46.46;735;78.0;75.0;39.0;937.2;938.0;937.6;5;5;7;1.02888;1.02888;2.0;0.0;3.75;3.75;64.0;937.6;2.5;1.3525866666666666;5
83075;2003-05-01;12.4;27.8;20.3;2.1;2003;5;1;-23.43;-46.46;735;90.0;90.0;82.0;929.7;929.9;929.6;7;7;7;1.0;1.0;3.0;9.0;10.0;9.0;87.33333333333333;929.7333333333332;9.333333333333334;1.6666666666666667;7
83075;2003-05-02;0;33.7;20.2;8.6;2003;5;2;-23.43;-46.46;735;69.0;66.0;42.0;936.2;936.6;935.6;8;7;5;0.0;1.02888;1.02888;10.0;3.75;6.25;59.0;936.1333333333333;6.666666666666667;0.68592;7
83075;2003-05-03;0;30.4;19;1.9;2003;5;3;-23.43;-46.46;735;79.0;75.0;64.0;936.8;937.2;936.7;5;3;3;2.0;2.0;4.0;8.0;9.0;9.0;72.66666666666667;936.9;8.666666666666666;2.6666666666666665;5
83075;2003-05-04;7.3;25.8;18.4;3.9;2003;5;4;-23.43;-46.46;735;84.0;77.0;59.0;933.9;935.3;933.9;7;7;7;3.0;3.0;3.0;5.0;10.0;7.5;73.33333333333333;934.3666666666667;7.5;3.0;7
83075;2003-05-05;0.2;19;12.5;0;2003;5;5;-23.43;-46.46;735;84.0;88.0;92.0;938.1;938.0;936.7;3;1;5;1.0;1.02888;1.02888;0.0;10.0;10.0;88.0;937.6;6.666666666666667;1.0192533333333333;3
83075;2003-05-06;5.3;21.8;15.7;0.8;2003;5;6;-23.43;-46.46;735;87.0;90.0;77.0;938.7;939.5;939.3;3;5;5;3.0;1.0;1.0;10.0;10.0;10.0;84.66666666666667;939.1666666666666;10.0;1.6666666666666667;3
83075;2003-05-07;0;26;10.9;8.3;2003;5;7;-23.43;-46.46;735;58.0;67.0;29.0;937.9;937.9;935.4;8;8;7;0.0;0.0;3.0;0.0;7.5;7.5;51.333333333333336;937.0666666666666;5.0;1.0;7
83075;2003-05-08;0;28.5;12.5;9.2;2003;5;8;-23.43;-46.46;735;67.0;58.0;28.0;939.3;939.1;935.3;8;3;7;0.0;1.02888;4.0;0.0;1.25;7.5;51.0;937.9;2.9166666666666665;1.6762933333333334;3
83075;2003-05-09;0;28.3;13.1;9;2003;5;9;-23.43;-46.46;735;82.0;71.0;27.0;943.9;944.1;942.9;8;3;3;0.0;2.0;1.0;0.0;0.0;0.0;60.0;943.6333333333333;0.0;1.0;3
83075;2003-05-10;0;33.9;17.3;8.2;2003;5;10;-23.43;-46.46;735;61.0;68.0;43.0;938.5;937.8;933.7;5;5;5;3.0;2.0;5.0;0.0;1.0;2.0;57.333333333333336;936.6666666666666;1.0;3.3333333333333335;5
83075;2003-05-11;0;23.1;13.7;2.5;2003;5;11;-23.43;-46.46;735;78.0;68.0;64.0;939.9;938.6;937.4;3;3;5;4.0;2.0;3.0;10.0;10.0;8.75;70.0;938.6333333333333;9.583333333333334;3.0;3
83075;2003-05-12;4.8;30.7;20.1;6.9;2003;5;12;-23.43;-46.46;735;76.0;69.0;57.0;930.7;930.4;928.8;7;7;7;1.02888;4.0;3.0;8.75;8.75;10.0;67.33333333333333;929.9666666666666;9.166666666666666;2.6762933333333336;7
83075;2003-05-13;0;24.7;14.7;8.7;2003;5;13;-23.43;-46.46;735;82.0;70.0;42.0;937.5;944.1;942.0;3;5;5;3.0;2.0;3.0;10.0;7.5;2.0;64.66666666666667;941.1999999999999;6.5;2.6666666666666665;3
83075;2003-05-14;0.3;25.6;16.4;7.1;2003;5;14;-23.43;-46.46;735;71.0;89.0;49.0;942.1;942.4;940.2;3;3;3;1.02888;2.0;3.0;10.0;10.0;1.25;69.66666666666667;941.5666666666666;7.083333333333333;2.0096266666666667;3
83075;2003-05-15;0;26.6;17;8.8;2003;5;15;-23.43;-46.46;735;84.0;73.0;51.0;941.2;942.0;941.1;3;3;3;2.0;1.02888;1.02888;1.25;1.25;2.0;69.33333333333333;941.4333333333334;1.5;1.3525866666666666;3
83075;2003-05-16;0;26.7;15.8;6.9;2003;5;16;-23.43;-46.46;735;89.0;84.0;47.0;941.1;942.0;940.6;5;3;8;2.0;2.0;0.0;1.25;8.75;3.75;73.33333333333333;941.2333333333332;4.583333333333333;1.3333333333333333;5
83075;2003-05-17;0;27.4;15.3;9.2;2003;5;17;-23.43;-46.46;735;72.0;79.0;42.0;940.6;940.8;938.9;8;3;8;0.0;1.02888;0.0;0.0;1.25;5.0;64.33333333333333;940.1;2.0833333333333335;0.34296;3
83075;2003-05-18;0;27.3;14.1;8.1;2003;5;18;-23.43;-46.46;735;72.0;73.0;44.0;939.3;940.2;939.5;3;8;5;1.02888;0.0;1.02888;3.75;1.25;10.0;63.0;939.6666666666666;5.0;0.68592;3
83075;2003-05-19;0;25.6;12.7;8.9;2003;5;19;-23.43;-46.46;735;70.0;77.0;49.0;940.2;941.6;940.6;5;5;3;1.02888;1.02888;2.0;5.0;7.5;2.0;65.33333333333333;940.8000000000001;4.833333333333333;1.3525866666666666;5
83075;2003-05-20;0;27.2;15.2;5.5;2003;5;20;-23.43;-46.46;735;81.0;82.0;47.0;940.7;940.7;938.6;5;8;7;1.02888;0.0;1.02888;10.0;9.0;10.0;70.0;940.0;9.666666666666666;0.68592;5
83075;2003-05-21;0;28.5;15.7;8.1;2003;5;21;-23.43;-46.46;735;71.0;75.0;48.0;938.6;938.5;937.0;3;3;7;1.02888;1.0;2.0;5.0;5.0;5.0;64.66666666666667;938.0333333333333;5.0;1.34296;3
83075;2003-05-22;0;29.6;16.2;9;2003;5;22;-23.43;-46.46;735;74.0;69.0;35.0;937.3;937.6;935.8;8;8;7;0.0;0.0;2.0;0.0;1.25;2.0;59.333333333333336;936.9;1.0833333333333333;0.6666666666666666;7
83075;2003-05-23;0;28.4;16.9;3;2003;5;23;-23.43;-46.46;735;65.0;45.0;85.0;936.4;934.8;933.4;8;7;7;0.0;3.0;3.0;0.0;10.0;10.0;65.0;934.8666666666667;6.666666666666667;2.0;7
83075;2003-05-24;12;22.3;15.5;8;2003;5;24;-23.43;-46.46;735;81.0;65.0;40.0;931.3;931.8;931.3;7;7;7;4.0;3.0;5.0;6.25;8.75;8.75;62.0;931.4666666666666;7.916666666666667;4.0;7
83075;2003-05-25;0;22.3;11;9.1;2003;5;25;-23.43;-46.46;735;52.0;58.0;34.0;931.9;933.0;932.3;7;7;7;4.0;3.0;3.0;0.0;0.0;0.0;48.0;932.4;0.0;3.3333333333333335;7
83075;2003-05-26;0;21.6;9.5;9.1;2003;5;26;-23.43;-46.46;735;58.0;64.0;42.0;933.1;937.4;936.9;7;8;7;1.02888;0.0;3.0;0.0;1.25;0.0;54.666666666666664;935.8000000000001;0.4166666666666667;1.34296;7
83075;2003-05-27;0;22.2;7.8;3;2003;5;27;-23.43;-46.46;735;69.0;74.0;37.0;937.8;940.1;939.7;8;8;5;0.0;0.0;1.02888;0.0;10.0;10.0;60.0;939.2000000000002;6.666666666666667;0.34296;5
83075;2003-05-28;0;21.6;10.3;5.8;2003;5;28;-23.43;-46.46;735;84.0;86.0;58.0;939.9;941.2;940.5;8;3;5;0.0;1.02888;1.0;0.0;10.0;1.25;76.0;940.5333333333333;3.75;0.6762933333333333;3
83075;2003-05-29;0;22.1;11.4;4.1;2003;5;29;-23.43;-46.46;735;79.0;82.0;62.0;940.6;941.1;940.5;3;3;3;1.02888;3.0;3.0;10.0;10.0;3.75;74.33333333333333;940.7333333333332;7.916666666666667;2.34296;3
83075;2003-05-30;0;23.9;14.5;6.3;2003;5;30;-23.43;-46.46;735;85.0;80.0;60.0;940.9;941.1;940.5;3;3;3;2.0;3.0;2.0;10.0;10.0;1.25;75.0;940.8333333333334;7.083333333333333;2.3333333333333335;3
83075;2003-05-31;0;26.7;13.9;7.4;2003;5;31;-23.43;-46.46;735;89.0;85.0;43.0;940.9;941.3;940.5;3;3;7;1.02888;2.0;3.0;10.0;8.75;2.0;72.33333333333333;940.9;6.916666666666667;2.0096266666666667;3
83075;2003-06-01;5.4;27.5;20.8;5.2;2003;6;1;-23.43;-46.46;735;87.0;70.0;47.0;929.7;930.9;931.0;7;5;5;1.0;2.0;3.0;9.0;9.0;10.0;68.0;930.5333333333333;9.333333333333334;2.0;7
83075;2003-06-02;0;34.1;22;9.4;2003;6;2;-23.43;-46.46;735;66.0;61.0;40.0;935.9;935.9;935.3;5;7;7;1.02888;3.08664;3.08664;7.5;3.75;7.5;55.666666666666664;935.6999999999999;6.25;2.40072;5
83075;2003-06-03;12.5;31.3;18.9;2;2003;6;3;-23.43;-46.46;735;89.0;79.0;73.0;937.1;936.8;935.7;3;3;5;1.0;1.0;2.0;9.0;9.0;10.0;80.33333333333333;936.5333333333334;9.333333333333334;1.3333333333333333;3
83075;2003-06-04;0;25.5;18.3;0;2003;6;4;-23.43;-46.46;735;81.0;74.0;80.0;934.0;935.3;933.8;7;7;5;1.0;1.02888;1.02888;0.0;8.75;10.0;78.33333333333333;934.3666666666667;6.25;1.0192533333333333;7
83075;2003-06-05;8;24;15.5;4.9;2003;6;5;-23.43;-46.46;735;92.0;84.0;56.0;936.6;935.6;934.3;3;8;7;1.02888;0.0;3.0;10.0;8.75;6.25;77.33333333333333;935.5;8.333333333333334;1.34296;3
83075;2003-06-06;0.8;28.3;16.2;5.7;2003;6;6;-23.43;-46.46;735;91.0;93.0;54.0;939.3;939.4;938.5;5;5;7;1.0;1.0;2.0;10.0;10.0;8.0;79.33333333333333;939.0666666666666;9.333333333333334;1.3333333333333333;5
83075;2003-06-07;0;26.9;13.2;6.6;2003;6;7;-23.43;-46.46;735;63.0;47.0;28.0;935.3;935.6;935.0;8;7;7;0.0;1.02888;3.0;0.0;8.75;7.5;46.0;935.3000000000001;5.416666666666667;1.34296;7
83075;2003-06-08;0;27.2;16.4;5.8;2003;6;8;-23.43;-46.46;735;52.0;55.0;43.0;935.4;936.3;936.2;7;7;7;1.02888;2.0;2.0;0.0;8.75;8.75;50.0;935.9666666666666;5.833333333333333;1.6762933333333334;7
83075;2003-06-09;0;29.1;13.4;9.2;2003;6;9;-23.43;-46.46;735;51.0;60.0;23.0;942.6;942.6;939.3;3;3;3;1.0;2.0;2.0;0.0;0.0;0.0;44.666666666666664;941.5;0.0;1.6666666666666667;3
83075;2003-06-10;0;31.2;18.9;3.9;2003;6;10;-23.43;-46.46;735;71.0;58.0;48.0;933.8;935.3;933.5;3;5;7;1.0;1.0;3.0;0.0;8.75;8.75;59.0;934.1999999999999;5.833333333333333;1.6666666666666667;3
83075;2003-06-11;9.4;22.4;14.7;0.5;2003;6;11;-23.43;-46.46;735;91.0;81.0;77.0;937.8;937.4;935.4;3;3;5;1.0;1.02888;2.0;10.0;10.0;10.0;83.0;936.8666666666667;10.0;1.34296;3
83075;2003-06-12;22;26.1;19;0.4;2003;6;12;-23.43;-46.46;735;89.0;83.0;75.0;929.3;931.7;931.7;8;5;3;0.0;1.02888;3.0;10.0;10.0;10.0;82.33333333333333;930.9;10.0;1.34296;5
83075;2003-06-13;0;27.3;16.3;6.8;2003;6;13;-23.43;-46.46;735;69.0;85.0;45.0;937.6;938.1;937.3;5;7;7;1.0;2.0;3.0;10.0;8.0;1.0;66.33333333333333;937.6666666666666;6.333333333333333;2.0;5
83075;2003-06-14;0;23.4;14.4;7.9;2003;6;14;-23.43;-46.46;735;69.0;74.0;60.0;937.4;938.4;938.1;8;5;5;0.0;2.0;3.0;0.0;0.0;5.0;67.66666666666667;937.9666666666667;1.6666666666666667;1.6666666666666667;5
83075;2003-06-15;0;26;15.3;6.3;2003;6;15;-23.43;-46.46;735;79.0;82.0;60.0;939.0;939.3;938.8;5;3;8;2.0;3.0;0.0;4.0;10.0;1.0;73.66666666666667;939.0333333333333;5.0;1.6666666666666667;5
83075;2003-06-16;0;24.8;15.1;5.2;2003;6;16;-23.43;-46.46;735;88.0;91.0;53.0;939.8;940.6;940.0;5;5;3;2.0;1.0;1.0;9.0;10.0;1.0;77.33333333333333;940.1333333333333;6.666666666666667;1.3333333333333333;5
83075;2003-06-17;0;26.4;13.5;7.8;2003;6;17;-23.43;-46.46;735;81.0;86.0;45.0;939.8;940.4;938.1;8;5;7;0.0;1.0;1.0;0.0;0.0;9.0;70.66666666666667;939.4333333333333;3.0;0.6666666666666666;5
83075;2003-06-18;0;25.7;14.3;5.7;2003;6;18;-23.43;-46.46;735;77.0;76.0;60.0;938.5;939.0;938.7;8;3;7;0.0;1.0;3.0;0.0;10.0;9.0;71.0;938.7333333333332;6.333333333333333;1.3333333333333333;3
83075;2003-06-19;0;26.3;14;7.7;2003;6;19;-23.43;-46.46;735;81.0;84.0;40.0;938.8;938.8;938.3;3;3;7;3.0;1.0;3.0;10.0;0.0;2.0;68.33333333333333;938.6333333333332;4.0;2.3333333333333335;3
83075;2003-06-20;2.3;23;14.3;6.1;2003;6;20;-23.43;-46.46;735;79.0;80.0;65.0;938.5;939.2;938.4;8;3;5;0.0;1.0;5.0;0.0;9.0;1.0;74.66666666666667;938.6999999999999;3.3333333333333335;2.0;3
83075;2003-06-21;0;24.2;13.7;6.8;2003;6;21;-23.43;-46.46;735;80.0;86.0;41.0;938.8;938.8;938.1;3;5;7;1.0;1.0;3.0;10.0;10.0;2.0;69.0;938.5666666666666;7.333333333333333;1.6666666666666667;3
83075;2003-06-22;0;24.4;12.2;7.3;2003;6;22;-23.43;-46.46;735;68.0;70.0;52.0;938.3;938.8;937.6;7;5;5;1.0;1.0;1.0;4.0;2.0;4.0;63.333333333333336;938.2333333333332;3.3333333333333335;1.0;7
83075;2003-06-23;0;25.5;12.4;6.6;2003;6;23;-23.43;-46.46;735;84.0;90.0;38.0;938.0;938.5;938.1;8;7;7;0.0;1.0;3.0;0.0;10.0;0.0;70.66666666666667;938.1999999999999;3.3333333333333335;1.3333333333333333;7
83075;2003-06-24;0;26.3;11.3;8.2;2003;6;24;-23.43;-46.46;735;60.0;75.0;37.0;938.6;940.8;940.6;8;3;7;0.0;1.0;1.0;0.0;0.0;0.0;57.333333333333336;940.0;0.0;0.6666666666666666;3
83075;2003-06-25;0;24.6;11.5;8.1;2003;6;25;-23.43;-46.46;735;77.0;72.0;45.0;941.1;941.8;941.2;8;5;5;0.0;1.02888;1.02888;0.0;0.0;1.0;64.66666666666667;941.3666666666668;0.3333333333333333;0.68592;5
83075;2003-06-26;0;26;11.5;8.1;2003;6;26;-23.43;-46.46;735;84.0;79.0;44.0;941.4;941.2;939.4;5;3;7;1.0;1.02888;1.02888;1.0;0.0;0.0;69.0;940.6666666666666;0.3333333333333333;1.0192533333333333;5
83075;2003-06-27;0;20.8;11.2;5;2003;6;27;-23.43;-46.46;735;85.0;93.0;63.0;939.6;940.0;939.6;8;5;5;0.0;1.02888;1.02888;0.0;10.0;0.0;80.33333333333333;939.7333333333332;3.3333333333333335;0.68592;5
83075;2003-06-28;0;25.6;11.1;7.3;2003;6;28;-23.43;-46.46;735;90.0;82.0;33.0;939.8;940.2;938.8;3;3;7;1.02888;1.0;1.02888;10.0;0.0;0.0;68.33333333333333;939.6;3.3333333333333335;1.0192533333333333;3
83075;2003-06-29;0;25.1;11.3;8.3;2003;6;29;-23.43;-46.46;735;67.0;74.0;45.0;938.9;939.8;939.2;8;5;5;0.0;1.02888;3.0;0.0;0.0;2.0;62.0;939.2999999999998;0.6666666666666666;1.34296;5
83075;2003-06-30;0;21.9;11.6;7.2;2003;6;30;-23.43;-46.46;735;82.0;70.0;48.0;940.5;942.9;942.6;5;3;5;1.0;2.0;1.02888;0.0;1.0;3.75;66.66666666666667;942.0;1.5833333333333333;1.34296;5
83075;2003-07-01;0;31.9;16.7;10.2;2003;7;1;-23.43;-46.46;735;69.0;66.0;28.0;931.8;933.2;933.1;5;5;5;1.0;2.0;2.0;5.0;1.0;8.0;54.333333333333336;932.6999999999999;4.666666666666667;1.6666666666666667;5
83075;2003-07-02;0;34.2;20.8;6.6;2003;7;2;-23.43;-46.46;735;64.0;63.0;47.0;935.9;936.4;936.0;3;1;1;3.08664;1.02888;2.05776;7.5;2.5;8.75;58.0;936.1;6.25;2.05776;3
83075;2003-07-03;6.4;31.6;19.2;6.9;2003;7;3;-23.43;-46.46;735;84.0;67.0;47.0;935.7;935.9;934.2;7;7;7;1.0;1.0;1.0;10.0;9.0;9.0;66.0;935.2666666666668;9.333333333333334;1.0;7
83075;2003-07-04;10.9;25.8;16.1;0;2003;7;4;-23.43;-46.46;735;91.0;78.0;73.0;933.9;934.4;934.4;5;5;5;3.0;1.02888;3.0;10.0;10.0;10.0;80.66666666666667;934.2333333333332;10.0;2.34296;5
83075;2003-07-05;1.2;20.8;11.2;9.2;2003;7;5;-23.43;-46.46;735;80.0;58.0;33.0;934.4;935.0;934.7;7;7;7;1.02888;3.0;3.0;2.5;1.0;0.0;57.0;934.7000000000002;1.1666666666666667;2.34296;7
83075;2003-07-06;0;28.5;16.8;6.2;2003;7;6;-23.43;-46.46;735;76.0;87.0;46.0;938.7;939.3;938.6;8;8;7;0.0;0.0;1.0;5.0;0.0;9.0;69.66666666666667;938.8666666666667;4.666666666666667;0.3333333333333333;7
83075;2003-07-08;6.4;22.8;15.6;0;2003;7;8;-23.43;-46.46;735;55.0;81.0;72.0;936.3;937.2;936.7;5;7;7;1.02888;3.0;3.0;8.75;10.0;10.0;69.33333333333333;936.7333333333332;9.583333333333334;2.34296;5
83075;2003-07-09;0;31;14.7;8.3;2003;7;9;-23.43;-46.46;735;51.0;57.0;27.0;939.6;939.9;938.5;3;3;1;1.0;3.0;2.0;0.0;0.0;5.0;45.0;939.3333333333334;1.6666666666666667;2.0;3
83075;2003-07-10;2.8;23.9;18.4;0;2003;7;10;-23.43;-46.46;735;80.0;81.0;90.0;933.8;934.9;935.0;3;5;5;1.0;1.02888;1.02888;10.0;10.0;10.0;83.66666666666667;934.5666666666666;10.0;1.0192533333333333;3
83075;2003-07-11;0;28;16.2;7.6;2003;7;11;-23.43;-46.46;735;86.0;62.0;60.0;935.5;935.0;931.8;5;7;5;1.0;1.02888;3.0;10.0;7.5;10.0;69.33333333333333;934.1;9.166666666666666;1.6762933333333334;5
83075;2003-07-12;2.4;27.4;17.9;5.4;2003;7;12;-23.43;-46.46;735;78.0;66.0;67.0;933.0;934.1;933.8;3;5;5;3.0;1.0;3.0;10.0;8.75;10.0;70.33333333333333;933.6333333333332;9.583333333333334;2.3333333333333335;3
83075;2003-07-13;0;17.9;9.3;0.4;2003;7;13;-23.43;-46.46;735;80.0;86.0;71.0;945.4;946.1;945.5;5;8;3;2.0;0.0;2.0;10.0;10.0;8.75;79.0;945.6666666666666;9.583333333333334;1.3333333333333333;5
83075;2003-07-14;0;21.4;11.8;4.5;2003;7;14;-23.43;-46.46;735;86.0;80.0;55.0;945.9;945.8;944.2;3;3;3;1.02888;3.0;4.0;10.0;10.0;5.0;73.66666666666667;945.2999999999998;8.333333333333334;2.6762933333333336;3
83075;2003-07-15;0;23.3;12.3;8.1;2003;7;15;-23.43;-46.46;735;78.0;79.0;49.0;944.0;944.7;943.1;3;3;5;3.0;3.0;1.02888;8.75;7.5;0.0;68.66666666666667;943.9333333333334;5.416666666666667;2.34296;3
83075;2003-07-16;0;25.5;12;9;2003;7;16;-23.43;-46.46;735;73.0;78.0;44.0;942.9;943.4;942.6;8;5;5;0.0;1.02888;1.02888;0.0;1.25;7.5;65.0;942.9666666666667;2.9166666666666665;0.68592;5
83075;2003-07-17;0;25.4;13.9;0;2003;7;17;-23.43;-46.46;735;81.0;82.0;78.0;943.5;944.8;945.0;5;5;5;2.0;1.02888;3.0;8.75;10.0;8.75;80.33333333333333;944.4333333333334;9.166666666666666;2.0096266666666667;5
83075;2003-07-18;0;23.5;12.9;6.4;2003;7;18;-23.43;-46.46;735;85.0;87.0;60.0;945.0;945.7;944.2;3;5;3;2.0;2.0;2.0;8.75;10.0;0.0;77.33333333333333;944.9666666666667;6.25;2.0;3
83075;2003-07-19;0;26.1;12.1;8.7;2003;7;19;-23.43;-46.46;735;86.0;79.0;65.0;944.1;944.3;942.4;5;5;5;1.02888;1.02888;1.02888;0.0;0.0;0.0;76.66666666666667;943.6;0.0;1.02888;5
83075;2003-07-20;0;27.3;11.2;9.2;2003;7;20;-23.43;-46.46;735;67.0;70.0;65.0;943.2;943.1;942.2;5;5;5;1.02888;1.02888;1.02888;0.0;0.0;0.0;67.33333333333333;942.8333333333334;0.0;1.02888;5
83075;2003-07-21;0;28.9;11.5;9.2;2003;7;21;-23.43;-46.46;735;70.0;62.0;35.0;940.4;942.1;940.2;8;8;7;0.0;0.0;1.02888;0.0;0.0;0.0;55.666666666666664;940.9;0.0;0.34296;7
83075;2003-07-22;0;27.7;12.8;9.1;2003;7;22;-23.43;-46.46;735;65.0;71.0;35.0;940.3;941.9;940.9;7;3;3;1.02888;1.02888;1.02888;0.0;7.5;0.0;57.0;941.0333333333333;2.5;1.02888;7
83075;2003-07-23;0;27.3;12.5;9.2;2003;7;23;-23.43;-46.46;735;81.0;71.0;35.0;941.5;942.5;941.6;3;3;7;1.02888;1.02888;3.0;0.0;0.0;0.0;62.333333333333336;941.8666666666667;0.0;1.68592;3
83075;2003-07-24;0;26.6;12.7;9.2;2003;7;24;-23.43;-46.46;735;65.0;64.0;38.0;941.8;942.5;940.9;8;5;7;0.0;4.11552;1.0;0.0;1.25;0.0;55.666666666666664;941.7333333333332;0.4166666666666667;1.7051733333333334;5
83075;2003-07-25;0;27.3;13.3;9;2003;7;25;-23.43;-46.46;735;59.0;67.0;41.0;941.2;942.4;942.1;8;5;3;0.0;1.02888;1.02888;0.0;3.75;5.0;55.666666666666664;941.9;2.9166666666666665;0.68592;5
83075;2003-07-26;0;23.5;14.5;5.2;2003;7;26;-23.43;-46.46;735;61.0;76.0;77.0;943.2;946.4;946.2;5;5;5;1.02888;1.02888;1.02888;7.5;8.75;7.5;71.33333333333333;945.2666666666668;7.916666666666667;1.02888;5
83075;2003-07-27;0;20.4;13.5;0.2;2003;7;27;-23.43;-46.46;735;77.0;79.0;81.0;946.5;946.7;946.4;5;3;3;1.02888;1.02888;1.02888;7.5;10.0;7.5;79.0;946.5333333333333;8.333333333333334;1.02888;5
83075;2003-07-28;0.1;23.2;13.8;2.7;2003;7;28;-23.43;-46.46;735;84.0;83.0;61.0;946.3;946.1;943.9;5;3;5;1.02888;2.0;2.0;8.75;10.0;8.75;76.0;945.4333333333334;9.166666666666666;1.6762933333333334;5
83075;2003-07-29;0;24.9;14.3;7.1;2003;7;29;-23.43;-46.46;735;82.0;76.0;47.0;944.2;944.6;941.9;3;3;5;3.0;2.0;2.0;6.25;3.75;8.75;68.33333333333333;943.5666666666667;6.25;2.3333333333333335;3
83075;2003-07-30;0;25.7;16.2;3.1;2003;7;30;-23.43;-46.46;735;65.0;73.0;35.0;942.4;942.5;941.1;5;3;7;1.02888;1.02888;1.02888;8.75;8.75;8.75;57.666666666666664;942.0;8.75;1.02888;5
83075;2003-07-31;0;23.2;12.5;6.4;2003;7;31;-23.43;-46.46;735;78.0;82.0;57.0;941.3;941.5;940.4;5;5;5;1.02888;1.02888;1.02888;5.0;8.75;0.0;72.33333333333333;941.0666666666666;4.583333333333333;1.02888;5
83075;2003-08-01;0;31.5;17.3;10.6;2003;8;1;-23.43;-46.46;735;60.0;58.0;34.0;933.5;935.3;935.3;8;3;3;0.0;2.0;2.0;1.0;0.0;1.0;50.666666666666664;934.6999999999999;0.6666666666666666;1.3333333333333333;3
83075;2003-08-02;0;34.6;21.8;8.3;2003;8;2;-23.43;-46.46;735;76.0;63.0;43.0;936.2;936.4;935.8;8;7;7;0.0;1.02888;1.02888;8.75;2.5;7.5;60.666666666666664;936.1333333333332;6.25;0.68592;7
83075;2003-08-03;19.2;25.3;19.5;0;2003;8;3;-23.43;-46.46;735;84.0;91.0;84.0;935.0;935.6;935.2;7;7;7;3.0;1.0;3.0;10.0;10.0;10.0;86.33333333333333;935.2666666666668;10.0;2.3333333333333335;7
83075;2003-08-04;0.5;25.6;15.4;5;2003;8;4;-23.43;-46.46;735;81.0;71.0;64.0;935.2;935.5;935.1;5;3;5;1.02888;3.0;3.0;10.0;8.75;7.5;72.0;935.2666666666668;8.75;2.34296;5
83075;2003-08-05;0;22;9.8;9.3;2003;8;5;-23.43;-46.46;735;50.0;61.0;42.0;934.9;936.9;936.6;5;7;7;1.0;2.0;2.0;0.0;0.0;0.0;51.0;936.1333333333333;0.0;1.6666666666666667;5
83075;2003-08-06;0.7;21.5;15.8;0.4;2003;8;6;-23.43;-46.46;735;87.0;87.0;81.0;938.8;939.4;939.6;5;3;5;2.0;1.0;3.0;10.0;10.0;10.0;85.0;939.2666666666665;10.0;2.0;5
83075;2003-08-07;0;28.6;13.8;8.5;2003;8;7;-23.43;-46.46;735;58.0;59.0;31.0;935.8;936.7;935.9;7;3;7;1.02888;1.02888;1.02888;8.75;1.25;0.0;49.333333333333336;936.1333333333333;3.3333333333333335;1.02888;7
83075;2003-08-08;0;23.6;14.5;2.3;2003;8;8;-23.43;-46.46;735;85.0;90.0;64.0;937.5;938.6;938.9;8;3;3;0.0;1.02888;1.02888;7.5;10.0;10.0;79.66666666666667;938.3333333333334;9.166666666666666;0.68592;3
83075;2003-08-09;0;31.7;15.4;9.3;2003;8;9;-23.43;-46.46;735;59.0;47.0;32.0;938.7;938.8;937.0;3;3;3;1.0;1.0;1.0;0.0;10.0;2.0;46.0;938.1666666666666;4.0;1.0;3
83075;2003-08-10;7.2;27.7;17.3;7;2003;8;10;-23.43;-46.46;735;88.0;77.0;53.0;936.0;936.1;935.3;5;3;7;1.0;1.02888;2.0;10.0;8.0;2.0;72.66666666666667;935.7999999999998;6.666666666666667;1.34296;5
83075;2003-08-11;0;30.1;13;8;2003;8;11;-23.43;-46.46;735;78.0;79.0;33.0;933.1;933.1;932.0;3;3;7;1.0;2.0;1.0;4.0;6.0;4.0;63.333333333333336;932.7333333333332;4.666666666666667;1.3333333333333333;3
83075;2003-08-12;0;30.3;18.9;3.4;2003;8;12;-23.43;-46.46;735;83.0;74.0;62.0;934.5;934.2;932.3;3;5;5;3.0;1.02888;1.02888;10.0;10.0;6.25;73.0;933.6666666666666;8.75;1.68592;3
83075;2003-08-13;0;23.6;9.5;6.8;2003;8;13;-23.43;-46.46;735;77.0;77.0;49.0;942.3;942.5;940.9;5;3;3;1.0;3.0;1.0;2.0;9.0;0.0;67.66666666666667;941.9;3.6666666666666665;1.6666666666666667;5
83075;2003-08-14;0;27.4;11.7;7.4;2003;8;14;-23.43;-46.46;735;83.0;83.0;64.0;940.8;940.5;939.0;5;3;5;1.0;1.0;5.0;10.0;6.0;1.0;76.66666666666667;940.1;5.666666666666667;2.3333333333333335;5
83075;2003-08-15;0;22.2;11;1.9;2003;8;15;-23.43;-46.46;735;83.0;80.0;58.0;939.2;939.2;937.6;8;7;5;0.0;2.0;1.0;10.0;10.0;4.0;73.66666666666667;938.6666666666666;8.0;1.0;7
83075;2003-08-16;0;22.6;11.4;3.5;2003;8;16;-23.43;-46.46;735;84.0;68.0;68.0;937.6;937.8;937.5;5;5;5;1.0;3.0;3.0;10.0;9.0;4.0;73.33333333333333;937.6333333333333;7.666666666666667;2.3333333333333335;5
83075;2003-08-17;0.6;18;8.1;8.2;2003;8;17;-23.43;-46.46;735;77.0;69.0;41.0;938.1;939.5;939.2;5;8;5;3.0;0.0;1.0;10.0;2.0;1.0;62.333333333333336;938.9333333333334;4.333333333333333;1.3333333333333333;5
83075;2003-08-18;0;21.1;4.4;7.6;2003;8;18;-23.43;-46.46;735;78.0;81.0;39.0;940.7;944.6;944.1;5;3;3;3.0;1.0;3.0;9.0;7.5;0.0;66.0;943.1333333333333;5.5;2.3333333333333335;5
83075;2003-08-20;0;27.3;10.3;7.9;2003;8;20;-23.43;-46.46;735;73.0;80.0;25.0;943.5;943.9;942.8;8;3;3;0.0;1.0;1.0;0.0;0.0;0.0;59.333333333333336;943.4;0.0;0.6666666666666666;3
83075;2003-08-21;0;28.9;10.9;8.6;2003;8;21;-23.43;-46.46;735;55.0;50.0;27.0;942.5;942.5;939.7;8;1;8;0.0;1.0;0.0;0.0;0.0;0.0;44.0;941.5666666666666;0.0;0.3333333333333333;1
83075;2003-08-22;0;29.8;11.1;8.5;2003;8;22;-23.43;-46.46;735;56.0;49.0;19.0;939.6;940.3;939.5;8;8;5;0.0;0.0;2.0;0.0;0.0;0.0;41.333333333333336;939.8000000000001;0.0;0.6666666666666666;5
83075;2003-08-23;0;30.5;12.5;8.5;2003;8;23;-23.43;-46.46;735;39.0;45.0;26.0;939.5;939.7;939.2;8;3;3;0.0;1.0;1.0;0.0;0.0;0.0;36.666666666666664;939.4666666666667;0.0;0.6666666666666666;3
83075;2003-08-24;0;31.7;14.7;8.5;2003;8;24;-23.43;-46.46;735;41.0;52.0;51.0;939.2;939.2;937.0;3;8;3;1.0;0.0;1.0;0.0;0.0;0.0;48.0;938.4666666666667;0.0;0.6666666666666666;3
83075;2003-08-25;1.6;23.4;12.7;0;2003;8;25;-23.43;-46.46;735;46.0;83.0;88.0;936.4;937.6;937.9;8;3;3;0.0;1.0;1.0;0.0;10.0;10.0;72.33333333333333;937.3000000000001;6.666666666666667;0.6666666666666666;3
83075;2003-08-26;1.1;15.1;10.3;0;2003;8;26;-23.43;-46.46;735;84.0;79.0;72.0;939.1;940.0;940.2;5;3;3;1.0;1.0;3.0;10.0;10.0;10.0;78.33333333333333;939.7666666666668;10.0;1.6666666666666667;5
83075;2003-08-27;0;19;11.1;0.4;2003;8;27;-23.43;-46.46;735;78.0;77.0;61.0;940.5;940.6;940.7;5;3;5;2.0;1.0;3.0;10.0;10.0;9.0;72.0;940.6;9.666666666666666;2.0;5
83075;2003-08-28;0.4;15.9;10.9;0;2003;8;28;-23.43;-46.46;735;77.0;90.0;77.0;940.7;940.7;940.9;5;5;3;1.0;2.0;1.0;10.0;10.0;10.0;81.33333333333333;940.7666666666668;10.0;1.3333333333333333;5
83075;2003-08-29;1.2;13.5;10;0;2003;8;29;-23.43;-46.46;735;88.0;81.0;77.0;941.4;941.8;941.8;5;5;5;1.0;3.0;3.0;10.0;10.0;10.0;82.0;941.6666666666666;10.0;2.3333333333333335;5
83075;2003-08-30;0;20.9;10;1.7;2003;8;30;-23.43;-46.46;735;78.0;78.0;71.0;942.1;942.3;940.6;5;5;5;1.0;1.0;3.0;10.0;10.0;10.0;75.66666666666667;941.6666666666666;10.0;1.6666666666666667;5
83075;2003-08-31;2.6;16.6;12;0;2003;8;31;-23.43;-46.46;735;82.0;93.0;80.0;940.6;940.8;940.2;5;5;5;3.0;1.0;1.0;10.0;10.0;10.0;85.0;940.5333333333334;10.0;1.6666666666666667;5
83075;2003-09-01;0;34.3;18.8;7.2;2003;9;1;-23.43;-46.46;735;69.0;65.0;42.0;935.8;936.0;935.7;3;8;7;2.0;0.0;2.0;0.0;1.0;6.0;58.666666666666664;935.8333333333334;2.3333333333333335;1.3333333333333333;3
83075;2003-09-02;0.9;35.1;23;8.8;2003;9;2;-23.43;-46.46;735;80.0;61.0;39.0;936.1;936.4;935.6;3;8;7;3.08664;0.0;1.02888;10.0;1.25;6.25;60.0;936.0333333333333;5.833333333333333;1.37184;3
83075;2003-09-03;5.5;26.5;19.3;0.2;2003;9;3;-23.43;-46.46;735;91.0;78.0;72.0;935.2;935.1;934.9;8;8;7;0.0;0.0;1.0;10.0;10.0;10.0;80.33333333333333;935.0666666666667;10.0;0.3333333333333333;7
83075;2003-09-04;0;28.3;18.2;3;2003;9;4;-23.43;-46.46;735;81.0;78.0;57.0;935.9;936.4;935.9;3;3;5;1.02888;2.0;1.02888;8.75;10.0;8.75;72.0;936.0666666666666;9.166666666666666;1.3525866666666666;3
83075;2003-09-05;0;20.6;10.1;3.7;2003;9;5;-23.43;-46.46;735;77.0;77.0;55.0;938.3;940.7;940.7;5;3;5;1.02888;1.0;3.0;0.0;10.0;7.5;69.66666666666667;939.9;5.833333333333333;1.6762933333333334;5
83075;2003-09-06;0;24.9;15.7;4.9;2003;9;6;-23.43;-46.46;735;83.0;85.0;64.0;940.8;940.7;940.2;5;5;3;2.0;2.0;1.0;10.0;10.0;2.0;77.33333333333333;940.5666666666666;7.333333333333333;1.6666666666666667;5
83075;2003-09-07;0;28.6;16.3;8.4;2003;9;7;-23.43;-46.46;735;57.0;51.0;30.0;935.9;936.1;935.4;8;7;7;0.0;3.0;3.0;0.0;0.0;1.25;46.0;935.8000000000001;0.4166666666666667;2.0;7
83075;2003-09-08;0;19.9;10.9;0;2003;9;8;-23.43;-46.46;735;86.0;85.0;85.0;939.1;939.7;939.7;5;7;5;1.02888;1.02888;1.02888;10.0;10.0;10.0;85.33333333333333;939.5;10.0;1.02888;5
83075;2003-09-09;0;25.6;18.9;1;2003;9;9;-23.43;-46.46;735;55.0;60.0;53.0;937.0;938.2;939.3;1;7;7;1.0;1.02888;2.0;0.0;10.0;10.0;56.0;938.1666666666666;6.666666666666667;1.34296;1
83075;2003-09-10;0;31.6;17.5;7.2;2003;9;10;-23.43;-46.46;735;73.0;50.0;57.0;935.3;934.3;931.9;7;7;7;1.0;2.0;3.0;0.0;0.0;10.0;60.0;933.8333333333334;3.3333333333333335;2.0;7
83075;2003-09-11;0;32.4;16.3;9.7;2003;9;11;-23.43;-46.46;735;83.0;66.0;30.0;932.8;933.5;933.2;5;3;5;1.0;1.0;1.0;10.0;0.0;4.0;59.666666666666664;933.1666666666666;4.666666666666667;1.0;5
83075;2003-09-12;13.6;26;18.5;0;2003;9;12;-23.43;-46.46;735;75.0;82.0;68.0;930.8;932.1;932.3;7;7;7;1.02888;1.02888;3.0;1.25;10.0;10.0;75.0;931.7333333333332;7.083333333333333;1.68592;7
83075;2003-09-13;0.1;20.9;12;0.4;2003;9;13;-23.43;-46.46;735;85.0;71.0;68.0;940.0;939.3;939.3;8;5;5;0.0;1.0;2.0;5.0;10.0;10.0;74.66666666666667;939.5333333333333;8.333333333333334;1.0;5
83075;2003-09-14;0.6;16.2;12.6;0.1;2003;9;14;-23.43;-46.46;735;86.0;86.0;79.0;939.9;941.0;941.0;5;5;5;2.0;3.0;3.0;10.0;10.0;10.0;83.66666666666667;940.6333333333333;10.0;2.6666666666666665;5
83075;2003-09-15;0;26.1;12.4;6.9;2003;9;15;-23.43;-46.46;735;84.0;79.0;54.0;941.3;941.0;939.1;3;5;5;1.0;1.0;6.0;10.0;10.0;1.25;72.33333333333333;940.4666666666667;7.083333333333333;2.6666666666666665;3
83075;2003-09-16;1.2;20.9;14.6;0;2003;9;16;-23.43;-46.46;735;82.0;90.0;78.0;939.1;939.2;938.8;3;5;7;3.0;1.02888;1.0;10.0;10.0;10.0;83.33333333333333;939.0333333333334;10.0;1.6762933333333334;3
83075;2003-09-17;9.3;20.5;13;1.7;2003;9;17;-23.43;-46.46;735;91.0;68.0;62.0;939.3;939.7;941.0;5;5;5;1.0;1.0;3.0;10.0;10.0;7.5;73.66666666666667;940.0;9.166666666666666;1.6666666666666667;5
83075;2003-09-18;0;22.8;13.6;3.5;2003;9;18;-23.43;-46.46;735;81.0;78.0;72.0;939.9;940.0;939.8;5;3;5;2.0;1.0;5.0;10.0;10.0;8.75;77.0;939.9;9.583333333333334;2.6666666666666665;5
83075;2003-09-19;0;30.1;14.6;8.5;2003;9;19;-23.43;-46.46;735;81.0;72.0;36.0;939.9;939.6;936.7;5;5;8;1.0;2.0;0.0;10.0;5.0;1.25;63.0;938.7333333333332;5.416666666666667;1.0;5
83075;2003-09-20;0;31.5;15.5;9.5;2003;9;20;-23.43;-46.46;735;79.0;61.0;36.0;937.2;937.4;937.1;5;5;5;1.0;1.0;5.0;0.0;0.0;1.0;58.666666666666664;937.2333333333332;0.3333333333333333;2.3333333333333335;5
83075;2003-09-21;0;24.2;14.7;4.4;2003;9;21;-23.43;-46.46;735;82.0;75.0;84.0;937.7;940.1;939.8;5;5;5;2.0;3.0;3.0;9.0;10.0;4.0;80.33333333333333;939.2000000000002;7.666666666666667;2.6666666666666665;5
83075;2003-09-22;0;32.1;15.1;7.5;2003;9;22;-23.43;-46.46;735;86.0;75.0;37.0;940.0;940.4;937.6;5;3;5;2.0;2.0;2.0;10.0;5.0;0.0;66.0;939.3333333333334;5.0;2.0;5
83075;2003-09-23;0;33.4;14.5;9.4;2003;9;23;-23.43;-46.46;735;73.0;71.0;27.0;937.9;938.2;935.3;3;5;7;1.0;1.02888;3.0;0.0;1.25;0.0;57.0;937.1333333333332;0.4166666666666667;1.6762933333333334;3
83075;2003-09-24;0;34.7;17.5;8;2003;9;24;-23.43;-46.46;735;60.0;49.0;23.0;935.3;935.1;934.6;8;8;7;0.0;0.0;2.0;0.0;8.75;8.75;44.0;935.0;5.833333333333333;0.6666666666666666;7
83075;2003-09-25;0;22.5;17.4;0.1;2003;9;25;-23.43;-46.46;735;77.0;71.0;74.0;934.9;936.8;935.4;5;5;5;4.0;3.0;3.0;9.0;8.75;10.0;74.0;935.6999999999999;9.25;3.3333333333333335;5
83075;2003-09-26;0;20.6;17.3;0;2003;9;26;-23.43;-46.46;735;83.0;85.0;76.0;936.4;936.5;935.4;3;5;5;5.0;1.02888;2.0;10.0;10.0;10.0;81.33333333333333;936.1;10.0;2.6762933333333336;3
83075;2003-09-27;0.2;23.3;16.9;1;2003;9;27;-23.43;-46.46;735;84.0;69.0;73.0;934.8;934.3;934.0;3;5;8;1.0;1.0;0.0;8.0;10.0;10.0;75.33333333333333;934.3666666666667;9.333333333333334;0.6666666666666666;3
83075;2003-09-28;0;31.6;14.4;8.3;2003;9;28;-23.43;-46.46;735;84.0;79.0;34.0;934.0;934.5;933.3;8;3;7;0.0;1.0;2.0;0.0;1.0;2.0;65.66666666666667;933.9333333333334;1.0;1.0;3
83075;2003-09-29;0;23.9;15.4;0.2;2003;9;29;-23.43;-46.46;735;66.0;81.0;76.0;934.0;934.5;934.9;5;3;5;1.0;1.02888;3.0;2.0;10.0;10.0;74.33333333333333;934.4666666666667;7.333333333333333;1.6762933333333334;5
83075;2003-09-30;0;23;13.7;8.2;2003;9;30;-23.43;-46.46;735;80.0;64.0;63.0;937.2;938.0;938.1;5;3;5;3.0;3.0;3.0;10.0;8.75;7.5;69.0;937.7666666666668;8.75;3.0;5
83075;2003-10-01;0;34.8;18.7;9;2003;10;1;-23.43;-46.46;735;37.0;63.0;45.0;935.8;935.9;933.2;3;7;7;1.0;2.0;2.0;0.0;5.0;9.0;48.333333333333336;934.9666666666666;4.666666666666667;1.6666666666666667;3
83075;2003-10-02;0;35.6;22.7;8.5;2003;10;2;-23.43;-46.46;735;81.0;72.0;30.0;935.6;936.0;934.0;5;5;7;1.02888;1.02888;3.08664;8.75;2.5;6.25;61.0;935.1999999999999;5.833333333333333;1.7148;5
83075;2003-10-03;1.1;28.1;20.3;1.1;2003;10;3;-23.43;-46.46;735;87.0;85.0;74.0;934.9;934.9;934.6;5;7;7;1.0;1.0;2.0;9.0;10.0;10.0;82.0;934.8000000000001;9.666666666666666;1.3333333333333333;5
83075;2003-10-04;0;23.8;18.6;0;2003;10;4;-23.43;-46.46;735;82.0;85.0;71.0;936.7;936.4;936.3;5;3;7;1.02888;1.02888;3.0;10.0;10.0;10.0;79.33333333333333;936.4666666666666;10.0;1.68592;5
83075;2003-10-05;1;20.7;12.3;3.2;2003;10;5;-23.43;-46.46;735;77.0;80.0;66.0;940.7;942.0;942.0;5;3;5;3.0;1.02888;3.0;5.0;7.5;8.75;74.33333333333333;941.5666666666666;7.083333333333333;2.34296;5
83075;2003-10-06;0;28.1;16.9;8.3;2003;10;6;-23.43;-46.46;735;76.0;80.0;48.0;940.5;940.9;938.2;5;3;7;1.0;1.0;1.0;10.0;1.0;1.0;68.0;939.8666666666668;4.0;1.0;5
83075;2003-10-07;0;19.3;14.2;0;2003;10;7;-23.43;-46.46;735;75.0;84.0;84.0;935.8;936.4;936.2;5;1;5;1.02888;3.0;1.02888;8.75;10.0;10.0;81.0;936.1333333333332;9.583333333333334;1.68592;5
83075;2003-10-08;5.4;16.3;9.2;1.3;2003;10;8;-23.43;-46.46;735;73.0;83.0;80.0;940.4;942.3;942.2;5;5;5;3.0;1.02888;1.02888;10.0;10.0;7.5;78.66666666666667;941.6333333333332;9.166666666666666;1.68592;5
83075;2003-10-09;0;23.1;13.1;0;2003;10;9;-23.43;-46.46;735;67.0;68.0;84.0;938.2;938.4;938.0;3;7;8;1.0;1.02888;0.0;10.0;10.0;10.0;73.0;938.1999999999999;10.0;0.6762933333333333;3
83075;2003-10-10;17.4;22.1;16.5;0.2;2003;10;10;-23.43;-46.46;735;82.0;76.0;75.0;932.8;937.1;939.4;7;5;5;1.0;1.0;3.0;10.0;10.0;10.0;77.66666666666667;936.4333333333334;10.0;1.6666666666666667;7
83075;2003-10-11;0;32.3;16.5;10.6;2003;10;11;-23.43;-46.46;735;67.0;68.0;30.0;933.6;936.1;935.7;5;3;5;1.0;1.02888;2.0;0.0;0.0;1.25;55.0;935.1333333333333;0.4166666666666667;1.34296;5
83075;2003-10-12;1.1;28.4;15.5;7.8;2003;10;12;-23.43;-46.46;735;83.0;77.0;53.0;933.6;935.3;935.3;7;3;5;1.02888;2.0;3.0;8.75;5.0;8.75;71.0;934.7333333333332;7.5;2.0096266666666667;7
83075;2003-10-13;0;22.7;11.7;6.7;2003;10;13;-23.43;-46.46;735;80.0;62.0;68.0;939.4;940.7;940.6;3;3;5;2.0;3.0;5.0;10.0;3.75;7.5;70.0;940.2333333333332;7.083333333333333;3.3333333333333335;3
83075;2003-10-14;0;18.7;12.5;0.5;2003;10;14;-23.43;-46.46;735;82.0;86.0;64.0;940.8;941.9;942.1;5;5;3;2.0;2.0;3.0;10.0;10.0;7.5;77.33333333333333;941.5999999999999;9.166666666666666;2.3333333333333335;5
83075;2003-10-15;0;22.5;11.5;8.2;2003;10;15;-23.43;-46.46;735;78.0;67.0;45.0;942.1;941.9;942.1;5;3;5;3.0;3.0;5.0;10.0;9.0;2.0;63.333333333333336;942.0333333333333;7.0;3.6666666666666665;5
83075;2003-10-16;0;22.5;10.5;11;2003;10;16;-23.43;-46.46;735;74.0;58.0;50.0;942.4;942.6;941.9;5;3;5;3.0;2.0;5.0;1.0;4.0;1.0;60.666666666666664;942.3000000000001;2.0;3.3333333333333335;5
83075;2003-10-17;0;29.9;11.9;10.2;2003;10;17;-23.43;-46.46;735;78.0;64.0;26.0;941.7;940.2;936.8;3;3;5;3.0;1.0;2.0;2.0;0.0;0.0;56.0;939.5666666666666;0.6666666666666666;2.0;3
83075;2003-10-18;0;32.9;11.7;10.1;2003;10;18;-23.43;-46.46;735;79.0;64.0;23.0;938.3;937.4;935.7;5;5;5;1.0;1.0;2.0;0.0;10.0;6.0;55.333333333333336;937.1333333333332;5.333333333333333;1.3333333333333333;5
83075;2003-10-19;0;33.8;17.7;9.1;2003;10;19;-23.43;-46.46;735;47.0;51.0;26.0;936.3;936.5;936.2;5;5;5;1.0;1.0;2.0;8.0;9.0;6.0;41.333333333333336;936.3333333333334;7.666666666666667;1.3333333333333333;5
83075;2003-10-20;0;25.3;18.1;0;2003;10;20;-23.43;-46.46;735;48.0;75.0;68.0;936.2;936.9;936.9;5;5;5;1.0;3.0;3.0;0.0;10.0;10.0;63.666666666666664;936.6666666666666;6.666666666666667;2.3333333333333335;5
83075;2003-10-21;0;27.8;17.5;1.3;2003;10;21;-23.43;-46.46;735;86.0;73.0;65.0;937.8;935.6;932.4;5;3;7;3.0;2.0;3.0;10.0;8.75;10.0;74.66666666666667;935.2666666666668;9.583333333333334;2.6666666666666665;5
83075;2003-10-22;0.7;27.5;17.4;2.5;2003;10;22;-23.43;-46.46;735;75.0;72.0;76.0;932.2;932.6;932.7;7;7;5;1.0;3.0;3.0;10.0;8.75;10.0;74.33333333333333;932.5;9.583333333333334;2.3333333333333335;7
83075;2003-10-23;0.1;20.4;16.2;0;2003;10;23;-23.43;-46.46;735;89.0;88.0;83.0;933.9;936.8;937.1;3;5;5;1.0;1.0;3.0;10.0;10.0;10.0;86.66666666666667;935.9333333333333;10.0;1.6666666666666667;3
83075;2003-10-24;0;29.6;16.3;9.9;2003;10;24;-23.43;-46.46;735;82.0;66.0;56.0;935.3;938.4;937.6;5;5;5;1.0;1.0;4.0;10.0;0.0;1.0;68.0;937.0999999999999;3.6666666666666665;2.0;5
83075;2003-10-25;0;32.6;16.4;8.9;2003;10;25;-23.43;-46.46;735;78.0;48.0;35.0;938.0;937.9;935.2;5;7;7;4.0;3.0;3.0;10.0;1.0;8.0;53.666666666666664;937.0333333333334;6.333333333333333;3.3333333333333335;5
83075;2003-10-26;0;33.4;19.6;6.6;2003;10;26;-23.43;-46.46;735;58.0;52.0;33.0;934.9;933.7;932.0;5;3;7;1.0;3.0;4.0;1.0;8.0;9.0;47.666666666666664;933.5333333333333;6.0;2.6666666666666665;5
83075;2003-10-27;0;27.7;19.2;0;2003;10;27;-23.43;-46.46;735;54.0;76.0;79.0;932.2;934.5;935.0;8;5;5;0.0;2.0;3.0;9.0;10.0;10.0;69.66666666666667;933.9;9.666666666666666;1.6666666666666667;5
83075;2003-10-28;14.4;22.6;18.1;0;2003;10;28;-23.43;-46.46;735;93.0;85.0;81.0;936.0;937.4;937.5;5;5;5;3.0;1.02888;3.0;10.0;10.0;10.0;86.33333333333333;936.9666666666667;10.0;2.34296;5
83075;2003-10-29;7.8;25.5;16.9;0;2003;10;29;-23.43;-46.46;735;90.0;82.0;80.0;938.0;938.1;937.8;5;5;5;1.0;1.02888;3.0;10.0;10.0;10.0;84.0;937.9666666666666;10.0;1.6762933333333334;5
83075;2003-10-30;0.6;25.3;16.9;4;2003;10;30;-23.43;-46.46;735;83.0;72.0;64.0;938.1;938.1;937.4;5;5;5;3.0;2.0;3.0;10.0;8.75;7.5;73.0;937.8666666666667;8.75;2.6666666666666665;5
83075;2003-10-31;0;29.4;17.1;8.1;2003;10;31;-23.43;-46.46;735;85.0;70.0;62.0;937.6;937.3;935.4;5;3;5;1.0;3.0;3.0;10.0;1.25;3.75;72.33333333333333;936.7666666666668;5.0;2.3333333333333335;5
83075;2003-11-01;32.8;32.9;18.2;0;2003;11;1;-23.43;-46.46;735;89.0;65.0;44.0;935.0;934.9;933.6;3;7;7;1.0;2.0;2.0;9.0;8.0;10.0;66.0;934.5;9.0;1.6666666666666667;3
83075;2003-11-02;0;35;22.8;8.6;2003;11;2;-23.43;-46.46;735;67.0;58.0;57.0;933.9;934.3;933.9;5;7;5;3.08664;1.02888;2.05776;5.0;2.5;10.0;60.666666666666664;934.0333333333333;5.833333333333333;2.05776;5
83075;2003-11-03;1.6;26.3;19.9;0.2;2003;11;3;-23.43;-46.46;735;82.0;74.0;69.0;934.4;934.6;933.9;7;7;7;1.0;3.0;3.0;10.0;10.0;10.0;75.0;934.3000000000001;10.0;2.3333333333333335;7
83075;2003-11-04;0.4;25.4;18.9;0.8;2003;11;4;-23.43;-46.46;735;73.0;80.0;74.0;936.2;936.4;936.1;7;7;5;1.02888;1.02888;1.02888;10.0;10.0;8.75;75.66666666666667;936.2333333333332;9.583333333333334;1.02888;7
83075;2003-11-05;0;23.4;14.1;8.1;2003;11;5;-23.43;-46.46;735;84.0;73.0;48.0;942.8;944.0;943.3;3;1;3;2.0;2.0;3.0;10.0;8.75;1.25;68.33333333333333;943.3666666666667;6.666666666666667;2.3333333333333335;3
83075;2003-11-06;0;27;17.1;8.3;2003;11;6;-23.43;-46.46;735;73.0;58.0;45.0;936.9;939.0;938.1;8;7;7;0.0;2.0;3.0;1.0;0.0;1.0;58.666666666666664;938.0;0.6666666666666666;1.6666666666666667;7
83075;2003-11-07;25.3;16.3;10.2;0;2003;11;7;-23.43;-46.46;735;90.0;91.0;82.0;937.2;939.7;940.3;5;5;5;2.0;1.02888;3.0;10.0;10.0;10.0;87.66666666666667;939.0666666666666;10.0;2.0096266666666667;5
83075;2003-11-08;0;18.7;6.2;8.9;2003;11;8;-23.43;-46.46;735;80.0;69.0;51.0;942.7;943.2;942.5;4;8;5;1.02888;0.0;5.0;6.25;0.0;2.0;66.66666666666667;942.8000000000001;2.75;2.0096266666666667;4
83075;2003-11-09;19.2;15.5;8.1;0;2003;11;9;-23.43;-46.46;735;89.0;82.0;80.0;938.4;940.5;940.3;5;5;3;1.0;3.0;3.0;10.0;10.0;10.0;83.66666666666667;939.7333333333332;10.0;2.3333333333333335;5
83075;2003-11-10;42.6;19.8;12.9;0;2003;11;10;-23.43;-46.46;735;74.0;91.0;89.0;936.8;937.3;937.2;5;5;5;3.0;1.0;3.0;10.0;10.0;10.0;84.66666666666667;937.1;10.0;2.3333333333333335;5
83075;2003-11-11;0;32.8;16.5;10;2003;11;11;-23.43;-46.46;735;78.0;66.0;39.0;935.8;936.4;935.1;5;5;3;3.0;1.0;3.0;0.0;0.0;1.25;61.0;935.7666666666665;0.4166666666666667;2.3333333333333335;5
83075;2003-11-12;0;33.5;19.2;5.9;2003;11;12;-23.43;-46.46;735;80.0;76.0;44.0;935.7;935.9;934.2;3;5;7;3.0;1.0;1.02888;10.0;10.0;7.5;66.66666666666667;935.2666666666668;9.166666666666666;1.6762933333333334;3
83075;2003-11-13;23.8;28.4;19.8;0.9;2003;11;13;-23.43;-46.46;735;56.0;90.0;70.0;933.0;933.1;930.4;8;7;7;0.0;1.0;3.0;4.0;10.0;10.0;72.0;932.1666666666666;8.0;1.3333333333333333;7
83075;2003-11-14;5.9;23.4;15.4;2.4;2003;11;14;-23.43;-46.46;735;80.0;73.0;63.0;932.2;935.3;935.7;7;5;5;1.0;2.0;3.0;9.0;10.0;8.75;72.0;934.4;9.25;2.0;7
83075;2003-11-15;0;29.6;16.3;8.1;2003;11;15;-23.43;-46.46;735;81.0;72.0;63.0;936.9;937.2;936.7;5;3;5;1.0;3.0;4.0;10.0;8.0;4.0;72.0;936.9333333333334;7.333333333333333;2.6666666666666665;5
83075;2003-11-16;0;32;18.4;7.9;2003;11;16;-23.43;-46.46;735;90.0;61.0;61.0;936.7;936.3;934.0;5;5;5;1.0;1.0;2.0;2.0;9.0;5.0;70.66666666666667;935.6666666666666;5.333333333333333;1.3333333333333333;5
83075;2003-11-17;15.8;27.7;20;1.2;2003;11;17;-23.43;-46.46;735;60.0;86.0;87.0;934.1;934.1;932.6;5;5;7;1.0;1.02888;1.02888;8.0;10.0;10.0;77.66666666666667;933.6;9.333333333333334;1.0192533333333333;5
83075;2003-11-18;6.2;29.2;20.1;6.1;2003;11;18;-23.43;-46.46;735;83.0;55.0;59.0;933.9;932.5;931.6;7;7;7;5.0;3.0;3.0;10.0;7.5;10.0;65.66666666666667;932.6666666666666;9.166666666666666;3.6666666666666665;7
83075;2003-11-19;0.8;26.2;19.9;1.3;2003;11;19;-23.43;-46.46;735;66.0;85.0;62.0;931.4;931.2;930.6;7;7;7;1.0;1.0;3.0;8.0;10.0;8.75;71.0;931.0666666666666;8.916666666666666;1.6666666666666667;7
83075;2003-11-20;0;29.6;17.7;10.4;2003;11;20;-23.43;-46.46;735;75.0;57.0;46.0;931.3;933.7;933.7;7;5;5;3.0;3.0;5.0;1.0;9.0;2.0;59.333333333333336;932.9;4.0;3.6666666666666665;7
83075;2003-11-21;1.8;22.1;16.3;0.1;2003;11;21;-23.43;-46.46;735;67.0;81.0;69.0;937.0;938.9;939.2;3;5;3;3.0;2.0;3.0;10.0;10.0;10.0;72.33333333333333;938.3666666666668;10.0;2.6666666666666665;3
83075;2003-11-22;0;25.7;16.4;1.9;2003;11;22;-23.43;-46.46;735;82.0;76.0;59.0;939.2;939.4;938.6;3;5;3;3.0;3.0;1.0;10.0;10.0;10.0;72.33333333333333;939.0666666666666;10.0;2.3333333333333335;3
83075;2003-11-23;0;30.7;17.3;5;2003;11;23;-23.43;-46.46;735;84.0;73.0;60.0;938.4;938.1;935.9;3;3;7;1.0;2.0;3.0;10.0;8.0;10.0;72.33333333333333;937.4666666666667;9.333333333333334;2.0;3
83075;2003-11-24;0;27.9;19.6;0.1;2003;11;24;-23.43;-46.46;735;73.0;64.0;55.0;935.8;935.0;933.3;7;8;7;2.0;0.0;2.0;10.0;9.0;10.0;64.0;934.6999999999999;9.666666666666666;1.3333333333333333;7
83075;2003-11-25;4;32.4;18.7;10.5;2003;11;25;-23.43;-46.46;735;90.0;54.0;46.0;933.8;933.5;932.6;8;5;7;0.0;2.0;3.0;10.0;2.0;8.0;63.333333333333336;933.3000000000001;6.666666666666667;1.6666666666666667;5
83075;2003-11-26;0;29.1;20.1;4.2;2003;11;26;-23.43;-46.46;735;69.0;61.0;59.0;932.8;934.0;933.8;8;7;7;0.0;3.0;2.0;1.0;7.5;8.75;63.0;933.5333333333333;5.75;1.6666666666666667;7
83075;2003-11-27;6.8;31.4;20;5.6;2003;11;27;-23.43;-46.46;735;90.0;61.0;71.0;934.1;935.0;931.9;8;7;7;0.0;2.0;3.0;2.0;10.0;10.0;74.0;933.6666666666666;7.333333333333333;1.6666666666666667;7
83075;2003-11-28;5.1;24.4;17.7;0.3;2003;11;28;-23.43;-46.46;735;88.0;70.0;80.0;932.2;932.4;932.4;8;7;5;0.0;2.0;1.0;10.0;10.0;10.0;79.33333333333333;932.3333333333334;10.0;1.0;7
83075;2003-11-29;1.2;24.2;16;0.2;2003;11;29;-23.43;-46.46;735;87.0;77.0;84.0;933.0;933.6;933.5;5;5;5;3.0;3.0;3.0;10.0;10.0;10.0;82.66666666666667;933.3666666666667;10.0;3.0;5
83075;2003-11-30;0;27.1;16.5;3;2003;11;30;-23.43;-46.46;735;84.0;81.0;69.0;933.9;934.3;933.0;5;3;5;3.0;1.0;1.0;10.0;10.0;10.0;78.0;933.7333333333332;10.0;1.6666666666666667;5
83075;2003-12-01;1.1;24.3;18.9;0;2003;12;1;-23.43;-46.46;735;92.0;85.0;74.0;933.4;933.8;933.6;5;5;5;1.0;1.0;1.0;10.0;10.0;10.0;83.66666666666667;933.5999999999999;10.0;1.0;5
83075;2003-12-02;0;34.7;22.7;8.3;2003;12;2;-23.43;-46.46;735;57.0;51.0;35.0;933.9;934.3;934.1;5;1;7;2.05776;1.02888;3.08664;10.0;6.25;8.75;47.666666666666664;934.0999999999999;8.333333333333334;2.05776;5
83075;2003-12-03;0;28.3;21.2;1.5;2003;12;3;-23.43;-46.46;735;74.0;70.0;75.0;933.9;933.9;933.1;8;7;7;0.0;2.0;3.0;9.0;10.0;9.0;73.0;933.6333333333333;9.333333333333334;1.6666666666666667;7
83075;2003-12-04;0;26.4;14.8;7.3;2003;12;4;-23.43;-46.46;735;81.0;75.0;40.0;936.0;937.2;937.1;5;5;7;2.0;1.02888;3.0;8.75;7.5;2.5;65.33333333333333;936.7666666666668;6.25;2.0096266666666667;5
83075;2003-12-05;0;24.4;12.7;6.6;2003;12;5;-23.43;-46.46;735;77.0;79.0;52.0;943.6;945.1;944.1;5;5;3;1.02888;2.0;3.0;1.25;8.75;1.25;69.33333333333333;944.2666666666668;3.75;2.0096266666666667;5
83075;2003-12-06;0;26.8;15.2;7.9;2003;12;6;-23.43;-46.46;735;66.0;75.0;45.0;938.1;938.2;937.4;7;3;7;1.0;1.0;2.0;0.0;9.0;2.0;62.0;937.9000000000001;3.6666666666666665;1.3333333333333333;7
83075;2003-12-07;0.1;13.4;8.9;0;2003;12;7;-23.43;-46.46;735;80.0;81.0;74.0;943.0;944.8;944.8;5;5;5;2.0;1.02888;1.02888;10.0;10.0;10.0;78.33333333333333;944.1999999999999;10.0;1.3525866666666666;5
83075;2003-12-08;0;21.4;8.9;8.6;2003;12;8;-23.43;-46.46;735;82.0;74.0;47.0;942.9;942.8;942.2;5;3;5;1.0;2.0;3.0;1.25;7.5;1.25;67.66666666666667;942.6333333333332;3.3333333333333335;2.0;5
83075;2003-12-09;0;22.5;9.1;3.8;2003;12;9;-23.43;-46.46;735;82.0;79.0;57.0;941.1;942.9;940.0;5;3;5;2.0;2.0;2.0;10.0;10.0;5.0;72.66666666666667;941.3333333333334;8.333333333333334;2.0;5
83075;2003-12-10;18.4;21.7;12.7;1.6;2003;12;10;-23.43;-46.46;735;89.0;79.0;71.0;937.8;938.5;938.3;5;5;5;1.0;4.0;3.0;10.0;10.0;9.0;79.66666666666667;938.1999999999999;9.666666666666666;2.6666666666666665;5
83075;2003-12-11;0;35.3;20.4;10.5;2003;12;11;-23.43;-46.46;735;74.0;46.0;32.0;935.4;935.1;932.9;3;7;7;1.0;3.0;3.0;9.0;2.0;5.0;50.666666666666664;934.4666666666667;5.333333333333333;2.3333333333333335;3
83075;2003-12-12;3.2;28.1;18.1;0.4;2003;12;12;-23.43;-46.46;735;61.0;68.0;59.0;934.4;934.7;934.8;7;7;7;1.02888;3.0;3.0;7.5;8.75;10.0;62.666666666666664;934.6333333333332;8.75;2.34296;7
83075;2003-12-13;0.9;27.5;17.6;5.3;2003;12;13;-23.43;-46.46;735;81.0;69.0;63.0;935.2;935.7;935.2;5;3;3;1.0;3.0;3.0;10.0;7.5;8.75;71.0;935.3666666666668;8.75;2.3333333333333335;5
83075;2003-12-14;0;32.9;19.2;7.3;2003;12;14;-23.43;-46.46;735;81.0;73.0;49.0;935.7;936.0;934.9;3;3;3;3.0;1.02888;2.0;8.75;7.5;7.5;67.66666666666667;935.5333333333333;7.916666666666667;2.0096266666666667;3
83075;2003-12-15;3.3;35.3;21.1;10.2;2003;12;15;-23.43;-46.46;735;85.0;60.0;42.0;936.0;936.0;933.5;5;3;7;1.02888;1.02888;3.0;10.0;7.5;5.0;62.333333333333336;935.1666666666666;7.5;1.68592;5
83075;2003-12-16;0;35.5;21.2;10.2;2003;12;16;-23.43;-46.46;735;76.0;54.0;41.0;934.4;934.5;933.2;3;7;7;2.0;2.0;3.0;8.75;3.75;8.75;57.0;934.0333333333334;7.083333333333333;2.3333333333333335;3
83075;2003-12-17;11.2;22.7;16.9;0;2003;12;17;-23.43;-46.46;735;79.0;78.0;77.0;935.6;937.5;937.9;3;5;5;3.0;3.0;3.0;8.75;10.0;10.0;78.0;937.0;9.583333333333334;3.0;3
83075;2003-12-18;0;21.6;15.8;0;2003;12;18;-23.43;-46.46;735;84.0;73.0;74.0;938.5;939.3;939.3;5;3;3;3.0;3.0;3.0;10.0;10.0;10.0;77.0;939.0333333333333;10.0;3.0;5
83075;2003-12-19;0;28.3;17.4;5.6;2003;12;19;-23.43;-46.46;735;81.0;78.0;55.0;939.6;940.2;940.0;3;3;7;1.0;2.0;1.02888;10.0;10.0;8.75;71.33333333333333;939.9333333333334;9.583333333333334;1.34296;3
83075;2003-12-20;0;29;18.8;4.6;2003;12;20;-23.43;-46.46;735;83.0;71.0;83.0;939.9;940.1;938.4;3;3;8;1.02888;2.0;0.0;7.5;3.75;10.0;79.0;939.4666666666667;7.083333333333333;1.0096266666666667;3
83075;2003-12-21;5.1;28.8;19.5;1.8;2003;12;21;-23.43;-46.46;735;85.0;79.0;65.0;938.4;937.5;933.1;8;8;5;0.0;0.0;1.0;10.0;10.0;8.75;76.33333333333333;936.3333333333334;9.583333333333334;0.3333333333333333;5
83075;2003-12-22;4.8;31.2;19.3;10;2003;12;22;-23.43;-46.46;735;88.0;60.0;51.0;933.6;932.6;935.4;7;7;7;1.02888;3.0;4.0;10.0;1.25;5.0;66.33333333333333;933.8666666666667;5.416666666666667;2.6762933333333336;7
83075;2003-12-23;7;27.7;19.1;1.6;2003;12;23;-23.43;-46.46;735;75.0;76.0;86.0;931.6;932.2;932.6;7;5;5;3.0;1.02888;4.0;2.5;10.0;10.0;79.0;932.1333333333333;7.5;2.6762933333333336;7
83075;2003-12-24;21.1;20.9;16.6;0;2003;12;24;-23.43;-46.46;735;84.0;80.0;76.0;934.8;937.8;938.3;5;5;5;2.0;3.0;4.0;10.0;10.0;10.0;80.0;936.9666666666666;10.0;3.0;5
83075;2003-12-25;0;23.4;16.5;0.9;2003;12;25;-23.43;-46.46;735;83.0;79.0;73.0;939.1;939.6;939.3;5;5;5;2.0;2.0;2.0;7.5;8.75;8.75;78.33333333333333;939.3333333333334;8.333333333333334;2.0;5
83075;2003-12-26;0;26.4;16.8;4.9;2003;12;26;-23.43;-46.46;735;85.0;70.0;67.0;939.6;939.2;937.4;5;3;5;2.0;2.0;3.0;10.0;8.75;8.75;74.0;938.7333333333335;9.166666666666666;2.3333333333333335;5
83075;2003-12-27;0;28.6;17.7;5.5;2003;12;27;-23.43;-46.46;735;80.0;74.0;60.0;937.1;938.1;935.2;5;3;5;1.02888;1.02888;4.0;8.75;7.5;8.75;71.33333333333333;936.8000000000001;8.333333333333334;2.0192533333333333;5
83075;2003-12-28;44.6;28.8;16.8;5.1;2003;12;28;-23.43;-46.46;735;90.0;75.0;81.0;934.4;934.1;933.3;5;3;5;1.02888;1.02888;2.0;2.5;10.0;10.0;82.0;933.9333333333334;7.5;1.3525866666666666;5
83075;2003-12-29;10.4;31.5;17.1;8.6;2003;12;29;-23.43;-46.46;735;81.0;60.0;51.0;933.2;933.5;932.9;5;5;5;1.02888;1.02888;3.0;1.25;8.75;8.75;64.0;933.1999999999999;6.25;1.68592;5
83075;2003-12-30;0;32.3;19.1;9.4;2003;12;30;-23.43;-46.46;735;77.0;64.0;45.0;933.3;934.1;933.4;5;7;7;1.02888;3.0;2.0;5.0;8.75;5.0;62.0;933.6;6.25;2.0096266666666667;5
83075;2003-12-31;0;32.6;20.5;6.2;2003;12;31;-23.43;-46.46;735;81.0;67.0;71.0;933.7;934.1;933.8;5;7;7;1.02888;3.0;3.0;10.0;10.0;10.0;73.0;933.8666666666668;10.0;2.34296;5
83075;2004-01-01;8.8;23.3;16.6;0;2004;1;1;-23.43;-46.46;735;82.0;91.0;91.0;934.1;934.2;934.4;7;5;5;1.02888;3.0;5.0;8.75;10.0;10.0;88.0;934.2333333333335;9.583333333333334;3.009626666666667;7
83075;2004-01-02;4.6;32;18.8;8.1;2004;1;2;-23.43;-46.46;735;78.0;64.0;48.0;936.8;936.9;935.8;5;5;7;1.0;1.0;3.0;10.0;1.0;8.0;63.333333333333336;936.5;6.333333333333333;1.6666666666666667;5
83075;2004-01-03;0;31.5;17.3;5.9;2004;1;3;-23.43;-46.46;735;82.0;83.0;45.0;931.5;933.6;933.2;5;3;5;1.0;1.0;1.0;2.0;10.0;8.0;70.0;932.7666666666668;6.666666666666667;1.0;5
83075;2004-01-04;0;28.8;16.8;7.1;2004;1;4;-23.43;-46.46;735;79.0;76.0;59.0;937.3;937.2;936.3;3;3;5;2.1;1.0;3.0;9.0;2.0;4.0;71.33333333333333;936.9333333333334;5.0;2.033333333333333;3
83075;2004-01-05;0;26;14.1;6.7;2004;1;5;-23.43;-46.46;735;74.0;75.0;42.0;936.6;936.5;935.7;5;8;7;2.0;0.0;4.0;1.0;1.0;4.0;63.666666666666664;936.2666666666668;2.0;2.0;5
83075;2004-01-06;17.9;22.7;13.1;4.9;2004;1;6;-23.43;-46.46;735;92.0;86.0;61.0;939.7;940.2;939.4;5;5;8;1.0;1.0;0.0;10.0;9.0;8.0;79.66666666666667;939.7666666666668;9.0;0.6666666666666666;5
83075;2004-01-07;0;26.7;13.7;8;2004;1;7;-23.43;-46.46;735;80.0;75.0;51.0;940.1;940.1;938.2;8;3;7;0.0;1.0;1.0;0.0;0.0;6.0;68.66666666666667;939.4666666666667;2.0;0.6666666666666666;3
83075;2004-01-08;0;23.9;11.5;9.3;2004;1;8;-23.43;-46.46;735;73.0;70.0;39.0;938.3;938.8;937.8;8;8;7;0.0;0.0;3.0;1.0;0.0;1.0;60.666666666666664;938.2999999999998;0.6666666666666666;1.0;7
83075;2004-01-09;0;28.6;12.9;8;2004;1;9;-23.43;-46.46;735;83.0;73.0;40.0;939.3;940.5;939.9;5;7;5;3.0;1.0;2.1;10.0;0.0;0.0;65.33333333333333;939.9;3.3333333333333335;2.033333333333333;5
83075;2004-01-10;0;20.6;13.7;0;2004;1;10;-23.43;-46.46;735;81.0;80.0;75.0;939.0;939.3;938.7;3;3;3;5.1;1.0;1.0;10.0;10.0;10.0;78.66666666666667;939.0;10.0;2.3666666666666667;3
83075;2004-01-11;0;24.3;18.3;0;2004;1;11;-23.43;-46.46;735;77.0;82.0;74.0;936.0;936.9;936.4;3;5;5;3.0;2.0;2.0;10.0;10.0;10.0;77.66666666666667;936.4333333333334;10.0;2.3333333333333335;3
83075;2004-01-12;0;25.8;16.3;4.6;2004;1;12;-23.43;-46.46;735;76.0;68.0;65.0;933.0;934.9;934.9;5;3;5;1.0;3.0;5.0;9.0;9.0;9.0;69.66666666666667;934.2666666666668;9.0;3.0;5
83075;2004-01-13;0;27.3;19.1;3.4;2004;1;13;-23.43;-46.46;735;84.0;75.0;62.0;931.2;931.2;930.8;5;5;3;3.0;2.0;5.0;10.0;9.0;9.0;73.66666666666667;931.0666666666666;9.333333333333334;3.3333333333333335;5
83075;2004-01-14;0;30.4;18.7;3.6;2004;1;14;-23.43;-46.46;735;81.0;73.0;76.0;931.1;931.0;929.4;3;3;5;2.0;1.0;3.0;10.0;10.0;10.0;76.66666666666667;930.5;10.0;2.0;3
83075;2004-01-15;0.8;30.9;20.2;6.1;2004;1;15;-23.43;-46.46;735;84.0;67.0;71.0;929.4;929.5;929.0;3;7;5;2.0;1.0;5.0;9.0;8.0;10.0;74.0;929.3000000000001;9.0;2.6666666666666665;3
83075;2004-01-16;13.8;25.4;19.1;5.3;2004;1;16;-23.43;-46.46;735;89.0;72.0;67.0;929.4;930.8;930.5;3;5;5;3.0;3.0;3.0;9.0;9.0;10.0;76.0;930.2333333333332;9.333333333333334;3.0;3
83075;2004-01-17;0;25.4;15.6;7.6;2004;1;17;-23.43;-46.46;735;78.0;63.0;52.0;932.4;934.4;934.4;5;3;5;2.0;3.0;5.0;9.0;5.0;6.0;64.33333333333333;933.7333333333332;6.666666666666667;3.3333333333333335;5
83075;2004-01-18;0;26;16.3;10.3;2004;1;18;-23.43;-46.46;735;75.0;61.0;46.0;934.9;935.4;935.2;5;3;5;4.0;1.0;5.0;8.0;1.0;6.0;60.666666666666664;935.1666666666666;5.0;3.3333333333333335;5
83075;2004-01-19;0;27;16.9;6.1;2004;1;19;-23.43;-46.46;735;73.0;72.0;53.0;935.2;935.3;934.9;5;3;3;4.0;2.0;4.0;9.0;9.0;8.0;66.0;935.1333333333333;8.666666666666666;3.3333333333333335;5
83075;2004-01-20;0;26.9;17.4;5.2;2004;1;20;-23.43;-46.46;735;71.0;69.0;59.0;934.9;934.8;934.4;3;7;5;5.0;1.0;1.0;10.0;2.0;9.0;66.33333333333333;934.6999999999999;7.0;2.3333333333333335;3
83075;2004-01-21;0;23.1;18.5;0;2004;1;21;-23.43;-46.46;735;69.0;77.0;85.0;934.2;934.5;934.4;3;3;5;2.0;2.0;1.0;9.0;10.0;10.0;77.0;934.3666666666667;9.666666666666666;1.6666666666666667;3
83075;2004-01-22;12.4;24.9;18.5;0.2;2004;1;22;-23.43;-46.46;735;92.0;87.0;77.0;934.1;934.0;933.0;5;5;5;1.0;1.0;1.0;9.0;10.0;10.0;85.33333333333333;933.6999999999999;9.666666666666666;1.0;5
83075;2004-01-23;1;29.3;18.8;3.8;2004;1;23;-23.43;-46.46;735;84.0;84.0;63.0;933.2;933.4;932.8;5;3;5;1.0;1.0;4.0;8.0;10.0;9.0;77.0;933.1333333333332;9.0;2.0;5
83075;2004-01-24;90.6;29.3;18.5;0.9;2004;1;24;-23.43;-46.46;735;87.0;79.0;50.0;932.9;933.9;933.4;3;5;3;2.0;1.0;1.0;5.0;9.0;9.0;72.0;933.4;7.666666666666667;1.3333333333333333;3
83075;2004-01-25;0.2;29.5;20.9;3.3;2004;1;25;-23.43;-46.46;735;79.0;62.0;61.0;933.4;933.3;931.0;3;5;5;1.0;2.0;2.0;9.0;9.0;10.0;67.33333333333333;932.5666666666666;9.333333333333334;1.6666666666666667;3
83075;2004-01-26;5.8;23;19.7;0;2004;1;26;-23.43;-46.46;735;89.0;77.0;90.0;931.7;931.8;931.6;5;5;5;1.0;1.0;1.0;9.0;10.0;10.0;85.33333333333333;931.6999999999999;9.666666666666666;1.0;5
83075;2004-01-27;24;22.7;19.1;0;2004;1;27;-23.43;-46.46;735;93.0;88.0;89.0;931.9;932.7;933.0;5;3;3;1.0;1.0;1.0;10.0;10.0;10.0;90.0;932.5333333333333;10.0;1.0;5
83075;2004-01-28;15.8;26.9;19.2;0.5;2004;1;28;-23.43;-46.46;735;95.0;89.0;69.0;933.6;934.8;934.7;3;5;5;1.0;1.0;1.0;10.0;10.0;9.0;84.33333333333333;934.3666666666668;9.666666666666666;1.0;3
83075;2004-01-29;0;30.5;19.3;2.8;2004;1;29;-23.43;-46.46;735;78.0;72.0;52.0;935.3;936.0;935.7;5;5;7;1.0;1.0;1.0;8.0;9.0;9.0;67.33333333333333;935.6666666666666;8.666666666666666;1.0;5
83075;2004-01-30;0.1;32;19;7.1;2004;1;30;-23.43;-46.46;735;78.0;68.0;75.0;936.1;936.2;935.7;8;3;7;0.0;1.0;2.0;4.0;1.0;10.0;73.66666666666667;936.0;5.0;1.0;3
83075;2004-01-31;5.9;32.5;18.5;5.6;2004;1;31;-23.43;-46.46;735;83.0;67.0;50.0;936.1;936.4;935.1;7;3;3;1.0;1.0;2.0;5.0;9.0;8.0;66.66666666666667;935.8666666666667;7.333333333333333;1.3333333333333333;7
83075;2004-02-01;7;19.1;15.3;0;2004;2;1;-23.43;-46.46;735;84.0;90.0;79.0;935.9;935.7;935.8;5;5;5;2.0;1.0;3.0;10.0;10.0;10.0;84.33333333333333;935.7999999999998;10.0;2.0;5
83075;2004-02-02;0;32.3;20.2;7.8;2004;2;2;-23.43;-46.46;735;62.0;65.0;43.0;936.1;936.1;934.4;5;7;5;1.0;1.0;2.0;8.0;1.0;8.0;56.666666666666664;935.5333333333333;5.666666666666667;1.3333333333333333;5
83075;2004-02-03;5.5;32.4;17.7;10.6;2004;2;3;-23.43;-46.46;735;83.0;73.0;38.0;933.9;934.3;933.1;5;5;7;1.0;1.0;2.0;2.0;0.0;5.0;64.66666666666667;933.7666666666665;2.3333333333333335;1.3333333333333333;5
83075;2004-02-04;0;31.1;18.1;8.6;2004;2;4;-23.43;-46.46;735;74.0;76.0;37.0;936.4;936.6;935.8;5;3;5;1.0;1.0;2.0;10.0;0.0;2.0;62.333333333333336;936.2666666666668;4.0;1.3333333333333333;5
83075;2004-02-05;0;28.7;15.4;8.7;2004;2;5;-23.43;-46.46;735;82.0;69.0;42.0;936.2;936.7;936.4;5;8;7;1.0;0.0;2.0;0.0;4.0;6.0;64.33333333333333;936.4333333333334;3.3333333333333335;1.0;5
83075;2004-02-06;0;20.3;14.3;1.3;2004;2;6;-23.43;-46.46;735;85.0;81.0;78.0;939.8;940.2;940.0;5;3;5;1.0;2.0;1.0;10.0;9.0;10.0;81.33333333333333;940.0;9.666666666666666;1.3333333333333333;5
83075;2004-02-07;0;26.6;13.9;8.3;2004;2;7;-23.43;-46.46;735;76.0;74.0;51.0;938.2;938.5;938.1;7;3;7;1.0;1.0;1.0;0.0;0.0;2.0;67.0;938.2666666666668;0.6666666666666666;1.0;7
83075;2004-02-08;0;24;10.9;7;2004;2;8;-23.43;-46.46;735;87.0;83.0;47.0;938.2;938.5;938.0;8;8;5;0.0;0.0;1.0;0.0;2.0;4.0;72.33333333333333;938.2333333333332;2.0;0.3333333333333333;5
83075;2004-02-09;0;32.2;14.1;8.3;2004;2;9;-23.43;-46.46;735;77.0;76.0;29.0;939.6;940.4;939.2;5;8;7;1.0;0.0;3.1;0.0;0.0;1.0;60.666666666666664;939.7333333333332;0.3333333333333333;1.3666666666666665;5
83075;2004-02-10;0;24.9;15.1;0.8;2004;2;10;-23.43;-46.46;735;84.0;83.0;63.0;939.0;937.9;937.3;5;3;7;2.0;1.0;3.0;7.0;10.0;10.0;76.66666666666667;938.0666666666666;9.0;2.0;5
83075;2004-02-11;0;28.6;18.1;4.3;2004;2;11;-23.43;-46.46;735;85.0;73.0;66.0;936.8;936.9;934.8;5;5;5;2.0;2.0;3.0;10.0;8.0;9.0;74.66666666666667;936.1666666666666;9.0;2.3333333333333335;5
83075;2004-02-12;0;26.6;16.8;5.4;2004;2;12;-23.43;-46.46;735;80.0;63.0;61.0;935.2;936.8;936.5;3;3;5;1.0;2.0;4.0;8.0;9.0;9.0;68.0;936.1666666666666;8.666666666666666;2.3333333333333335;3
83075;2004-02-13;0;28.9;17.6;5.6;2004;2;13;-23.43;-46.46;735;80.0;71.0;50.0;938.4;938.4;937.2;5;3;5;3.0;2.0;1.0;9.0;1.0;9.0;67.0;938.0;6.333333333333333;2.0;5
83075;2004-02-14;41;26.6;17.7;0.8;2004;2;14;-23.43;-46.46;735;86.0;83.0;74.0;937.2;936.1;932.9;8;3;7;0.0;1.0;1.0;2.0;10.0;10.0;81.0;935.4000000000001;7.333333333333333;0.6666666666666666;3
83075;2004-02-15;20.3;28.3;18.9;5.9;2004;2;15;-23.43;-46.46;735;91.0;81.0;62.0;932.7;930.5;929.7;7;7;7;1.0;2.0;2.0;10.0;9.0;6.0;78.0;930.9666666666667;8.333333333333334;1.6666666666666667;7
83075;2004-02-16;0.6;26.3;19.3;5;2004;2;16;-23.43;-46.46;735;88.0;74.0;64.0;930.5;932.1;932.0;5;7;5;1.0;1.0;3.0;9.0;9.0;9.0;75.33333333333333;931.5333333333333;9.0;1.6666666666666667;5
83075;2004-02-17;0;31.5;17.4;8.8;2004;2;17;-23.43;-46.46;735;81.0;76.0;36.0;932.8;935.1;935.2;5;3;7;1.0;1.0;1.0;9.0;9.0;4.0;64.33333333333333;934.3666666666668;7.333333333333333;1.0;5
83075;2004-02-18;0;32.7;19.2;9.1;2004;2;18;-23.43;-46.46;735;78.0;69.0;43.0;936.1;936.4;935.0;7;7;7;1.0;1.0;1.0;0.0;1.0;9.0;63.333333333333336;935.8333333333334;3.3333333333333335;1.0;7
83075;2004-02-19;0;33.3;20.5;7.8;2004;2;19;-23.43;-46.46;735;72.0;72.0;44.0;935.6;935.5;933.4;3;7;5;1.0;1.0;2.0;2.0;6.0;9.0;62.666666666666664;934.8333333333334;5.666666666666667;1.3333333333333333;3
83075;2004-02-20;0;24.6;18.5;0;2004;2;20;-23.43;-46.46;735;81.0;78.0;79.0;933.8;934.2;934.3;5;5;5;2.0;2.0;3.0;10.0;10.0;10.0;79.33333333333333;934.1;10.0;2.3333333333333335;5
83075;2004-02-21;0;26.5;18.6;0;2004;2;21;-23.43;-46.46;735;81.0;82.0;85.0;935.0;935.2;935.5;3;3;5;2.0;1.0;4.0;10.0;10.0;10.0;82.66666666666667;935.2333333333332;10.0;2.3333333333333335;3
83075;2004-02-22;37;23.4;17.8;0;2004;2;22;-23.43;-46.46;735;94.0;89.0;89.0;935.8;936.1;935.7;5;8;5;1.0;0.0;2.0;10.0;10.0;10.0;90.66666666666667;935.8666666666668;10.0;1.0;5
83075;2004-02-23;40.4;20.7;17.4;0;2004;2;23;-23.43;-46.46;735;92.0;94.0;90.0;936.4;936.0;935.8;8;8;5;0.0;0.0;1.0;10.0;10.0;10.0;92.0;936.0666666666666;10.0;0.3333333333333333;5
83075;2004-02-24;18;21.7;16.1;0;2004;2;24;-23.43;-46.46;735;88.0;87.0;82.0;935.7;936.2;935.9;5;8;5;2.0;0.0;1.0;10.0;10.0;10.0;85.66666666666667;935.9333333333334;10.0;1.0;5
83075;2004-02-25;8.7;20.1;16;0;2004;2;25;-23.43;-46.46;735;88.0;91.0;83.0;936.3;936.2;936.3;8;5;5;0.0;1.0;3.0;10.0;10.0;10.0;87.33333333333333;936.2666666666668;10.0;1.3333333333333333;5
83075;2004-02-26;6.1;22.3;16.2;0;2004;2;26;-23.43;-46.46;735;90.0;85.0;81.0;936.7;936.8;935.8;3;5;5;1.0;1.0;3.0;10.0;10.0;10.0;85.33333333333333;936.4333333333334;10.0;1.6666666666666667;3
83075;2004-02-27;0;29.8;14;8.8;2004;2;27;-23.43;-46.46;735;84.0;69.0;45.0;937.0;936.6;933.3;8;5;7;0.0;1.0;1.0;0.0;0.0;6.0;66.0;935.6333333333332;2.0;0.6666666666666666;5
83075;2004-02-28;9;29;15.6;9.1;2004;2;28;-23.43;-46.46;735;63.0;65.0;39.0;932.3;931.6;928.5;7;7;7;1.0;1.0;2.0;9.0;1.0;4.0;55.666666666666664;930.8000000000001;4.666666666666667;1.3333333333333333;7
83075;2004-02-29;0;30.2;14.6;9.6;2004;2;29;-23.43;-46.46;735;82.0;84.0;39.0;929.4;931.2;930.8;5;5;5;1.0;1.0;2.0;6.0;1.0;4.0;68.33333333333333;930.4666666666666;3.6666666666666665;1.3333333333333333;5
83075;2004-03-01;5.8;23.8;15.2;2.9;2004;3;1;-23.43;-46.46;735;80.0;65.0;71.0;936.3;936.6;936.1;3;5;5;5.0;1.0;5.0;10.0;9.0;10.0;72.0;936.3333333333334;9.666666666666666;3.6666666666666665;3
83075;2004-03-02;14.2;28.3;19.3;4.5;2004;3;2;-23.43;-46.46;735;88.0;75.0;73.0;934.5;934.6;934.3;8;3;5;0.0;1.0;1.0;3.0;2.0;9.0;78.66666666666667;934.4666666666666;4.666666666666667;0.6666666666666666;3
83075;2004-03-03;0;31.6;20;4.7;2004;3;3;-23.43;-46.46;735;66.0;59.0;51.0;933.6;933.4;933.0;3;8;7;1.0;0.0;3.1;0.0;9.0;10.0;58.666666666666664;933.3333333333334;6.333333333333333;1.3666666666666665;3
83075;2004-03-04;0;31.4;17.9;8.9;2004;3;4;-23.43;-46.46;735;76.0;78.0;37.0;936.1;936.4;935.3;5;5;7;1.0;1.0;3.0;0.0;9.0;9.0;63.666666666666664;935.9333333333334;6.0;1.6666666666666667;5
83075;2004-03-05;0;29.2;16.1;9.1;2004;3;5;-23.43;-46.46;735;71.0;67.0;45.0;936.7;938.8;938.2;8;5;3;0.0;1.0;2.0;0.0;1.0;6.0;61.0;937.9;2.3333333333333335;1.0;5
83075;2004-03-06;2.5;18.7;14.2;0.1;2004;3;6;-23.43;-46.46;735;89.0;85.0;90.0;940.2;939.7;938.0;7;7;7;1.0;1.0;1.0;10.0;10.0;10.0;88.0;939.3000000000001;10.0;1.0;7
83075;2004-03-07;0;27.5;13.9;8.3;2004;3;7;-23.43;-46.46;735;79.0;80.0;48.0;939.2;938.5;938.0;8;5;7;0.0;1.0;2.0;0.0;1.0;0.0;69.0;938.5666666666666;0.3333333333333333;1.0;5
83075;2004-03-08;0;24.6;12.1;5.2;2004;3;8;-23.43;-46.46;735;83.0;88.0;57.0;938.3;940.3;939.8;3;3;3;1.0;1.0;1.0;8.0;10.0;0.0;76.0;939.4666666666666;6.0;1.0;3
83075;2004-03-09;0;30.9;17.1;7.2;2004;3;9;-23.43;-46.46;735;59.0;63.0;42.0;940.2;940.1;939.5;8;8;5;0.0;0.0;3.1;3.0;1.0;9.0;54.666666666666664;939.9333333333334;4.333333333333333;1.0333333333333334;5
83075;2004-03-10;18.5;20.3;15.6;0;2004;3;10;-23.43;-46.46;735;94.0;83.0;86.0;936.6;936.7;936.8;7;5;5;1.0;1.0;1.0;10.0;10.0;10.0;87.66666666666667;936.7000000000002;10.0;1.0;7
83075;2004-03-11;0;33.4;18.2;11.3;2004;3;11;-23.43;-46.46;735;86.0;63.0;42.0;936.1;934.6;932.1;3;7;7;2.0;1.0;2.0;10.0;2.0;5.0;63.666666666666664;934.2666666666668;5.666666666666667;1.6666666666666667;3
83075;2004-03-12;0;21;17.6;0;2004;3;12;-23.43;-46.46;735;80.0;85.0;91.0;936.4;936.7;936.3;3;5;5;1.0;2.0;1.0;10.0;10.0;10.0;85.33333333333333;936.4666666666666;10.0;1.3333333333333333;3
83075;2004-03-13;1.2;27.3;18.1;2.7;2004;3;13;-23.43;-46.46;735;83.0;74.0;53.0;937.0;937.1;936.9;3;3;3;3.1;2.1;3.1;10.0;10.0;6.0;70.0;937.0;8.666666666666666;2.766666666666667;3
83075;2004-03-14;0;25.4;18.7;0;2004;3;14;-23.43;-46.46;735;81.0;79.0;84.0;936.9;936.7;935.6;3;5;8;3.1;1.0;0.0;3.0;10.0;10.0;81.33333333333333;936.4;7.666666666666667;1.3666666666666665;3
83075;2004-03-15;7.6;29.6;19.3;7.3;2004;3;15;-23.43;-46.46;735;90.0;74.0;65.0;935.5;933.3;932.3;5;7;5;1.0;2.1;3.1;10.0;5.0;6.0;76.33333333333333;933.6999999999999;7.0;2.066666666666667;5
83075;2004-03-16;0;27.9;16.5;8.6;2004;3;16;-23.43;-46.46;735;80.0;69.0;58.0;932.5;933.0;932.4;5;7;5;1.0;2.1;2.1;1.0;5.0;9.0;69.0;932.6333333333333;5.0;1.7333333333333334;5
83075;2004-03-17;0;26.8;16.7;9;2004;3;17;-23.43;-46.46;735;75.0;66.0;52.0;932.4;933.1;932.4;5;5;5;3.1;1.0;1.0;9.0;3.0;5.0;64.33333333333333;932.6333333333333;5.666666666666667;1.7;5
83075;2004-03-18;0;27.8;17.3;7;2004;3;18;-23.43;-46.46;735;77.0;78.0;51.0;932.8;933.3;932.5;5;3;5;3.1;1.0;1.0;10.0;9.0;4.0;68.66666666666667;932.8666666666667;7.666666666666667;1.7;5
83075;2004-03-19;0;28.6;16.9;3.3;2004;3;19;-23.43;-46.46;735;87.0;79.0;50.0;932.7;933.5;931.4;5;3;7;1.0;2.1;2.1;9.0;9.0;9.0;72.0;932.5333333333333;9.0;1.7333333333333334;5
83075;2004-03-20;7.4;25.4;17.7;2.9;2004;3;20;-23.43;-46.46;735;88.0;85.0;66.0;932.1;932.3;932.0;7;7;5;1.0;1.0;4.1;10.0;9.0;4.0;79.66666666666667;932.1333333333333;7.666666666666667;2.033333333333333;7
83075;2004-03-21;5.6;22.7;16.1;2.2;2004;3;21;-23.43;-46.46;735;85.0;88.0;66.0;932.0;933.2;932.7;5;5;5;1.0;3.1;2.1;10.0;10.0;9.0;79.66666666666667;932.6333333333333;9.666666666666666;2.0666666666666664;5
83075;2004-03-22;0.8;23.7;14.5;7.2;2004;3;22;-23.43;-46.46;735;77.0;67.0;56.0;934.3;936.4;936.3;8;5;5;0.0;1.0;3.1;9.0;4.0;8.0;66.66666666666667;935.6666666666666;7.0;1.3666666666666665;5
83075;2004-03-23;0;22.1;14.5;1.8;2004;3;23;-23.43;-46.46;735;75.0;87.0;62.0;936.5;937.8;937.6;5;5;5;1.0;1.0;2.1;1.0;10.0;9.0;74.66666666666667;937.3000000000001;6.666666666666667;1.3666666666666665;5
83075;2004-03-24;1.3;23.2;14.8;5.3;2004;3;24;-23.43;-46.46;735;81.0;70.0;60.0;938.1;938.4;937.5;5;5;5;1.0;1.0;2.1;3.0;3.0;9.0;70.33333333333333;938.0;5.0;1.3666666666666665;5
83075;2004-03-25;0;25.9;13.8;8.6;2004;3;25;-23.43;-46.46;735;77.0;69.0;52.0;938.1;937.7;937.2;5;3;5;2.1;1.0;3.1;9.0;2.0;1.0;66.0;937.6666666666666;4.0;2.066666666666667;5
83075;2004-03-26;0;26.6;14.6;7.4;2004;3;26;-23.43;-46.46;735;73.0;66.0;60.0;937.4;937.0;935.2;5;5;5;2.1;1.0;3.1;9.0;2.0;9.0;66.33333333333333;936.5333333333334;6.666666666666667;2.066666666666667;5
83075;2004-03-27;0;29;16.4;8.9;2004;3;27;-23.43;-46.46;735;79.0;73.0;43.0;935.7;935.7;934.5;8;3;7;0.0;1.4;3.2;10.0;1.0;6.0;65.0;935.3000000000001;5.666666666666667;1.5333333333333332;3
83075;2004-03-28;0;29.4;16.5;8.4;2004;3;28;-23.43;-46.46;735;83.0;76.0;42.0;934.7;935.2;934.4;5;5;7;2.3;1.0;1.0;9.0;4.0;9.0;67.0;934.7666666666668;7.333333333333333;1.4333333333333333;5
83075;2004-03-29;0;29.6;16.5;6.8;2004;3;29;-23.43;-46.46;735;69.0;69.0;63.0;934.9;935.7;935.9;5;5;5;9.2;2.1;2.1;8.0;8.0;10.0;67.0;935.5;8.666666666666666;4.466666666666666;5
83075;2004-03-30;0;25.9;16.2;2.4;2004;3;30;-23.43;-46.46;735;89.0;80.0;66.0;935.9;936.9;936.6;3;5;5;1.0;1.0;2.0;10.0;6.0;9.0;78.33333333333333;936.4666666666667;8.333333333333334;1.3333333333333333;3
83075;2004-03-31;7.1;26.3;16.5;5.6;2004;3;31;-23.43;-46.46;735;82.0;73.0;60.0;937.4;937.3;936.8;3;7;5;1.0;1.0;4.1;9.0;4.0;8.0;71.66666666666667;937.1666666666666;7.0;2.033333333333333;3
83075;2004-04-01;0;25.6;16.1;5.3;2004;4;1;-23.43;-46.46;735;84.0;70.0;63.0;936.4;936.7;936.3;3;3;3;3.0;3.0;2.0;10.0;8.0;9.0;72.33333333333333;936.4666666666666;9.0;2.6666666666666665;3
83075;2004-04-02;5.8;33.1;20.3;7.7;2004;4;2;-23.43;-46.46;735;86.0;72.0;49.0;934.6;934.8;933.7;5;5;7;1.0;1.0;2.0;0.0;1.0;8.0;69.0;934.3666666666668;3.0;1.3333333333333333;5
83075;2004-04-03;5;23.2;18.1;0;2004;4;3;-23.43;-46.46;735;86.0;90.0;86.0;935.4;936.7;937.0;5;3;5;1.0;1.0;3.1;10.0;10.0;10.0;87.33333333333333;936.3666666666667;10.0;1.7;5
83075;2004-04-04;0;26.4;19.8;0;2004;4;4;-23.43;-46.46;735;75.0;81.0;91.0;936.1;936.5;936.4;5;5;5;3.0;2.0;2.0;8.0;10.0;10.0;82.33333333333333;936.3333333333334;9.333333333333334;2.3333333333333335;5
83075;2004-04-05;0;29.4;17.7;7.3;2004;4;5;-23.43;-46.46;735;62.0;68.0;69.0;977.8;938.2;938.0;8;5;5;0.0;1.0;5.0;2.0;9.0;9.0;66.33333333333333;951.3333333333334;6.666666666666667;2.0;5
83075;2004-04-06;21.8;19.2;11.3;4.2;2004;4;6;-23.43;-46.46;735;90.0;80.0;51.0;938.3;938.8;938.3;5;5;7;1.0;3.0;3.0;10.0;10.0;9.0;73.66666666666667;938.4666666666666;9.666666666666666;2.3333333333333335;5
83075;2004-04-07;0;24.7;14.5;6.2;2004;4;7;-23.43;-46.46;735;82.0;81.0;65.0;938.6;939.0;938.4;7;7;5;1.0;1.0;2.0;0.0;1.0;10.0;76.0;938.6666666666666;3.6666666666666665;1.3333333333333333;7
83075;2004-04-08;0;22.4;15;2.8;2004;4;8;-23.43;-46.46;735;74.0;79.0;63.0;939.9;942.7;942.6;5;5;5;1.0;1.0;3.0;10.0;9.0;4.0;72.0;941.7333333333332;7.666666666666667;1.6666666666666667;5
83075;2004-04-09;0;26.2;14.7;5.9;2004;4;9;-23.43;-46.46;735;70.0;74.0;63.0;940.1;940.5;939.7;5;3;5;3.1;1.0;1.0;9.0;9.0;3.0;69.0;940.1;7.0;1.7;5
83075;2004-04-10;2.5;24;13.7;7.3;2004;4;10;-23.43;-46.46;735;89.0;75.0;57.0;936.7;937.6;937.1;5;3;5;2.0;1.0;3.0;10.0;9.0;8.0;73.66666666666667;937.1333333333333;9.0;2.0;5
83075;2004-04-11;10.6;29.2;19.3;1.5;2004;4;11;-23.43;-46.46;735;61.0;90.0;67.0;931.8;933.0;932.6;8;7;7;0.0;1.0;1.0;0.0;10.0;9.0;72.66666666666667;932.4666666666667;6.333333333333333;0.6666666666666666;7
83075;2004-04-12;13.5;31.3;17.7;8.4;2004;4;12;-23.43;-46.46;735;92.0;66.0;83.0;936.2;936.7;936.1;8;7;7;0.0;3.0;3.0;10.0;9.0;10.0;80.33333333333333;936.3333333333334;9.666666666666666;2.0;7
83075;2004-04-13;0;26.4;18.7;1.8;2004;4;13;-23.43;-46.46;735;83.0;79.0;65.0;934.4;936.8;936.5;8;3;3;0.0;2.0;2.0;8.0;9.0;9.0;75.66666666666667;935.9;8.666666666666666;1.3333333333333333;3
83075;2004-04-14;0.1;23.5;19.6;0;2004;4;14;-23.43;-46.46;735;82.0;86.0;79.0;936.9;936.7;936.7;3;5;5;1.0;2.0;1.0;10.0;10.0;10.0;82.33333333333333;936.7666666666668;10.0;1.3333333333333333;3
83075;2004-04-15;2.4;29.9;18.7;6;2004;4;15;-23.43;-46.46;735;85.0;70.0;80.0;936.7;936.8;935.8;5;3;3;1.0;2.0;1.0;9.0;8.0;9.0;78.33333333333333;936.4333333333334;8.666666666666666;1.3333333333333333;5
83075;2004-04-16;16;27.9;17.5;5.4;2004;4;16;-23.43;-46.46;735;88.0;71.0;65.0;936.5;936.8;936.5;1;7;7;1.0;2.0;2.0;10.0;8.0;9.0;74.66666666666667;936.6;9.0;1.6666666666666667;1
83075;2004-04-17;0;29.2;18.7;8.4;2004;4;17;-23.43;-46.46;735;74.0;69.0;61.0;936.7;937.3;936.3;8;7;7;0.0;3.0;3.0;9.0;4.0;4.0;68.0;936.7666666666668;5.666666666666667;2.0;7
83075;2004-04-18;0;29.4;18.8;6.3;2004;4;18;-23.43;-46.46;735;78.0;75.0;58.0;937.0;937.0;936.6;8;5;5;0.0;1.0;3.0;5.0;1.0;9.0;70.33333333333333;936.8666666666667;5.0;1.3333333333333333;5
83075;2004-04-19;0;30.3;19.2;6.9;2004;4;19;-23.43;-46.46;735;84.0;65.0;56.0;936.7;936.5;934.2;3;7;7;1.0;2.0;3.0;10.0;2.0;9.0;68.33333333333333;935.8000000000001;7.0;2.0;3
83075;2004-04-20;55.2;23.6;17.9;0.5;2004;4;20;-23.43;-46.46;735;91.0;79.0;68.0;935.3;936.0;935.7;5;3;5;2.0;1.0;2.0;10.0;9.0;9.0;79.33333333333333;935.6666666666666;9.333333333333334;1.6666666666666667;5
83075;2004-04-21;0;24.8;18.9;0.2;2004;4;21;-23.43;-46.46;735;85.0;85.0;78.0;936.1;937.6;937.5;3;3;3;2.0;1.0;1.0;10.0;10.0;10.0;82.66666666666667;937.0666666666666;10.0;1.3333333333333333;3
83075;2004-04-22;4.6;29.5;18.9;7.3;2004;4;22;-23.43;-46.46;735;89.0;81.0;55.0;937.7;938.3;937.3;3;5;5;3.0;1.0;1.0;10.0;8.0;9.0;75.0;937.7666666666668;9.0;1.6666666666666667;3
83075;2004-04-23;0;29.3;18.3;8.7;2004;4;23;-23.43;-46.46;735;75.0;60.0;49.0;937.3;936.7;935.2;7;7;7;1.0;2.0;3.0;1.0;9.0;5.0;61.333333333333336;936.4;5.0;2.0;7
83075;2004-04-24;0;26.1;19.8;3.6;2004;4;24;-23.43;-46.46;735;67.0;70.0;61.0;935.1;934.9;934.1;7;7;3;1.0;2.0;2.0;4.0;8.0;9.0;66.0;934.6999999999999;7.0;1.6666666666666667;7
83075;2004-04-25;0.6;22;16.3;0;2004;4;25;-23.43;-46.46;735;83.0;81.0;78.0;934.5;936.0;936.2;5;5;5;1.0;3.0;3.0;9.0;10.0;10.0;80.66666666666667;935.5666666666666;9.666666666666666;2.3333333333333335;5
83075;2004-04-26;0;21.8;15.1;0.3;2004;4;26;-23.43;-46.46;735;82.0;72.0;66.0;937.6;938.3;938.2;5;5;5;3.0;1.0;1.0;9.0;9.0;9.0;73.33333333333333;938.0333333333334;9.0;1.6666666666666667;5
83075;2004-04-27;0;24.6;15.3;3.6;2004;4;27;-23.43;-46.46;735;83.0;80.0;52.0;938.5;938.5;938.2;5;3;3;1.0;2.0;2.0;10.0;10.0;8.0;71.66666666666667;938.4;9.333333333333334;1.6666666666666667;5
83075;2004-04-28;0;24.5;15.1;6.9;2004;4;28;-23.43;-46.46;735;81.0;77.0;54.0;938.9;940.2;940.0;5;3;3;1.0;1.0;3.0;9.0;9.0;5.0;70.66666666666667;939.6999999999999;7.666666666666667;1.6666666666666667;5
83075;2004-04-29;0;25.3;13.8;7.8;2004;4;29;-23.43;-46.46;735;82.0;75.0;43.0;940.7;941.1;940.1;3;3;5;4.0;2.0;1.0;9.0;2.0;1.0;66.66666666666667;940.6333333333333;4.0;2.3333333333333335;3
83075;2004-04-30;0;26;13.5;7.9;2004;4;30;-23.43;-46.46;735;79.0;84.0;45.0;940.1;939.9;936.6;5;3;7;1.0;1.0;2.0;0.0;6.0;8.0;69.33333333333333;938.8666666666667;4.666666666666667;1.3333333333333333;5
83075;2004-05-01;0;28.5;17.2;8.4;2004;5;1;-23.43;-46.46;735;78.0;69.0;58.0;936.7;936.5;935.8;3;3;5;4.0;3.0;3.0;10.0;1.0;5.0;68.33333333333333;936.3333333333334;5.333333333333333;3.3333333333333335;3
83075;2004-05-02;5.3;30.7;21.7;3.2;2004;5;2;-23.43;-46.46;735;87.0;88.0;60.0;934.3;934.6;933.7;5;7;7;1.0;1.0;2.0;10.0;10.0;9.0;78.33333333333333;934.2000000000002;9.666666666666666;1.3333333333333333;5
83075;2004-05-03;5;22.8;18.1;0;2004;5;3;-23.43;-46.46;735;89.0;81.0;81.0;937.6;939.0;938.8;5;3;5;2.1;1.0;2.1;10.0;10.0;10.0;83.66666666666667;938.4666666666666;10.0;1.7333333333333334;5
83075;2004-05-04;4.3;29.8;17.5;6.5;2004;5;4;-23.43;-46.46;735;86.0;79.0;50.0;936.8;936.8;935.6;5;5;7;1.0;2.0;3.0;9.0;2.0;6.0;71.66666666666667;936.4;5.666666666666667;2.0;5
83075;2004-05-05;1;26.5;18.3;2.6;2004;5;5;-23.43;-46.46;735;85.0;78.0;60.0;938.2;938.5;937.7;5;8;7;1.0;0.0;1.0;10.0;9.0;9.0;74.33333333333333;938.1333333333333;9.333333333333334;0.6666666666666666;5
83075;2004-05-06;10;18.3;10.8;2.8;2004;5;6;-23.43;-46.46;735;90.0;76.0;63.0;938.4;939.3;939.3;7;5;5;1.0;3.0;2.0;10.0;5.0;2.0;76.33333333333333;939.0;5.666666666666667;2.0;7
83075;2004-05-07;0;23.9;16.3;1.2;2004;5;7;-23.43;-46.46;735;87.0;80.0;81.0;938.9;939.4;938.9;5;3;3;1.0;1.0;1.0;10.0;9.0;10.0;82.66666666666667;939.0666666666666;9.666666666666666;1.0;5
83075;2004-05-08;0;25.9;14.2;8;2004;5;8;-23.43;-46.46;735;86.0;78.0;41.0;943.5;944.0;942.4;3;3;5;2.0;1.0;1.0;5.0;4.0;1.0;68.33333333333333;943.3000000000001;3.3333333333333335;1.3333333333333333;3
83075;2004-05-09;0;30.3;15.4;8.1;2004;5;9;-23.43;-46.46;735;81.0;73.0;35.0;938.8;938.9;937.2;3;3;5;1.0;2.1;2.1;9.0;0.0;0.0;63.0;938.2999999999998;3.0;1.7333333333333334;3
83075;2004-05-10;0;24.3;14.8;4.8;2004;5;10;-23.43;-46.46;735;81.0;74.0;73.0;937.2;937.6;937.1;3;5;5;1.0;1.0;4.0;10.0;8.0;9.0;76.0;937.3000000000001;9.0;2.0;3
83075;2004-05-11;0.2;29.5;19.4;4;2004;5;11;-23.43;-46.46;735;76.0;62.0;60.0;932.4;932.6;932.3;8;7;7;0.0;2.0;2.0;4.0;8.0;9.0;66.0;932.4333333333334;7.0;1.3333333333333333;7
83075;2004-05-12;0.1;30.5;19.1;4;2004;5;12;-23.43;-46.46;735;79.0;62.0;94.0;936.6;937.0;936.4;3;7;3;2.0;2.0;1.0;5.0;8.0;10.0;78.33333333333333;936.6666666666666;7.666666666666667;1.6666666666666667;3
83075;2004-05-13;0;22.7;15.9;0;2004;5;13;-23.43;-46.46;735;84.0;87.0;86.0;936.7;936.3;935.3;8;5;7;0.0;1.0;2.0;10.0;9.0;10.0;85.66666666666667;936.1;9.666666666666666;1.0;5
83075;2004-05-14;0;24.2;17.1;3;2004;5;14;-23.43;-46.46;735;73.0;85.0;68.0;935.7;935.7;934.4;0;7;7;3.0;1.0;2.0;10.0;10.0;9.0;75.33333333333333;935.2666666666668;9.666666666666666;2.0;0
83075;2004-05-15;1.1;21.5;14.5;0;2004;5;15;-23.43;-46.46;735;83.0;85.0;90.0;934.7;934.7;934.2;7;7;7;3.0;2.0;2.0;9.0;10.0;10.0;86.0;934.5333333333334;9.666666666666666;2.3333333333333335;7
83075;2004-05-16;5.3;19.8;10.2;9.2;2004;5;16;-23.43;-46.46;735;81.0;71.0;42.0;935.0;937.1;936.6;7;7;5;2.0;1.0;2.0;10.0;2.0;1.0;64.66666666666667;936.2333333333332;4.333333333333333;1.6666666666666667;7
83075;2004-05-17;0;20.3;8.3;5.8;2004;5;17;-23.43;-46.46;735;73.0;83.0;62.0;937.4;937.8;937.5;5;3;5;2.0;2.0;1.0;5.0;10.0;1.0;72.66666666666667;937.5666666666666;5.333333333333333;1.6666666666666667;5
83075;2004-05-18;0;19.4;11.7;0.2;2004;5;18;-23.43;-46.46;735;86.0;86.0;72.0;937.5;938.6;938.4;5;3;5;1.0;1.0;2.0;4.0;10.0;10.0;81.33333333333333;938.1666666666666;8.0;1.3333333333333333;5
83075;2004-05-19;0.1;18.6;13.6;0;2004;5;19;-23.43;-46.46;735;87.0;82.0;77.0;938.7;940.9;940.4;3;5;5;1.0;1.0;1.0;10.0;10.0;10.0;82.0;940.0;10.0;1.0;3
83075;2004-05-20;0.2;17.4;14.1;0;2004;5;20;-23.43;-46.46;735;89.0;84.0;81.0;940.8;942.1;941.9;5;5;3;1.0;1.0;1.0;10.0;10.0;10.0;84.66666666666667;941.6;10.0;1.0;5
83075;2004-05-21;0.4;19.6;13.1;0.4;2004;5;21;-23.43;-46.46;735;84.0;81.0;72.0;942.6;942.7;941.8;3;3;3;1.0;3.0;3.0;10.0;9.0;10.0;79.0;942.3666666666668;9.666666666666666;2.3333333333333335;3
83075;2004-05-22;3.8;20.8;14.1;1.2;2004;5;22;-23.43;-46.46;735;88.0;84.0;67.0;942.0;941.5;940.4;5;5;3;1.0;2.0;1.0;10.0;9.0;9.0;79.66666666666667;941.3000000000001;9.333333333333334;1.3333333333333333;5
83075;2004-05-23;0;24.1;14;3.8;2004;5;23;-23.43;-46.46;735;88.0;81.0;66.0;940.6;940.9;939.6;5;3;7;1.0;2.0;2.0;9.0;8.0;9.0;78.33333333333333;940.3666666666667;8.666666666666666;1.6666666666666667;5
83075;2004-05-24;1;23.6;15.1;1.2;2004;5;24;-23.43;-46.46;735;90.0;86.0;66.0;939.8;939.9;938.8;5;3;3;1.0;1.0;1.0;9.0;8.0;10.0;80.66666666666667;939.5;9.0;1.0;5
83075;2004-05-25;11.8;21.9;16.3;0.6;2004;5;25;-23.43;-46.46;735;83.0;90.0;81.0;939.1;938.6;935.4;5;5;3;1.0;1.0;1.0;10.0;10.0;9.0;84.66666666666667;937.6999999999999;9.666666666666666;1.0;5
83075;2004-05-26;14.2;21.8;12.4;7.1;2004;5;26;-23.43;-46.46;735;88.0;75.0;57.0;933.8;934.9;935.1;7;7;7;2.0;3.0;3.0;10.0;8.0;2.0;73.33333333333333;934.5999999999999;6.666666666666667;2.6666666666666665;7
83075;2004-05-27;0;19.3;8.8;8.6;2004;5;27;-23.43;-46.46;735;74.0;74.0;54.0;935.7;938.8;937.5;7;5;8;3.0;1.0;0.0;0.0;9.0;9.0;67.33333333333333;937.3333333333334;6.0;1.3333333333333333;7
83075;2004-05-28;0;18.3;11.1;5.2;2004;5;28;-23.43;-46.46;735;80.0;75.0;60.0;938.9;941.8;941.0;3;3;5;3.0;3.0;5.0;10.0;9.0;6.0;71.66666666666667;940.5666666666666;8.333333333333334;3.6666666666666665;3
83075;2004-05-29;0;20.4;11.5;5.6;2004;5;29;-23.43;-46.46;735;73.0;78.0;64.0;941.9;942.1;941.3;5;3;3;3.0;1.0;1.0;9.0;8.0;4.0;71.66666666666667;941.7666666666668;7.0;1.6666666666666667;5
83075;2004-05-30;0;23;12.9;4.4;2004;5;30;-23.43;-46.46;735;88.0;89.0;66.0;941.3;941.2;939.2;5;3;5;1.0;1.0;2.0;10.0;10.0;9.0;81.0;940.5666666666666;9.666666666666666;1.3333333333333333;5
83075;2004-05-31;1.5;17.8;14.1;0;2004;5;31;-23.43;-46.46;735;91.0;86.0;89.0;939.2;939.7;939.5;5;5;5;1.0;1.0;2.0;9.0;10.0;10.0;88.66666666666667;939.4666666666667;9.666666666666666;1.3333333333333333;5
83075;2004-06-01;0;30.6;17.9;2.6;2004;6;1;-23.43;-46.46;735;74.0;66.0;50.0;936.2;936.4;935.7;5;3;7;3.0;1.0;1.0;9.0;10.0;10.0;63.333333333333336;936.1;9.666666666666666;1.6666666666666667;5
83075;2004-06-02;58.7;26.3;17.4;0;2004;6;2;-23.43;-46.46;735;73.0;87.0;89.0;933.2;933.4;932.8;8;7;5;0.0;1.0;3.0;9.0;10.0;10.0;83.0;933.1333333333332;9.666666666666666;1.3333333333333333;7
83075;2004-06-03;3.2;24;17.9;0;2004;6;3;-23.43;-46.46;735;86.0;87.0;90.0;939.3;939.2;938.5;5;3;5;1.0;1.0;3.1;10.0;10.0;10.0;87.66666666666667;939.0;10.0;1.7;5
83075;2004-06-04;8;28.3;17.5;6.3;2004;6;4;-23.43;-46.46;735;82.0;77.0;71.0;936.0;935.7;934.3;5;7;3;1.0;1.0;2.0;9.0;6.0;9.0;76.66666666666667;935.3333333333334;8.0;1.3333333333333333;5
83075;2004-06-05;14.8;23.1;17.4;0.1;2004;6;5;-23.43;-46.46;735;91.0;90.0;70.0;938.1;938.6;938.2;5;7;7;1.0;1.0;2.0;10.0;10.0;10.0;83.66666666666667;938.3000000000001;10.0;1.3333333333333333;5
83075;2004-06-06;0;22.3;6.7;8.2;2004;6;6;-23.43;-46.46;735;88.0;87.0;45.0;939.7;940.2;939.7;3;8;7;1.0;0.0;1.0;0.0;1.0;1.0;73.33333333333333;939.8666666666668;0.6666666666666666;0.6666666666666666;3
83075;2004-06-07;0;21.5;15.5;2.1;2004;6;7;-23.43;-46.46;735;84.0;82.0;67.0;939.2;939.5;937.9;4;3;3;1.0;1.0;1.0;10.0;10.0;4.0;77.66666666666667;938.8666666666667;8.0;1.0;4
83075;2004-06-08;0;25.4;12.9;8.7;2004;6;8;-23.43;-46.46;735;74.0;75.0;45.0;942.5;942.8;941.1;5;5;5;1.0;1.0;1.0;0.0;0.0;4.0;64.66666666666667;942.1333333333333;1.3333333333333333;1.0;5
83075;2004-06-09;0;30.2;14.5;8.1;2004;6;9;-23.43;-46.46;735;74.0;80.0;31.0;937.4;937.3;935.1;5;3;3;1.0;1.0;1.0;0.0;0.0;0.0;61.666666666666664;936.5999999999999;0.0;1.0;5
83075;2004-06-10;0;18.9;11.4;2.5;2004;6;10;-23.43;-46.46;735;79.0;74.0;69.0;937.3;938.6;938.1;5;5;5;1.0;3.0;6.0;10.0;10.0;8.0;74.0;938.0;9.333333333333334;3.3333333333333335;5
83075;2004-06-11;0.1;28.6;18.2;0;2004;6;11;-23.43;-46.46;735;76.0;68.0;71.0;932.7;933.4;933.2;7;7;5;1.0;1.0;5.0;9.0;10.0;10.0;71.66666666666667;933.1;9.666666666666666;2.3333333333333335;7
83075;2004-06-12;39.5;31.3;17.8;3.9;2004;6;12;-23.43;-46.46;735;85.0;71.0;90.0;936.4;935.7;934.1;5;5;3;1.0;1.0;1.0;8.0;8.0;10.0;82.0;935.4;8.666666666666666;1.0;5
83075;2004-06-13;17.7;14.8;8.5;2.7;2004;6;13;-23.43;-46.46;735;90.0;72.0;60.0;941.4;943.4;943.4;8;5;5;0.0;3.0;3.0;9.0;5.0;6.0;74.0;942.7333333333332;6.666666666666667;2.0;5
83075;2004-06-14;0;17.8;8.4;2.5;2004;6;14;-23.43;-46.46;735;72.0;80.0;70.0;944.0;944.0;942.6;3;3;5;1.0;1.0;3.0;9.0;10.0;8.0;74.0;943.5333333333333;9.0;1.6666666666666667;3
83075;2004-06-15;0.8;20.2;10.9;2.9;2004;6;15;-23.43;-46.46;735;85.0;92.0;74.0;943.0;942.9;942.2;3;5;1;1.0;1.0;1.0;10.0;10.0;9.0;83.66666666666667;942.7000000000002;9.666666666666666;1.0;3
83075;2004-06-16;0;22.4;12.1;4.5;2004;6;16;-23.43;-46.46;735;91.0;91.0;65.0;942.3;942.3;940.6;8;3;8;0.0;1.0;0.0;10.0;10.0;0.0;82.33333333333333;941.7333333333332;6.666666666666667;0.3333333333333333;3
83075;2004-06-18;0;24.4;9.5;8;2004;6;18;-23.43;-46.46;735;68.0;82.0;51.0;940.3;942.3;941.9;8;8;5;0.0;0.0;3.0;0.0;0.0;1.0;67.0;941.5;0.3333333333333333;1.0;5
83075;2004-06-19;0;22.7;12.3;6.4;2004;6;19;-23.43;-46.46;735;83.0;88.0;51.0;942.8;946.0;945.6;8;3;3;0.0;1.0;3.0;9.0;9.0;1.0;74.0;944.8000000000001;6.333333333333333;1.3333333333333333;3
83075;2004-06-20;0;23.1;12.5;6.4;2004;6;20;-23.43;-46.46;735;86.0;86.0;59.0;945.6;945.7;942.8;3;3;3;1.0;2.0;1.0;4.0;9.0;1.0;77.0;944.7000000000002;4.666666666666667;1.3333333333333333;3
83075;2004-06-21;0;25.6;12.1;7;2004;6;21;-23.43;-46.46;735;82.0;87.0;43.0;942.7;943.1;940.8;8;3;7;0.0;1.0;3.0;0.0;0.0;6.0;70.66666666666667;942.2000000000002;2.0;1.3333333333333333;3
83075;2004-06-22;0;25.2;12.1;8.2;2004;6;22;-23.43;-46.46;735;72.0;77.0;44.0;940.9;941.4;940.2;8;8;7;0.0;0.0;1.0;8.0;0.0;2.0;64.33333333333333;940.8333333333334;3.3333333333333335;0.3333333333333333;7
83075;2004-06-23;0;24.6;12.7;8;2004;6;23;-23.43;-46.46;735;73.0;77.0;43.0;940.4;941.7;941.0;8;8;3;0.0;0.0;1.0;0.0;2.0;2.0;64.33333333333333;941.0333333333333;1.3333333333333333;0.3333333333333333;3
83075;2004-06-24;0;24.6;12.2;3.3;2004;6;24;-23.43;-46.46;735;76.0;91.0;55.0;941.2;941.1;938.8;8;3;7;0.0;1.0;2.0;1.0;10.0;10.0;74.0;940.3666666666668;7.0;1.0;3
83075;2004-06-25;0;24.7;13.1;1.2;2004;6;25;-23.43;-46.46;735;74.0;86.0;58.0;938.8;939.2;938.5;8;3;7;0.0;1.0;1.0;9.0;10.0;10.0;72.66666666666667;938.8333333333334;9.666666666666666;0.6666666666666666;3
83075;2004-06-26;0.8;25.9;16.5;5.8;2004;6;26;-23.43;-46.46;735;83.0;85.0;53.0;939.0;939.7;939.1;8;8;7;0.0;0.0;3.0;10.0;10.0;2.0;73.66666666666667;939.2666666666668;7.333333333333333;1.0;7
83075;2004-06-27;0;25.6;14.7;6.2;2004;6;27;-23.43;-46.46;735;82.0;80.0;53.0;939.0;939.6;938.9;8;8;5;0.0;0.0;2.0;1.0;5.0;8.0;71.66666666666667;939.1666666666666;4.666666666666667;0.6666666666666666;5
83075;2004-06-28;0;24.7;16.1;2.7;2004;6;28;-23.43;-46.46;735;77.0;79.0;55.0;939.1;939.7;939.0;8;5;3;0.0;1.0;1.0;9.0;9.0;10.0;70.33333333333333;939.2666666666668;9.333333333333334;0.6666666666666666;5
83075;2004-06-29;0;25;14.4;7.9;2004;6;29;-23.43;-46.46;735;79.0;84.0;53.0;939.4;940.1;940.1;8;3;3;0.0;1.0;1.0;8.0;1.0;5.0;72.0;939.8666666666667;4.666666666666667;0.6666666666666666;3
83075;2004-06-30;0;25.7;14.4;8.2;2004;6;30;-23.43;-46.46;735;77.0;86.0;54.0;940.2;941.1;940.1;8;3;3;0.0;2.0;2.0;5.0;0.0;1.0;72.33333333333333;940.4666666666667;2.0;1.3333333333333333;3
83075;2004-07-01;7.8;24.4;18.8;0;2004;7;1;-23.43;-46.46;735;86.0;86.0;67.0;935.6;936.0;935.9;5;7;7;1.0;1.0;3.0;10.0;10.0;10.0;79.66666666666667;935.8333333333334;10.0;1.6666666666666667;5
83075;2004-07-02;14.5;22;16.8;2.6;2004;7;2;-23.43;-46.46;735;85.0;75.0;59.0;933.2;933.6;933.8;5;5;5;1.0;2.0;5.0;10.0;9.0;9.0;73.0;933.5333333333334;9.333333333333334;2.6666666666666665;5
83075;2004-07-03;69.6;28.7;17.4;5.7;2004;7;3;-23.43;-46.46;735;90.0;86.0;53.0;938.5;938.9;938.1;5;8;7;1.0;0.0;1.0;10.0;9.0;8.0;76.33333333333333;938.5;9.0;0.6666666666666666;5
83075;2004-07-04;21.7;28;16.5;8.2;2004;7;4;-23.43;-46.46;735;89.0;71.0;60.0;934.9;935.0;934.0;5;7;7;3.0;2.0;3.0;10.0;5.0;4.0;73.33333333333333;934.6333333333333;6.333333333333333;2.6666666666666665;5
83075;2004-07-05;2.9;23.1;17.1;2;2004;7;5;-23.43;-46.46;735;90.0;91.0;63.0;977.9;937.7;936.5;5;3;7;1.0;1.0;3.0;10.0;10.0;8.0;81.33333333333333;950.6999999999999;9.333333333333334;1.6666666666666667;5
83075;2004-07-06;0;22.7;8.7;7;2004;7;6;-23.43;-46.46;735;83.0;81.0;45.0;939.9;942.8;941.1;5;3;7;2.0;1.0;1.0;0.0;8.0;0.0;69.66666666666667;941.2666666666665;2.6666666666666665;1.3333333333333333;5
83075;2004-07-07;0;26.6;14.5;6.2;2004;7;7;-23.43;-46.46;735;89.0;86.0;47.0;937.8;937.7;934.3;8;3;7;0.0;1.0;2.0;10.0;8.0;9.0;74.0;936.6;9.0;1.0;3
83075;2004-07-08;0;26.1;13.9;7.4;2004;7;8;-23.43;-46.46;735;64.0;69.0;42.0;941.0;942.0;941.6;8;8;7;0.0;0.0;3.0;9.0;8.0;6.0;58.333333333333336;941.5333333333333;7.666666666666667;1.0;7
83075;2004-07-09;0;33.3;15.1;8.3;2004;7;9;-23.43;-46.46;735;56.0;76.0;29.0;935.2;935.9;935.1;8;7;7;0.0;1.0;1.0;0.0;0.0;1.0;53.666666666666664;935.4;0.3333333333333333;0.6666666666666666;7
83075;2004-07-10;0;20;10.7;3.9;2004;7;10;-23.43;-46.46;735;82.0;74.0;58.0;938.1;938.8;938.2;5;5;5;3.0;1.0;5.0;9.0;10.0;2.0;71.33333333333333;938.3666666666668;7.0;3.0;5
83075;2004-07-11;0.5;20.7;13.9;0;2004;7;11;-23.43;-46.46;735;91.0;57.0;84.0;934.6;938.3;938.5;5;5;5;3.0;3.0;3.0;10.0;10.0;10.0;77.33333333333333;937.1333333333333;10.0;3.0;5
83075;2004-07-12;28.5;31.2;17.8;7.2;2004;7;12;-23.43;-46.46;735;85.0;70.0;50.0;934.0;933.9;931.2;8;7;7;0.0;1.0;2.0;9.0;8.0;8.0;68.33333333333333;933.0333333333334;8.333333333333334;1.0;7
83075;2004-07-13;0;24.2;12.3;6;2004;7;13;-23.43;-46.46;735;83.0;88.0;65.0;939.4;939.8;938.2;8;3;3;0.0;2.0;1.0;8.0;10.0;9.0;78.66666666666667;939.1333333333332;9.0;1.0;3
83075;2004-07-14;0;26.4;13.4;8.5;2004;7;14;-23.43;-46.46;735;84.0;74.0;47.0;938.2;938.8;938.1;8;3;7;0.0;1.0;2.0;1.0;8.0;1.0;68.33333333333333;938.3666666666667;3.3333333333333335;1.0;3
83075;2004-07-15;0;27;14.5;8.9;2004;7;15;-23.43;-46.46;735;81.0;70.0;46.0;938.3;938.9;938.1;8;7;7;0.0;1.0;1.0;4.0;0.0;6.0;65.66666666666667;938.4333333333333;3.3333333333333335;0.6666666666666666;7
83075;2004-07-16;0;25.1;14.3;3.6;2004;7;16;-23.43;-46.46;735;73.0;77.0;78.0;938.5;940.7;939.0;5;7;5;3.0;1.0;3.0;9.0;4.0;10.0;76.0;939.4;7.666666666666667;2.3333333333333335;5
83075;2004-07-17;3.2;16.6;12.5;0;2004;7;17;-23.43;-46.46;735;86.0;88.0;80.0;939.9;941.6;941.3;4;5;5;3.0;1.0;3.0;10.0;10.0;10.0;84.66666666666667;940.9333333333334;10.0;2.3333333333333335;4
83075;2004-07-18;0;16.5;11.8;0;2004;7;18;-23.43;-46.46;735;86.0;85.0;83.0;942.5;943.4;943.2;5;5;5;2.0;2.0;3.0;10.0;10.0;10.0;84.66666666666667;943.0333333333334;10.0;2.3333333333333335;5
83075;2004-07-19;22.6;14.6;11.8;0;2004;7;19;-23.43;-46.46;735;87.0;90.0;90.0;943.3;943.0;941.8;3;5;3;4.0;2.0;3.0;10.0;10.0;10.0;89.0;942.6999999999999;10.0;3.0;3
83075;2004-07-20;31.9;16.6;11.1;0.8;2004;7;20;-23.43;-46.46;735;93.0;89.0;72.0;942.9;942.4;942.3;4;3;3;2.0;3.0;3.0;10.0;9.0;9.0;84.66666666666667;942.5333333333333;9.333333333333334;2.6666666666666665;4
83075;2004-07-21;0.5;18.2;10.8;8.8;2004;7;21;-23.43;-46.46;735;82.0;70.0;53.0;942.5;943.1;942.6;3;5;3;2.0;4.0;2.0;10.0;1.0;2.0;68.33333333333333;942.7333333333332;4.333333333333333;2.6666666666666665;3
83075;2004-07-22;0;16;9.9;0.2;2004;7;22;-23.43;-46.46;735;82.0;78.0;69.0;942.5;943.8;943.5;3;3;5;1.0;1.0;1.0;9.0;10.0;9.0;76.33333333333333;943.2666666666668;9.333333333333334;1.0;3
83075;2004-07-23;0.1;18;9.1;5.6;2004;7;23;-23.43;-46.46;735;83.0;77.0;52.0;943.5;944.4;943.7;3;3;3;1.0;3.0;2.0;1.0;4.0;2.0;70.66666666666667;943.8666666666668;2.3333333333333335;2.0;3
83075;2004-07-24;0;19.2;6.7;8.7;2004;7;24;-23.43;-46.46;735;79.0;79.0;51.0;944.5;945.9;945.0;3;8;3;1.0;0.0;3.0;0.0;0.0;1.0;69.66666666666667;945.1333333333333;0.3333333333333333;1.3333333333333333;3
83075;2004-07-25;0;18.3;8.9;7.9;2004;7;25;-23.43;-46.46;735;86.0;80.0;52.0;945.7;945.9;931.7;5;3;5;1.0;3.0;2.0;2.0;8.0;2.0;72.66666666666667;941.1;4.0;2.0;5
83075;2004-07-26;0;19;7.6;6.8;2004;7;26;-23.43;-46.46;735;82.0;79.0;54.0;945.1;945.8;944.9;8;5;5;0.0;1.0;1.0;0.0;9.0;0.0;71.66666666666667;945.2666666666668;3.0;0.6666666666666666;5
83075;2004-07-27;0;20.4;7.9;8.1;2004;7;27;-23.43;-46.46;735;86.0;81.0;53.0;944.9;945.3;943.9;8;3;5;0.0;1.0;1.0;0.0;8.0;1.0;73.33333333333333;944.6999999999999;3.0;0.6666666666666666;3
83075;2004-07-28;0;20.8;10.8;8.3;2004;7;28;-23.43;-46.46;735;87.0;77.0;53.0;943.9;945.0;943.3;8;5;5;0.0;3.0;1.0;1.0;8.0;0.0;72.33333333333333;944.0666666666666;3.0;1.3333333333333333;5
83075;2004-07-29;0;21.4;10;8.4;2004;7;29;-23.43;-46.46;735;79.0;74.0;51.0;943.2;943.7;942.6;5;5;5;1.0;1.0;1.0;5.0;1.0;2.0;68.0;943.1666666666666;2.6666666666666665;1.0;5
83075;2004-07-30;0;21.4;11;3.2;2004;7;30;-23.43;-46.46;735;76.0;73.0;53.0;942.2;942.7;940.4;3;5;8;1.0;1.0;0.0;10.0;4.0;9.0;67.33333333333333;941.7666666666668;7.666666666666667;0.6666666666666666;3
83075;2004-07-31;0;24.5;11.2;8.8;2004;7;31;-23.43;-46.46;735;76.0;64.0;41.0;941.1;940.4;939.5;8;7;5;0.0;1.0;3.0;10.0;2.0;6.0;60.333333333333336;940.3333333333334;6.0;1.3333333333333333;7
83075;2004-08-01;0.2;26.2;18.6;0.8;2004;8;1;-23.43;-46.46;735;82.0;66.0;89.0;935.6;935.6;933.8;8;3;5;0.0;1.0;1.0;10.0;9.0;10.0;79.0;935.0;9.666666666666666;0.6666666666666666;3
83075;2004-08-02;0;25;14.1;8;2004;8;2;-23.43;-46.46;735;86.0;70.0;54.0;935.3;936.6;936.2;5;3;5;2.0;3.0;4.0;1.0;9.0;4.0;70.0;936.0333333333334;4.666666666666667;3.0;5
83075;2004-08-03;0;29.7;16.9;7.4;2004;8;3;-23.43;-46.46;735;81.0;74.0;54.0;938.2;938.4;937.5;5;3;8;1.0;1.0;0.0;1.0;5.0;5.0;69.66666666666667;938.0333333333333;3.6666666666666665;0.6666666666666666;5
83075;2004-08-04;0;30.1;18.2;6.5;2004;8;4;-23.43;-46.46;735;82.0;89.0;53.0;933.9;935.2;934.7;8;3;5;0.0;2.0;3.0;2.0;10.0;4.0;74.66666666666667;934.6;5.333333333333333;1.6666666666666667;3
83075;2004-08-05;8.6;21.7;15.6;3.5;2004;8;5;-23.43;-46.46;735;78.0;81.0;55.0;936.8;936.9;936.4;7;7;7;5.0;2.0;5.0;2.0;10.0;4.0;71.33333333333333;936.6999999999999;5.333333333333333;4.0;7
83075;2004-08-06;0;21.8;8.6;5.1;2004;8;6;-23.43;-46.46;735;75.0;87.0;58.0;941.2;941.5;939.5;5;3;5;1.0;3.0;1.0;0.0;10.0;9.0;73.33333333333333;940.7333333333332;6.333333333333333;1.6666666666666667;5
83075;2004-08-07;0;26.1;15.3;1.9;2004;8;7;-23.43;-46.46;735;60.0;68.0;50.0;934.4;934.6;933.1;7;7;7;1.0;1.0;3.0;1.0;10.0;10.0;59.333333333333336;934.0333333333333;7.0;1.6666666666666667;7
83075;2004-08-08;0;18.9;7.7;0;2004;8;8;-23.43;-46.46;735;82.0;80.0;76.0;942.1;943.1;943.5;5;5;5;2.0;3.0;3.0;9.0;10.0;10.0;79.33333333333333;942.9;9.666666666666666;2.6666666666666665;5
83075;2004-08-09;0;32.8;16.9;8.7;2004;8;9;-23.43;-46.46;735;59.0;64.0;22.0;935.6;936.2;935.8;8;1;3;0.0;1.0;2.1;0.0;0.0;0.0;48.333333333333336;935.8666666666668;0.0;1.0333333333333334;1
83075;2004-08-10;0;23.8;11.1;10.1;2004;8;10;-23.43;-46.46;735;77.0;56.0;50.0;938.4;939.0;937.1;5;3;5;1.0;1.0;3.0;10.0;1.0;0.0;61.0;938.1666666666666;3.6666666666666665;1.6666666666666667;5
83075;2004-08-11;1.3;21.3;13.9;0;2004;8;11;-23.43;-46.46;735;88.0;73.0;69.0;939.4;939.8;939.1;3;3;5;3.0;1.0;3.0;10.0;10.0;10.0;76.66666666666667;939.4333333333333;10.0;2.3333333333333335;3
83075;2004-08-12;13.4;29.5;19.1;1.9;2004;8;12;-23.43;-46.46;735;90.0;74.0;59.0;931.4;931.6;930.7;8;7;7;0.0;3.0;2.0;10.0;9.0;9.0;74.33333333333333;931.2333333333332;9.333333333333334;1.6666666666666667;7
83075;2004-08-13;0;20.6;8.7;8.5;2004;8;13;-23.43;-46.46;735;71.0;65.0;40.0;945.0;946.2;945.3;3;3;3;2.0;2.0;3.0;0.0;1.0;2.0;58.666666666666664;945.5;1.0;2.3333333333333335;3
83075;2004-08-14;0;22.2;9.4;8.8;2004;8;14;-23.43;-46.46;735;78.0;71.0;43.0;945.4;945.8;945.0;8;3;3;0.0;4.0;3.0;0.0;1.0;5.0;64.0;945.4;2.0;2.3333333333333335;3
83075;2004-08-15;0;22.4;10.6;7.8;2004;8;15;-23.43;-46.46;735;82.0;79.0;50.0;945.4;945.5;943.6;3;7;3;1.0;2.0;2.0;0.0;4.0;1.0;70.33333333333333;944.8333333333334;1.6666666666666667;1.6666666666666667;3
83075;2004-08-16;0;24.7;12.7;7.3;2004;8;16;-23.43;-46.46;735;84.0;81.0;40.0;943.6;944.0;941.6;8;3;3;0.0;2.0;1.0;0.0;9.0;0.0;68.33333333333333;943.0666666666666;3.0;1.0;3
83075;2004-08-17;0;26.7;11.2;7.7;2004;8;17;-23.43;-46.46;735;65.0;73.0;42.0;941.9;941.8;939.7;8;3;5;0.0;1.0;1.0;0.0;8.0;9.0;60.0;941.1333333333332;5.666666666666667;0.6666666666666666;3
83075;2004-08-18;0;28.4;12.4;8.6;2004;8;18;-23.43;-46.46;735;67.0;68.0;38.0;940.0;940.4;939.1;8;3;7;0.0;1.0;1.0;0.0;0.0;0.0;57.666666666666664;939.8333333333334;0.0;0.6666666666666666;3
83075;2004-08-19;0;27.8;12.9;8.6;2004;8;19;-23.43;-46.46;735;70.0;70.0;42.0;939.2;940.7;940.0;8;5;7;0.0;1.0;1.0;0.0;0.0;0.0;60.666666666666664;939.9666666666667;0.0;0.6666666666666666;5
83075;2004-08-20;0;30.3;12.6;8.4;2004;8;20;-23.43;-46.46;735;93.0;73.0;38.0;939.7;940.3;938.1;8;7;7;0.0;1.0;1.0;0.0;0.0;0.0;68.0;939.3666666666667;0.0;0.6666666666666666;7
83075;2004-08-21;0;31.6;15.1;8.5;2004;8;21;-23.43;-46.46;735;66.0;68.0;37.0;938.1;949.0;948.9;8;3;7;0.0;1.0;2.0;0.0;1.0;9.0;57.0;945.3333333333334;3.3333333333333335;1.0;3
83075;2004-08-22;0;29.9;16.1;5.1;2004;8;22;-23.43;-46.46;735;65.0;81.0;57.0;937.9;938.5;937.2;8;3;5;0.0;1.0;4.0;8.0;10.0;4.0;67.66666666666667;937.8666666666668;7.333333333333333;1.6666666666666667;3
83075;2004-08-23;0;30.8;15.9;8;2004;8;23;-23.43;-46.46;735;88.0;76.0;31.0;937.6;938.1;936.9;5;3;7;1.0;1.0;4.0;10.0;8.0;4.0;65.0;937.5333333333333;7.333333333333333;2.0;5
83075;2004-08-24;0;22.7;14.5;0.9;2004;8;24;-23.43;-46.46;735;76.0;78.0;77.0;937.2;938.7;938.4;8;5;5;0.0;3.0;3.0;5.0;10.0;10.0;77.0;938.1;8.333333333333334;2.0;5
83075;2004-08-25;0;30;13.8;6.7;2004;8;25;-23.43;-46.46;735;85.0;86.0;36.0;939.5;938.7;936.9;5;5;7;2.0;1.0;1.0;10.0;8.0;5.0;69.0;938.3666666666667;7.666666666666667;1.3333333333333333;5
83075;2004-08-26;0;24.2;15.3;0;2004;8;26;-23.43;-46.46;735;58.0;88.0;78.0;937.2;937.9;938.1;7;5;5;1.0;2.0;4.0;0.0;10.0;10.0;74.66666666666667;937.7333333333332;6.666666666666667;2.3333333333333335;7
83075;2004-08-27;0;19.5;15.9;0;2004;8;27;-23.43;-46.46;735;84.0;84.0;81.0;937.7;938.0;937.6;5;5;5;1.0;1.0;1.0;10.0;10.0;10.0;83.0;937.7666666666668;10.0;1.0;5
83075;2004-08-28;0;24.2;16.7;0.8;2004;8;28;-23.43;-46.46;735;86.0;67.0;81.0;937.5;935.9;935.5;8;7;7;0.0;2.0;3.0;9.0;9.0;10.0;78.0;936.3000000000001;9.333333333333334;1.6666666666666667;7
83075;2004-08-29;1.6;25.4;13.8;9;2004;8;29;-23.43;-46.46;735;90.0;74.0;37.0;934.6;936.1;935.8;8;3;3;0.0;1.0;3.0;9.0;1.0;1.0;67.0;935.5;3.6666666666666665;1.3333333333333333;3
83075;2004-08-30;0;29.3;11.4;9;2004;8;30;-23.43;-46.46;735;70.0;65.0;31.0;936.5;937.0;936.7;8;3;5;0.0;1.0;4.0;0.0;0.0;1.0;55.333333333333336;936.7333333333332;0.3333333333333333;1.6666666666666667;3
83075;2004-08-31;0;27.6;12.1;8.6;2004;8;31;-23.43;-46.46;735;61.0;63.0;50.0;937.0;939.3;939.0;8;3;5;0.0;1.0;1.0;0.0;0.0;0.0;58.0;938.4333333333334;0.0;0.6666666666666666;3
83075;2004-09-01;19.8;23.7;17.6;0.1;2004;9;1;-23.43;-46.46;735;91.0;85.0;81.0;933.3;932.0;931.0;7;8;5;1.0;0.0;3.0;10.0;10.0;10.0;85.66666666666667;932.1;10.0;1.3333333333333333;7
83075;2004-09-02;0;24.6;15.9;4.7;2004;9;2;-23.43;-46.46;735;78.0;69.0;58.0;937.2;938.0;937.5;3;5;5;3.0;3.0;2.0;6.0;9.0;8.0;68.33333333333333;937.5666666666666;7.666666666666667;2.6666666666666665;3
83075;2004-09-03;0;32.4;19.1;10.3;2004;9;3;-23.43;-46.46;735;74.0;67.0;47.0;938.2;938.2;938.1;8;3;7;0.0;1.0;3.1;2.0;1.0;4.0;62.666666666666664;938.1666666666666;2.3333333333333335;1.3666666666666665;3
83075;2004-09-04;0;26.9;18.4;3.4;2004;9;4;-23.43;-46.46;735;79.0;77.0;68.0;935.7;936.4;936.2;5;5;5;1.0;1.0;4.0;0.0;10.0;9.0;74.66666666666667;936.1;6.333333333333333;2.0;5
83075;2004-09-05;0;21.6;10.8;7.1;2004;9;5;-23.43;-46.46;735;70.0;68.0;72.0;936.6;937.5;937.4;7;5;5;1.0;2.0;2.0;0.0;4.0;10.0;70.0;937.1666666666666;4.666666666666667;1.6666666666666667;7
83075;2004-09-06;0;20.9;11.3;0;2004;9;6;-23.43;-46.46;735;86.0;82.0;74.0;939.8;941.3;939.2;8;3;8;0.0;1.0;0.0;0.0;10.0;10.0;80.66666666666667;940.1;6.666666666666667;0.3333333333333333;3
83075;2004-09-07;12.8;26.1;15.5;0.5;2004;9;7;-23.43;-46.46;735;88.0;83.0;75.0;933.2;933.8;933.2;5;7;7;2.0;1.0;1.0;10.0;10.0;10.0;82.0;933.4;10.0;1.3333333333333333;5
83075;2004-09-08;0;18.7;6.5;8.3;2004;9;8;-23.43;-46.46;735;77.0;71.0;54.0;945.0;946.4;945.5;5;3;5;1.0;1.0;1.0;9.0;0.0;4.0;67.33333333333333;945.6333333333333;4.333333333333333;1.0;5
83075;2004-09-09;0;33.4;16.5;9.1;2004;9;9;-23.43;-46.46;735;48.0;52.0;23.0;935.7;936.4;936.0;8;8;5;0.0;0.0;4.1;0.0;0.0;0.0;41.0;936.0333333333333;0.0;1.3666666666666665;5
83075;2004-09-10;0;33.4;11.9;9.8;2004;9;10;-23.43;-46.46;735;78.0;67.0;25.0;937.5;937.4;933.5;5;5;7;2.0;1.0;1.0;10.0;0.0;5.0;56.666666666666664;936.1333333333333;5.0;1.3333333333333333;5
83075;2004-09-11;0;29;15.9;9.6;2004;9;11;-23.43;-46.46;735;83.0;66.0;54.0;939.6;938.9;935.6;3;3;5;2.0;2.0;3.0;9.0;1.0;8.0;67.66666666666667;938.0333333333333;6.0;2.3333333333333335;3
83075;2004-09-12;9;27.3;18.7;1.2;2004;9;12;-23.43;-46.46;735;84.0;86.0;68.0;931.4;931.6;931.0;7;7;7;2.0;2.0;2.0;9.0;9.0;10.0;79.33333333333333;931.3333333333334;9.333333333333334;2.0;7
83075;2004-09-13;0.5;26.5;15.3;7.2;2004;9;13;-23.43;-46.46;735;86.0;71.0;49.0;941.8;941.7;939.3;3;3;8;3.1;3.1;0.0;10.0;9.0;8.0;68.66666666666667;940.9333333333334;9.0;2.066666666666667;3
83075;2004-09-14;0;29.8;15;7.7;2004;9;14;-23.43;-46.46;735;79.0;67.0;39.0;939.4;939.2;937.3;5;8;3;3.1;0.0;1.0;0.0;1.0;6.0;61.666666666666664;938.6333333333332;2.3333333333333335;1.3666666666666665;5
83075;2004-09-15;0;27.8;17.7;4.2;2004;9;15;-23.43;-46.46;735;59.0;56.0;38.0;937.0;937.6;936.5;8;7;7;0.0;1.0;3.1;6.0;9.0;0.0;51.0;937.0333333333333;5.0;1.3666666666666665;7
83075;2004-09-16;0;24.4;13.6;0;2004;9;16;-23.43;-46.46;735;65.0;51.0;58.0;936.5;937.6;937.4;5;3;5;1.0;1.0;3.1;10.0;0.0;10.0;58.0;937.1666666666666;6.666666666666667;1.7;5
83075;2004-09-17;0;21.9;14.1;0;2004;9;17;-23.43;-46.46;735;78.0;76.0;62.0;937.6;938.8;938.8;5;3;3;2.1;2.1;1.0;10.0;10.0;10.0;72.0;938.4;10.0;1.7333333333333334;5
83075;2004-09-18;3.8;28.7;15.3;5.6;2004;9;18;-23.43;-46.46;735;84.0;78.0;48.0;938.9;939.8;938.4;3;3;5;2.1;1.0;1.0;10.0;10.0;10.0;70.0;939.0333333333333;10.0;1.3666666666666665;3
83075;2004-09-19;4.2;27.5;15.1;5.5;2004;9;19;-23.43;-46.46;735;86.0;80.0;49.0;938.9;939.2;937.3;3;3;5;1.0;1.0;1.0;9.0;10.0;8.0;71.66666666666667;938.4666666666666;9.0;1.0;3
83075;2004-09-20;0;31.5;16;8.8;2004;9;20;-23.43;-46.46;735;77.0;63.0;38.0;937.6;937.5;936.1;3;7;7;1.0;1.0;2.1;0.0;9.0;8.0;59.333333333333336;937.0666666666666;5.666666666666667;1.3666666666666665;3
83075;2004-09-21;0;32.6;17.3;9.2;2004;9;21;-23.43;-46.46;735;68.0;64.0;35.0;936.7;937.8;937.0;8;3;3;0.0;1.0;2.1;9.0;0.0;4.0;55.666666666666664;937.1666666666666;4.333333333333333;1.0333333333333334;3
83075;2004-09-22;0;33.2;18.7;9.6;2004;9;22;-23.43;-46.46;735;61.0;53.0;29.0;936.8;937.7;936.8;3;3;7;1.0;2.1;2.1;0.0;0.0;1.0;47.666666666666664;937.1;0.3333333333333333;1.7333333333333334;3
83075;2004-09-23;0;29.8;18.9;7.5;2004;9;23;-23.43;-46.46;735;56.0;68.0;54.0;936.8;937.9;937.4;8;3;5;0.0;1.0;3.1;0.0;0.0;0.0;59.333333333333336;937.3666666666667;0.0;1.3666666666666665;3
83075;2004-09-24;0;34.6;18.1;9;2004;9;24;-23.43;-46.46;735;83.0;66.0;29.0;937.3;937.0;936.0;3;3;5;3.1;1.0;2.3;10.0;5.0;1.0;59.333333333333336;936.7666666666668;5.333333333333333;2.1333333333333333;3
83075;2004-09-25;0;23.4;17.6;0.2;2004;9;25;-23.43;-46.46;735;82.0;80.0;75.0;936.6;936.9;936.9;8;5;5;0.0;1.0;5.1;0.0;10.0;10.0;79.0;936.8000000000001;6.666666666666667;2.033333333333333;5
83075;2004-09-26;0;35;17.5;8.9;2004;9;26;-23.43;-46.46;735;83.0;70.0;35.0;937.3;936.9;936.0;5;3;5;3.1;1.0;1.0;10.0;0.0;2.0;62.666666666666664;936.7333333333332;4.0;1.7;5
83075;2004-09-27;0;32.8;18.9;9.2;2004;9;27;-23.43;-46.46;735;52.0;71.0;44.0;936.6;937.7;936.4;8;3;5;0.0;3.1;2.1;0.0;0.0;1.0;55.666666666666664;936.9000000000001;0.3333333333333333;1.7333333333333334;3
83075;2004-09-28;0;35.2;18.1;8.3;2004;9;28;-23.43;-46.46;735;79.0;71.0;24.0;937.0;937.7;932.8;5;3;1;2.1;1.0;3.1;1.0;1.0;8.0;58.0;935.8333333333334;3.3333333333333335;2.066666666666667;5
83075;2004-09-29;0;27.2;16.7;4;2004;9;29;-23.43;-46.46;735;76.0;61.0;65.0;933.0;933.6;933.5;8;5;5;0.0;2.1;5.1;0.0;9.0;10.0;67.33333333333333;933.3666666666667;6.333333333333333;2.4;5
83075;2004-09-30;1.8;19.5;12.5;0;2004;9;30;-23.43;-46.46;735;85.0;80.0;74.0;935.8;939.3;939.1;8;3;5;0.0;2.1;3.1;10.0;10.0;10.0;79.66666666666667;938.0666666666666;10.0;1.7333333333333334;3
83075;2004-10-01;8.2;28.7;17.3;6.8;2004;10;1;-23.43;-46.46;735;84.0;73.0;57.0;931.3;931.3;931.1;8;5;5;0.0;1.0;3.0;0.0;9.0;4.0;71.33333333333333;931.2333333333332;4.333333333333333;1.3333333333333333;5
83075;2004-10-02;0;26.6;15.2;8.5;2004;10;2;-23.43;-46.46;735;80.0;60.0;55.0;937.7;937.7;937.3;5;3;5;3.0;2.0;3.0;4.0;4.0;5.0;65.0;937.5666666666666;4.333333333333333;2.6666666666666665;5
83075;2004-10-03;0;29.7;20.3;5.4;2004;10;3;-23.43;-46.46;735;75.0;69.0;73.0;938.1;938.4;938.2;8;3;8;0.0;1.0;0.0;4.0;4.0;10.0;72.33333333333333;938.2333333333332;6.0;0.3333333333333333;3
83075;2004-10-04;0;26.5;18.7;6.3;2004;10;4;-23.43;-46.46;735;73.0;72.0;63.0;936.5;936.4;935.0;3;3;5;1.0;2.0;5.0;10.0;9.0;9.0;69.33333333333333;935.9666666666667;9.333333333333334;2.6666666666666665;3
83075;2004-10-05;0;21.9;12.5;4.3;2004;10;5;-23.43;-46.46;735;78.0;75.0;70.0;937.5;938.1;937.5;5;3;5;2.0;1.0;2.0;1.0;6.0;9.0;74.33333333333333;937.6999999999999;5.333333333333333;1.6666666666666667;5
83075;2004-10-06;0.6;24.9;14.3;1.8;2004;10;6;-23.43;-46.46;735;84.0;87.0;56.0;939.5;940.2;939.4;5;8;7;1.0;0.0;1.0;10.0;9.0;9.0;75.66666666666667;939.6999999999999;9.333333333333334;0.6666666666666666;5
83075;2004-10-07;1;21.1;16.3;1.4;2004;10;7;-23.43;-46.46;735;88.0;71.0;83.0;933.4;933.5;933.4;7;7;7;1.0;2.0;3.0;2.0;8.0;10.0;80.66666666666667;933.4333333333334;6.666666666666667;2.0;7
83075;2004-10-08;0;19.9;10.1;7.1;2004;10;8;-23.43;-46.46;735;77.0;70.0;50.0;945.5;946.0;944.3;5;3;3;3.0;3.0;2.0;10.0;8.0;2.0;65.66666666666667;945.2666666666668;6.666666666666667;2.6666666666666665;5
83075;2004-10-09;0;30.4;14.5;7.1;2004;10;9;-23.43;-46.46;735;54.0;72.0;53.0;935.9;936.9;936.6;8;5;5;0.0;2.1;4.1;0.0;0.0;0.0;59.666666666666664;936.4666666666667;0.0;2.0666666666666664;5
83075;2004-10-10;0;31;16.4;2.2;2004;10;10;-23.43;-46.46;735;58.0;54.0;79.0;933.0;933.1;933.4;8;8;5;0.0;0.0;2.0;0.0;9.0;10.0;63.666666666666664;933.1666666666666;6.333333333333333;0.6666666666666666;5
83075;2004-10-11;0;33;18.1;8.9;2004;10;11;-23.43;-46.46;735;80.0;66.0;44.0;935.7;935.8;932.6;5;3;7;1.0;2.0;3.0;10.0;8.0;9.0;63.333333333333336;934.6999999999999;9.0;2.0;5
83075;2004-10-12;7.8;23;17.7;0.3;2004;10;12;-23.43;-46.46;735;90.0;88.0;79.0;931.6;932.4;931.9;5;5;5;1.0;1.0;3.0;10.0;10.0;10.0;85.66666666666667;931.9666666666667;10.0;1.6666666666666667;5
83075;2004-10-13;0;30;19.5;5.2;2004;10;13;-23.43;-46.46;735;83.0;61.0;52.0;935.4;935.1;932.0;8;7;7;0.0;1.0;4.0;10.0;8.0;10.0;65.33333333333333;934.1666666666666;9.333333333333334;1.6666666666666667;7
83075;2004-10-14;15.1;25.6;18.7;0.4;2004;10;14;-23.43;-46.46;735;91.0;89.0;78.0;932.1;933.9;933.9;7;7;5;3.0;2.0;4.0;10.0;10.0;9.0;86.0;933.3000000000001;9.666666666666666;3.0;7
83075;2004-10-15;6.1;21.4;17.3;0;2004;10;15;-23.43;-46.46;735;84.0;82.0;93.0;935.6;937.0;936.8;3;3;5;2.0;1.0;2.0;10.0;10.0;10.0;86.33333333333333;936.4666666666666;10.0;1.6666666666666667;3
83075;2004-10-16;11.7;31.8;17.9;8;2004;10;16;-23.43;-46.46;735;92.0;74.0;50.0;936.9;936.4;934.0;3;5;7;1.0;1.0;2.0;10.0;8.0;9.0;72.0;935.7666666666668;9.0;1.3333333333333333;3
83075;2004-10-17;32.8;26;16.3;1;2004;10;17;-23.43;-46.46;735;76.0;90.0;73.0;933.5;934.4;933.9;7;5;7;1.0;1.0;1.0;0.0;10.0;10.0;79.66666666666667;933.9333333333334;6.666666666666667;1.0;7
83075;2004-10-18;0.1;25.6;16.6;1.2;2004;10;18;-23.43;-46.46;735;79.0;78.0;70.0;934.4;935.0;933.9;5;3;3;1.0;1.0;1.0;10.0;10.0;10.0;75.66666666666667;934.4333333333334;10.0;1.0;5
83075;2004-10-19;10.3;25.4;16.8;0.3;2004;10;19;-23.43;-46.46;735;82.0;87.0;87.0;933.8;934.0;934.2;8;7;5;0.0;1.0;5.0;10.0;10.0;10.0;85.33333333333333;934.0;10.0;2.0;7
83075;2004-10-20;0.3;20.9;13.8;0.2;2004;10;20;-23.43;-46.46;735;80.0;74.0;79.0;936.0;938.2;938.6;5;5;7;2.0;4.0;3.0;9.0;10.0;10.0;77.66666666666667;937.6;9.666666666666666;3.0;5
83075;2004-10-21;0;22;13.3;3.2;2004;10;21;-23.43;-46.46;735;80.0;70.0;67.0;938.3;939.7;939.3;5;3;3;3.0;4.0;3.0;10.0;9.0;9.0;72.33333333333333;939.1;9.333333333333334;3.3333333333333335;5
83075;2004-10-22;0;26.2;14.8;4.6;2004;10;22;-23.43;-46.46;735;84.0;72.0;59.0;939.1;940.8;938.3;5;3;3;3.0;3.0;2.0;10.0;9.0;8.0;71.66666666666667;939.4;9.0;2.6666666666666665;5
83075;2004-10-23;0;28.2;15.9;2.5;2004;10;23;-23.43;-46.46;735;83.0;76.0;68.0;938.4;937.8;934.8;5;3;7;3.0;1.0;3.0;10.0;10.0;10.0;75.66666666666667;937.0;10.0;2.3333333333333335;5
83075;2004-10-24;0.3;26.1;18.3;0.2;2004;10;24;-23.43;-46.46;735;72.0;73.0;78.0;935.1;933.3;932.1;7;7;7;3.0;1.0;3.0;8.0;9.0;10.0;74.33333333333333;933.5;9.0;2.3333333333333335;7
83075;2004-10-25;2.3;23.6;18.5;0;2004;10;25;-23.43;-46.46;735;91.0;78.0;78.0;932.0;929.9;927.5;8;5;7;0.0;1.0;3.0;10.0;10.0;10.0;82.33333333333333;929.8000000000001;10.0;1.3333333333333333;5
83075;2004-10-26;16.4;22.4;16.3;0;2004;10;26;-23.43;-46.46;735;82.0;88.0;77.0;927.9;932.0;931.9;7;5;5;2.0;2.0;2.0;9.0;10.0;10.0;82.33333333333333;930.6;9.666666666666666;2.0;7
83075;2004-10-27;0;28.6;15.2;6.5;2004;10;27;-23.43;-46.46;735;83.0;76.0;39.0;931.9;933.5;933.1;3;8;7;1.0;0.0;3.0;10.0;10.0;9.0;66.0;932.8333333333334;9.666666666666666;1.3333333333333333;3
83075;2004-10-28;0;19.5;13.7;1.5;2004;10;28;-23.43;-46.46;735;82.0;58.0;68.0;936.5;937.8;938.1;5;3;5;5.0;2.0;3.0;10.0;9.0;9.0;69.33333333333333;937.4666666666667;9.333333333333334;3.3333333333333335;5
83075;2004-10-29;0;25.9;13.5;7.3;2004;10;29;-23.43;-46.46;735;78.0;75.0;61.0;938.2;938.9;938.3;5;3;5;2.0;1.0;4.0;10.0;10.0;1.0;71.33333333333333;938.4666666666666;7.0;2.3333333333333335;5
83075;2004-10-30;0;32.4;15.4;8.4;2004;10;30;-23.43;-46.46;735;82.0;73.0;40.0;938.6;938.5;936.5;5;3;5;1.0;2.0;1.0;10.0;6.0;6.0;65.0;937.8666666666667;7.333333333333333;1.3333333333333333;5
83075;2004-10-31;0;32.4;18.6;6.5;2004;10;31;-23.43;-46.46;735;70.0;42.0;40.0;936.4;936.2;935.2;8;7;7;0.0;3.0;3.0;0.0;9.0;10.0;50.666666666666664;935.9333333333334;6.333333333333333;2.0;7
83075;2004-11-01;0;33.2;16.4;8.1;2004;11;1;-23.43;-46.46;735;81.0;75.0;35.0;931.0;931.1;930.3;3;7;7;1.0;1.0;1.0;5.0;4.0;5.0;63.666666666666664;930.7999999999998;4.666666666666667;1.0;3
83075;2004-11-02;0;26.5;17.1;4.7;2004;11;2;-23.43;-46.46;735;88.0;71.0;61.0;937.3;938.0;937.4;5;3;5;1.0;2.0;2.0;6.0;9.0;8.0;73.33333333333333;937.5666666666666;7.666666666666667;1.6666666666666667;5
83075;2004-11-03;1.3;28.1;19.8;7.7;2004;11;3;-23.43;-46.46;735;82.0;71.0;57.0;938.7;938.4;937.1;8;5;5;0.0;2.1;2.1;10.0;10.0;6.0;70.0;938.0666666666666;8.666666666666666;1.4000000000000001;5
83075;2004-11-04;0.7;27.8;17.6;6.7;2004;11;4;-23.43;-46.46;735;79.0;84.0;53.0;934.9;935.4;932.9;5;3;5;2.0;1.0;3.0;9.0;9.0;2.0;72.0;934.4;6.666666666666667;2.0;5
83075;2004-11-05;0;23.6;12.7;5.1;2004;11;5;-23.43;-46.46;735;80.0;76.0;59.0;938.0;938.6;939.3;5;3;5;1.0;3.0;2.0;10.0;9.0;6.0;71.66666666666667;938.6333333333332;8.333333333333334;2.0;5
83075;2004-11-06;0;26.4;16.1;2.9;2004;11;6;-23.43;-46.46;735;77.0;72.0;51.0;939.4;939.9;939.0;8;5;7;0.0;1.0;2.0;9.0;10.0;9.0;66.66666666666667;939.4333333333334;9.333333333333334;1.0;5
83075;2004-11-07;10.9;21;9.5;0;2004;11;7;-23.43;-46.46;735;86.0;87.0;84.0;933.7;938.9;939.1;7;5;5;1.0;1.0;3.0;9.0;10.0;10.0;85.66666666666667;937.2333333333332;9.666666666666666;1.6666666666666667;7
83075;2004-11-08;0;21.4;9.1;6.2;2004;11;8;-23.43;-46.46;735;81.0;89.0;50.0;944.3;944.5;942.6;3;3;3;1.0;2.0;1.0;10.0;10.0;0.0;73.33333333333333;943.8000000000001;6.666666666666667;1.3333333333333333;3
83075;2004-11-09;0;22.5;15.7;3.2;2004;11;9;-23.43;-46.46;735;76.0;76.0;70.0;937.0;937.3;937.1;5;5;5;3.1;3.1;6.2;9.0;10.0;10.0;74.0;937.1333333333333;9.666666666666666;4.133333333333334;5
83075;2004-11-10;3.4;27.5;16.7;2.4;2004;11;10;-23.43;-46.46;735;90.0;81.0;53.0;936.4;936.2;935.2;8;8;5;0.0;0.0;1.0;10.0;10.0;9.0;74.66666666666667;935.9333333333334;9.666666666666666;0.3333333333333333;5
83075;2004-11-11;0;27.2;18.8;0.6;2004;11;11;-23.43;-46.46;735;71.0;70.0;86.0;932.0;930.3;928.9;5;7;7;1.0;3.0;3.0;10.0;9.0;10.0;75.66666666666667;930.4;9.666666666666666;2.3333333333333335;5
83075;2004-11-12;3.4;22.1;16.6;0.4;2004;11;12;-23.43;-46.46;735;85.0;81.0;70.0;932.2;932.8;932.5;3;5;5;1.0;3.0;5.0;10.0;10.0;10.0;78.66666666666667;932.5;10.0;3.0;3
83075;2004-11-13;0;25.8;16.4;8.8;2004;11;13;-23.43;-46.46;735;56.0;71.0;58.0;929.3;933.5;933.4;7;5;5;3.0;3.0;4.0;0.0;9.0;6.0;61.666666666666664;932.0666666666666;5.0;3.3333333333333335;7
83075;2004-11-14;0;25.5;14.5;5.7;2004;11;14;-23.43;-46.46;735;69.0;72.0;63.0;933.7;937.1;936.7;5;3;3;2.0;2.0;3.0;10.0;9.0;9.0;68.0;935.8333333333334;9.333333333333334;2.3333333333333335;5
83075;2004-11-15;0;28.4;16.5;4.3;2004;11;15;-23.43;-46.46;735;81.0;77.0;85.0;936.7;936.7;935.6;3;3;5;2.0;2.0;5.0;8.0;5.0;10.0;81.0;936.3333333333334;7.666666666666667;3.0;3
83075;2004-11-16;36.9;22.6;17.5;0;2004;11;16;-23.43;-46.46;735;86.0;91.0;87.0;935.9;936.0;934.8;5;3;7;1.0;1.0;1.0;8.0;10.0;10.0;88.0;935.5666666666666;9.333333333333334;1.0;5
83075;2004-11-17;19.4;23.7;19;0;2004;11;17;-23.43;-46.46;735;93.0;81.0;86.0;935.0;934.5;933.5;3;7;7;2.0;2.0;1.0;10.0;10.0;10.0;86.66666666666667;934.3333333333334;10.0;1.6666666666666667;3
83075;2004-11-18;16.6;27.7;18.6;1.4;2004;11;18;-23.43;-46.46;735;89.0;83.0;66.0;933.6;934.0;932.2;8;5;3;0.0;1.0;1.0;10.0;10.0;9.0;79.33333333333333;933.2666666666668;9.666666666666666;0.6666666666666666;5
83075;2004-11-19;0;24.8;18.2;1.9;2004;11;19;-23.43;-46.46;735;86.0;82.0;67.0;932.2;932.2;931.8;5;7;5;1.0;1.0;4.0;10.0;10.0;10.0;78.33333333333333;932.0666666666666;10.0;2.0;5
83075;2004-11-20;0;22.4;15.6;5.7;2004;11;20;-23.43;-46.46;735;80.0;71.0;72.0;932.3;933.4;933.4;3;5;5;1.0;3.0;4.0;8.0;9.0;8.0;74.33333333333333;933.0333333333333;8.333333333333334;2.6666666666666665;3
83075;2004-11-21;0;24.2;13.4;8.6;2004;11;21;-23.43;-46.46;735;80.0;68.0;53.0;934.8;936.0;935.9;5;3;5;1.0;1.0;3.0;9.0;9.0;4.0;67.0;935.5666666666666;7.333333333333333;1.6666666666666667;5
83075;2004-11-22;0;24.8;13.6;7.1;2004;11;22;-23.43;-46.46;735;79.0;68.0;62.0;936.9;937.9;937.2;3;5;5;2.0;2.0;3.0;1.0;10.0;2.0;69.66666666666667;937.3333333333334;4.333333333333333;2.3333333333333335;3
83075;2004-11-23;0;29.6;15.9;11;2004;11;23;-23.43;-46.46;735;77.0;66.0;52.0;937.8;938.0;937.4;3;7;5;1.0;2.0;3.0;10.0;0.0;2.0;65.0;937.7333333333332;4.0;2.0;3
83075;2004-11-24;0;30.9;15.7;9.1;2004;11;24;-23.43;-46.46;735;81.0;67.0;41.0;937.4;938.1;936.8;5;5;5;1.0;2.0;4.0;0.0;0.0;4.0;63.0;937.4333333333334;1.3333333333333333;2.3333333333333335;5
83075;2004-11-25;0;33.5;16.9;10.9;2004;11;25;-23.43;-46.46;735;72.0;65.0;36.0;937.7;936.6;934.1;8;5;7;0.0;2.0;2.0;8.0;0.0;1.0;57.666666666666664;936.1333333333333;3.0;1.3333333333333333;5
83075;2004-11-26;0;33.9;18.5;10;2004;11;26;-23.43;-46.46;735;57.0;56.0;37.0;934.7;934.3;932.3;3;5;7;1.0;2.0;2.0;1.0;1.0;9.0;50.0;933.7666666666668;3.6666666666666665;1.6666666666666667;3
83075;2004-11-27;0;33.6;19.5;9.9;2004;11;27;-23.43;-46.46;735;59.0;49.0;40.0;932.3;931.9;929.7;8;7;7;0.0;3.0;3.0;10.0;1.0;9.0;49.333333333333336;931.2999999999998;6.666666666666667;2.0;7
83075;2004-11-28;39.3;27.3;18.5;1.1;2004;11;28;-23.43;-46.46;735;91.0;81.0;65.0;930.6;930.5;928.4;5;7;7;1.0;3.0;4.0;10.0;10.0;9.0;79.0;929.8333333333334;9.666666666666666;2.6666666666666665;5
83075;2004-11-29;61.4;23.3;17.4;1.9;2004;11;29;-23.43;-46.46;735;96.0;69.0;74.0;928.8;930.1;930.4;5;5;5;2.0;2.0;4.0;8.0;9.0;10.0;79.66666666666667;929.7666666666668;9.0;2.6666666666666665;5
83075;2004-11-30;0;26;15.7;6.9;2004;11;30;-23.43;-46.46;735;81.0;72.0;63.0;931.3;932.9;932.9;5;5;5;3.0;1.0;5.0;8.0;8.0;2.0;72.0;932.3666666666667;6.0;3.0;5
83075;2004-12-01;0;27.9;20.1;3.5;2004;12;1;-23.43;-46.46;735;79.0;69.0;70.0;930.1;930.7;930.5;5;5;5;4.0;2.0;5.0;10.0;10.0;9.0;72.66666666666667;930.4333333333334;9.666666666666666;3.6666666666666665;5
83075;2004-12-02;0;28.3;17.8;5;2004;12;2;-23.43;-46.46;735;78.0;75.0;56.0;937.7;938.4;937.9;3;3;3;3.0;2.0;3.0;9.0;10.0;8.0;69.66666666666667;938.0;9.0;2.6666666666666665;3
83075;2004-12-03;0;25.7;18.3;1;2004;12;3;-23.43;-46.46;735;80.0;70.0;66.0;937.4;937.6;936.3;5;3;5;3.1;2.1;2.1;10.0;10.0;10.0;72.0;937.1;10.0;2.4333333333333336;5
83075;2004-12-04;0;27.8;18.9;4.8;2004;12;4;-23.43;-46.46;735;80.0;79.0;61.0;933.4;934.4;933.7;5;7;5;3.0;1.0;4.0;9.0;10.0;9.0;73.33333333333333;933.8333333333334;9.333333333333334;2.6666666666666665;5
83075;2004-12-05;0;28;14.3;7.8;2004;12;5;-23.43;-46.46;735;81.0;79.0;46.0;938.0;937.9;936.3;4;3;7;1.0;1.0;3.0;10.0;2.0;8.0;68.66666666666667;937.4;6.666666666666667;1.6666666666666667;4
83075;2004-12-06;0;21.7;12.3;0.2;2004;12;6;-23.43;-46.46;735;72.0;64.0;92.0;939.4;940.1;940.1;7;7;5;1.0;3.0;1.0;9.0;9.0;10.0;76.0;939.8666666666667;9.333333333333334;1.6666666666666667;7
83075;2004-12-07;0;19.6;9.4;3.7;2004;12;7;-23.43;-46.46;735;92.0;80.0;68.0;939.8;940.4;939.3;5;3;3;1.0;3.0;3.0;10.0;10.0;4.0;80.0;939.8333333333334;8.0;2.3333333333333335;5
83075;2004-12-08;0;19.2;9.5;6.8;2004;12;8;-23.43;-46.46;735;78.0;61.0;54.0;942.7;945.0;945.0;3;3;5;1.0;2.0;3.0;10.0;6.0;8.0;64.33333333333333;944.2333333333332;8.0;2.0;3
83075;2004-12-09;1.6;18.6;14.9;0;2004;12;9;-23.43;-46.46;735;79.0;87.0;83.0;938.5;940.8;940.7;3;5;5;3.1;3.1;3.1;10.0;10.0;10.0;83.0;940.0;10.0;3.1;3
83075;2004-12-10;0;26.4;17.7;1.6;2004;12;10;-23.43;-46.46;735;83.0;73.0;61.0;935.9;936.4;935.4;5;5;3;2.0;4.0;1.0;10.0;10.0;9.0;72.33333333333333;935.9;9.666666666666666;2.3333333333333335;5
83075;2004-12-11;13;27;17.2;11.4;2004;12;11;-23.43;-46.46;735;82.0;59.0;39.0;928.7;928.0;928.2;7;7;7;3.0;3.0;5.0;10.0;6.0;2.0;60.0;928.3000000000001;6.0;3.6666666666666665;7
83075;2004-12-12;1.6;24.2;15;5.1;2004;12;12;-23.43;-46.46;735;86.0;70.0;60.0;932.8;933.6;933.2;5;5;5;2.0;3.0;3.0;9.0;8.0;9.0;72.0;933.2000000000002;8.666666666666666;2.6666666666666665;5
83075;2004-12-13;0;28.6;14.1;9.3;2004;12;13;-23.43;-46.46;735;81.0;68.0;46.0;933.5;934.8;934.4;5;5;5;1.0;1.0;2.0;9.0;1.0;4.0;65.0;934.2333333333332;4.666666666666667;1.3333333333333333;5
83075;2004-12-14;0;28.1;14.7;10.1;2004;12;14;-23.43;-46.46;735;75.0;64.0;55.0;934.8;936.1;936.0;5;5;5;1.0;2.0;4.0;0.0;0.0;2.0;64.66666666666667;935.6333333333333;0.6666666666666666;2.3333333333333335;5
83075;2004-12-15;0;29.1;15.3;9.9;2004;12;15;-23.43;-46.46;735;78.0;67.0;64.0;936.0;936.0;935.6;3;5;5;2.0;1.0;2.0;0.0;0.0;1.0;69.66666666666667;935.8666666666667;0.3333333333333333;1.6666666666666667;3
83075;2004-12-16;0;32.5;18.7;10;2004;12;16;-23.43;-46.46;735;84.0;70.0;50.0;935.5;935.4;933.4;3;5;7;1.0;1.0;3.0;10.0;5.0;4.0;68.0;934.7666666666668;6.333333333333333;1.6666666666666667;3
83075;2004-12-17;5;27.8;20.1;1.3;2004;12;17;-23.43;-46.46;735;69.0;89.0;60.0;933.0;933.8;933.0;8;7;5;0.0;1.0;2.0;0.0;10.0;9.0;72.66666666666667;933.2666666666668;6.333333333333333;1.0;7
83075;2004-12-18;2;26.3;19.9;0.5;2004;12;18;-23.43;-46.46;735;84.0;90.0;73.0;934.0;934.1;933.9;5;8;5;1.0;0.0;3.0;10.0;10.0;10.0;82.33333333333333;934.0;10.0;1.3333333333333333;5
83075;2004-12-19;0;29.4;20.2;3.2;2004;12;19;-23.43;-46.46;735;86.0;77.0;84.0;934.0;934.1;933.3;5;7;5;2.0;1.0;1.0;10.0;9.0;9.0;82.33333333333333;933.7999999999998;9.333333333333334;1.3333333333333333;5
83075;2004-12-20;17.9;30.8;20.2;7;2004;12;20;-23.43;-46.46;735;91.0;73.0;62.0;933.4;933.6;931.1;8;7;7;0.0;3.0;3.0;10.0;8.0;6.0;75.33333333333333;932.6999999999999;8.0;2.0;7
83075;2004-12-21;27.6;23.1;17.2;0;2004;12;21;-23.43;-46.46;735;89.0;88.0;85.0;931.2;935.2;934.1;8;5;5;0.0;3.0;3.0;9.0;10.0;10.0;87.33333333333333;933.5;9.666666666666666;2.0;5
83075;2004-12-22;4.4;20.7;14.8;0;2004;12;22;-23.43;-46.46;735;83.0;82.0;90.0;935.2;935.3;935.1;5;5;5;4.0;3.0;4.0;10.0;10.0;10.0;85.0;935.1999999999999;10.0;3.6666666666666665;5
83075;2004-12-23;25.5;21.3;14.3;0;2004;12;23;-23.43;-46.46;735;93.0;94.0;82.0;935.3;934.6;931.2;3;3;5;3.0;2.0;1.0;10.0;10.0;10.0;89.66666666666667;933.7000000000002;10.0;2.0;3
83075;2004-12-24;3;27.6;15.7;7.2;2004;12;24;-23.43;-46.46;735;92.0;85.0;61.0;931.1;931.3;930.6;3;7;5;1.0;3.0;3.0;10.0;9.0;6.0;79.33333333333333;931.0;8.333333333333334;2.3333333333333335;3
83075;2004-12-25;0;31.2;16.2;9.2;2004;12;25;-23.43;-46.46;735;82.0;74.0;49.0;931.2;932.1;931.6;3;3;7;1.0;1.0;3.0;10.0;9.0;4.0;68.33333333333333;931.6333333333333;7.666666666666667;1.6666666666666667;3
83075;2004-12-26;3.7;26.6;19;0.5;2004;12;26;-23.43;-46.46;735;74.0;85.0;91.0;932.1;932.9;932.8;8;7;7;0.0;3.0;1.0;9.0;10.0;10.0;83.33333333333333;932.6;9.666666666666666;1.3333333333333333;7
83075;2004-12-27;21.2;27.7;18.3;3.1;2004;12;27;-23.43;-46.46;735;90.0;81.0;67.0;932.9;933.3;932.9;7;7;7;1.0;1.0;3.0;10.0;10.0;9.0;79.33333333333333;933.0333333333333;9.666666666666666;1.6666666666666667;7
83075;2004-12-28;0;28.2;18.7;5.2;2004;12;28;-23.43;-46.46;735;85.0;81.0;69.0;933.1;933.7;933.7;3;5;5;1.0;1.0;3.0;10.0;9.0;9.0;78.33333333333333;933.5;9.333333333333334;1.6666666666666667;3
83075;2004-12-29;0;30.6;18.1;8.3;2004;12;29;-23.43;-46.46;735;88.0;77.0;61.0;934.3;935.4;935.2;5;3;3;3.0;1.0;4.0;5.0;0.0;2.0;75.33333333333333;934.9666666666666;2.3333333333333335;2.6666666666666665;5
83075;2004-12-30;0;33.7;17.9;9.5;2004;12;30;-23.43;-46.46;735;78.0;75.0;42.0;936.2;936.4;935.0;3;3;5;1.0;2.0;2.0;9.0;1.0;5.0;65.0;935.8666666666667;5.0;1.6666666666666667;3
83075;2004-12-31;0;32.4;18.1;4.6;2004;12;31;-23.43;-46.46;735;81.0;73.0;49.0;935.4;935.7;935.0;3;5;5;1.0;1.0;2.0;0.0;9.0;9.0;67.66666666666667;935.3666666666667;6.0;1.3333333333333333;3
83075;2005-01-01;2.2;30.3;19.5;9.5;2005;1;1;-23.43;-46.46;735;79.0;69.0;60.0;935.2;936.0;935.5;5;5;5;2.0;1.02888;4.11552;8.0;8.75;7.5;69.33333333333333;935.5666666666666;8.083333333333334;2.381466666666667;5
83075;2005-01-02;3.2;26;18.2;4.2;2005;1;2;-23.43;-46.46;735;89.0;80.0;66.0;934.5;934.1;932.9;3;5;5;2.05776;2.05776;5.1444;10.0;8.75;7.5;78.33333333333333;933.8333333333334;8.75;3.0866400000000005;3
83075;2005-01-03;0.2;28.2;20.1;5.6;2005;1;3;-23.43;-46.46;735;79.0;75.0;70.0;932.9;934.6;934.9;8;5;5;0.0;2.0;6.0;5.0;5.0;8.0;74.66666666666667;934.1333333333333;6.0;2.6666666666666665;5
83075;2005-01-04;0;31.2;20.3;7.3;2005;1;4;-23.43;-46.46;735;81.0;81.0;53.0;936.7;936.9;936.3;5;3;8;1.0;3.0;0.0;10.0;8.0;4.0;71.66666666666667;936.6333333333332;7.333333333333333;1.3333333333333333;5
83075;2005-01-05;0;21.2;13.5;4.5;2005;1;5;-23.43;-46.46;735;90.0;75.0;55.0;939.9;940.7;940.2;5;3;5;1.0;3.0;3.0;10.0;6.0;8.0;73.33333333333333;940.2666666666668;8.0;2.3333333333333335;5
83075;2005-01-06;0;24.2;16.1;3.7;2005;1;6;-23.43;-46.46;735;89.0;82.0;67.0;942.2;942.9;942.5;8;3;3;0.0;1.0;3.0;0.0;9.0;10.0;79.33333333333333;942.5333333333333;6.333333333333333;1.3333333333333333;3
83075;2005-01-07;0;23.8;15.6;8;2005;1;7;-23.43;-46.46;735;80.0;87.0;57.0;939.7;940.8;940.8;3;3;3;1.0;1.0;1.0;4.0;1.0;6.0;74.66666666666667;940.4333333333334;3.6666666666666665;1.0;3
83075;2005-01-08;0;26.8;13.1;9.2;2005;1;8;-23.43;-46.46;735;74.0;75.0;49.0;940.9;941.9;941.3;8;5;8;0.0;2.0;0.0;0.0;0.0;0.0;66.0;941.3666666666667;0.0;0.6666666666666666;5
83075;2005-01-09;1.8;29.2;17.5;3.7;2005;1;9;-23.43;-46.46;735;82.0;87.0;62.0;934.2;935.2;934.2;5;3;5;3.0;2.0;2.0;10.0;10.0;6.0;77.0;934.5333333333334;8.666666666666666;2.3333333333333335;5
83075;2005-01-10;0;29;16.3;5.3;2005;1;10;-23.43;-46.46;735;82.0;69.0;60.0;938.0;938.0;937.6;5;5;5;1.0;1.0;1.0;6.0;9.0;10.0;70.33333333333333;937.8666666666667;8.333333333333334;1.0;5
83075;2005-01-11;0.4;18.6;14.7;0;2005;1;11;-23.43;-46.46;735;86.0;90.0;80.0;938.3;939.0;939.1;5;5;5;5.0;3.0;3.0;10.0;10.0;10.0;85.33333333333333;938.8000000000001;10.0;3.6666666666666665;5
83075;2005-01-12;3;28.8;20.5;1.5;2005;1;12;-23.43;-46.46;735;83.0;75.0;84.0;933.8;933.4;932.6;7;7;7;2.0;2.0;1.0;9.0;9.0;9.0;80.66666666666667;933.2666666666665;9.0;1.6666666666666667;7
83075;2005-01-13;0;29.6;18.2;8.3;2005;1;13;-23.43;-46.46;735;83.0;66.0;56.0;931.8;932.8;931.9;5;3;5;1.02888;1.02888;1.02888;10.0;6.25;10.0;68.33333333333333;932.1666666666666;8.75;1.02888;5
83075;2005-01-14;0;29.6;17;10.4;2005;1;14;-23.43;-46.46;735;83.0;73.0;57.0;932.1;932.2;931.1;5;3;5;1.02888;1.02888;2.05776;8.75;7.5;7.5;71.0;931.8000000000001;7.916666666666667;1.37184;5
83075;2005-01-15;0;33.8;19.2;11;2005;1;15;-23.43;-46.46;735;82.0;68.0;47.0;930.8;930.9;928.6;5;3;7;1.02888;1.02888;5.1444;10.0;1.25;7.5;65.66666666666667;930.0999999999999;6.25;2.40072;5
83075;2005-01-16;0;31.2;19.2;3.1;2005;1;16;-23.43;-46.46;735;62.0;65.0;81.0;928.1;928.6;928.4;7;7;5;1.02888;3.08664;5.1444;0.0;8.75;10.0;69.33333333333333;928.3666666666667;6.25;3.0866400000000005;7
83075;2005-01-17;13.7;23.6;19.4;0;2005;1;17;-23.43;-46.46;735;90.0;87.0;81.0;929.2;930.5;929.9;5;5;5;1.02888;1.02888;1.02888;10.0;10.0;10.0;86.0;929.8666666666667;10.0;1.02888;5
83075;2005-01-18;4.7;26.6;20.2;0.1;2005;1;18;-23.43;-46.46;735;87.0;90.0;78.0;930.3;930.4;930.1;5;8;5;1.02888;0.0;3.08664;10.0;10.0;10.0;85.0;930.2666666666665;10.0;1.37184;5
83075;2005-01-19;3;26.7;21.3;0.4;2005;1;19;-23.43;-46.46;735;85.0;78.0;71.0;930.1;930.5;930.6;5;3;7;1.02888;1.02888;3.08664;10.0;10.0;8.75;78.0;930.4;9.583333333333334;1.7148;5
83075;2005-01-20;8.3;25.6;20.9;0;2005;1;20;-23.43;-46.46;735;84.0;87.0;86.0;930.1;930.5;930.0;8;7;7;0.0;3.08664;1.02888;10.0;10.0;10.0;85.66666666666667;930.1999999999999;10.0;1.37184;7
83075;2005-01-21;12.6;26.2;20.2;0.2;2005;1;21;-23.43;-46.46;735;86.0;83.0;90.0;930.3;931.6;931.9;7;7;5;1.02888;3.08664;3.08664;8.75;10.0;10.0;86.33333333333333;931.2666666666668;9.583333333333334;2.40072;7
83075;2005-01-22;35;29.2;20.1;2.6;2005;1;22;-23.43;-46.46;735;92.0;81.0;81.0;932.1;934.5;934.0;8;8;7;0.0;0.0;1.02888;10.0;8.75;10.0;84.66666666666667;933.5333333333333;9.583333333333334;0.34296;7
83075;2005-01-23;1;31;20.2;5.5;2005;1;23;-23.43;-46.46;735;89.0;76.0;59.0;934.8;935.1;934.0;8;7;5;0.0;2.05776;4.11552;10.0;3.75;8.75;74.66666666666667;934.6333333333333;7.5;2.05776;7
83075;2005-01-24;1.6;30.4;21.3;4.5;2005;1;24;-23.43;-46.46;735;83.0;76.0;88.0;933.7;933.7;932.8;5;8;8;1.02888;0.0;0.0;10.0;7.5;10.0;82.33333333333333;933.4;9.166666666666666;0.34296;5
83075;2005-01-25;13.4;28.5;19.2;2.7;2005;1;25;-23.43;-46.46;735;85.0;70.0;75.0;931.4;930.1;930.4;8;7;7;0.0;4.11552;3.08664;10.0;8.75;10.0;76.66666666666667;930.6333333333333;9.583333333333334;2.40072;7
83075;2005-01-26;24.4;20.1;16.2;0;2005;1;26;-23.43;-46.46;735;93.0;92.0;87.0;930.4;933.6;934.7;5;5;3;3.08664;3.08664;1.02888;10.0;10.0;10.0;90.66666666666667;932.9;10.0;2.40072;5
83075;2005-01-27;2.4;19.9;15;0;2005;1;27;-23.43;-46.46;735;84.0;86.0;90.0;936.6;937.4;937.4;3;3;3;1.02888;1.02888;3.08664;10.0;10.0;10.0;86.66666666666667;937.1333333333333;10.0;1.7148;3
83075;2005-01-28;3.6;23.4;17.2;0.1;2005;1;28;-23.43;-46.46;735;90.0;84.0;78.0;937.7;937.3;936.8;3;5;3;2.05776;1.02888;1.02888;10.0;10.0;10.0;84.0;937.2666666666668;10.0;1.37184;3
83075;2005-01-29;0.8;23.6;18.7;0;2005;1;29;-23.43;-46.46;735;94.0;84.0;86.0;936.1;935.9;935.4;3;5;8;1.02888;1.02888;0.0;10.0;10.0;10.0;88.0;935.8000000000001;10.0;0.68592;3
83075;2005-01-30;2.7;27.8;18.9;2.5;2005;1;30;-23.43;-46.46;735;86.0;83.0;68.0;934.9;935.3;934.2;5;5;5;1.02888;3.08664;3.08664;10.0;8.75;7.5;79.0;934.7999999999998;8.75;2.40072;5
83075;2005-01-31;0;28.7;17.1;10.9;2005;1;31;-23.43;-46.46;735;68.0;67.0;57.0;934.8;934.5;934.5;5;3;5;1.02888;3.08664;2.05776;2.5;6.25;6.25;64.0;934.6;5.0;2.05776;5
83075;2005-02-01;0;30;19.3;8.6;2005;2;1;-23.43;-46.46;735;77.0;71.0;68.0;935.8;936.5;936.0;3;5;5;1.0;2.05776;2.05776;5.0;2.5;8.75;72.0;936.1;5.416666666666667;1.7051733333333334;3
83075;2005-02-02;0.3;28.2;19.3;4.4;2005;2;2;-23.43;-46.46;735;85.0;75.0;65.0;932.5;933.0;932.9;5;5;5;3.08664;1.02888;5.1444;10.0;7.5;8.75;75.0;932.8000000000001;8.75;3.0866400000000005;5
83075;2005-02-03;0;25.7;18.4;0.9;2005;2;3;-23.43;-46.46;735;84.0;71.0;78.0;934.2;936.7;936.8;5;5;5;3.0;3.0;5.0;10.0;10.0;10.0;77.66666666666667;935.9;10.0;3.6666666666666665;5
83075;2005-02-04;0;31.8;20.4;9;2005;2;4;-23.43;-46.46;735;72.0;68.0;49.0;937.5;936.5;936.1;8;1;7;0.0;1.0;2.0;5.0;2.0;9.0;63.0;936.6999999999999;5.333333333333333;1.0;1
83075;2005-02-05;1.9;21.6;13.5;5.5;2005;2;5;-23.43;-46.46;735;86.0;89.0;62.0;940.3;941.2;941.0;5;5;3;1.0;1.0;3.0;6.0;9.0;4.0;79.0;940.8333333333334;6.333333333333333;1.6666666666666667;5
83075;2005-02-06;0;27.2;17.3;4.5;2005;2;6;-23.43;-46.46;735;96.0;79.0;62.0;942.4;942.6;940.9;8;3;8;0.0;1.0;0.0;10.0;9.0;9.0;79.0;941.9666666666667;9.333333333333334;0.3333333333333333;3
83075;2005-02-07;0;27.4;13.8;7.7;2005;2;7;-23.43;-46.46;735;86.0;84.0;52.0;940.0;940.3;939.1;8;8;7;0.0;0.0;1.0;0.0;4.0;6.0;74.0;939.8000000000001;3.3333333333333335;0.3333333333333333;7
83075;2005-02-08;0;26.8;12.1;9.3;2005;2;8;-23.43;-46.46;735;71.0;64.0;43.0;941.2;941.5;941.3;8;8;3;0.0;0.0;1.0;0.0;0.0;0.0;59.333333333333336;941.3333333333334;0.0;0.3333333333333333;3
83075;2005-02-09;23.6;23.6;17.1;4.5;2005;2;9;-23.43;-46.46;735;88.0;85.0;65.0;934.6;936.3;936.2;5;7;7;2.0;1.0;1.0;10.0;10.0;2.0;79.33333333333333;935.7000000000002;7.333333333333333;1.3333333333333333;5
83075;2005-02-10;2.2;19.1;16.3;0;2005;2;10;-23.43;-46.46;735;80.0;91.0;90.0;937.7;938.3;937.8;5;5;3;2.0;1.0;1.0;10.0;10.0;10.0;87.0;937.9333333333334;10.0;1.3333333333333333;5
83075;2005-02-11;0;22;14.6;0;2005;2;11;-23.43;-46.46;735;90.0;81.0;85.0;939.2;939.5;939.5;5;3;5;5.0;3.0;3.0;10.0;10.0;10.0;85.33333333333333;939.4;10.0;3.6666666666666665;5
83075;2005-02-12;36.8;22.9;15.8;0;2005;2;12;-23.43;-46.46;735;94.0;87.0;82.0;932.8;933.2;933.6;5;5;5;1.0;4.0;3.0;10.0;10.0;10.0;87.66666666666667;933.1999999999999;10.0;2.6666666666666665;5
83075;2005-02-13;4;25.6;17.7;5.9;2005;2;13;-23.43;-46.46;735;97.0;76.0;84.0;929.0;929.5;929.5;7;3;7;2.05776;1.02888;1.02888;5.0;5.0;8.75;85.66666666666667;929.3333333333334;6.25;1.37184;7
83075;2005-02-14;5.7;27.6;16.8;10.1;2005;2;14;-23.43;-46.46;735;79.0;71.0;55.0;929.6;930.5;930.0;7;3;7;1.0;1.02888;4.11552;8.0;3.75;6.25;68.33333333333333;930.0333333333333;6.0;2.0481333333333334;7
83075;2005-02-15;0;27;18.1;3.4;2005;2;15;-23.43;-46.46;735;79.0;77.0;64.0;930.3;930.7;930.5;5;7;5;1.02888;1.02888;4.11552;6.25;10.0;7.5;73.33333333333333;930.5;7.916666666666667;2.05776;5
83075;2005-02-16;0;29.8;18.1;10.7;2005;2;16;-23.43;-46.46;735;77.0;70.0;50.0;930.4;931.7;931.0;5;3;5;1.02888;1.02888;4.11552;10.0;1.25;3.75;65.66666666666667;931.0333333333333;5.0;2.05776;5
83075;2005-02-17;0;30.2;18.1;5.6;2005;2;17;-23.43;-46.46;735;79.0;77.0;51.0;931.4;933.5;933.5;5;5;5;1.02888;1.02888;2.05776;0.0;7.5;7.5;69.0;932.8000000000001;5.0;1.37184;5
83075;2005-02-18;0;32;19.1;7;2005;2;18;-23.43;-46.46;735;79.0;72.0;62.0;934.2;935.0;934.3;3;5;5;2.05776;4.11552;4.11552;8.75;1.25;8.75;71.0;934.5;6.25;3.4296;3
83075;2005-02-19;14.4;30.4;20.3;4.5;2005;2;19;-23.43;-46.46;735;86.0;77.0;62.0;934.5;935.7;934.6;8;5;3;0.0;1.02888;3.08664;10.0;10.0;10.0;75.0;934.9333333333334;10.0;1.37184;5
83075;2005-02-20;0;28.8;19.6;9.8;2005;2;20;-23.43;-46.46;735;80.0;76.0;58.0;935.3;935.9;934.8;3;5;5;3.08664;2.05776;3.08664;6.25;3.75;2.5;71.33333333333333;935.3333333333334;4.166666666666667;2.74368;3
83075;2005-02-21;0;27.8;17.2;10;2005;2;21;-23.43;-46.46;735;79.0;63.0;55.0;935.0;935.4;934.9;3;3;5;1.02888;2.05776;3.08664;0.0;1.25;5.0;65.66666666666667;935.1;2.0833333333333335;2.05776;3
83075;2005-02-22;0;32.6;17.6;0.4;2005;2;22;-23.43;-46.46;735;77.0;73.0;45.0;934.5;934.2;933.0;3;5;7;2.05776;1.02888;2.05776;1.25;0.0;8.75;65.0;933.9;3.3333333333333335;1.7148;3
83075;2005-02-23;0;31.6;21.7;3.4;2005;2;23;-23.43;-46.46;735;92.0;69.0;53.0;932.8;933.4;933.1;8;3;7;0.0;1.02888;2.05776;10.0;6.25;8.75;71.33333333333333;933.0999999999999;8.333333333333334;1.02888;3
83075;2005-02-24;0.2;31.7;21.5;3.5;2005;2;24;-23.43;-46.46;735;81.0;76.0;83.0;933.7;935.5;935.2;5;3;5;1.02888;1.02888;4.11552;10.0;8.75;10.0;80.0;934.8000000000001;9.583333333333334;2.05776;5
83075;2005-02-25;10.6;32.3;20.4;3.8;2005;2;25;-23.43;-46.46;735;78.0;83.0;67.0;935.2;935.4;932.9;5;5;3;1.02888;1.02888;2.05776;8.75;7.5;8.75;76.0;934.5;8.333333333333334;1.37184;5
83075;2005-02-26;30.4;29.4;20.3;4.8;2005;2;26;-23.43;-46.46;735;87.0;65.0;61.0;933.0;932.8;931.3;5;7;7;1.02888;2.05776;3.08664;10.0;8.75;10.0;71.0;932.3666666666667;9.583333333333334;2.05776;5
83075;2005-02-27;34.4;29.1;20.1;1.9;2005;2;27;-23.43;-46.46;735;96.0;88.0;88.0;931.3;936.0;931.8;7;7;7;1.02888;2.0;2.0;7.5;9.0;9.0;90.66666666666667;933.0333333333333;8.5;1.6762933333333334;7
83075;2005-02-28;0.2;33;19.9;8;2005;2;28;-23.43;-46.46;735;84.0;80.0;61.0;931.7;933.0;932.8;7;7;7;1.0;2.05776;3.08664;8.0;8.75;3.75;75.0;932.5;6.833333333333333;2.0481333333333334;7
83075;2005-03-01;0;30.8;19.3;6.2;2005;3;1;-23.43;-46.46;735;77.0;66.0;59.0;936.4;936.3;935.4;3;7;5;1.02888;2.05776;1.02888;2.5;7.5;8.75;67.33333333333333;936.0333333333333;6.25;1.37184;3
83075;2005-03-02;1.8;27.4;19.1;3.3;2005;3;2;-23.43;-46.46;735;82.0;83.0;66.0;934.3;935.9;936.1;5;5;5;1.02888;1.02888;4.11552;8.75;10.0;8.75;77.0;935.4333333333333;9.166666666666666;2.05776;5
83075;2005-03-03;0;21.4;17.1;0;2005;3;3;-23.43;-46.46;735;80.0;77.0;82.0;936.8;937.8;937.8;5;5;5;1.0;3.0;3.0;10.0;10.0;10.0;79.66666666666667;937.4666666666666;10.0;2.3333333333333335;5
83075;2005-03-04;0;32.4;20.9;9.3;2005;3;4;-23.43;-46.46;735;73.0;70.0;49.0;936.5;936.6;935.8;7;8;7;1.0;0.0;3.0;2.0;1.0;5.0;64.0;936.2999999999998;2.6666666666666665;1.3333333333333333;7
83075;2005-03-05;0;26.6;12;7.1;2005;3;5;-23.43;-46.46;735;87.0;78.0;59.0;942.1;941.5;940.8;5;3;3;2.0;2.0;3.0;10.0;9.0;2.0;74.66666666666667;941.4666666666666;7.0;2.3333333333333335;5
83075;2005-03-06;0;26.6;14.5;7.5;2005;3;6;-23.43;-46.46;735;79.0;86.0;54.0;940.9;941.5;941.0;3;8;3;2.0;0.0;1.0;0.0;2.0;1.0;73.0;941.1333333333333;1.0;1.0;3
83075;2005-03-07;0;26.8;14.1;8.4;2005;3;7;-23.43;-46.46;735;75.0;71.0;42.0;939.2;939.7;939.0;8;8;7;0.0;0.0;3.0;0.0;6.0;1.0;62.666666666666664;939.3000000000001;2.3333333333333335;1.0;7
83075;2005-03-08;0;26.5;12;9.3;2005;3;8;-23.43;-46.46;735;73.0;65.0;45.0;941.1;942.1;940.9;8;5;8;0.0;1.0;0.0;0.0;0.0;0.0;61.0;941.3666666666667;0.0;0.3333333333333333;5
83075;2005-03-09;0;23.5;12.3;7.5;2005;3;9;-23.43;-46.46;735;79.0;80.0;80.0;936.5;936.0;937.5;7;5;5;2.0;1.0;3.0;0.0;2.0;10.0;79.66666666666667;936.6666666666666;4.0;2.0;7
83075;2005-03-10;13.7;27.8;15.3;9.7;2005;3;10;-23.43;-46.46;735;87.0;76.0;60.0;937.8;938.2;936.0;3;3;3;1.0;3.0;2.0;10.0;8.0;2.0;74.33333333333333;937.3333333333334;6.666666666666667;2.0;3
83075;2005-03-11;0;25.6;16.7;5;2005;3;11;-23.43;-46.46;735;88.0;75.0;65.0;939.5;939.8;938.8;3;3;5;1.0;1.0;3.0;10.0;9.0;4.0;76.0;939.3666666666667;7.666666666666667;1.6666666666666667;3
83075;2005-03-12;1.4;20.7;14.1;0;2005;3;12;-23.43;-46.46;735;92.0;75.0;75.0;934.8;935.0;935.5;3;5;7;1.0;3.0;3.0;10.0;10.0;10.0;80.66666666666667;935.1;10.0;2.3333333333333335;3
83075;2005-03-13;24.9;32.7;19.7;7.5;2005;3;13;-23.43;-46.46;735;72.0;70.0;51.0;933.1;933.0;931.8;5;7;7;2.0;1.0;4.0;8.0;10.0;8.0;64.33333333333333;932.6333333333332;8.666666666666666;2.3333333333333335;5
83075;2005-03-14;0.1;30.6;21.8;1;2005;3;14;-23.43;-46.46;735;72.0;78.0;72.0;931.7;931.5;930.5;3;7;7;1.0;3.0;3.0;6.0;10.0;8.0;74.0;931.2333333333332;8.0;2.3333333333333335;3
83075;2005-03-15;40.2;27.6;19.9;0;2005;3;15;-23.43;-46.46;735;88.0;91.0;86.0;930.2;930.8;930.5;8;7;7;0.0;1.0;1.0;10.0;10.0;10.0;88.33333333333333;930.5;10.0;0.6666666666666666;7
83075;2005-03-16;38.3;24.6;19.9;0;2005;3;16;-23.43;-46.46;735;90.0;83.0;82.0;930.9;932.7;932.6;8;7;7;0.0;1.0;3.0;10.0;10.0;10.0;85.0;932.0666666666666;10.0;1.3333333333333333;7
83075;2005-03-17;5.3;29.2;20.3;3.2;2005;3;17;-23.43;-46.46;735;84.0;88.0;65.0;934.2;934.9;934.3;8;7;7;0.0;1.0;1.0;10.0;9.0;6.0;79.0;934.4666666666666;8.333333333333334;0.6666666666666666;7
83075;2005-03-18;23.1;29.4;20.2;4;2005;3;18;-23.43;-46.46;735;91.0;78.0;66.0;934.4;934.6;933.3;3;7;5;3.0;2.0;3.0;10.0;9.0;9.0;78.33333333333333;934.1;9.333333333333334;2.6666666666666665;3
83075;2005-03-19;5.2;29.4;18.3;6.8;2005;3;19;-23.43;-46.46;735;87.0;74.0;60.0;934.9;934.3;933.7;8;5;5;0.0;1.0;5.0;9.0;1.0;9.0;73.66666666666667;934.2999999999998;6.333333333333333;2.0;5
83075;2005-03-20;0;29.6;19.2;6.7;2005;3;20;-23.43;-46.46;735;84.0;81.0;58.0;934.2;934.6;934.0;5;3;5;1.0;1.0;1.0;9.0;8.0;9.0;74.33333333333333;934.2666666666668;8.666666666666666;1.0;5
83075;2005-03-21;3.4;27.5;20.9;0.4;2005;3;21;-23.43;-46.46;735;89.0;83.0;87.0;934.5;935.6;935.4;8;3;3;0.0;1.0;1.0;9.0;9.0;10.0;86.33333333333333;935.1666666666666;9.333333333333334;0.6666666666666666;3
83075;2005-03-22;13.2;27.9;21.5;3.5;2005;3;22;-23.43;-46.46;735;87.0;77.0;69.0;935.5;936.1;935.5;8;7;7;0.0;2.0;3.0;10.0;9.0;9.0;77.66666666666667;935.6999999999999;9.333333333333334;1.6666666666666667;7
83075;2005-03-23;15.8;30.6;19.8;5.7;2005;3;23;-23.43;-46.46;735;91.0;76.0;63.0;935.4;936.8;935.8;8;5;7;0.0;1.0;1.0;10.0;9.0;9.0;76.66666666666667;936.0;9.333333333333334;0.6666666666666666;5
83075;2005-03-24;17.2;26.2;19.8;0;2005;3;24;-23.43;-46.46;735;91.0;90.0;80.0;936.1;936.9;936.6;8;7;5;0.0;1.0;3.0;8.0;10.0;10.0;87.0;936.5333333333333;9.333333333333334;1.3333333333333333;7
83075;2005-03-25;0.5;24.7;18.1;0.5;2005;3;25;-23.43;-46.46;735;89.0;74.0;75.0;937.3;937.7;937.5;5;5;5;3.0;2.0;2.0;10.0;9.0;10.0;79.33333333333333;937.5;9.666666666666666;2.3333333333333335;5
83075;2005-03-26;0;23.9;15.8;2.8;2005;3;26;-23.43;-46.46;735;85.0;74.0;72.0;938.3;938.4;938.0;5;5;5;1.0;2.0;2.0;9.0;9.0;10.0;77.0;938.2333333333332;9.333333333333334;1.6666666666666667;5
83075;2005-03-27;0;25.9;17.5;3.1;2005;3;27;-23.43;-46.46;735;84.0;84.0;66.0;938.1;938.2;937.2;5;5;3;2.0;2.0;3.0;9.0;10.0;8.0;78.0;937.8333333333334;9.0;2.3333333333333335;5
83075;2005-03-28;0;26.6;18.5;4.1;2005;3;28;-23.43;-46.46;735;84.0;81.0;66.0;937.3;937.8;936.6;5;5;5;1.0;2.0;3.0;8.0;9.0;6.0;77.0;937.2333333333332;7.666666666666667;2.0;5
83075;2005-03-29;0;30.4;18.5;7.8;2005;3;29;-23.43;-46.46;735;85.0;74.0;53.0;936.5;936.9;935.8;5;5;7;3.0;1.0;4.0;10.0;1.0;8.0;70.66666666666667;936.4;6.333333333333333;2.6666666666666665;5
83075;2005-03-30;2.2;29.4;18.8;4.6;2005;3;30;-23.43;-46.46;735;84.0;73.0;76.0;935.8;936.4;936.1;8;5;5;0.0;1.0;2.0;10.0;1.0;9.0;77.66666666666667;936.0999999999999;6.666666666666667;1.0;5
83075;2005-03-31;4.3;29.3;17.5;6.2;2005;3;31;-23.43;-46.46;735;90.0;80.0;56.0;936.1;937.3;936.1;5;3;5;1.0;1.0;2.0;10.0;4.0;4.0;75.33333333333333;936.5;6.0;1.3333333333333333;5
83075;2005-04-01;22.2;24.6;19.5;0;2005;4;1;-23.43;-46.46;735;92.0;90.0;77.0;935.4;935.4;933.4;8;5;5;0.0;2.05776;1.02888;10.0;10.0;8.75;86.33333333333333;934.7333333333332;9.583333333333334;1.02888;5
83075;2005-04-02;0;24.2;18.6;0;2005;4;2;-23.43;-46.46;735;83.0;81.0;76.0;936.7;937.9;937.8;5;3;5;2.05776;2.05776;4.11552;10.0;10.0;10.0;80.0;937.4666666666666;10.0;2.74368;5
83075;2005-04-03;0;26.9;17.1;3.8;2005;4;3;-23.43;-46.46;735;85.0;83.0;69.0;937.7;937.9;937.0;5;3;5;1.0;2.0;4.0;10.0;10.0;8.0;79.0;937.5333333333333;9.333333333333334;2.3333333333333335;5
83075;2005-04-04;13.4;31.2;20.6;5.3;2005;4;4;-23.43;-46.46;735;83.0;78.0;87.0;936.2;937.1;937.1;5;3;5;2.0;1.0;3.0;5.0;8.0;10.0;82.66666666666667;936.8000000000001;7.666666666666667;2.0;5
83075;2005-04-05;0;23.6;14.2;8.2;2005;4;5;-23.43;-46.46;735;77.0;78.0;54.0;941.2;941.4;941.3;8;3;5;0.0;2.0;1.0;0.0;2.0;0.0;69.66666666666667;941.2999999999998;0.6666666666666666;1.0;3
83075;2005-04-06;0;26.3;15.1;7.2;2005;4;6;-23.43;-46.46;735;77.0;82.0;60.0;941.2;942.5;941.3;8;5;5;0.0;1.0;1.0;0.0;8.0;0.0;73.0;941.6666666666666;2.6666666666666665;0.6666666666666666;5
83075;2005-04-07;0;26.4;13.8;8.5;2005;4;7;-23.43;-46.46;735;74.0;55.0;46.0;938.9;939.3;937.6;8;7;7;0.0;3.0;3.0;0.0;0.0;1.0;58.333333333333336;938.5999999999999;0.3333333333333333;2.0;7
83075;2005-04-08;0;27.1;12.1;9.2;2005;4;8;-23.43;-46.46;735;67.0;64.0;49.0;941.1;942.0;941.5;5;5;7;1.0;1.0;1.0;0.0;0.0;0.0;60.0;941.5333333333333;0.0;1.0;5
83075;2005-04-09;0;27.8;15.1;7.2;2005;4;9;-23.43;-46.46;735;78.0;78.0;58.0;937.4;937.5;935.7;5;5;7;2.0;1.0;1.0;10.0;9.0;5.0;71.33333333333333;936.8666666666668;8.0;1.3333333333333333;5
83075;2005-04-10;0;32.2;15.7;6.1;2005;4;10;-23.43;-46.46;735;77.0;76.0;48.0;935.9;934.7;932.5;5;3;5;1.0;1.0;1.0;0.0;9.0;10.0;67.0;934.3666666666667;6.333333333333333;1.0;5
83075;2005-04-11;0;28.4;16.9;0.9;2005;4;11;-23.43;-46.46;735;85.0;74.0;82.0;938.8;938.4;935.9;3;3;5;3.0;2.0;1.0;10.0;9.0;10.0;80.33333333333333;937.6999999999999;9.666666666666666;2.0;3
83075;2005-04-12;0;29.7;14.3;8.4;2005;4;12;-23.43;-46.46;735;77.0;76.0;55.0;935.2;935.4;932.4;3;7;5;3.0;3.0;1.0;10.0;1.0;4.0;69.33333333333333;934.3333333333334;5.0;2.3333333333333335;3
83075;2005-04-13;34.4;28.4;20.7;7.3;2005;4;13;-23.43;-46.46;735;77.0;77.0;62.0;937.6;938.5;938.1;8;5;5;0.0;2.0;3.0;10.0;8.0;5.0;72.0;938.0666666666666;7.666666666666667;1.6666666666666667;5
83075;2005-04-14;0;30.5;18.5;8.4;2005;4;14;-23.43;-46.46;735;82.0;78.0;52.0;938.2;938.8;937.1;8;3;7;0.0;1.0;2.0;0.0;1.0;2.0;70.66666666666667;938.0333333333333;1.0;1.0;3
83075;2005-04-15;0;31.2;19.2;8.3;2005;4;15;-23.43;-46.46;735;78.0;68.0;51.0;937.1;937.4;936.9;8;5;7;0.0;1.0;2.0;0.0;0.0;2.0;65.66666666666667;937.1333333333333;0.6666666666666666;1.0;5
83075;2005-04-17;0;27.5;20.5;5.1;2005;4;17;-23.43;-46.46;735;83.0;78.0;65.0;937.3;937.9;937.5;5;3;5;1.0;1.0;3.0;10.0;8.0;8.0;75.33333333333333;937.5666666666666;8.666666666666666;1.6666666666666667;5
83075;2005-04-18;0;28.2;18.5;7.3;2005;4;18;-23.43;-46.46;735;82.0;74.0;48.0;937.8;938.1;936.5;3;3;5;1.0;1.0;2.0;5.0;8.0;6.0;68.0;937.4666666666667;6.333333333333333;1.3333333333333333;3
83075;2005-04-19;0;29.5;16.4;7.4;2005;4;19;-23.43;-46.46;735;82.0;80.0;45.0;936.7;937.3;936.8;5;5;8;1.0;1.0;0.0;6.0;8.0;8.0;69.0;936.9333333333334;7.333333333333333;0.6666666666666666;5
83075;2005-04-20;0;29.9;18;8.5;2005;4;20;-23.43;-46.46;735;74.0;70.0;56.0;937.4;936.8;935.5;8;3;7;0.0;1.0;2.0;8.0;0.0;8.0;66.66666666666667;936.5666666666666;5.333333333333333;1.0;3
83075;2005-04-21;4.4;25.2;17.9;5.9;2005;4;21;-23.43;-46.46;735;81.0;86.0;78.0;935.8;936.6;936.2;8;5;5;0.0;1.0;1.0;10.0;10.0;4.0;81.66666666666667;936.2000000000002;8.0;0.6666666666666666;5
83075;2005-04-22;0.1;26.2;16.5;6.2;2005;4;22;-23.43;-46.46;735;81.0;73.0;67.0;936.5;936.8;936.5;5;5;5;1.0;1.0;3.0;9.0;1.0;8.0;73.66666666666667;936.6;6.0;1.6666666666666667;5
83075;2005-04-23;0;28.9;16.9;6.1;2005;4;23;-23.43;-46.46;735;80.0;79.0;70.0;936.5;936.6;935.8;5;3;5;1.0;1.0;7.0;10.0;5.0;10.0;76.33333333333333;936.2999999999998;8.333333333333334;3.0;5
83075;2005-04-24;17.1;27.8;17.2;5.4;2005;4;24;-23.43;-46.46;735;91.0;88.0;65.0;936.3;936.9;936.2;3;3;3;1.0;1.0;1.0;9.0;10.0;5.0;81.33333333333333;936.4666666666666;8.0;1.0;3
83075;2005-04-25;0;25.6;17.1;0;2005;4;25;-23.43;-46.46;735;79.0;79.0;70.0;935.9;935.7;934.6;3;3;7;1.0;1.0;3.0;9.0;10.0;10.0;76.0;935.4;9.666666666666666;1.6666666666666667;3
83075;2005-04-26;3.9;21.8;14.4;0;2005;4;26;-23.43;-46.46;735;91.0;92.0;86.0;935.0;937.6;937.9;5;5;5;5.0;3.0;4.0;10.0;10.0;10.0;89.66666666666667;936.8333333333334;10.0;4.0;5
83075;2005-04-27;1.4;20.2;13.3;1.3;2005;4;27;-23.43;-46.46;735;83.0;83.0;67.0;938.1;938.6;938.1;5;3;3;1.0;2.0;2.0;10.0;8.0;9.0;77.66666666666667;938.2666666666668;9.0;1.6666666666666667;5
83075;2005-04-28;0;18.7;14.2;0;2005;4;28;-23.43;-46.46;735;75.0;78.0;91.0;938.2;938.5;937.8;3;3;8;1.0;3.0;0.0;10.0;9.0;10.0;81.33333333333333;938.1666666666666;9.666666666666666;1.3333333333333333;3
83075;2005-04-29;9.5;22.8;15.3;1.2;2005;4;29;-23.43;-46.46;735;92.0;86.0;77.0;938.5;938.3;938.2;3;3;8;1.0;1.0;0.0;9.0;10.0;9.0;85.0;938.3333333333334;9.333333333333334;0.6666666666666666;3
83075;2005-04-30;3.2;20.7;14.5;1.2;2005;4;30;-23.43;-46.46;735;85.0;80.0;77.0;938.0;938.8;938.8;5;5;5;1.0;1.0;3.0;10.0;9.0;10.0;80.66666666666667;938.5333333333333;9.666666666666666;1.6666666666666667;5
83075;2005-05-01;24.3;24.3;19.5;3.6;2005;5;1;-23.43;-46.46;735;92.0;80.0;85.0;933.3;933.2;932.1;8;5;7;0.0;2.05776;1.02888;10.0;10.0;8.75;85.66666666666667;932.8666666666667;9.583333333333334;1.02888;5
83075;2005-05-02;0;25.5;17.4;3.6;2005;5;2;-23.43;-46.46;735;85.0;83.0;63.0;938.2;939.2;938.7;5;5;5;3.08664;3.08664;5.1444;10.0;8.75;8.75;77.0;938.7000000000002;9.166666666666666;3.77256;5
83075;2005-05-03;0;26.7;16.5;8.6;2005;5;3;-23.43;-46.46;735;76.0;76.0;58.0;937.6;938.6;938.2;5;5;5;1.0;1.0;5.0;10.0;5.0;5.0;70.0;938.1333333333333;6.666666666666667;2.3333333333333335;5
83075;2005-05-04;9.6;24.4;19.3;0;2005;5;4;-23.43;-46.46;735;88.0;83.0;79.0;937.1;938.6;938.3;5;5;5;5.0;2.0;3.0;10.0;9.0;10.0;83.33333333333333;938.0;9.666666666666666;3.3333333333333335;5
83075;2005-05-05;0;25;13.3;7.9;2005;5;5;-23.43;-46.46;735;81.0;84.0;54.0;941.2;942.2;941.2;8;3;3;0.0;2.0;1.0;0.0;4.0;1.0;73.0;941.5333333333334;1.6666666666666667;1.0;3
83075;2005-05-06;0;25.1;15.1;6.6;2005;5;6;-23.43;-46.46;735;71.0;86.0;56.0;941.2;943.2;942.3;5;3;3;1.0;1.0;1.0;0.0;8.0;0.0;71.0;942.2333333333332;2.6666666666666665;1.0;5
83075;2005-05-07;0;21.6;15.4;1.6;2005;5;7;-23.43;-46.46;735;61.0;60.0;87.0;937.4;938.1;937.6;7;8;5;3.0;0.0;1.0;0.0;6.0;10.0;69.33333333333333;937.6999999999999;5.333333333333333;1.3333333333333333;7
83075;2005-05-08;0;27.7;12.5;9.3;2005;5;8;-23.43;-46.46;735;65.0;67.0;45.0;942.1;942.4;941.3;8;5;7;0.0;1.0;1.0;0.0;0.0;0.0;59.0;941.9333333333334;0.0;0.6666666666666666;5
83075;2005-05-09;11.6;27.9;15.5;8.4;2005;5;9;-23.43;-46.46;735;82.0;86.0;60.0;935.6;936.2;935.0;7;5;7;1.0;1.0;2.0;2.0;9.0;4.0;76.0;935.6;5.0;1.3333333333333333;7
83075;2005-05-10;0;27;18.8;0;2005;5;10;-23.43;-46.46;735;77.0;87.0;74.0;932.5;934.5;934.4;8;5;5;0.0;3.0;2.0;5.0;10.0;10.0;79.33333333333333;933.8000000000001;8.333333333333334;1.6666666666666667;5
83075;2005-05-11;7.1;30.8;16.6;7.2;2005;5;11;-23.43;-46.46;735;90.0;78.0;68.0;936.0;936.0;934.5;8;5;3;0.0;1.0;3.0;9.0;4.0;8.0;78.66666666666667;935.5;7.0;1.3333333333333333;5
83075;2005-05-12;0;30.2;15.7;6.3;2005;5;12;-23.43;-46.46;735;79.0;69.0;58.0;932.3;931.9;928.1;5;1;7;1.0;1.0;1.0;1.0;9.0;9.0;68.66666666666667;930.7666666666665;6.333333333333333;1.0;5
83075;2005-05-13;0;29;16.6;8.5;2005;5;13;-23.43;-46.46;735;78.0;81.0;58.0;938.5;939.4;938.1;3;5;3;1.0;1.0;2.0;0.0;1.0;2.0;72.33333333333333;938.6666666666666;1.0;1.3333333333333333;3
83075;2005-05-14;0;29.2;16.7;9.1;2005;5;14;-23.43;-46.46;735;68.0;79.0;54.0;938.1;938.6;937.4;5;8;7;1.0;0.0;3.0;2.0;0.0;2.0;67.0;938.0333333333333;1.3333333333333333;1.3333333333333333;5
83075;2005-05-15;0;28.4;16.6;9.1;2005;5;15;-23.43;-46.46;735;75.0;73.0;52.0;937.4;937.8;937.3;8;8;7;0.0;0.0;1.0;0.0;0.0;2.0;66.66666666666667;937.5;0.6666666666666666;0.3333333333333333;7
83075;2005-05-16;0;28.8;16;8.9;2005;5;16;-23.43;-46.46;735;78.0;70.0;45.0;937.3;937.7;937.5;8;8;7;0.0;0.0;1.0;0.0;1.0;4.0;64.33333333333333;937.5;1.6666666666666667;0.3333333333333333;7
83075;2005-05-17;0;27.4;17.6;3.6;2005;5;17;-23.43;-46.46;735;68.0;67.0;55.0;936.5;936.6;936.2;8;5;8;0.0;1.0;0.0;2.0;9.0;6.0;63.333333333333336;936.4333333333334;5.666666666666667;0.3333333333333333;5
83075;2005-05-18;0;28.9;18.2;5.8;2005;5;18;-23.43;-46.46;735;74.0;74.0;54.0;936.1;936.1;934.3;8;8;7;0.0;0.0;1.0;10.0;10.0;6.0;67.33333333333333;935.5;8.666666666666666;0.3333333333333333;7
83075;2005-05-19;0;29.3;17.6;7.3;2005;5;19;-23.43;-46.46;735;72.0;63.0;71.0;934.5;934.5;933.8;8;7;5;0.0;1.0;3.0;2.0;5.0;10.0;68.66666666666667;934.2666666666668;5.666666666666667;1.3333333333333333;7
83075;2005-05-20;0;29.3;17.1;6.5;2005;5;20;-23.43;-46.46;735;86.0;82.0;54.0;934.0;934.2;932.2;8;5;7;0.0;1.0;1.0;5.0;1.0;8.0;74.0;933.4666666666667;4.666666666666667;0.6666666666666666;5
83075;2005-05-21;0;27.6;19.7;2.5;2005;5;21;-23.43;-46.46;735;66.0;60.0;61.0;932.5;932.5;932.2;7;7;5;1.0;2.0;7.0;4.0;10.0;10.0;62.333333333333336;932.4;8.0;3.3333333333333335;7
83075;2005-05-22;30.6;23.7;14.3;0.1;2005;5;22;-23.43;-46.46;735;82.0;90.0;73.0;932.2;934.4;934.6;5;5;5;3.0;2.0;2.0;10.0;10.0;10.0;81.66666666666667;933.7333333333332;10.0;2.3333333333333335;5
83075;2005-05-23;0;22.9;14.2;1.5;2005;5;23;-23.43;-46.46;735;86.0;83.0;68.0;934.7;935.1;933.6;3;3;3;1.0;2.0;2.0;10.0;9.0;8.0;79.0;934.4666666666667;9.0;1.6666666666666667;3
83075;2005-05-24;0;23.4;16.7;0;2005;5;24;-23.43;-46.46;735;85.0;89.0;77.0;933.8;933.7;929.5;3;5;7;1.0;1.0;2.0;10.0;9.0;10.0;83.66666666666667;932.3333333333334;9.666666666666666;1.3333333333333333;3
83075;2005-05-25;109.4;21;15.2;0.2;2005;5;25;-23.43;-46.46;735;91.0;90.0;85.0;935.6;929.1;929.6;3;7;7;1.0;2.0;1.0;10.0;10.0;10.0;88.66666666666667;931.4333333333334;10.0;1.3333333333333333;3
83075;2005-05-26;3;22.3;13.7;6.8;2005;5;26;-23.43;-46.46;735;94.0;84.0;62.0;931.8;938.5;938.7;8;5;5;0.0;1.0;1.0;10.0;5.0;2.0;80.0;936.3333333333334;5.666666666666667;0.6666666666666666;5
83075;2005-05-27;0;23.6;13.6;8.9;2005;5;27;-23.43;-46.46;735;87.0;79.0;57.0;939.7;941.9;941.3;3;3;3;1.0;2.0;2.0;2.0;2.0;1.0;74.33333333333333;940.9666666666666;1.6666666666666667;1.6666666666666667;3
83075;2005-05-28;0;23.4;13.3;6.3;2005;5;28;-23.43;-46.46;735;88.0;85.0;62.0;941.7;942.2;941.5;8;5;8;0.0;2.0;0.0;1.0;10.0;2.0;78.33333333333333;941.8000000000001;4.333333333333333;0.6666666666666666;5
83075;2005-05-29;0;24.2;12.3;7.2;2005;5;29;-23.43;-46.46;735;85.0;88.0;67.0;941.3;941.8;940.8;8;3;8;0.0;1.0;0.0;1.0;8.0;1.0;80.0;941.2999999999998;3.3333333333333335;0.3333333333333333;3
83075;2005-05-30;0;26.8;14.7;5.8;2005;5;30;-23.43;-46.46;735;87.0;90.0;58.0;941.2;943.1;942.6;8;5;3;0.0;1.0;1.0;0.0;5.0;6.0;78.33333333333333;942.3000000000001;3.6666666666666665;0.6666666666666666;5
83075;2005-05-31;0;26;15.8;7.8;2005;5;31;-23.43;-46.46;735;85.0;81.0;58.0;942.5;943.0;942.5;8;3;3;0.0;1.0;1.0;1.0;2.0;8.0;74.66666666666667;942.6666666666666;3.6666666666666665;0.6666666666666666;3
83075;2005-06-02;0;26.4;17.1;7.8;2005;6;2;-23.43;-46.46;735;85.0;71.0;60.0;939.3;939.7;939.2;3;3;3;1.02888;2.05776;3.08664;8.75;8.75;7.5;72.0;939.4;8.333333333333334;2.05776;3
83075;2005-06-03;0;26.4;17.8;7.4;2005;6;3;-23.43;-46.46;735;81.0;74.0;63.0;937.4;937.9;937.0;5;3;5;1.0;1.0;3.0;1.0;9.0;2.0;72.66666666666667;937.4333333333334;4.0;1.6666666666666667;5
83075;2005-06-04;0.4;29.8;21.5;6.8;2005;6;4;-23.43;-46.46;735;96.0;81.0;66.0;938.6;939.3;938.3;8;5;5;0.0;1.0;1.0;10.0;9.0;5.0;81.0;938.7333333333332;8.0;0.6666666666666666;5
83075;2005-06-05;0;26;15.1;8.8;2005;6;5;-23.43;-46.46;735;84.0;77.0;49.0;941.2;941.2;938.8;5;3;7;1.0;1.0;1.0;0.0;1.0;1.0;70.0;940.4;0.6666666666666666;1.0;5
83075;2005-06-06;0;21.9;15.2;3.5;2005;6;6;-23.43;-46.46;735;77.0;92.0;68.0;942.2;942.6;941.2;5;5;3;2.0;1.0;2.0;9.0;10.0;1.0;79.0;942.0;6.666666666666667;1.6666666666666667;5
83075;2005-06-07;0.8;18.5;12.8;0;2005;6;7;-23.43;-46.46;735;90.0;88.0;83.0;939.6;941.5;941.6;5;5;5;1.0;3.0;3.0;10.0;10.0;10.0;87.0;940.9;10.0;2.3333333333333335;5
83075;2005-06-08;0;27.3;12.7;9.2;2005;6;8;-23.43;-46.46;735;74.0;70.0;45.0;941.4;942.1;941.8;8;3;3;0.0;1.0;1.0;0.0;0.0;0.0;63.0;941.7666666666668;0.0;0.6666666666666666;3
83075;2005-06-09;0.1;23.6;14.4;6.6;2005;6;9;-23.43;-46.46;735;81.0;82.0;87.0;935.2;936.4;936.7;8;3;5;0.0;1.0;2.0;10.0;10.0;10.0;83.33333333333333;936.1;10.0;1.0;3
83075;2005-06-10;4;22.8;17.8;0;2005;6;10;-23.43;-46.46;735;91.0;89.0;81.0;934.3;938.9;938.9;8;5;5;0.0;1.0;4.0;10.0;10.0;10.0;87.0;937.3666666666667;10.0;1.6666666666666667;5
83075;2005-06-11;0;29.3;17.6;6.1;2005;6;11;-23.43;-46.46;735;83.0;80.0;58.0;934.9;936.1;934.8;5;5;5;2.0;3.0;2.0;2.0;10.0;2.0;73.66666666666667;935.2666666666668;4.666666666666667;2.3333333333333335;5
83075;2005-06-12;2.6;28.5;18.7;2.3;2005;6;12;-23.43;-46.46;735;76.0;80.0;83.0;927.2;926.5;926.4;8;7;5;0.0;2.0;2.0;9.0;9.0;10.0;79.66666666666667;926.6999999999999;9.333333333333334;1.3333333333333333;7
83075;2005-06-13;0;26.8;14.5;8.3;2005;6;13;-23.43;-46.46;735;78.0;77.0;46.0;938.4;939.1;937.5;8;8;7;0.0;0.0;4.0;1.0;8.0;8.0;67.0;938.3333333333334;5.666666666666667;1.3333333333333333;7
83075;2005-06-14;0;27;14.6;8.3;2005;6;14;-23.43;-46.46;735;73.0;77.0;49.0;937.6;938.3;938.2;8;5;7;0.0;1.0;2.0;0.0;1.0;1.0;66.33333333333333;938.0333333333334;0.6666666666666666;1.0;5
83075;2005-06-15;0;27;15.3;8.3;2005;6;15;-23.43;-46.46;735;78.0;77.0;46.0;938.6;940.0;939.4;8;5;3;0.0;1.0;1.0;0.0;4.0;6.0;67.0;939.3333333333334;3.3333333333333335;0.6666666666666666;5
83075;2005-06-16;0;26.3;15.5;8.3;2005;6;16;-23.43;-46.46;735;80.0;81.0;52.0;939.7;940.0;938.6;5;5;7;1.0;1.0;1.0;10.0;1.0;0.0;71.0;939.4333333333334;3.6666666666666665;1.0;5
83075;2005-06-17;0;27.1;14.9;8.2;2005;6;17;-23.43;-46.46;735;75.0;77.0;50.0;938.7;938.5;935.5;8;5;7;0.0;1.0;2.0;1.0;0.0;0.0;67.33333333333333;937.5666666666666;0.3333333333333333;1.0;5
83075;2005-06-18;0;27.2;15.1;4.2;2005;6;18;-23.43;-46.46;735;69.0;60.0;62.0;935.5;935.4;934.7;8;7;7;0.0;2.0;3.0;0.0;9.0;9.0;63.666666666666664;935.2000000000002;6.0;1.6666666666666667;7
83075;2005-06-19;0;26.4;15.8;6.4;2005;6;19;-23.43;-46.46;735;56.0;80.0;78.0;934.3;935.3;935.4;5;7;7;1.0;2.0;2.0;8.0;5.0;8.0;71.33333333333333;935.0;7.0;1.6666666666666667;5
83075;2005-06-20;3.2;20.1;15.7;0;2005;6;20;-23.43;-46.46;735;81.0;91.0;82.0;935.3;937.1;936.9;7;7;8;1.0;1.0;0.0;2.0;10.0;10.0;84.66666666666667;936.4333333333334;7.333333333333333;0.6666666666666666;7
83075;2005-06-21;18.6;20;12.4;0;2005;6;21;-23.43;-46.46;735;90.0;92.0;81.0;937.0;940.9;941.1;7;5;5;1.0;1.0;4.0;10.0;10.0;10.0;87.66666666666667;939.6666666666666;10.0;2.0;7
83075;2005-06-22;0.1;18.2;11.9;1.7;2005;6;22;-23.43;-46.46;735;94.0;83.0;78.0;941.5;943.5;943.2;5;3;5;1.0;3.0;2.0;10.0;6.0;9.0;85.0;942.7333333333332;8.333333333333334;2.0;5
83075;2005-06-23;0;22.9;11.5;7.2;2005;6;23;-23.43;-46.46;735;85.0;83.0;66.0;943.4;943.5;941.5;3;3;8;1.0;1.0;0.0;10.0;6.0;1.0;78.0;942.8000000000001;5.666666666666667;0.6666666666666666;3
83075;2005-06-24;0;22.4;12.3;4.1;2005;6;24;-23.43;-46.46;735;88.0;91.0;66.0;941.6;941.9;941.1;8;3;3;0.0;1.0;1.0;0.0;10.0;9.0;81.66666666666667;941.5333333333333;6.333333333333333;0.6666666666666666;3
83075;2005-06-25;0;22.5;12.4;6.4;2005;6;25;-23.43;-46.46;735;86.0;89.0;64.0;941.1;941.5;940.3;5;5;8;1.0;1.0;0.0;10.0;10.0;1.0;79.66666666666667;940.9666666666666;7.0;0.6666666666666666;5
83075;2005-06-26;0;24.6;13.2;7.7;2005;6;26;-23.43;-46.46;735;90.0;86.0;50.0;940.3;940.6;939.5;3;3;7;2.0;3.0;1.0;9.0;2.0;1.0;75.33333333333333;940.1333333333333;4.0;2.0;3
83075;2005-06-28;0;21.1;13.5;0;2005;6;28;-23.43;-46.46;735;82.0;83.0;87.0;938.7;939.1;938.9;8;5;8;0.0;1.0;0.0;9.0;10.0;10.0;84.0;938.9000000000001;9.666666666666666;0.3333333333333333;5
83075;2005-06-29;7.7;27;15;4;2005;6;29;-23.43;-46.46;735;88.0;89.0;70.0;939.1;939.5;939.1;8;3;8;0.0;1.0;0.0;10.0;10.0;9.0;82.33333333333333;939.2333333333332;9.666666666666666;0.3333333333333333;3
83075;2005-06-30;0;27.4;16.4;7.8;2005;6;30;-23.43;-46.46;735;89.0;83.0;47.0;938.8;940.0;939.5;8;7;3;0.0;3.0;4.0;10.0;2.0;6.0;73.0;939.4333333333334;6.0;2.3333333333333335;7
83075;2005-07-01;0;29.7;21.3;3.8;2005;7;1;-23.43;-46.46;735;84.0;67.0;61.0;932.9;934.1;933.6;8;7;7;0.0;2.05776;2.05776;10.0;8.75;8.75;70.66666666666667;933.5333333333333;9.166666666666666;1.37184;7
83075;2005-07-02;0;24.5;14.7;8.4;2005;7;2;-23.43;-46.46;735;76.0;64.0;58.0;939.3;939.2;939.0;3;5;3;2.05776;1.02888;3.08664;1.25;8.75;8.75;66.0;939.1666666666666;6.25;2.05776;3
83075;2005-07-03;0;30.7;17.9;9.2;2005;7;3;-23.43;-46.46;735;79.0;74.0;61.0;937.1;936.9;935.3;5;3;3;2.0;1.0;3.0;10.0;2.0;2.0;71.33333333333333;936.4333333333334;4.666666666666667;2.0;5
83075;2005-07-04;0;32.2;21.2;7.7;2005;7;4;-23.43;-46.46;735;84.0;76.0;54.0;939.0;938.6;936.5;3;3;7;1.0;1.0;1.0;10.0;1.0;6.0;71.33333333333333;938.0333333333333;5.666666666666667;1.0;3
83075;2005-07-05;0;26.8;15.3;8.9;2005;7;5;-23.43;-46.46;735;74.0;71.0;50.0;938.9;939.3;938.8;8;3;8;0.0;1.0;0.0;1.0;0.0;8.0;65.0;939.0;3.0;0.3333333333333333;3
83075;2005-07-06;0;24.4;15.3;5.8;2005;7;6;-23.43;-46.46;735;85.0;84.0;54.0;941.1;941.7;939.4;5;5;5;1.0;1.0;1.0;10.0;10.0;4.0;74.33333333333333;940.7333333333335;8.0;1.0;5
83075;2005-07-07;0;15.4;9.8;0.7;2005;7;7;-23.43;-46.46;735;86.0;85.0;68.0;942.7;946.4;946.1;5;5;3;3.0;4.0;3.0;10.0;10.0;9.0;79.66666666666667;945.0666666666666;9.666666666666666;3.3333333333333335;5
83075;2005-07-08;0;23.7;12.9;7.7;2005;7;8;-23.43;-46.46;735;69.0;62.0;65.0;941.7;942.3;941.5;3;3;5;1.0;1.0;4.0;0.0;0.0;2.0;65.33333333333333;941.8333333333334;0.6666666666666666;2.0;3
83075;2005-07-09;4.9;17.6;13.3;3.5;2005;7;9;-23.43;-46.46;735;87.0;87.0;86.0;937.9;939.4;938.9;5;3;5;3.0;1.0;2.0;10.0;10.0;10.0;86.66666666666667;938.7333333333332;10.0;2.0;5
83075;2005-07-10;0;27;16.8;2;2005;7;10;-23.43;-46.46;735;85.0;87.0;68.0;938.7;940.4;939.3;5;3;5;1.0;1.0;2.0;10.0;10.0;5.0;80.0;939.4666666666666;8.333333333333334;1.3333333333333333;5
83075;2005-07-11;0;27.1;18.1;5.2;2005;7;11;-23.43;-46.46;735;87.0;68.0;66.0;934.9;935.8;936.0;5;5;5;2.0;2.0;4.0;10.0;8.0;8.0;73.66666666666667;935.5666666666666;8.666666666666666;2.6666666666666665;5
83075;2005-07-12;22.3;22.4;15.6;3.2;2005;7;12;-23.43;-46.46;735;89.0;62.0;73.0;927.7;931.7;931.6;5;5;5;4.0;3.0;3.0;10.0;8.0;9.0;74.66666666666667;930.3333333333334;9.0;3.3333333333333335;5
83075;2005-07-13;0;22.8;10.3;8.3;2005;7;13;-23.43;-46.46;735;82.0;69.0;52.0;943.4;943.6;943.0;3;3;3;1.0;2.0;1.0;1.0;0.0;1.0;67.66666666666667;943.3333333333334;0.6666666666666666;1.3333333333333333;3
83075;2005-07-14;0;23.5;11.4;7.6;2005;7;14;-23.43;-46.46;735;84.0;88.0;52.0;942.8;943.0;940.5;3;3;5;2.0;1.0;3.0;0.0;4.0;1.0;74.66666666666667;942.1;1.6666666666666667;2.0;3
83075;2005-07-15;0;24.6;11.1;8.9;2005;7;15;-23.43;-46.46;735;79.0;84.0;49.0;940.7;940.7;939.1;8;8;5;0.0;0.0;1.0;0.0;0.0;1.0;70.66666666666667;940.1666666666666;0.3333333333333333;0.3333333333333333;5
83075;2005-07-16;0;26.1;13.1;9.1;2005;7;16;-23.43;-46.46;735;80.0;64.0;45.0;938.7;938.5;935.6;8;7;7;0.0;1.0;4.0;0.0;0.0;0.0;63.0;937.6;0.0;1.6666666666666667;7
83075;2005-07-17;0;26.4;17.1;6.9;2005;7;17;-23.43;-46.46;735;63.0;57.0;60.0;935.9;936.9;935.2;7;7;7;1.0;4.0;3.0;0.0;1.0;10.0;60.0;936.0;3.6666666666666665;2.6666666666666665;7
83075;2005-07-18;0;20.5;14.3;0.9;2005;7;18;-23.43;-46.46;735;81.0;80.0;69.0;935.6;936.8;936.4;7;5;5;3.0;1.0;1.0;9.0;10.0;10.0;76.66666666666667;936.2666666666668;9.666666666666666;1.6666666666666667;7
83075;2005-07-19;0;17.3;12.1;0;2005;7;19;-23.43;-46.46;735;80.0;78.0;76.0;937.2;939.8;939.8;7;5;5;1.0;3.0;3.0;6.0;10.0;10.0;78.0;938.9333333333334;8.666666666666666;2.3333333333333335;7
83075;2005-07-20;0;18.1;11.5;0.5;2005;7;20;-23.43;-46.46;735;84.0;87.0;71.0;940.6;942.2;942.1;3;5;3;2.0;2.0;3.0;10.0;10.0;10.0;80.66666666666667;941.6333333333333;10.0;2.3333333333333335;3
83075;2005-07-21;0;23.8;12.7;4.2;2005;7;21;-23.43;-46.46;735;84.0;85.0;65.0;941.8;942.2;940.8;3;5;5;2.0;3.0;2.0;9.0;10.0;9.0;78.0;941.6;9.333333333333334;2.3333333333333335;3
83075;2005-07-22;2.8;25.4;13;5.7;2005;7;22;-23.43;-46.46;735;92.0;87.0;64.0;940.9;940.8;939.6;3;3;5;1.0;2.0;2.0;10.0;10.0;8.0;81.0;940.4333333333333;9.333333333333334;1.6666666666666667;3
83075;2005-07-23;0;27.8;14.5;5.1;2005;7;23;-23.43;-46.46;735;83.0;81.0;54.0;939.3;939.5;938.3;8;7;7;0.0;1.0;3.0;8.0;5.0;10.0;72.66666666666667;939.0333333333333;7.666666666666667;1.3333333333333333;7
83075;2005-07-24;0;23;17.1;2.8;2005;7;24;-23.43;-46.46;735;76.0;84.0;72.0;938.1;939.2;938.8;5;3;5;2.0;2.0;3.0;10.0;9.0;9.0;77.33333333333333;938.7000000000002;9.333333333333334;2.3333333333333335;5
83075;2005-07-25;10.6;19.5;14.9;3.5;2005;7;25;-23.43;-46.46;735;89.0;90.0;69.0;938.7;939.7;939.5;5;7;7;2.0;1.0;2.0;10.0;10.0;9.0;82.66666666666667;939.3000000000001;9.666666666666666;1.6666666666666667;5
83075;2005-07-26;0;21.2;9.2;8.4;2005;7;26;-23.43;-46.46;735;94.0;64.0;50.0;939.8;941.5;941.3;7;7;5;1.0;1.0;3.0;10.0;2.0;1.0;69.33333333333333;940.8666666666667;4.333333333333333;1.6666666666666667;7
83075;2005-07-27;0;17.2;12.2;1.2;2005;7;27;-23.43;-46.46;735;82.0;95.0;82.0;941.5;942.1;941.8;5;3;3;3.0;1.0;1.0;10.0;10.0;9.0;86.33333333333333;941.7999999999998;9.666666666666666;1.6666666666666667;5
83075;2005-07-28;0.1;25.6;12.3;7.8;2005;7;28;-23.43;-46.46;735;91.0;87.0;60.0;941.8;942.2;940.9;8;5;1;0.0;1.0;1.0;10.0;9.0;1.0;79.33333333333333;941.6333333333333;6.666666666666667;0.6666666666666666;5
83075;2005-07-29;0;26.3;13.7;7.6;2005;7;29;-23.43;-46.46;735;84.0;82.0;54.0;941.1;942.0;941.6;8;1;5;0.0;1.0;1.0;0.0;1.0;4.0;73.33333333333333;941.5666666666666;1.6666666666666667;0.6666666666666666;1
83075;2005-07-30;0;26.1;12.6;9.2;2005;7;30;-23.43;-46.46;735;78.0;74.0;53.0;941.5;941.9;941.2;8;3;7;0.0;1.0;1.0;0.0;0.0;10.0;68.33333333333333;941.5333333333334;3.3333333333333335;0.6666666666666666;3
83075;2005-08-01;9.9;29.3;21.5;3.7;2005;8;1;-23.43;-46.46;735;67.0;74.0;92.0;933.8;934.1;932.6;7;7;8;1.0;2.05776;0.0;9.0;3.75;10.0;77.66666666666667;933.5;7.583333333333333;1.0192533333333333;7
83075;2005-08-02;0;26.7;14.9;10.9;2005;8;2;-23.43;-46.46;735;78.0;76.0;48.0;939.0;939.5;938.5;3;3;3;2.05776;3.08664;3.08664;6.25;5.0;3.75;67.33333333333333;939.0;5.0;2.74368;3
83075;2005-08-03;0;33.1;19;8.8;2005;8;3;-23.43;-46.46;735;80.0;74.0;53.0;935.4;935.9;935.3;5;5;5;1.0;1.0;3.0;10.0;0.0;9.0;69.0;935.5333333333333;6.333333333333333;1.6666666666666667;5
83075;2005-08-04;0;32.5;20.3;6.7;2005;8;4;-23.43;-46.46;735;60.0;72.0;51.0;936.7;937.4;936.3;8;5;3;0.0;1.0;1.0;5.0;0.0;9.0;61.0;936.7999999999998;4.666666666666667;0.6666666666666666;5
83075;2005-08-05;0;27.1;13.8;5.3;2005;8;5;-23.43;-46.46;735;80.0;74.0;52.0;938.6;939.7;940.4;3;3;3;1.0;1.0;2.0;2.0;5.0;9.0;68.66666666666667;939.5666666666667;5.333333333333333;1.3333333333333333;3
83075;2005-08-06;0;25;13.5;5.7;2005;8;6;-23.43;-46.46;735;83.0;94.0;61.0;939.8;940.9;940.2;8;5;5;0.0;1.0;1.0;4.0;10.0;4.0;79.33333333333333;940.2999999999998;6.0;0.6666666666666666;5
83075;2005-08-07;1.2;18.4;9.9;2.9;2005;8;7;-23.43;-46.46;735;90.0;84.0;70.0;933.4;947.6;947.3;5;5;3;3.0;2.0;3.0;9.0;9.0;6.0;81.33333333333333;942.7666666666668;8.0;2.6666666666666665;5
83075;2005-08-08;0;21.9;15.2;1;2005;8;8;-23.43;-46.46;735;78.0;81.0;71.0;941.4;941.9;941.1;5;3;5;2.0;1.0;3.0;9.0;9.0;9.0;76.66666666666667;941.4666666666667;9.0;2.0;5
83075;2005-08-09;0;20.1;13.2;5.8;2005;8;9;-23.43;-46.46;735;87.0;83.0;79.0;939.5;941.0;940.9;3;3;5;1.0;1.0;3.0;10.0;10.0;10.0;83.0;940.4666666666667;10.0;1.6666666666666667;3
83075;2005-08-10;0;33.3;18.6;7.4;2005;8;10;-23.43;-46.46;735;86.0;76.0;53.0;940.4;940.3;937.8;8;3;5;0.0;1.0;1.0;10.0;5.0;9.0;71.66666666666667;939.5;8.0;0.6666666666666666;3
83075;2005-08-11;0.7;21;15.6;0.2;2005;8;11;-23.43;-46.46;735;92.0;81.0;76.0;936.0;938.0;938.0;5;5;5;5.0;2.0;2.0;10.0;10.0;10.0;83.0;937.3333333333334;10.0;3.0;5
83075;2005-08-12;0;27.9;14.3;6.2;2005;8;12;-23.43;-46.46;735;82.0;65.0;56.0;932.4;933.5;933.1;3;5;3;3.0;3.0;2.0;10.0;4.0;9.0;67.66666666666667;933.0;7.666666666666667;2.6666666666666665;3
83075;2005-08-13;0;27;12.8;7.7;2005;8;13;-23.43;-46.46;735;79.0;77.0;58.0;938.9;939.1;937.8;5;8;5;3.0;0.0;3.0;8.0;0.0;10.0;71.33333333333333;938.6;6.0;2.0;5
83075;2005-08-14;0;28.7;14.8;8.2;2005;8;14;-23.43;-46.46;735;82.0;77.0;44.0;937.5;938.2;937.6;3;8;7;2.0;0.0;1.0;10.0;2.0;1.0;67.66666666666667;937.7666666666668;4.333333333333333;1.0;3
83075;2005-08-15;0;28.4;14.8;6.9;2005;8;15;-23.43;-46.46;735;86.0;82.0;53.0;938.1;940.4;939.9;8;3;8;0.0;1.0;0.0;0.0;0.0;2.0;73.66666666666667;939.4666666666667;0.6666666666666666;0.3333333333333333;3
83075;2005-08-16;0;27.4;15.1;7.3;2005;8;16;-23.43;-46.46;735;85.0;83.0;53.0;940.1;941.1;939.4;5;3;5;3.0;3.0;1.0;10.0;9.0;2.0;73.66666666666667;940.1999999999999;7.0;2.3333333333333335;5
83075;2005-08-17;0;28.8;13;8.6;2005;8;17;-23.43;-46.46;735;79.0;66.0;43.0;939.1;939.9;938.3;8;3;3;0.0;1.0;3.0;1.0;0.0;1.0;62.666666666666664;939.1;0.6666666666666666;1.3333333333333333;3
83075;2005-08-18;0;24.4;15.2;5.5;2005;8;18;-23.43;-46.46;735;68.0;64.0;62.0;938.4;940.0;940.2;8;5;5;0.0;2.0;2.0;0.0;1.0;9.0;64.66666666666667;939.5333333333334;3.3333333333333335;1.3333333333333333;5
83075;2005-08-19;0;24.2;16.5;2.9;2005;8;19;-23.43;-46.46;735;80.0;80.0;63.0;939.9;941.3;941.3;3;5;5;1.0;1.0;2.0;10.0;10.0;8.0;74.33333333333333;940.8333333333334;9.333333333333334;1.3333333333333333;3
83075;2005-08-20;0;25.8;16.7;8.4;2005;8;20;-23.43;-46.46;735;82.0;74.0;58.0;941.6;942.4;942.3;3;3;3;3.0;1.0;5.0;10.0;2.0;10.0;71.33333333333333;942.1;7.333333333333333;3.0;3
83075;2005-08-21;0;26.6;16.5;7.2;2005;8;21;-23.43;-46.46;735;81.0;76.0;55.0;942.2;942.4;939.1;3;3;5;1.0;1.0;1.0;9.0;9.0;4.0;70.66666666666667;941.2333333333332;7.333333333333333;1.0;3
83075;2005-08-22;0;29.2;13.7;7.8;2005;8;22;-23.43;-46.46;735;79.0;75.0;42.0;939.5;939.7;938.4;5;3;5;2.0;1.0;1.0;10.0;0.0;1.0;65.33333333333333;939.1999999999999;3.6666666666666665;1.3333333333333333;5
83075;2005-08-23;0;29.6;15;8.3;2005;8;23;-23.43;-46.46;735;65.0;63.0;35.0;938.7;939.1;936.9;3;5;7;2.0;1.0;2.0;1.0;0.0;0.0;54.333333333333336;938.2333333333335;0.3333333333333333;1.6666666666666667;3
83075;2005-08-24;0;29.6;18.7;4.9;2005;8;24;-23.43;-46.46;735;60.0;49.0;61.0;937.0;936.9;936.7;8;3;5;0.0;1.0;2.0;0.0;0.0;10.0;56.666666666666664;936.8666666666668;3.3333333333333335;1.0;3
83075;2005-08-25;0.6;21.9;11.8;0;2005;8;25;-23.43;-46.46;735;78.0;81.0;67.0;937.0;938.9;938.8;5;5;5;1.0;4.0;3.0;10.0;10.0;10.0;75.33333333333333;938.2333333333332;10.0;2.6666666666666665;5
83075;2005-08-26;0;22.6;12;3.2;2005;8;26;-23.43;-46.46;735;82.0;81.0;68.0;939.0;939.4;938.3;5;3;3;2.0;1.0;1.0;10.0;10.0;0.0;77.0;938.9;6.666666666666667;1.3333333333333333;5
83075;2005-08-27;2.8;23.2;14.5;0.1;2005;8;27;-23.43;-46.46;735;84.0;83.0;75.0;938.3;938.4;937.1;3;7;7;3.0;2.0;3.0;10.0;10.0;10.0;80.66666666666667;937.9333333333333;10.0;2.6666666666666665;3
83075;2005-08-28;0.2;31.9;14.7;8.7;2005;8;28;-23.43;-46.46;735;80.0;64.0;39.0;937.4;937.2;933.3;8;3;7;0.0;1.0;3.0;8.0;0.0;0.0;61.0;935.9666666666666;2.6666666666666665;1.3333333333333333;3
83075;2005-08-29;0;33.1;17.4;8.4;2005;8;29;-23.43;-46.46;735;72.0;54.0;37.0;933.6;933.6;931.0;8;7;7;0.0;1.0;2.0;1.0;0.0;1.0;54.333333333333336;932.7333333333332;0.6666666666666666;1.0;7
83075;2005-08-30;0;32.8;19.3;8.4;2005;8;30;-23.43;-46.46;735;66.0;43.0;44.0;931.3;932.0;932.2;8;7;7;0.0;2.0;3.0;0.0;0.0;1.0;51.0;931.8333333333334;0.3333333333333333;1.6666666666666667;7
83075;2005-08-31;0;27.7;17.5;4.8;2005;8;31;-23.43;-46.46;735;66.0;77.0;66.0;932.4;933.8;934.1;8;3;5;0.0;1.0;5.0;10.0;9.0;2.0;69.66666666666667;933.4333333333333;7.0;2.0;3
83075;2005-09-01;36.2;31.5;20.1;6.1;2005;9;1;-23.43;-46.46;735;86.0;75.0;59.0;933.6;933.6;932.1;5;7;7;1.02888;1.02888;3.08664;2.5;3.75;7.5;73.33333333333333;933.1;4.583333333333333;1.7148;5
83075;2005-09-02;0;28.4;15.4;10.6;2005;9;2;-23.43;-46.46;735;74.0;72.0;39.0;939.0;939.2;937.6;3;3;5;2.05776;1.02888;1.02888;1.25;10.0;1.25;61.666666666666664;938.6;4.166666666666667;1.37184;3
83075;2005-09-03;0;33.4;20.1;9.5;2005;9;3;-23.43;-46.46;735;79.0;67.0;44.0;935.2;935.1;933.0;5;3;5;1.0;1.0;2.0;8.0;0.0;8.0;63.333333333333336;934.4333333333334;5.333333333333333;1.3333333333333333;5
83075;2005-09-04;1.6;29;20.9;7;2005;9;4;-23.43;-46.46;735;90.0;76.0;68.0;937.9;938.9;937.2;8;3;5;0.0;1.0;3.0;10.0;8.0;2.0;78.0;938.0;6.666666666666667;1.3333333333333333;3
83075;2005-09-05;0;24.4;16.5;1.1;2005;9;5;-23.43;-46.46;735;81.0;76.0;66.0;940.6;940.8;940.0;5;3;8;1.0;1.0;0.0;9.0;9.0;10.0;74.33333333333333;940.4666666666667;9.333333333333334;0.6666666666666666;5
83075;2005-09-06;0;26;13.8;8.4;2005;9;6;-23.43;-46.46;735;81.0;79.0;47.0;939.8;941.4;940.4;8;7;5;0.0;1.0;1.0;0.0;0.0;1.0;69.0;940.5333333333333;0.3333333333333333;0.6666666666666666;7
83075;2005-09-07;0;19.4;9.1;6.4;2005;9;7;-23.43;-46.46;735;84.0;74.0;62.0;947.4;948.3;947.5;5;3;3;3.0;3.0;4.0;6.0;1.0;9.0;73.33333333333333;947.7333333333332;5.333333333333333;3.3333333333333335;5
83075;2005-09-08;0;23;14.1;4.5;2005;9;8;-23.43;-46.46;735;85.0;77.0;71.0;941.3;940.4;937.7;5;5;5;5.0;2.0;3.0;10.0;10.0;6.0;77.66666666666667;939.7999999999998;8.666666666666666;3.3333333333333335;5
83075;2005-09-09;0;27;15.1;5.7;2005;9;9;-23.43;-46.46;735;88.0;80.0;65.0;941.1;941.6;939.6;3;3;3;3.0;1.0;1.0;10.0;10.0;1.0;77.66666666666667;940.7666666666668;7.0;1.6666666666666667;3
83075;2005-09-10;0.4;30.3;19.2;6.3;2005;9;10;-23.43;-46.46;735;87.0;69.0;79.0;937.8;938.0;937.8;7;8;5;1.0;0.0;2.0;2.0;1.0;10.0;78.33333333333333;937.8666666666667;4.333333333333333;1.0;7
83075;2005-09-11;0;20.8;14.5;0;2005;9;11;-23.43;-46.46;735;84.0;74.0;76.0;938.1;938.6;938.0;5;5;5;7.0;2.0;2.0;10.0;10.0;10.0;78.0;938.2333333333332;10.0;3.6666666666666665;5
83075;2005-09-12;0;31.3;15.2;8.3;2005;9;12;-23.43;-46.46;735;83.0;74.0;54.0;933.3;934.4;933.2;3;5;5;1.0;1.0;3.0;0.0;0.0;8.0;70.33333333333333;933.6333333333332;2.6666666666666665;1.6666666666666667;3
83075;2005-09-13;11.6;16.8;11.7;0;2005;9;13;-23.43;-46.46;735;91.0;86.0;84.0;941.0;942.0;941.8;5;5;5;1.0;2.0;3.0;10.0;10.0;10.0;87.0;941.6;10.0;2.0;5
83075;2005-09-14;4.4;18.4;12.9;0;2005;9;14;-23.43;-46.46;735;91.0;92.0;86.0;942.2;942.7;941.8;5;5;5;1.0;1.0;1.0;10.0;10.0;10.0;89.66666666666667;942.2333333333332;10.0;1.0;5
83075;2005-09-15;0.9;27.8;13.6;5.6;2005;9;15;-23.43;-46.46;735;91.0;86.0;67.0;941.8;941.3;939.1;3;5;3;2.0;1.0;1.0;10.0;9.0;5.0;81.33333333333333;940.7333333333332;8.0;1.3333333333333333;3
83075;2005-09-16;0;27.4;16.5;4.7;2005;9;16;-23.43;-46.46;735;84.0;82.0;82.0;939.3;939.9;939.1;8;3;5;0.0;1.0;4.0;6.0;2.0;10.0;82.66666666666667;939.4333333333333;6.0;1.6666666666666667;3
83075;2005-09-17;0;18.7;13.8;0;2005;9;17;-23.43;-46.46;735;86.0;86.0;82.0;941.0;940.5;939.5;5;5;5;3.0;1.0;1.0;10.0;10.0;10.0;84.66666666666667;940.3333333333334;10.0;1.6666666666666667;5
83075;2005-09-18;0.6;21.5;14.3;0;2005;9;18;-23.43;-46.46;735;82.0;86.0;90.0;939.9;939.5;939.3;5;3;5;1.0;2.0;1.0;10.0;10.0;10.0;86.0;939.5666666666666;10.0;1.3333333333333333;5
83075;2005-09-19;10.9;28;15.5;5.3;2005;9;19;-23.43;-46.46;735;83.0;81.0;68.0;939.9;936.8;934.3;5;5;7;1.0;1.0;1.0;10.0;0.0;9.0;77.33333333333333;937.0;6.333333333333333;1.0;5
83075;2005-09-20;0;24.2;15.4;8.3;2005;9;20;-23.43;-46.46;735;72.0;60.0;60.0;934.4;935.8;935.7;8;5;5;0.0;3.0;3.0;8.0;0.0;8.0;64.0;935.2999999999998;5.333333333333333;2.0;5
83075;2005-09-21;0;22.6;13.9;2.9;2005;9;21;-23.43;-46.46;735;75.0;82.0;61.0;936.1;936.7;936.2;5;5;5;3.0;2.0;2.0;9.0;10.0;8.0;72.66666666666667;936.3333333333334;9.0;2.3333333333333335;5
83075;2005-09-22;0;23;14.7;1.4;2005;9;22;-23.43;-46.46;735;84.0;77.0;73.0;936.2;936.4;935.7;3;3;5;3.0;1.0;2.0;10.0;9.0;10.0;78.0;936.1;9.666666666666666;2.0;3
83075;2005-09-23;0;27;15.7;6;2005;9;23;-23.43;-46.46;735;92.0;74.0;68.0;935.7;935.6;934.7;5;3;5;2.0;2.0;3.0;10.0;2.0;6.0;78.0;935.3333333333334;6.0;2.3333333333333335;5
83075;2005-09-24;0;27.4;16.3;0;2005;9;24;-23.43;-46.46;735;78.0;76.0;71.0;935.1;935.2;934.4;5;3;5;2.0;3.0;3.0;10.0;10.0;10.0;75.0;934.9000000000001;10.0;2.6666666666666665;5
83075;2005-09-25;2.5;22.7;17.8;0.1;2005;9;25;-23.43;-46.46;735;89.0;78.0;90.0;934.7;934.5;934.4;3;7;7;1.0;1.0;1.0;10.0;10.0;10.0;85.66666666666667;934.5333333333333;10.0;1.0;3
83075;2005-09-26;18.5;21;12.6;0;2005;9;26;-23.43;-46.46;735;90.0;91.0;82.0;934.2;937.5;938.0;8;5;5;0.0;1.0;1.0;10.0;10.0;10.0;87.66666666666667;936.5666666666666;10.0;0.6666666666666666;5
83075;2005-09-27;7.4;16.8;12;0;2005;9;27;-23.43;-46.46;735;89.0;93.0;78.0;939.0;942.7;942.7;8;5;3;0.0;3.0;3.0;10.0;10.0;10.0;86.66666666666667;941.4666666666667;10.0;2.0;5
83075;2005-09-28;0.3;20.4;11.8;0.1;2005;9;28;-23.43;-46.46;735;81.0;78.0;73.0;943.1;943.2;942.4;3;3;5;3.0;3.0;1.0;10.0;10.0;9.0;77.33333333333333;942.9000000000001;9.666666666666666;2.3333333333333335;3
83075;2005-09-29;0;24.8;11.5;7.2;2005;9;29;-23.43;-46.46;735;85.0;75.0;65.0;941.0;942.7;939.6;5;3;5;3.0;1.0;2.0;6.0;8.0;6.0;75.0;941.1;6.666666666666667;2.0;5
83075;2005-09-30;0;27.4;14.2;5.2;2005;9;30;-23.43;-46.46;735;84.0;73.0;57.0;941.2;939.4;938.3;3;3;3;3.0;1.0;2.0;10.0;10.0;10.0;71.33333333333333;939.6333333333332;10.0;2.0;3
83075;2005-10-01;0;32.7;21.7;8.1;2005;10;1;-23.43;-46.46;735;97.0;71.0;50.0;931.9;931.2;930.0;7;7;7;1.02888;3.08664;3.08664;6.25;8.75;7.5;72.66666666666667;931.0333333333333;7.5;2.40072;7
83075;2005-10-02;0;29.6;17;9.1;2005;10;2;-23.43;-46.46;735;70.0;71.0;44.0;937.6;936.5;933.2;5;7;7;2.05776;1.02888;3.08664;1.25;1.25;3.75;61.666666666666664;935.7666666666668;2.0833333333333335;2.05776;5
83075;2005-10-03;0;33.7;19.4;9.8;2005;10;3;-23.43;-46.46;735;59.0;64.0;40.0;933.0;933.5;933.1;8;3;3;0.0;1.0;2.0;0.0;0.0;1.0;54.333333333333336;933.1999999999999;0.3333333333333333;1.0;3
83075;2005-10-04;0;30.2;20.1;8;2005;10;4;-23.43;-46.46;735;88.0;76.0;70.0;937.7;938.1;937.5;5;3;5;2.0;2.0;1.0;8.0;5.0;2.0;78.0;937.7666666666668;5.0;1.6666666666666667;5
83075;2005-10-05;0;26.2;17.1;3.8;2005;10;5;-23.43;-46.46;735;89.0;88.0;59.0;940.0;940.1;939.3;8;3;7;0.0;1.0;3.0;10.0;10.0;9.0;78.66666666666667;939.7999999999998;9.666666666666666;1.3333333333333333;3
83075;2005-10-06;0;25.8;15.1;6.6;2005;10;6;-23.43;-46.46;735;87.0;84.0;60.0;940.7;940.9;938.7;8;5;5;0.0;1.0;1.0;4.0;5.0;2.0;77.0;940.1;3.6666666666666665;0.6666666666666666;5
83075;2005-10-07;0;20.4;8.8;5.9;2005;10;7;-23.43;-46.46;735;86.0;80.0;64.0;947.4;947.7;946.3;5;3;5;3.0;1.0;3.0;0.0;6.0;10.0;76.66666666666667;947.1333333333332;5.333333333333333;2.3333333333333335;5
83075;2005-10-08;2.3;18.4;10.9;4.7;2005;10;8;-23.43;-46.46;735;82.0;65.0;64.0;937.6;937.1;937.4;8;7;7;0.0;3.0;3.0;10.0;1.0;9.0;70.33333333333333;937.3666666666667;6.666666666666667;2.0;7
83075;2005-10-09;0;30.7;15.3;6.6;2005;10;9;-23.43;-46.46;735;83.0;80.0;50.0;939.4;939.8;938.4;8;5;1;0.0;1.0;3.0;8.0;1.0;9.0;71.0;939.1999999999999;6.0;1.3333333333333333;5
83075;2005-10-10;0;22.4;15.7;0;2005;10;10;-23.43;-46.46;735;83.0;83.0;78.0;937.9;937.8;937.3;5;5;5;3.0;2.0;3.0;10.0;10.0;10.0;81.33333333333333;937.6666666666666;10.0;2.6666666666666665;5
83075;2005-10-11;0.6;20.2;14.6;0.1;2005;10;11;-23.43;-46.46;735;89.0;84.0;70.0;938.0;938.2;937.6;5;5;3;3.0;2.0;3.0;10.0;10.0;10.0;81.0;937.9333333333334;10.0;2.6666666666666665;5
83075;2005-10-12;0;32.1;18.7;7.9;2005;10;12;-23.43;-46.46;735;82.0;66.0;71.0;933.5;933.5;932.8;5;7;5;1.0;2.0;4.0;6.0;4.0;6.0;73.0;933.2666666666668;5.333333333333333;2.3333333333333335;5
83075;2005-10-13;0;35.4;20.1;10.6;2005;10;13;-23.43;-46.46;735;79.0;59.0;33.0;934.6;935.2;933.3;5;8;7;1.0;0.0;1.0;0.0;0.0;2.0;57.0;934.3666666666668;0.6666666666666666;0.6666666666666666;5
83075;2005-10-14;0;33.9;19.4;5.5;2005;10;14;-23.43;-46.46;735;63.0;45.0;46.0;933.2;933.3;932.9;8;7;7;0.0;3.0;3.0;0.0;5.0;9.0;51.333333333333336;933.1333333333333;4.666666666666667;2.0;7
83075;2005-10-15;33.8;22.7;18.7;0.3;2005;10;15;-23.43;-46.46;735;89.0;83.0;82.0;935.0;936.3;936.4;5;5;5;3.0;2.0;3.0;9.0;10.0;10.0;84.66666666666667;935.9;9.666666666666666;2.6666666666666665;5
83075;2005-10-16;0;26.1;17.8;0;2005;10;16;-23.43;-46.46;735;91.0;80.0;83.0;936.2;936.5;935.8;5;3;5;2.0;2.0;3.0;10.0;9.0;10.0;84.66666666666667;936.1666666666666;9.666666666666666;2.3333333333333335;5
83075;2005-10-17;0;28.2;19;1.8;2005;10;17;-23.43;-46.46;735;83.0;73.0;72.0;935.7;935.7;933.9;5;5;8;2.0;1.0;0.0;10.0;8.0;10.0;76.0;935.1;9.333333333333334;1.0;5
83075;2005-10-18;2.8;26.4;15.2;0;2005;10;18;-23.43;-46.46;735;76.0;92.0;88.0;934.9;934.4;935.6;8;7;5;0.0;1.0;3.0;5.0;10.0;10.0;85.33333333333333;934.9666666666667;8.333333333333334;1.3333333333333333;7
83075;2005-10-19;31.7;20;14.5;0.1;2005;10;19;-23.43;-46.46;735;92.0;87.0;79.0;937.2;938.9;939.1;3;3;3;2.0;2.0;2.0;10.0;10.0;10.0;86.0;938.4;10.0;2.0;3
83075;2005-10-20;0.5;26.2;15.7;2.9;2005;10;20;-23.43;-46.46;735;86.0;80.0;77.0;939.1;939.1;937.5;5;5;5;2.0;2.0;2.0;10.0;10.0;9.0;81.0;938.5666666666666;9.666666666666666;2.0;5
83075;2005-10-21;0;31.2;17.6;6.5;2005;10;21;-23.43;-46.46;735;86.0;77.0;56.0;937.3;937.1;933.5;5;5;7;1.0;1.0;2.0;10.0;4.0;9.0;73.0;935.9666666666667;7.666666666666667;1.3333333333333333;5
83075;2005-10-22;37;25.7;17.8;1;2005;10;22;-23.43;-46.46;735;83.0;75.0;66.0;933.9;934.4;934.1;7;7;7;8.0;3.0;3.0;10.0;10.0;10.0;74.66666666666667;934.1333333333333;10.0;4.666666666666667;7
83075;2005-10-23;2.4;24.1;17.1;0;2005;10;23;-23.43;-46.46;735;84.0;90.0;78.0;933.5;934.8;934.3;8;8;3;0.0;0.0;2.0;10.0;10.0;10.0;84.0;934.1999999999999;10.0;0.6666666666666666;3
83075;2005-10-24;0;26.2;17;2.4;2005;10;24;-23.43;-46.46;735;87.0;80.0;76.0;936.0;936.8;935.9;5;5;5;3.0;2.0;2.0;10.0;10.0;6.0;81.0;936.2333333333332;8.666666666666666;2.3333333333333335;5
83075;2005-10-25;0;30.6;18.7;4;2005;10;25;-23.43;-46.46;735;73.0;76.0;59.0;935.9;935.8;933.8;3;5;5;3.0;1.0;1.0;10.0;9.0;9.0;69.33333333333333;935.1666666666666;9.333333333333334;1.6666666666666667;3
83075;2005-10-26;0;29.6;19.2;1.5;2005;10;26;-23.43;-46.46;735;82.0;81.0;83.0;934.1;934.6;934.5;3;8;3;1.0;0.0;1.0;6.0;9.0;10.0;82.0;934.4;8.333333333333334;0.6666666666666666;3
83075;2005-10-27;7;31.2;18;5.7;2005;10;27;-23.43;-46.46;735;91.0;80.0;64.0;934.3;935.2;933.0;5;5;5;2.0;1.0;2.0;10.0;9.0;5.0;78.33333333333333;934.1666666666666;8.0;1.6666666666666667;5
83075;2005-10-28;1.6;32.7;19.1;4.3;2005;10;28;-23.43;-46.46;735;84.0;68.0;91.0;933.1;931.7;929.4;5;7;5;2.0;2.0;1.0;10.0;2.0;10.0;81.0;931.4000000000001;7.333333333333333;1.6666666666666667;5
83075;2005-10-29;49;23.8;16.3;0;2005;10;29;-23.43;-46.46;735;93.0;75.0;91.0;931.7;932.7;934.0;8;7;5;0.0;1.0;9.0;10.0;9.0;10.0;86.33333333333333;932.8000000000001;9.666666666666666;3.3333333333333335;7
83075;2005-10-30;1.1;19.6;15.3;0;2005;10;30;-23.43;-46.46;735;90.0;86.0;81.0;934.4;936.1;936.1;5;5;5;2.0;2.0;1.0;10.0;10.0;10.0;85.66666666666667;935.5333333333333;10.0;1.6666666666666667;5
83075;2005-10-31;14;22;15.4;0.7;2005;10;31;-23.43;-46.46;735;86.0;84.0;75.0;936.2;936.0;936.0;5;5;5;2.0;1.0;3.0;10.0;10.0;10.0;81.66666666666667;936.0666666666666;10.0;2.0;5
83075;2005-11-01;12.2;24.3;20.6;0;2005;11;1;-23.43;-46.46;735;89.0;83.0;87.0;930.2;930.9;930.7;8;7;7;0.0;1.02888;1.02888;8.75;10.0;10.0;86.33333333333333;930.6;9.583333333333334;0.68592;7
83075;2005-11-02;0;30.2;17.6;7.7;2005;11;2;-23.43;-46.46;735;68.0;51.0;51.0;933.0;931.4;929.8;3;7;7;1.02888;3.08664;4.11552;0.0;0.0;8.75;56.666666666666664;931.4;2.9166666666666665;2.74368;3
83075;2005-11-03;0;33.6;20.7;6.9;2005;11;3;-23.43;-46.46;735;78.0;75.0;58.0;935.3;934.8;935.8;5;3;3;1.0;1.0;2.0;0.0;4.0;8.0;70.33333333333333;935.2999999999998;4.0;1.3333333333333333;5
83075;2005-11-04;0;31.9;19.3;8;2005;11;4;-23.43;-46.46;735;85.0;79.0;48.0;937.2;938.2;936.1;3;3;7;2.0;1.0;2.0;2.0;0.0;2.0;70.66666666666667;937.1666666666666;1.3333333333333333;1.6666666666666667;3
83075;2005-11-05;0;28.8;15.2;7.6;2005;11;5;-23.43;-46.46;735;93.0;87.0;47.0;939.4;939.7;938.8;8;8;7;0.0;0.0;1.0;0.0;1.0;1.0;75.66666666666667;939.2999999999998;0.6666666666666666;0.3333333333333333;7
83075;2005-11-06;0;26.7;14;8.1;2005;11;6;-23.43;-46.46;735;93.0;84.0;52.0;939.0;940.1;939.1;8;5;7;0.0;1.0;1.0;10.0;1.0;6.0;76.33333333333333;939.4;5.666666666666667;0.6666666666666666;5
83075;2005-11-07;0;22.3;11.4;3.5;2005;11;7;-23.43;-46.46;735;89.0;86.0;54.0;946.0;946.2;945.4;8;5;3;0.0;1.0;3.0;9.0;9.0;6.0;76.33333333333333;945.8666666666667;8.0;1.3333333333333333;5
83075;2005-11-08;0;23.2;10.3;8.9;2005;11;8;-23.43;-46.46;735;79.0;68.0;49.0;937.9;939.4;939.2;5;8;7;3.0;0.0;2.0;10.0;0.0;4.0;65.33333333333333;938.8333333333334;4.666666666666667;1.6666666666666667;5
83075;2005-11-09;0;31;17.5;5.4;2005;11;9;-23.43;-46.46;735;73.0;60.0;48.0;938.0;938.0;937.3;8;7;7;0.0;3.0;3.0;0.0;2.0;10.0;60.333333333333336;937.7666666666668;4.0;2.0;7
83075;2005-11-10;0;28;16.1;5.5;2005;11;10;-23.43;-46.46;735;90.0;84.0;70.0;937.6;937.7;936.0;3;5;5;2.0;1.0;4.0;10.0;10.0;1.0;81.33333333333333;937.1;7.0;2.3333333333333335;3
83075;2005-11-11;0;25.2;11.9;7.9;2005;11;11;-23.43;-46.46;735;76.0;63.0;66.0;937.5;937.9;936.7;3;3;5;1.0;3.0;5.0;6.0;9.0;9.0;68.33333333333333;937.3666666666668;8.0;3.0;3
83075;2005-11-12;0.1;22.9;16.8;0;2005;11;12;-23.43;-46.46;735;89.0;79.0;79.0;934.1;934.8;934.7;5;3;5;2.0;2.0;2.0;10.0;9.0;10.0;82.33333333333333;934.5333333333334;9.666666666666666;2.0;5
83075;2005-11-13;0;28.2;16.1;8.8;2005;11;13;-23.43;-46.46;735;76.0;76.0;64.0;934.7;935.2;934.6;5;3;5;2.0;1.0;4.0;10.0;1.0;2.0;72.0;934.8333333333334;4.333333333333333;2.3333333333333335;5
83075;2005-11-14;0;31.2;16.1;9.4;2005;11;14;-23.43;-46.46;735;75.0;73.0;55.0;934.4;935.1;933.4;5;5;5;2.0;1.0;4.0;5.0;1.0;8.0;67.66666666666667;934.3000000000001;4.666666666666667;2.3333333333333335;5
83075;2005-11-15;0;33.4;17.5;10;2005;11;15;-23.43;-46.46;735;83.0;68.0;46.0;933.7;934.7;933.2;5;3;5;1.0;1.0;1.0;4.0;8.0;5.0;65.66666666666667;933.8666666666668;5.666666666666667;1.0;5
83075;2005-11-16;0.4;33.2;19;8.5;2005;11;16;-23.43;-46.46;735;75.0;56.0;46.0;933.8;933.9;932.6;3;5;5;1.0;2.0;3.0;8.0;0.0;8.0;59.0;933.4333333333333;5.333333333333333;2.0;3
83075;2005-11-17;0;27.4;19.2;0.8;2005;11;17;-23.43;-46.46;735;73.0;73.0;86.0;932.4;932.8;931.6;3;3;3;2.0;1.0;1.0;6.0;9.0;9.0;77.33333333333333;932.2666666666665;8.0;1.3333333333333333;3
83075;2005-11-18;4.2;30.8;18.7;2.2;2005;11;18;-23.43;-46.46;735;90.0;78.0;59.0;931.7;931.7;930.2;8;5;7;0.0;1.0;1.0;9.0;10.0;9.0;75.66666666666667;931.2000000000002;9.333333333333334;0.6666666666666666;5
83075;2005-11-19;0;32;19.9;7.4;2005;11;19;-23.43;-46.46;735;89.0;71.0;66.0;930.7;931.2;930.5;7;7;7;1.0;3.0;3.0;4.0;8.0;10.0;75.33333333333333;930.8000000000001;7.333333333333333;2.3333333333333335;7
83075;2005-11-20;10.5;25.5;17.4;3.8;2005;11;20;-23.43;-46.46;735;74.0;82.0;65.0;930.9;934.1;934.1;7;5;5;3.0;3.0;3.0;9.0;10.0;6.0;73.66666666666667;933.0333333333333;8.333333333333334;3.0;7
83075;2005-11-21;0;28;15.1;10.9;2005;11;21;-23.43;-46.46;735;80.0;62.0;57.0;935.0;935.7;934.4;5;5;5;1.0;3.0;3.0;9.0;6.0;4.0;66.33333333333333;935.0333333333333;6.333333333333333;2.3333333333333335;5
83075;2005-11-22;0;30.4;16.7;3.4;2005;11;22;-23.43;-46.46;735;81.0;74.0;61.0;935.6;933.8;931.3;5;3;5;3.0;1.0;3.0;10.0;10.0;10.0;72.0;933.5666666666666;10.0;2.3333333333333335;5
83075;2005-11-23;0;32.2;18.2;5.6;2005;11;23;-23.43;-46.46;735;79.0;72.0;57.0;931.4;931.8;930.4;5;3;3;1.0;1.0;1.0;4.0;1.0;8.0;69.33333333333333;931.1999999999999;4.333333333333333;1.0;5
83075;2005-11-24;43;31.7;18.1;7.9;2005;11;24;-23.43;-46.46;735;87.0;64.0;65.0;930.5;931.3;930.3;7;7;7;3.0;2.0;3.0;9.0;8.0;9.0;72.0;930.6999999999999;8.666666666666666;2.6666666666666665;7
83075;2005-11-25;5.3;26.9;16.7;0;2005;11;25;-23.43;-46.46;735;78.0;86.0;87.0;934.5;931.1;930.8;7;5;5;3.0;1.0;3.0;9.0;10.0;10.0;83.66666666666667;932.1333333333332;9.666666666666666;2.3333333333333335;7
83075;2005-11-26;18.1;19.4;15.1;0;2005;11;26;-23.43;-46.46;735;90.0;83.0;75.0;931.3;932.2;931.9;5;5;5;3.0;2.0;4.0;10.0;10.0;10.0;82.66666666666667;931.8000000000001;10.0;3.0;5
83075;2005-11-27;0;25.2;14.2;11.1;2005;11;27;-23.43;-46.46;735;85.0;67.0;54.0;931.9;933.3;932.6;5;3;3;2.0;3.0;5.0;10.0;4.0;2.0;68.66666666666667;932.5999999999999;5.333333333333333;3.3333333333333335;5
83075;2005-11-28;0;27.8;13.1;9.4;2005;11;28;-23.43;-46.46;735;79.0;68.0;58.0;932.6;933.6;932.1;3;3;5;3.0;3.0;3.0;10.0;2.0;4.0;68.33333333333333;932.7666666666668;5.333333333333333;3.0;3
83075;2005-11-29;0;30.5;17.3;8.4;2005;11;29;-23.43;-46.46;735;81.0;69.0;60.0;932.6;933.1;932.1;3;5;7;2.0;1.0;1.0;2.0;1.0;5.0;70.0;932.6;2.6666666666666665;1.3333333333333333;3
83075;2005-11-30;0;27.2;20.8;0.2;2005;11;30;-23.43;-46.46;735;73.0;73.0;75.0;932.7;933.5;933.3;3;7;5;1.0;3.0;1.0;6.0;10.0;9.0;73.66666666666667;933.1666666666666;8.333333333333334;1.6666666666666667;3
83075;2005-12-01;56.6;23.3;19.6;1.1;2005;12;1;-23.43;-46.46;735;90.0;93.0;88.0;930.6;931.9;931.8;8;5;5;0.0;1.02888;3.08664;10.0;10.0;8.75;90.33333333333333;931.4333333333334;9.583333333333334;1.37184;5
83075;2005-12-02;33.5;30.5;17.3;7.7;2005;12;2;-23.43;-46.46;735;91.0;72.0;66.0;931.3;929.7;928.9;5;7;5;3.08664;1.02888;5.1444;10.0;1.25;7.5;76.33333333333333;929.9666666666667;6.25;3.0866400000000005;5
83075;2005-12-03;0;32.6;20.1;5.3;2005;12;3;-23.43;-46.46;735;73.0;70.0;66.0;934.4;935.0;934.0;8;5;3;0.0;1.0;1.0;0.0;2.0;10.0;69.66666666666667;934.4666666666667;4.0;0.6666666666666666;5
83075;2005-12-04;0;32.6;20.3;8.4;2005;12;4;-23.43;-46.46;735;73.0;68.0;47.0;936.2;937.1;937.2;8;7;7;0.0;1.0;2.0;2.0;0.0;4.0;62.666666666666664;936.8333333333334;2.0;1.0;7
83075;2005-12-05;0;29;15.3;8.5;2005;12;5;-23.43;-46.46;735;76.0;72.0;49.0;939.0;939.3;938.6;8;8;5;0.0;0.0;1.0;0.0;8.0;6.0;65.66666666666667;938.9666666666667;4.666666666666667;0.3333333333333333;5
83075;2005-12-06;0;27.2;14.5;8.3;2005;12;6;-23.43;-46.46;735;82.0;83.0;47.0;939.4;939.6;938.4;8;8;7;0.0;0.0;1.0;2.0;0.0;1.0;70.66666666666667;939.1333333333333;1.0;0.3333333333333333;7
83075;2005-12-07;0;23.6;11.5;8;2005;12;7;-23.43;-46.46;735;80.0;82.0;39.0;944.2;944.2;943.4;8;8;3;0.0;0.0;3.0;8.0;0.0;2.0;67.0;943.9333333333334;3.3333333333333335;1.0;3
83075;2005-12-08;0;22.8;10.2;8.8;2005;12;8;-23.43;-46.46;735;79.0;85.0;53.0;939.4;939.5;938.5;5;3;3;1.0;3.0;1.0;0.0;2.0;1.0;72.33333333333333;939.1333333333333;1.0;1.6666666666666667;5
83075;2005-12-09;0;23.9;12.6;0;2005;12;9;-23.43;-46.46;735;67.0;81.0;80.0;937.9;940.0;940.1;5;3;5;3.0;2.0;4.0;10.0;10.0;10.0;76.0;939.3333333333334;10.0;3.0;5
83075;2005-12-10;0;33.1;17.8;10.1;2005;12;10;-23.43;-46.46;735;87.0;75.0;50.0;935.9;936.1;934.5;8;3;5;0.0;2.0;1.0;10.0;5.0;6.0;70.66666666666667;935.5;7.0;1.0;3
83075;2005-12-11;0;26;13.7;7.9;2005;12;11;-23.43;-46.46;735;80.0;76.0;58.0;937.8;936.5;934.8;3;3;3;3.0;2.0;2.0;10.0;10.0;6.0;71.33333333333333;936.3666666666667;8.666666666666666;2.3333333333333335;3
83075;2005-12-12;0;21.2;15.3;0;2005;12;12;-23.43;-46.46;735;88.0;80.0;87.0;934.7;935.4;935.1;5;5;5;3.0;3.0;2.0;10.0;10.0;10.0;85.0;935.0666666666666;10.0;2.6666666666666665;5
83075;2005-12-13;1;24.8;15.6;1.1;2005;12;13;-23.43;-46.46;735;85.0;79.0;71.0;935.4;935.5;934.3;3;3;5;3.0;1.0;2.0;10.0;10.0;9.0;78.33333333333333;935.0666666666666;9.666666666666666;2.0;3
83075;2005-12-14;0;25.5;16.9;3.4;2005;12;14;-23.43;-46.46;735;81.0;77.0;73.0;934.7;934.8;934.5;5;3;5;3.0;1.0;5.0;10.0;10.0;9.0;77.0;934.6666666666666;9.666666666666666;3.0;5
83075;2005-12-15;0;26.2;15.9;3.9;2005;12;15;-23.43;-46.46;735;82.0;73.0;67.0;934.8;934.2;933.3;5;3;5;3.0;2.0;3.0;10.0;10.0;6.0;74.0;934.1;8.666666666666666;2.6666666666666665;5
83075;2005-12-16;0;32.1;17.3;8.6;2005;12;16;-23.43;-46.46;735;84.0;67.0;50.0;932.9;932.3;930.6;3;5;7;2.0;1.0;2.0;10.0;9.0;9.0;67.0;931.9333333333333;9.333333333333334;1.6666666666666667;3
83075;2005-12-17;21.8;30.6;19;5.9;2005;12;17;-23.43;-46.46;735;80.0;81.0;56.0;930.9;932.0;931.5;8;7;7;0.0;3.0;3.0;8.0;9.0;9.0;72.33333333333333;931.4666666666667;8.666666666666666;2.0;7
83075;2005-12-18;45.6;27.2;17.4;1;2005;12;18;-23.43;-46.46;735;87.0;87.0;70.0;931.6;932.7;931.7;7;7;7;3.0;3.0;3.0;9.0;10.0;9.0;81.33333333333333;932.0;9.333333333333334;3.0;7
83075;2005-12-19;14.9;28.4;17.7;6;2005;12;19;-23.43;-46.46;735;92.0;72.0;70.0;932.4;933.2;932.8;8;7;7;0.0;2.0;3.0;10.0;6.0;9.0;78.0;932.7999999999998;8.333333333333334;1.6666666666666667;7
83075;2005-12-20;0.2;32.1;19.7;6.3;2005;12;20;-23.43;-46.46;735;79.0;60.0;50.0;933.3;934.0;933.7;7;7;7;1.0;2.0;3.0;6.0;5.0;9.0;63.0;933.6666666666666;6.666666666666667;2.0;7
83075;2005-12-21;16.7;29.5;18.7;2.8;2005;12;21;-23.43;-46.46;735;89.0;82.0;82.0;934.1;935.4;935.3;3;8;5;3.0;0.0;3.0;10.0;9.0;10.0;84.33333333333333;934.9333333333334;9.666666666666666;2.0;3
83075;2005-12-22;2.5;31.1;18.7;5;2005;12;22;-23.43;-46.46;735;89.0;82.0;59.0;935.7;936.1;935.4;5;5;5;2.0;1.0;3.0;10.0;9.0;9.0;76.66666666666667;935.7333333333335;9.333333333333334;2.0;5
83075;2005-12-23;0;33;18.9;9.7;2005;12;23;-23.43;-46.46;735;85.0;65.0;49.0;936.0;935.8;934.1;7;5;7;1.0;1.0;1.0;6.0;0.0;5.0;66.33333333333333;935.3000000000001;3.6666666666666665;1.0;7
83075;2005-12-24;0;32.3;22.6;5.1;2005;12;24;-23.43;-46.46;735;73.0;66.0;69.0;933.8;934.1;933.3;3;7;5;1.0;1.0;3.0;0.0;8.0;10.0;69.33333333333333;933.7333333333332;6.0;1.6666666666666667;3
83075;2005-12-25;23.1;23.7;18.3;1.1;2005;12;25;-23.43;-46.46;735;74.0;80.0;84.0;933.0;935.4;936.5;5;5;5;2.0;1.0;1.0;9.0;9.0;10.0;79.33333333333333;934.9666666666667;9.333333333333334;1.3333333333333333;5
83075;2005-12-26;0.1;27.3;15.8;6.8;2005;12;26;-23.43;-46.46;735;80.0;67.0;66.0;936.6;937.3;936.8;5;5;5;1.0;2.0;4.0;9.0;1.0;9.0;71.0;936.9;6.333333333333333;2.3333333333333335;5
83075;2005-12-27;0;25;16.3;3.9;2005;12;27;-23.43;-46.46;735;79.0;72.0;70.0;936.9;936.9;936.4;3;3;5;3.0;3.0;2.0;8.0;9.0;8.0;73.66666666666667;936.7333333333332;8.333333333333334;2.6666666666666665;3
83075;2005-12-28;0;27.5;15.8;9.4;2005;12;28;-23.43;-46.46;735;80.0;69.0;57.0;936.5;936.6;935.9;3;3;5;2.0;2.0;3.0;1.0;8.0;5.0;68.66666666666667;936.3333333333334;4.666666666666667;2.3333333333333335;3
83075;2005-12-29;0;29.1;14.7;8.6;2005;12;29;-23.43;-46.46;735;78.0;65.0;57.0;936.6;936.6;934.3;5;3;5;3.0;1.0;3.0;2.0;0.0;4.0;66.66666666666667;935.8333333333334;2.0;2.3333333333333335;5
83075;2005-12-30;0;31.9;18;7.7;2005;12;30;-23.43;-46.46;735;79.0;69.0;65.0;934.7;934.9;934.2;5;5;5;2.0;2.0;4.0;6.0;4.0;9.0;71.0;934.6;6.333333333333333;2.6666666666666665;5
83075;2005-12-31;19.7;31.6;18;10.3;2005;12;31;-23.43;-46.46;735;91.0;69.0;73.0;934.7;934.8;933.6;8;7;7;0.0;3.0;1.0;10.0;6.0;6.0;77.66666666666667;934.3666666666667;7.333333333333333;1.3333333333333333;7
83075;2006-01-01;7.9;24.6;19.2;0;2006;1;1;-23.43;-46.46;735;82.0;75.0;77.0;933.9;934.3;933.6;5;7;7;1.0;1.0;1.0;9.0;10.0;10.0;78.0;933.9333333333333;9.666666666666666;1.0;5
83075;2006-01-02;2.7;29.6;18.6;6.3;2006;1;2;-23.43;-46.46;735;84.0;75.0;69.0;933.5;934.4;934.0;5;3;5;5.0;3.0;4.0;10.0;9.0;5.0;76.0;933.9666666666667;8.0;4.0;5
83075;2006-01-03;0;32;19.9;5.7;2006;1;3;-23.43;-46.46;735;80.0;75.0;70.0;934.2;934.4;933.8;3;3;8;3.0;1.0;0.0;4.0;0.0;9.0;75.0;934.1333333333332;4.333333333333333;1.3333333333333333;3
83075;2006-01-04;0;27;17;8.5;2006;1;4;-23.43;-46.46;735;82.0;70.0;63.0;938.4;939.2;938.8;3;3;5;3.0;3.0;5.0;10.0;2.0;9.0;71.66666666666667;938.7999999999998;7.0;3.6666666666666665;3
83075;2006-01-05;0;27.5;14.6;8.7;2006;1;5;-23.43;-46.46;735;82.0;75.0;64.0;936.0;936.5;936.1;3;5;5;1.0;2.0;2.0;0.0;0.0;4.0;73.66666666666667;936.1999999999999;1.3333333333333333;1.6666666666666667;3
83075;2006-01-06;0;22.8;15.2;3.2;2006;1;6;-23.43;-46.46;735;79.0;78.0;68.0;937.2;940.8;940.7;8;3;3;0.0;1.0;3.0;0.0;9.0;8.0;75.0;939.5666666666666;5.666666666666667;1.3333333333333333;3
83075;2006-01-07;0;24.3;11.4;6;2006;1;7;-23.43;-46.46;735;87.0;75.0;60.0;942.5;943.1;941.6;3;8;3;2.0;0.0;1.0;10.0;10.0;8.0;74.0;942.4;9.333333333333334;1.0;3
83075;2006-01-08;2.6;16.9;11.3;0;2006;1;8;-23.43;-46.46;735;92.0;89.0;85.0;941.7;942.0;942.8;5;8;5;1.0;0.0;1.0;10.0;10.0;10.0;88.66666666666667;942.1666666666666;10.0;0.6666666666666666;5
83075;2006-01-09;0.3;28;14.3;4.7;2006;1;9;-23.43;-46.46;735;75.0;79.0;66.0;935.9;936.3;933.9;8;3;5;0.0;2.0;5.0;10.0;9.0;10.0;73.33333333333333;935.3666666666667;9.666666666666666;2.3333333333333335;3
83075;2006-01-10;5;23.3;15.3;0;2006;1;10;-23.43;-46.46;735;91.0;84.0;74.0;940.2;940.1;938.2;3;8;5;2.0;0.0;1.0;9.0;10.0;10.0;83.0;939.5;9.666666666666666;1.0;3
83075;2006-01-11;1.8;28.2;19.4;1.8;2006;1;11;-23.43;-46.46;735;74.0;84.0;68.0;929.4;932.2;930.9;5;5;3;1.0;2.0;1.0;0.0;10.0;9.0;75.33333333333333;930.8333333333334;6.333333333333333;1.3333333333333333;5
83075;2006-01-12;0.7;26.2;15.6;5.5;2006;1;12;-23.43;-46.46;735;87.0;75.0;61.0;933.2;935.5;935.2;3;3;3;3.0;2.0;3.0;10.0;9.0;8.0;74.33333333333333;934.6333333333333;9.0;2.6666666666666665;3
83075;2006-01-13;0;32.8;20.7;8.9;2006;1;13;-23.43;-46.46;735;69.0;64.0;46.0;937.3;938.5;938.1;5;0;8;1.0;1.0;0.0;5.0;10.0;8.0;59.666666666666664;937.9666666666667;7.666666666666667;0.6666666666666666;5
83075;2006-01-14;0;31.8;21.3;6.7;2006;1;14;-23.43;-46.46;735;61.0;66.0;52.0;938.3;938.2;937.2;5;5;7;1.0;1.0;1.0;8.0;9.0;9.0;59.666666666666664;937.9;8.666666666666666;1.0;5
83075;2006-01-15;0;32.8;19.5;7.5;2006;1;15;-23.43;-46.46;735;61.0;63.0;53.0;934.8;937.1;936.8;5;5;5;2.0;1.0;1.0;4.0;0.0;8.0;59.0;936.2333333333332;4.0;1.3333333333333333;5
83075;2006-01-16;0.6;34.2;19.7;9.9;2006;1;16;-23.43;-46.46;735;79.0;64.0;58.0;936.7;936.5;934.9;5;3;5;1.0;1.0;3.0;5.0;0.0;8.0;67.0;936.0333333333333;4.333333333333333;1.6666666666666667;5
83075;2006-01-17;0;32.2;18.9;11.2;2006;1;17;-23.43;-46.46;735;68.0;67.0;47.0;935.1;935.4;935.1;8;5;5;0.0;2.0;7.0;0.0;0.0;0.0;60.666666666666664;935.1999999999999;0.0;3.0;5
83075;2006-01-18;0;30.3;19.3;7.2;2006;1;18;-23.43;-46.46;735;76.0;68.0;60.0;935.3;935.7;934.4;5;5;5;7.0;1.0;3.0;10.0;5.0;8.0;68.0;935.1333333333333;7.666666666666667;3.6666666666666665;5
83075;2006-01-19;0;32.6;19.9;7.1;2006;1;19;-23.43;-46.46;735;83.0;52.0;54.0;934.7;934.6;933.1;5;7;5;5.0;1.0;3.0;8.0;8.0;9.0;63.0;934.1333333333333;8.333333333333334;3.0;5
83075;2006-01-20;0.9;33.4;20.7;6.9;2006;1;20;-23.43;-46.46;735;87.0;68.0;49.0;933.5;933.8;933.6;8;7;7;0.0;1.0;1.0;10.0;9.0;9.0;68.0;933.6333333333333;9.333333333333334;0.6666666666666666;7
83075;2006-01-21;0;34.9;22.6;10.3;2006;1;21;-23.43;-46.46;735;75.0;58.0;49.0;933.7;935.1;934.9;8;7;7;0.0;1.0;1.0;8.0;4.0;5.0;60.666666666666664;934.5666666666667;5.666666666666667;0.6666666666666666;7
83075;2006-01-22;0;34.6;22.6;9.8;2006;1;22;-23.43;-46.46;735;64.0;53.0;48.0;935.1;935.5;934.7;5;5;5;1.0;1.0;1.0;4.0;4.0;2.0;55.0;935.1;3.3333333333333335;1.0;5
83075;2006-01-23;0;30.6;21.7;2.2;2006;1;23;-23.43;-46.46;735;79.0;72.0;82.0;934.8;934.8;933.9;5;3;5;3.0;2.0;1.0;9.0;9.0;10.0;77.66666666666667;934.5;9.333333333333334;2.0;5
83075;2006-01-24;2.4;32.7;19.4;5.4;2006;1;24;-23.43;-46.46;735;85.0;65.0;64.0;933.5;933.8;933.6;7;7;5;1.0;1.0;3.0;10.0;9.0;10.0;71.33333333333333;933.6333333333333;9.666666666666666;1.6666666666666667;7
83075;2006-01-25;2.2;36.3;18.5;9.2;2006;1;25;-23.43;-46.46;735;80.0;71.0;41.0;934.1;933.9;932.9;8;8;7;0.0;0.0;3.0;9.0;2.0;4.0;64.0;933.6333333333333;5.0;1.0;7
83075;2006-01-26;2.9;30.7;20.9;5.2;2006;1;26;-23.43;-46.46;735;86.0;62.0;89.0;933.8;934.0;934.5;8;7;5;0.0;3.0;3.0;10.0;4.0;10.0;79.0;934.1;8.0;2.0;7
83075;2006-01-27;21.2;24.4;19.6;0;2006;1;27;-23.43;-46.46;735;91.0;88.0;86.0;934.9;935.4;935.4;5;3;5;1.0;1.0;1.0;10.0;10.0;10.0;88.33333333333333;935.2333333333332;10.0;1.0;5
83075;2006-01-28;3.5;29;19.4;2.9;2006;1;28;-23.43;-46.46;735;86.0;74.0;74.0;935.7;936.1;935.4;3;7;5;1.0;1.0;3.0;10.0;8.0;10.0;78.0;935.7333333333335;9.333333333333334;1.6666666666666667;3
83075;2006-01-29;3.4;22.9;19.4;0;2006;1;29;-23.43;-46.46;735;87.0;91.0;89.0;935.3;934.9;934.3;5;8;5;3.0;0.0;1.0;10.0;10.0;10.0;89.0;934.8333333333334;10.0;1.3333333333333333;5
83075;2006-01-30;31.8;28.9;18.8;2.9;2006;1;30;-23.43;-46.46;735;90.0;81.0;72.0;933.7;933.9;933.0;3;1;5;1.0;1.0;1.0;10.0;10.0;10.0;81.0;933.5333333333333;10.0;1.0;3
83075;2006-01-31;2.8;27.4;19;4.8;2006;1;31;-23.43;-46.46;735;92.0;76.0;79.0;933.2;933.6;933.1;8;7;5;0.0;1.0;5.0;10.0;9.0;8.0;82.33333333333333;933.3000000000001;9.0;2.0;7
83075;2006-02-01;11.8;24.8;19.3;0;2006;2;1;-23.43;-46.46;735;91.0;84.0;90.0;933.9;933.9;933.6;8;7;7;0.0;1.0;1.0;10.0;10.0;10.0;88.33333333333333;933.8000000000001;10.0;0.6666666666666666;7
83075;2006-02-02;0;30.1;19.7;7.9;2006;2;2;-23.43;-46.46;735;81.0;73.0;65.0;934.3;934.6;934.2;3;3;5;3.0;3.0;3.0;10.0;4.0;9.0;73.0;934.3666666666668;7.666666666666667;3.0;3
83075;2006-02-03;3.8;33.3;19.9;6.7;2006;2;3;-23.43;-46.46;735;87.0;78.0;53.0;934.2;934.9;933.6;8;3;7;0.0;1.0;2.0;9.0;2.0;9.0;72.66666666666667;934.2333333333332;6.666666666666667;1.0;3
83075;2006-02-04;0;27.1;17.1;6.9;2006;2;4;-23.43;-46.46;735;82.0;77.0;63.0;938.8;938.9;938.5;5;5;5;3.0;2.0;3.0;9.0;6.0;8.0;74.0;938.7333333333332;7.666666666666667;2.6666666666666665;5
83075;2006-02-05;0;22.7;15.9;1.5;2006;2;5;-23.43;-46.46;735;78.0;78.0;75.0;936.3;936.9;936.8;7;7;5;1.0;1.0;1.0;4.0;9.0;1.0;77.0;936.6666666666666;4.666666666666667;1.0;7
83075;2006-02-06;0;22;13.6;6.7;2006;2;6;-23.43;-46.46;735;82.0;70.0;68.0;941.1;942.2;941.7;3;3;5;3.0;2.0;3.0;8.0;5.0;9.0;73.33333333333333;941.6666666666666;7.333333333333333;2.6666666666666665;3
83075;2006-02-07;0.2;18.7;13;0;2006;2;7;-23.43;-46.46;735;89.0;91.0;84.0;942.0;942.3;942.0;3;5;8;1.0;1.0;0.0;10.0;10.0;10.0;88.0;942.1;10.0;0.6666666666666666;3
83075;2006-02-08;0.6;17.6;13.1;0;2006;2;8;-23.43;-46.46;735;86.0;94.0;84.0;943.2;943.1;942.3;5;3;3;1.0;1.0;1.0;10.0;10.0;10.0;88.0;942.8666666666668;10.0;1.0;5
83075;2006-02-09;44.2;26.3;14.4;4.7;2006;2;9;-23.43;-46.46;735;91.0;78.0;60.0;934.8;930.1;929.4;5;7;7;1.0;3.0;2.0;10.0;10.0;9.0;76.33333333333333;931.4333333333334;9.666666666666666;2.0;5
83075;2006-02-10;4.8;28.4;17.1;5.2;2006;2;10;-23.43;-46.46;735;90.0;94.0;62.0;938.1;936.2;932.7;3;5;7;1.0;1.0;2.0;10.0;10.0;9.0;82.0;935.6666666666666;9.666666666666666;1.3333333333333333;3
83075;2006-02-11;27.1;27.1;19.4;0;2006;2;11;-23.43;-46.46;735;85.0;89.0;88.0;931.2;932.5;931.6;8;7;8;0.0;1.0;0.0;10.0;10.0;10.0;87.33333333333333;931.7666666666668;10.0;0.3333333333333333;7
83075;2006-02-12;0;30.2;16.9;9.6;2006;2;12;-23.43;-46.46;735;83.0;68.0;58.0;935.9;936.4;935.5;3;7;5;3.0;1.0;3.0;9.0;4.0;4.0;69.66666666666667;935.9333333333334;5.666666666666667;2.3333333333333335;3
83075;2006-02-13;0.8;29.4;19.3;4.5;2006;2;13;-23.43;-46.46;735;82.0;88.0;60.0;933.7;934.1;933.4;5;3;7;1.0;1.0;3.0;9.0;10.0;8.0;76.66666666666667;933.7333333333335;9.0;1.6666666666666667;5
83075;2006-02-14;0;29.1;20.3;3.9;2006;2;14;-23.43;-46.46;735;88.0;78.0;64.0;933.6;934.2;933.8;5;5;5;1.0;1.0;3.0;10.0;10.0;8.0;76.66666666666667;933.8666666666668;9.333333333333334;1.6666666666666667;5
83075;2006-02-15;0;26.4;19.5;0.2;2006;2;15;-23.43;-46.46;735;78.0;80.0;71.0;934.2;934.5;934.1;5;5;5;3.0;2.0;2.0;9.0;10.0;9.0;76.33333333333333;934.2666666666668;9.333333333333334;2.3333333333333335;5
83075;2006-02-16;13.4;26.4;19.4;0.5;2006;2;16;-23.43;-46.46;735;91.0;86.0;71.0;934.2;934.7;934.5;3;5;8;1.0;0.1;0.0;10.0;10.0;9.0;82.66666666666667;934.4666666666667;9.666666666666666;0.3666666666666667;3
83075;2006-02-17;0;29.4;20.8;3.1;2006;2;17;-23.43;-46.46;735;78.0;74.0;69.0;934.5;934.7;934.8;8;7;7;0.0;2.0;2.0;9.0;10.0;9.0;73.66666666666667;934.6666666666666;9.333333333333334;1.3333333333333333;7
83075;2006-02-18;0.2;26.7;20.3;0;2006;2;18;-23.43;-46.46;735;80.0;83.0;70.0;934.5;935.0;934.9;8;3;7;0.0;1.0;1.0;10.0;10.0;9.0;77.66666666666667;934.8000000000001;9.666666666666666;0.6666666666666666;3
83075;2006-02-19;0.1;30.5;20.1;4.6;2006;2;19;-23.43;-46.46;735;88.0;75.0;70.0;935.4;936.0;935.9;8;3;5;0.0;1.0;1.0;8.0;6.0;10.0;77.66666666666667;935.7666666666668;8.0;0.6666666666666666;3
83075;2006-02-20;29.4;30;19.9;3.4;2006;2;20;-23.43;-46.46;735;90.0;75.0;64.0;936.5;936.4;935.1;5;5;7;1.0;1.0;2.0;9.0;9.0;9.0;76.33333333333333;936.0;9.0;1.3333333333333333;5
83075;2006-02-21;0;30.1;20.9;3.6;2006;2;21;-23.43;-46.46;735;84.0;69.0;64.0;935.1;933.6;931.0;5;7;7;2.0;3.0;3.0;8.0;9.0;10.0;72.33333333333333;933.2333333333332;9.0;2.6666666666666665;5
83075;2006-02-22;3.1;29.6;19.5;7.3;2006;2;22;-23.43;-46.46;735;79.0;76.0;58.0;931.2;930.7;929.1;8;7;7;0.0;3.0;3.0;5.0;9.0;2.0;71.0;930.3333333333334;5.333333333333333;2.0;7
83075;2006-02-23;0.6;30.5;19.6;10.1;2006;2;23;-23.43;-46.46;735;72.0;76.0;53.0;929.1;930.1;929.6;7;7;7;3.0;3.0;3.0;10.0;10.0;4.0;67.0;929.6;8.0;3.0;7
83075;2006-02-24;0;27;21.1;2.3;2006;2;24;-23.43;-46.46;735;71.0;72.0;86.0;929.7;929.9;929.6;8;7;7;0.0;3.0;3.0;4.0;9.0;9.0;76.33333333333333;929.7333333333332;7.333333333333333;2.0;7
83075;2006-02-25;4.3;29.4;20.6;8;2006;2;25;-23.43;-46.46;735;88.0;73.0;69.0;929.6;929.8;929.5;7;7;7;1.0;3.0;3.0;10.0;6.0;8.0;76.66666666666667;929.6333333333333;8.0;2.3333333333333335;7
83075;2006-02-26;0;30;20.3;11.1;2006;2;26;-23.43;-46.46;735;90.0;69.0;48.0;929.8;930.3;929.9;7;7;7;1.0;3.0;5.0;4.0;2.0;1.0;69.0;930.0;2.3333333333333335;3.0;7
83075;2006-02-27;0;30.4;18.8;6.5;2006;2;27;-23.43;-46.46;735;64.0;75.0;60.0;930.0;931.7;931.4;8;8;5;0.0;0.0;2.0;0.0;1.0;9.0;66.33333333333333;931.0333333333333;3.3333333333333335;0.6666666666666666;5
83075;2006-02-28;0;31.6;19.3;7.5;2006;2;28;-23.43;-46.46;735;84.0;82.0;61.0;933.5;934.1;933.6;3;3;5;3.0;3.0;3.0;1.0;9.0;5.0;75.66666666666667;933.7333333333332;5.0;3.0;3
83075;2006-03-01;49.2;29.1;18.7;5.3;2006;3;1;-23.43;-46.46;735;95.0;84.0;68.0;932.9;933.1;931.8;8;7;7;0.0;2.0;3.0;10.0;10.0;5.0;82.33333333333333;932.6;8.333333333333334;1.6666666666666667;7
83075;2006-03-02;0;32.7;17.5;8.3;2006;3;2;-23.43;-46.46;735;82.0;69.0;50.0;934.5;934.5;933.8;3;8;5;3.0;0.0;3.0;9.0;0.0;8.0;67.0;934.2666666666668;5.666666666666667;2.0;3
83075;2006-03-03;43.8;33.6;20;6.8;2006;3;3;-23.43;-46.46;735;92.0;80.0;51.0;934.2;934.6;933.3;8;5;7;0.0;1.0;3.0;5.0;1.0;6.0;74.33333333333333;934.0333333333334;4.0;1.3333333333333333;5
83075;2006-03-04;0;24.9;17.5;5.3;2006;3;4;-23.43;-46.46;735;84.0;78.0;65.0;939.0;939.4;938.9;5;5;5;1.0;2.0;3.0;8.0;8.0;9.0;75.66666666666667;939.1;8.333333333333334;2.0;5
83075;2006-03-05;0.1;23.5;11.3;9;2006;3;5;-23.43;-46.46;735;86.0;70.0;38.0;936.8;937.0;936.1;5;7;7;1.0;1.0;3.0;10.0;0.0;0.0;64.66666666666667;936.6333333333333;3.3333333333333335;1.6666666666666667;5
83075;2006-03-06;0;21.7;13.6;5.3;2006;3;6;-23.43;-46.46;735;77.0;79.0;65.0;941.8;941.9;941.4;3;3;3;3.0;2.0;2.0;9.0;9.0;10.0;73.66666666666667;941.6999999999999;9.333333333333334;2.3333333333333335;3
83075;2006-03-07;1.6;21.2;12.7;7.2;2006;3;7;-23.43;-46.46;735;92.0;75.0;60.0;942.4;943.2;942.0;8;5;5;0.0;1.0;2.0;8.0;1.0;1.0;75.66666666666667;942.5333333333333;3.3333333333333335;1.0;5
83075;2006-03-08;0;20.8;13.1;1.3;2006;3;8;-23.43;-46.46;735;89.0;83.0;69.0;942.4;942.7;940.6;5;5;5;1.0;1.0;1.0;10.0;10.0;8.0;80.33333333333333;941.9;9.333333333333334;1.0;5
83075;2006-03-09;0;26;13.7;8.3;2006;3;9;-23.43;-46.46;735;72.0;67.0;60.0;930.1;932.6;931.9;7;7;7;3.0;2.0;2.0;10.0;4.0;6.0;66.33333333333333;931.5333333333333;6.666666666666667;2.3333333333333335;7
83075;2006-03-10;0.2;30.2;17.7;7.2;2006;3;10;-23.43;-46.46;735;86.0;81.0;65.0;933.2;934.0;933.4;8;1;5;0.0;1.0;6.0;10.0;9.0;5.0;77.33333333333333;933.5333333333333;8.0;2.3333333333333335;1
83075;2006-03-11;5.6;28.8;19;3.6;2006;3;11;-23.43;-46.46;735;89.0;81.0;71.0;931.9;933.3;932.8;8;8;5;0.0;0.0;4.0;9.0;10.0;8.0;80.33333333333333;932.6666666666666;9.0;1.3333333333333333;5
83075;2006-03-12;0;33.3;17.9;9.5;2006;3;12;-23.43;-46.46;735;84.0;71.0;52.0;935.2;935.2;934.0;3;8;7;1.0;0.0;3.0;9.0;2.0;5.0;69.0;934.8000000000001;5.333333333333333;1.3333333333333333;3
83075;2006-03-13;0;29.2;17.1;9.2;2006;3;13;-23.43;-46.46;735;81.0;65.0;57.0;935.5;935.5;934.5;5;3;5;1.0;1.0;3.0;10.0;2.0;4.0;67.66666666666667;935.1666666666666;5.333333333333333;1.6666666666666667;5
83075;2006-03-14;0;28.5;17.7;6;2006;3;14;-23.43;-46.46;735;79.0;51.0;67.0;935.0;935.4;934.3;5;5;5;1.0;1.0;2.0;4.0;8.0;8.0;65.66666666666667;934.9;6.666666666666667;1.3333333333333333;5
83075;2006-03-15;0;28.4;19.5;4.5;2006;3;15;-23.43;-46.46;735;80.0;77.0;61.0;934.8;934.9;933.8;3;3;3;3.0;2.0;3.0;9.0;9.0;5.0;72.66666666666667;934.5;7.666666666666667;2.6666666666666665;3
83075;2006-03-16;9.6;29.6;20.4;6.2;2006;3;16;-23.43;-46.46;735;83.0;75.0;64.0;934.1;934.9;934.1;5;3;7;1.0;1.0;1.0;10.0;4.0;8.0;74.0;934.3666666666667;7.333333333333333;1.0;5
83075;2006-03-17;5;30.4;18.5;8.9;2006;3;17;-23.43;-46.46;735;90.0;78.0;58.0;934.4;936.5;933.7;8;5;3;0.0;1.0;1.0;10.0;1.0;4.0;75.33333333333333;934.8666666666668;5.0;0.6666666666666666;5
83075;2006-03-18;0;30.4;20.7;5.6;2006;3;18;-23.43;-46.46;735;77.0;66.0;73.0;933.9;934.6;933.7;3;3;7;1.0;1.0;2.0;1.0;2.0;9.0;72.0;934.0666666666666;4.0;1.3333333333333333;3
83075;2006-03-19;4.3;30.5;18.7;7;2006;3;19;-23.43;-46.46;735;85.0;79.0;74.0;934.2;934.9;934.0;5;5;5;1.0;1.0;1.0;1.0;1.0;6.0;79.33333333333333;934.3666666666667;2.6666666666666665;1.0;5
83075;2006-03-20;1.4;31;19.7;9.7;2006;3;20;-23.43;-46.46;735;91.0;70.0;59.0;934.5;935.2;934.7;5;7;7;1.0;1.0;2.0;1.0;1.0;5.0;73.33333333333333;934.8000000000001;2.3333333333333335;1.3333333333333333;5
83075;2006-03-21;28.3;29.4;20;5.4;2006;3;21;-23.43;-46.46;735;86.0;80.0;63.0;934.7;935.9;935.3;8;5;7;0.0;1.0;1.0;10.0;9.0;10.0;76.33333333333333;935.2999999999998;9.666666666666666;0.6666666666666666;5
83075;2006-03-22;4.4;28.5;20.7;4;2006;3;22;-23.43;-46.46;735;85.0;82.0;69.0;935.6;936.5;935.9;5;5;7;3.0;2.0;3.0;10.0;9.0;9.0;78.66666666666667;936.0;9.333333333333334;2.6666666666666665;5
83075;2006-03-23;0.1;30.2;20.4;2.7;2006;3;23;-23.43;-46.46;735;79.0;77.0;72.0;936.1;936.5;935.3;5;3;7;3.0;2.0;1.0;9.0;9.0;9.0;76.0;935.9666666666666;9.0;2.0;5
83075;2006-03-24;0;31.2;21;7.2;2006;3;24;-23.43;-46.46;735;77.0;69.0;57.0;935.2;935.3;933.5;8;7;7;0.0;2.0;3.0;6.0;8.0;9.0;67.66666666666667;934.6666666666666;7.666666666666667;1.6666666666666667;7
83075;2006-03-25;10.4;30.9;20.2;6.7;2006;3;25;-23.43;-46.46;735;91.0;76.0;58.0;934.2;934.8;933.8;8;7;7;0.0;2.0;3.0;10.0;9.0;10.0;75.0;934.2666666666668;9.666666666666666;1.6666666666666667;7
83075;2006-03-26;12.9;24.4;17.7;0;2006;3;26;-23.43;-46.46;735;90.0;77.0;70.0;934.0;935.1;935.1;3;5;5;2.0;3.0;3.0;10.0;10.0;10.0;79.0;934.7333333333332;10.0;2.6666666666666665;3
83075;2006-03-27;1;25.8;18.5;3.6;2006;3;27;-23.43;-46.46;735;92.0;78.0;72.0;935.4;937.7;936.8;5;5;3;3.0;1.0;3.0;10.0;9.0;8.0;80.66666666666667;936.6333333333332;9.0;2.3333333333333335;5
83075;2006-03-28;0;30.5;18.5;7.2;2006;3;28;-23.43;-46.46;735;82.0;87.0;55.0;937.2;937.2;934.3;5;3;7;1.0;1.0;3.0;8.0;5.0;9.0;74.66666666666667;936.2333333333332;7.333333333333333;1.6666666666666667;5
83075;2006-03-29;43.2;25.7;18.8;0;2006;3;29;-23.43;-46.46;735;81.0;90.0;91.0;934.0;933.3;932.1;8;7;7;0.0;2.0;2.0;8.0;10.0;10.0;87.33333333333333;933.1333333333333;9.333333333333334;1.3333333333333333;7
83075;2006-03-30;48.4;24;17.5;0.6;2006;3;30;-23.43;-46.46;735;87.0;85.0;78.0;931.6;933.9;934.1;7;3;5;3.0;1.0;2.0;9.0;10.0;10.0;83.33333333333333;933.1999999999999;9.666666666666666;2.0;7
83075;2006-03-31;0;25.4;16.7;2.8;2006;3;31;-23.43;-46.46;735;75.0;73.0;72.0;934.9;937.9;938.0;3;3;3;5.0;3.0;3.0;10.0;8.0;9.0;73.33333333333333;936.9333333333334;9.0;3.6666666666666665;3
83075;2006-04-01;44.4;25.4;18.8;0.1;2006;4;1;-23.43;-46.46;735;93.0;84.0;78.0;931.9;932.4;931.6;5;7;8;1.0;1.0;0.0;10.0;10.0;10.0;85.0;931.9666666666667;10.0;0.6666666666666666;5
83075;2006-04-02;0;33.9;19.1;8.9;2006;4;2;-23.43;-46.46;735;83.0;76.0;48.0;933.9;934.1;932.9;8;3;7;0.0;1.0;3.0;1.0;9.0;4.0;69.0;933.6333333333333;4.666666666666667;1.3333333333333333;3
83075;2006-04-03;12.8;33.9;19.7;6.7;2006;4;3;-23.43;-46.46;735;87.0;80.0;51.0;934.3;934.1;932.7;8;7;7;0.0;1.0;1.0;10.0;9.0;6.0;72.66666666666667;933.7000000000002;8.333333333333334;0.6666666666666666;7
83075;2006-04-04;0;26.4;15.1;8.7;2006;4;4;-23.43;-46.46;735;78.0;69.0;61.0;939.0;938.9;937.4;5;5;5;1.0;1.0;2.0;1.0;2.0;5.0;69.33333333333333;938.4333333333334;2.6666666666666665;1.3333333333333333;5
83075;2006-04-05;0;23.6;10.3;9;2006;4;5;-23.43;-46.46;735;78.0;65.0;49.0;936.3;936.4;935.7;5;3;5;1.0;1.0;1.0;0.0;2.0;1.0;64.0;936.1333333333332;1.0;1.0;5
83075;2006-04-06;0;25.6;11.6;7.4;2006;4;6;-23.43;-46.46;735;82.0;87.0;51.0;941.2;941.4;938.0;5;5;7;1.0;1.0;1.0;0.0;8.0;6.0;73.33333333333333;940.1999999999999;4.666666666666667;1.0;5
83075;2006-04-07;0;23.8;11.5;8.4;2006;4;7;-23.43;-46.46;735;87.0;84.0;53.0;942.3;942.7;940.5;3;8;7;1.0;0.0;2.0;10.0;0.0;0.0;74.66666666666667;941.8333333333334;3.3333333333333335;1.0;3
83075;2006-04-08;0;25.8;13;8.3;2006;4;8;-23.43;-46.46;735;86.0;81.0;54.0;941.0;941.0;938.0;5;5;5;1.0;1.0;2.0;10.0;1.0;1.0;73.66666666666667;940.0;4.0;1.3333333333333333;5
83075;2006-04-09;0.1;16.9;9.1;3;2006;4;9;-23.43;-46.46;735;85.0;64.0;76.0;933.5;937.1;937.4;3;5;5;1.0;3.0;4.0;10.0;5.0;10.0;75.0;936.0;8.333333333333334;2.6666666666666665;3
83075;2006-04-10;0;29.6;17.1;7.2;2006;4;10;-23.43;-46.46;735;84.0;77.0;60.0;933.4;934.5;932.2;5;3;3;3.0;2.0;1.0;10.0;8.0;9.0;73.66666666666667;933.3666666666668;9.0;2.0;5
83075;2006-04-11;0;28.3;19.2;7.1;2006;4;11;-23.43;-46.46;735;83.0;71.0;82.0;933.6;933.6;932.0;8;3;8;0.0;1.0;0.0;10.0;9.0;9.0;78.66666666666667;933.0666666666666;9.333333333333334;0.3333333333333333;3
83075;2006-04-12;0.7;29.6;20;1.2;2006;4;12;-23.43;-46.46;735;75.0;76.0;93.0;934.2;934.6;934.0;3;7;5;3.0;1.0;3.0;5.0;10.0;10.0;81.33333333333333;934.2666666666668;8.333333333333334;2.3333333333333335;3
83075;2006-04-13;0;28.9;16.9;8.2;2006;4;13;-23.43;-46.46;735;77.0;71.0;46.0;931.2;931.5;933.1;3;7;7;1.0;1.0;2.0;2.0;0.0;2.0;64.66666666666667;931.9333333333334;1.3333333333333333;1.3333333333333333;3
83075;2006-04-14;0;28.9;17.1;8.3;2006;4;14;-23.43;-46.46;735;81.0;80.0;47.0;932.9;933.8;933.7;5;5;5;1.0;1.0;2.0;10.0;2.0;2.0;69.33333333333333;933.4666666666666;4.666666666666667;1.3333333333333333;5
83075;2006-04-15;0;26.9;18.3;1.7;2006;4;15;-23.43;-46.46;735;86.0;81.0;72.0;933.6;934.4;934.2;5;3;5;1.0;2.0;2.0;9.0;10.0;9.0;79.66666666666667;934.0666666666666;9.333333333333334;1.6666666666666667;5
83075;2006-04-16;0;26.1;18.5;0;2006;4;16;-23.43;-46.46;735;83.0;82.0;81.0;934.6;935.4;937.7;5;5;5;2.0;2.0;1.0;9.0;10.0;10.0;82.0;935.9;9.666666666666666;1.6666666666666667;5
83075;2006-04-17;0.3;21.9;15.5;0.5;2006;4;17;-23.43;-46.46;735;85.0;90.0;76.0;937.7;939.1;939.5;5;5;5;1.0;2.0;4.0;10.0;10.0;9.0;83.66666666666667;938.7666666666668;9.666666666666666;2.3333333333333335;5
83075;2006-04-18;0;20.6;14.3;1.2;2006;4;18;-23.43;-46.46;735;87.0;76.0;76.0;940.0;939.9;938.8;5;5;5;3.0;2.0;4.0;10.0;9.0;9.0;79.66666666666667;939.5666666666666;9.333333333333334;3.0;5
83075;2006-04-19;0;22.6;14.9;5.8;2006;4;19;-23.43;-46.46;735;79.0;72.0;63.0;939.2;939.5;939.3;5;3;5;3.0;3.0;3.0;10.0;6.0;2.0;71.33333333333333;939.3333333333334;6.0;3.0;5
83075;2006-04-20;0;24.9;13;7.6;2006;4;20;-23.43;-46.46;735;83.0;74.0;50.0;939.4;940.8;938.9;5;3;7;3.0;3.0;2.0;2.0;1.0;2.0;69.0;939.6999999999999;1.6666666666666667;2.6666666666666665;5
83075;2006-04-21;0;28;14.5;8.3;2006;4;21;-23.43;-46.46;735;82.0;77.0;44.0;939.1;938.9;935.6;5;8;7;1.0;0.0;3.0;8.0;0.0;4.0;67.66666666666667;937.8666666666667;4.0;1.3333333333333333;5
83075;2006-04-22;0.6;28.1;16.7;7;2006;4;22;-23.43;-46.46;735;66.0;69.0;63.0;935.7;935.7;934.5;7;7;7;3.0;3.0;1.0;2.0;8.0;8.0;66.0;935.3000000000001;6.0;2.3333333333333335;7
83075;2006-04-23;0;29.4;18.3;7.9;2006;4;23;-23.43;-46.46;735;85.0;80.0;42.0;934.9;935.1;934.9;3;7;7;1.0;1.0;3.0;10.0;1.0;0.0;69.0;934.9666666666667;3.6666666666666665;1.6666666666666667;3
83075;2006-04-24;0;28.6;14.7;8.6;2006;4;24;-23.43;-46.46;735;69.0;71.0;45.0;935.4;937.3;936.7;8;3;3;0.0;1.0;2.0;0.0;0.0;0.0;61.666666666666664;936.4666666666666;0.0;1.0;3
83075;2006-04-25;0;29.6;18.3;8.7;2006;4;25;-23.43;-46.46;735;82.0;76.0;52.0;937.2;938.0;936.1;7;3;7;1.0;3.0;3.0;10.0;1.0;2.0;70.0;937.1;4.333333333333333;2.3333333333333335;7
83075;2006-04-26;0;28.8;18.1;8.2;2006;4;26;-23.43;-46.46;735;90.0;66.0;50.0;936.2;936.7;935.1;5;7;7;1.0;3.0;3.0;0.0;1.0;6.0;68.66666666666667;936.0;2.3333333333333335;2.3333333333333335;5
83075;2006-04-27;0;23.7;16.1;6.2;2006;4;27;-23.43;-46.46;735;86.0;68.0;61.0;935.4;936.6;936.0;5;5;5;4.0;2.0;3.0;10.0;4.0;5.0;71.66666666666667;936.0;6.333333333333333;3.0;5
83075;2006-04-28;0;25.2;13.7;5.3;2006;4;28;-23.43;-46.46;735;70.0;79.0;60.0;936.3;936.7;935.9;5;5;5;3.0;2.0;3.0;8.0;2.0;8.0;69.66666666666667;936.3000000000001;6.0;2.6666666666666665;5
83075;2006-04-29;0;26.5;16.1;7;2006;4;29;-23.43;-46.46;735;81.0;75.0;62.0;935.9;936.4;935.8;5;3;5;2.0;1.0;2.0;10.0;9.0;8.0;72.66666666666667;936.0333333333333;9.0;1.6666666666666667;5
83075;2006-04-30;0;26.5;17.1;8.6;2006;4;30;-23.43;-46.46;735;85.0;80.0;65.0;935.9;935.9;935.2;5;3;5;2.0;1.0;1.0;10.0;1.0;4.0;76.66666666666667;935.6666666666666;5.0;1.3333333333333333;5
83075;2006-05-01;10.5;25.8;17.4;0;2006;5;1;-23.43;-46.46;735;92.0;83.0;77.0;931.5;932.2;931.6;5;8;7;1.0;0.0;1.0;10.0;10.0;10.0;84.0;931.7666666666668;10.0;0.6666666666666666;5
83075;2006-05-02;0;33.7;19.6;10.9;2006;5;2;-23.43;-46.46;735;80.0;69.0;49.0;932.6;933.0;932.6;5;3;3;2.0;1.0;1.0;9.0;2.0;4.0;66.0;932.7333333333332;5.0;1.3333333333333333;5
83075;2006-05-03;35.4;33.6;20.1;9.5;2006;5;3;-23.43;-46.46;735;86.0;75.0;53.0;933.4;934.0;933.0;7;7;7;2.0;2.0;2.0;10.0;4.0;8.0;71.33333333333333;933.4666666666667;7.333333333333333;2.0;7
83075;2006-05-04;0;26.9;16.4;4.6;2006;5;4;-23.43;-46.46;735;82.0;77.0;63.0;937.4;937.5;936.0;3;7;7;1.0;1.0;1.0;1.0;5.0;10.0;74.0;936.9666666666667;5.333333333333333;1.0;3
83075;2006-05-05;0;21.8;11.7;7.3;2006;5;5;-23.43;-46.46;735;81.0;86.0;64.0;935.9;937.9;937.3;5;5;5;1.0;1.0;3.0;0.0;9.0;4.0;77.0;937.0333333333333;4.333333333333333;1.6666666666666667;5
83075;2006-05-06;0;24.3;12.4;2.5;2006;5;6;-23.43;-46.46;735;83.0;81.0;60.0;938.5;938.7;937.8;8;7;7;0.0;1.0;1.0;9.0;10.0;9.0;74.66666666666667;938.3333333333334;9.333333333333334;0.6666666666666666;7
83075;2006-05-07;0;26.6;10;8.1;2006;5;7;-23.43;-46.46;735;78.0;79.0;36.0;940.9;942.0;940.4;8;8;7;0.0;0.0;1.0;0.0;0.0;0.0;64.33333333333333;941.1;0.0;0.3333333333333333;7
83075;2006-05-08;0;26.9;12.5;6.6;2006;5;8;-23.43;-46.46;735;83.0;93.0;54.0;939.4;940.4;939.5;8;3;3;0.0;1.0;1.0;0.0;10.0;1.0;76.66666666666667;939.7666666666668;3.6666666666666665;0.6666666666666666;3
83075;2006-05-09;0;16;8.6;7.6;2006;5;9;-23.43;-46.46;735;66.0;67.0;50.0;940.0;942.5;942.3;5;5;5;4.0;2.0;3.0;10.0;9.0;2.0;61.0;941.6;7.0;3.0;5
83075;2006-05-10;0.1;30;17.1;1.5;2006;5;10;-23.43;-46.46;735;86.0;74.0;59.0;934.0;934.3;934.0;3;7;7;3.0;1.0;1.0;10.0;9.0;9.0;73.0;934.1;9.333333333333334;1.6666666666666667;3
83075;2006-05-11;0;28;16.9;9.7;2006;5;11;-23.43;-46.46;735;77.0;62.0;57.0;934.1;934.3;933.1;5;3;5;1.0;2.0;2.0;6.0;4.0;5.0;65.33333333333333;933.8333333333334;5.0;1.6666666666666667;5
83075;2006-05-12;49.7;30.9;19.1;3.3;2006;5;12;-23.43;-46.46;735;89.0;82.0;61.0;934.2;935.0;934.1;8;7;7;0.0;1.0;2.0;10.0;10.0;5.0;77.33333333333333;934.4333333333334;8.333333333333334;1.0;7
83075;2006-05-13;0.2;21.5;12.3;6.8;2006;5;13;-23.43;-46.46;735;84.0;75.0;62.0;937.4;938.9;938.8;3;5;3;3.0;2.0;3.0;10.0;2.0;4.0;73.66666666666667;938.3666666666667;5.333333333333333;2.6666666666666665;3
83075;2006-05-14;0;21.3;12.6;5;2006;5;14;-23.43;-46.46;735;85.0;82.0;64.0;940.4;942.1;941.9;5;5;5;3.0;2.0;2.0;2.0;10.0;5.0;77.0;941.4666666666667;5.666666666666667;2.3333333333333335;5
83075;2006-05-17;0;24.4;13.3;8.1;2006;5;17;-23.43;-46.46;735;80.0;75.0;58.0;941.1;941.4;940.0;3;3;7;3.0;2.0;1.0;10.0;2.0;1.0;71.0;940.8333333333334;4.333333333333333;2.0;3
83075;2006-05-18;0;25;12.2;8.9;2006;5;18;-23.43;-46.46;735;84.0;79.0;52.0;940.4;940.8;939.2;8;5;7;0.0;1.0;2.0;0.0;1.0;1.0;71.66666666666667;940.1333333333332;0.6666666666666666;1.0;5
83075;2006-05-19;0;26.4;12.5;8.7;2006;5;19;-23.43;-46.46;735;76.0;76.0;46.0;939.2;939.1;935.7;8;8;7;0.0;0.0;1.0;0.0;0.0;1.0;66.0;938.0;0.3333333333333333;0.3333333333333333;7
83075;2006-05-20;0;22;13.3;0.4;2006;5;20;-23.43;-46.46;735;68.0;74.0;57.0;934.6;935.8;934.8;8;8;7;0.0;0.0;3.0;2.0;9.0;10.0;66.33333333333333;935.0666666666666;7.0;1.0;7
83075;2006-05-21;0;24.8;15.8;4.4;2006;5;21;-23.43;-46.46;735;74.0;74.0;66.0;934.9;935.1;934.8;7;7;7;1.0;3.0;1.0;10.0;4.0;10.0;71.33333333333333;934.9333333333334;8.0;1.6666666666666667;7
83075;2006-05-22;0;20.6;15.8;0;2006;5;22;-23.43;-46.46;735;85.0;86.0;81.0;935.8;938.3;938.5;5;5;5;3.0;1.0;3.0;10.0;10.0;10.0;84.0;937.5333333333333;10.0;2.3333333333333335;5
83075;2006-05-23;9.6;18.4;13.7;0;2006;5;23;-23.43;-46.46;735;90.0;90.0;88.0;939.2;941.4;941.4;5;5;5;2.0;1.0;2.0;10.0;10.0;10.0;89.33333333333333;940.6666666666666;10.0;1.6666666666666667;5
83075;2006-05-24;4.9;16.4;13.2;0;2006;5;24;-23.43;-46.46;735;89.0;85.0;81.0;941.8;943.0;942.1;5;5;5;2.0;1.0;3.0;10.0;10.0;10.0;85.0;942.3000000000001;10.0;2.0;5
83075;2006-05-25;0;18.6;12.7;0;2006;5;25;-23.43;-46.46;735;79.0;80.0;77.0;942.1;942.2;940.8;3;5;3;2.0;2.0;1.0;10.0;10.0;10.0;78.66666666666667;941.7000000000002;10.0;1.6666666666666667;3
83075;2006-05-26;0;24.2;13.7;5.2;2006;5;26;-23.43;-46.46;735;86.0;84.0;59.0;941.1;941.0;939.8;5;3;7;2.0;1.0;1.0;10.0;10.0;1.0;76.33333333333333;940.6333333333332;7.0;1.3333333333333333;5
83075;2006-05-27;0;26.3;12.3;6.7;2006;5;27;-23.43;-46.46;735;90.0;93.0;56.0;939.4;939.7;938.3;8;5;7;0.0;2.0;3.0;10.0;10.0;1.0;79.66666666666667;939.1333333333332;7.0;1.6666666666666667;5
83075;2006-05-28;0;26.7;12.5;8.7;2006;5;28;-23.43;-46.46;735;81.0;76.0;57.0;938.4;938.6;938.3;7;7;7;1.0;1.0;1.0;0.0;0.0;1.0;71.33333333333333;938.4333333333334;0.3333333333333333;1.0;7
83075;2006-05-29;0;25;14.3;8.2;2006;5;29;-23.43;-46.46;735;81.0;77.0;59.0;938.3;940.3;939.1;5;3;5;1.0;2.0;1.0;0.0;0.0;0.0;72.33333333333333;939.2333333333332;0.0;1.3333333333333333;5
83075;2006-05-30;0;27.3;13.9;7.1;2006;5;30;-23.43;-46.46;735;88.0;88.0;47.0;938.9;939.2;937.9;8;3;7;0.0;1.0;1.0;2.0;9.0;1.0;74.33333333333333;938.6666666666666;4.0;0.6666666666666666;3
83075;2006-05-31;0;27.4;14;8.6;2006;5;31;-23.43;-46.46;735;77.0;63.0;44.0;938.0;938.4;937.2;8;7;7;0.0;1.0;3.0;0.0;5.0;4.0;61.333333333333336;937.8666666666668;3.0;1.3333333333333333;7
83075;2006-06-01;0;27.8;18.4;0;2006;6;1;-23.43;-46.46;735;88.0;74.0;66.0;931.9;932.9;932.7;3;8;8;1.0;0.0;0.0;10.0;10.0;10.0;76.0;932.5;10.0;0.3333333333333333;3
83075;2006-06-02;0;34.3;23.3;8.6;2006;6;2;-23.43;-46.46;735;71.0;59.0;46.0;932.9;933.3;931.5;7;7;7;1.0;2.0;2.0;4.0;8.0;6.0;58.666666666666664;932.5666666666666;6.0;1.6666666666666667;7
83075;2006-06-03;9;28.4;19.5;2.3;2006;6;3;-23.43;-46.46;735;75.0;88.0;80.0;932.9;933.0;931.1;7;7;3;3.0;1.0;1.0;9.0;9.0;9.0;81.0;932.3333333333334;9.0;1.6666666666666667;7
83075;2006-06-04;0;25.6;18.3;0;2006;6;4;-23.43;-46.46;735;84.0;81.0;69.0;936.1;936.1;935.1;5;7;5;2.0;1.0;3.0;10.0;10.0;10.0;78.0;935.7666666666668;10.0;2.0;5
83075;2006-06-05;0;23.7;12.8;6.5;2006;6;5;-23.43;-46.46;735;82.0;76.0;63.0;937.6;938.6;938.3;5;3;5;2.0;1.0;3.0;2.0;9.0;5.0;73.66666666666667;938.1666666666666;5.333333333333333;2.0;5
83075;2006-06-06;0;23.6;15.7;4.6;2006;6;6;-23.43;-46.46;735;84.0;79.0;62.0;938.3;939.1;938.7;3;3;5;1.0;1.0;1.0;10.0;9.0;6.0;75.0;938.7000000000002;8.333333333333334;1.0;3
83075;2006-06-07;0;23.2;10.2;7.9;2006;6;7;-23.43;-46.46;735;84.0;80.0;51.0;941.2;941.9;941.4;8;3;3;0.0;1.0;1.0;0.0;0.0;0.0;71.66666666666667;941.5;0.0;0.6666666666666666;3
83075;2006-06-08;0;26.9;13.5;8.9;2006;6;8;-23.43;-46.46;735;82.0;73.0;55.0;939.8;940.2;939.6;3;5;5;1.0;1.0;1.0;0.0;0.0;1.0;70.0;939.8666666666667;0.3333333333333333;1.0;3
83075;2006-06-09;0;17.2;5.7;4;2006;6;9;-23.43;-46.46;735;68.0;78.0;65.0;942.6;944.8;943.4;3;3;5;4.0;2.0;5.0;0.0;10.0;4.0;70.33333333333333;943.6;4.666666666666667;3.6666666666666665;3
83075;2006-06-10;0.6;25.8;16.7;1.3;2006;6;10;-23.43;-46.46;735;84.0;86.0;72.0;933.9;935.0;934.6;1;5;5;1.0;2.0;3.0;9.0;10.0;10.0;80.66666666666667;934.5;9.666666666666666;2.0;1
83075;2006-06-11;0;30.8;16.7;4.6;2006;6;11;-23.43;-46.46;735;80.0;72.0;58.0;933.5;932.4;930.0;5;3;7;3.0;1.0;3.0;9.0;10.0;8.0;70.0;931.9666666666667;9.0;2.3333333333333335;5
83075;2006-06-12;0.4;29.6;18.6;0.7;2006;6;12;-23.43;-46.46;735;78.0;77.0;68.0;934.2;933.7;931.4;3;7;7;1.0;1.0;2.0;10.0;10.0;9.0;74.33333333333333;933.1;9.666666666666666;1.3333333333333333;3
83075;2006-06-13;0;25;14;6.2;2006;6;13;-23.43;-46.46;735;86.0;78.0;55.0;941.8;943.0;942.1;3;3;8;1.0;3.0;0.0;10.0;9.0;1.0;73.0;942.3000000000001;6.666666666666667;1.3333333333333333;3
83075;2006-06-14;0;25.3;12.3;6.4;2006;6;14;-23.43;-46.46;735;78.0;91.0;50.0;942.1;942.7;941.0;8;7;7;0.0;1.0;1.0;0.0;10.0;0.0;73.0;941.9333333333334;3.3333333333333335;0.6666666666666666;7
83075;2006-06-15;0;26.1;11.5;8.3;2006;6;15;-23.43;-46.46;735;70.0;74.0;47.0;941.1;941.0;939.7;8;5;7;0.0;1.0;1.0;0.0;0.0;0.0;63.666666666666664;940.6;0.0;0.6666666666666666;5
83075;2006-06-16;0;21.8;11.1;2.3;2006;6;16;-23.43;-46.46;735;77.0;77.0;79.0;939.7;941.2;940.8;8;7;5;0.0;1.0;3.0;0.0;9.0;10.0;77.66666666666667;940.5666666666666;6.333333333333333;1.3333333333333333;7
83075;2006-06-17;0;21.9;13.4;5;2006;6;17;-23.43;-46.46;735;82.0;84.0;65.0;941.5;941.9;940.8;5;3;8;1.0;3.0;0.0;10.0;10.0;10.0;77.0;941.4;10.0;1.3333333333333333;5
83075;2006-06-18;0;23.2;13.1;4.5;2006;6;18;-23.43;-46.46;735;85.0;86.0;64.0;941.6;942.2;941.6;5;8;3;1.0;0.0;3.0;10.0;9.0;4.0;78.33333333333333;941.8000000000001;7.666666666666667;1.3333333333333333;5
83075;2006-06-19;0;25.6;13.9;6.8;2006;6;19;-23.43;-46.46;735;88.0;83.0;51.0;941.8;941.9;939.9;3;3;5;1.0;2.0;1.0;10.0;9.0;1.0;74.0;941.1999999999999;6.666666666666667;1.3333333333333333;3
83075;2006-06-20;0;26;12.2;8.2;2006;6;20;-23.43;-46.46;735;75.0;78.0;51.0;940.3;941.7;940.5;8;5;7;0.0;1.0;1.0;6.0;0.0;1.0;68.0;940.8333333333334;2.3333333333333335;0.6666666666666666;5
83075;2006-06-21;0;25.1;13.3;8.2;2006;6;21;-23.43;-46.46;735;77.0;76.0;44.0;940.9;940.8;940.1;8;5;7;0.0;1.0;5.0;0.0;0.0;1.0;65.66666666666667;940.5999999999999;0.3333333333333333;2.0;5
83075;2006-06-22;0;26.2;12.5;8.2;2006;6;22;-23.43;-46.46;735;66.0;66.0;47.0;940.2;941.2;940.4;8;3;3;0.0;1.0;1.0;0.0;1.0;1.0;59.666666666666664;940.6;0.6666666666666666;0.6666666666666666;3
83075;2006-06-23;0;26.6;12.8;7.9;2006;6;23;-23.43;-46.46;735;84.0;78.0;48.0;940.8;941.9;941.4;5;5;3;2.0;1.0;3.0;0.0;0.0;1.0;70.0;941.3666666666667;0.3333333333333333;2.0;5
83075;2006-06-24;0;25.1;12.5;5.6;2006;6;24;-23.43;-46.46;735;87.0;85.0;44.0;941.5;941.9;939.6;5;3;3;2.0;1.0;3.0;0.0;10.0;0.0;72.0;941.0;3.3333333333333335;2.0;5
83075;2006-06-25;0;26;13.1;7;2006;6;25;-23.43;-46.46;735;75.0;70.0;43.0;939.6;939.9;939.5;3;3;3;1.0;1.0;2.0;0.0;4.0;9.0;62.666666666666664;939.6666666666666;4.333333333333333;1.3333333333333333;3
83075;2006-06-26;13.8;20.7;14.2;0.7;2006;6;26;-23.43;-46.46;735;90.0;91.0;74.0;937.6;936.3;934.0;7;7;7;1.0;3.0;3.0;1.0;10.0;9.0;85.0;935.9666666666667;6.666666666666667;2.3333333333333335;7
83075;2006-06-27;4.9;19.8;11;7.6;2006;6;27;-23.43;-46.46;735;84.0;79.0;59.0;934.1;937.4;938.2;7;7;5;3.0;1.0;4.0;1.0;6.0;2.0;74.0;936.5666666666666;3.0;2.6666666666666665;7
83075;2006-06-28;0;16.8;9.6;2.4;2006;6;28;-23.43;-46.46;735;75.0;83.0;63.0;941.3;943.8;943.5;5;3;3;3.0;2.0;3.0;5.0;10.0;8.0;73.66666666666667;942.8666666666667;7.666666666666667;2.6666666666666665;5
83075;2006-06-29;0;19.2;9.7;5.6;2006;6;29;-23.43;-46.46;735;86.0;78.0;68.0;943.9;943.7;941.8;5;5;5;2.0;2.0;3.0;10.0;9.0;9.0;77.33333333333333;943.1333333333332;9.333333333333334;2.3333333333333335;5
83075;2006-06-30;0;21.8;11.1;4.5;2006;6;30;-23.43;-46.46;735;83.0;92.0;68.0;941.9;942.9;942.0;5;5;8;3.0;1.0;0.0;10.0;10.0;1.0;81.0;942.2666666666668;7.0;1.3333333333333333;5
83075;2006-07-01;0;29.6;18.1;4;2006;7;1;-23.43;-46.46;735;86.0;76.0;71.0;933.1;934.8;934.3;8;5;5;0.0;1.0;3.0;10.0;9.0;6.0;77.66666666666667;934.0666666666666;8.333333333333334;1.3333333333333333;5
83075;2006-07-02;7.8;32.7;21.3;4.5;2006;7;2;-23.43;-46.46;735;77.0;68.0;59.0;931.7;931.7;930.0;5;7;7;3.0;1.0;3.0;6.0;8.0;10.0;68.0;931.1333333333333;8.0;2.3333333333333335;5
83075;2006-07-03;25.8;28.6;19.5;3.5;2006;7;3;-23.43;-46.46;735;89.0;78.0;69.0;931.4;932.2;931.4;5;7;7;1.0;1.0;1.0;10.0;10.0;5.0;78.66666666666667;931.6666666666666;8.333333333333334;1.0;5
83075;2006-07-04;18.7;25.4;18;3.9;2006;7;4;-23.43;-46.46;735;87.0;79.0;73.0;935.4;935.5;934.7;3;3;7;1.0;2.0;1.0;10.0;5.0;9.0;79.66666666666667;935.2000000000002;8.0;1.3333333333333333;3
83075;2006-07-05;0;21.8;12.7;3.7;2006;7;5;-23.43;-46.46;735;83.0;75.0;72.0;938.2;938.8;938.5;3;3;5;1.0;1.0;1.0;9.0;5.0;9.0;76.66666666666667;938.5;7.666666666666667;1.0;3
83075;2006-07-06;0;25.6;15.1;5.9;2006;7;6;-23.43;-46.46;735;84.0;86.0;57.0;938.8;939.9;939.2;5;5;5;2.0;1.0;1.0;10.0;10.0;1.0;75.66666666666667;939.2999999999998;7.0;1.3333333333333333;5
83075;2006-07-07;0;24.9;10.3;7.1;2006;7;7;-23.43;-46.46;735;88.0;91.0;57.0;941.5;941.6;939.5;8;3;3;0.0;1.0;1.0;0.0;1.0;0.0;78.66666666666667;940.8666666666667;0.3333333333333333;0.6666666666666666;3
83075;2006-07-08;0;29.4;13.7;9.2;2006;7;8;-23.43;-46.46;735;76.0;66.0;35.0;939.4;939.8;938.8;5;5;3;1.0;1.0;1.0;0.0;0.0;0.0;59.0;939.3333333333334;0.0;1.0;5
83075;2006-07-09;0;23.5;9.2;8.8;2006;7;9;-23.43;-46.46;735;79.0;67.0;54.0;943.2;943.6;941.0;3;3;3;5.0;1.0;3.0;10.0;2.0;2.0;66.66666666666667;942.6;4.666666666666667;3.0;3
83075;2006-07-10;4.1;25.8;16.3;1;2006;7;10;-23.43;-46.46;735;88.0;92.0;71.0;935.0;935.9;935.1;5;5;3;3.0;1.0;2.0;10.0;10.0;10.0;83.66666666666667;935.3333333333334;10.0;2.0;5
83075;2006-07-11;9.8;22.2;15.5;0.5;2006;7;11;-23.43;-46.46;735;87.0;77.0;64.0;930.1;932.8;932.9;7;5;5;1.0;3.0;5.0;8.0;10.0;9.0;76.0;931.9333333333334;9.0;3.0;7
83075;2006-07-12;15.1;25.5;17.1;3.3;2006;7;12;-23.43;-46.46;735;92.0;76.0;68.0;931.5;931.5;930.8;7;5;5;1.0;1.0;3.0;9.0;10.0;6.0;78.66666666666667;931.2666666666668;8.333333333333334;1.6666666666666667;7
83075;2006-07-13;0;26.3;12.9;7.9;2006;7;13;-23.43;-46.46;735;85.0;88.0;50.0;941.1;942.0;941.3;8;8;5;0.0;0.0;1.0;0.0;0.0;0.0;74.33333333333333;941.4666666666666;0.0;0.3333333333333333;5
83075;2006-07-14;0;25.5;12.8;8.6;2006;7;14;-23.43;-46.46;735;80.0;78.0;55.0;941.5;942.3;941.4;8;3;8;0.0;1.0;0.0;0.0;0.0;1.0;71.0;941.7333333333332;0.3333333333333333;0.3333333333333333;3
83075;2006-07-15;0;22.5;13.3;4.5;2006;7;15;-23.43;-46.46;735;72.0;84.0;69.0;941.7;944.7;945.0;3;5;5;1.0;3.0;2.0;0.0;10.0;4.0;75.0;943.8000000000001;4.666666666666667;2.0;3
83075;2006-07-16;0;22.5;13;7.4;2006;7;16;-23.43;-46.46;735;83.0;85.0;60.0;944.9;945.2;944.1;2;3;3;2.0;2.0;2.0;4.0;9.0;1.0;76.0;944.7333333333332;4.666666666666667;2.0;2
83075;2006-07-17;0;24.3;10.7;7;2006;7;17;-23.43;-46.46;735;84.0;87.0;56.0;944.7;945.1;941.7;3;3;7;1.0;1.0;1.0;1.0;10.0;1.0;75.66666666666667;943.8333333333334;4.0;1.0;3
83075;2006-07-18;0;25.5;11.4;7.4;2006;7;18;-23.43;-46.46;735;88.0;89.0;50.0;942.0;942.2;939.5;5;3;7;1.0;1.0;2.0;4.0;9.0;1.0;75.66666666666667;941.2333333333332;4.666666666666667;1.3333333333333333;5
83075;2006-07-19;0;26.2;10.8;8.3;2006;7;19;-23.43;-46.46;735;84.0;82.0;44.0;939.5;939.7;937.9;8;8;7;0.0;0.0;3.0;0.0;0.0;0.0;70.0;939.0333333333333;0.0;1.0;7
83075;2006-07-20;0;26.6;11.1;9;2006;7;20;-23.43;-46.46;735;76.0;73.0;42.0;938.0;938.9;938.5;8;8;7;0.0;0.0;3.0;0.0;0.0;0.0;63.666666666666664;938.4666666666667;0.0;1.0;7
83075;2006-07-21;0;28;11.3;9;2006;7;21;-23.43;-46.46;735;67.0;68.0;39.0;938.5;939.4;939.0;8;8;7;0.0;0.0;3.0;0.0;0.0;0.0;58.0;938.9666666666667;0.0;1.0;7
83075;2006-07-23;0;28.5;12.7;9.1;2006;7;23;-23.43;-46.46;735;69.0;67.0;41.0;938.0;938.6;937.6;8;8;7;0.0;0.0;1.0;0.0;0.0;0.0;59.0;938.0666666666666;0.0;0.3333333333333333;7
83075;2006-07-25;0;28.7;14.1;8.9;2006;7;25;-23.43;-46.46;735;72.0;67.0;42.0;937.4;937.7;936.7;8;8;7;0.0;0.0;1.0;0.0;4.0;4.0;60.333333333333336;937.2666666666668;2.6666666666666665;0.3333333333333333;7
83075;2006-07-26;0;28.7;12.9;6.6;2006;7;26;-23.43;-46.46;735;65.0;68.0;38.0;937.1;937.0;936.6;8;8;7;0.0;0.0;4.0;0.0;10.0;8.0;57.0;936.9;6.0;1.3333333333333333;7
83075;2006-07-27;0;29.2;13.2;6.8;2006;7;27;-23.43;-46.46;735;68.0;62.0;36.0;935.7;936.3;935.1;8;8;7;0.0;0.0;3.0;0.0;9.0;9.0;55.333333333333336;935.6999999999999;6.0;1.0;7
83075;2006-07-28;0;30.7;16.8;6.9;2006;7;28;-23.43;-46.46;735;71.0;72.0;41.0;935.3;935.6;934.3;8;8;7;0.0;0.0;4.0;0.0;9.0;8.0;61.333333333333336;935.0666666666666;5.666666666666667;1.3333333333333333;7
83075;2006-07-29;7.6;25.4;13;0.2;2006;7;29;-23.43;-46.46;735;61.0;86.0;86.0;933.8;934.4;934.4;7;5;5;1.0;1.0;4.0;6.0;10.0;10.0;77.66666666666667;934.1999999999999;8.666666666666666;2.0;7
83075;2006-07-30;0;15.6;10.4;0;2006;7;30;-23.43;-46.46;735;85.0;82.0;87.0;935.6;939.8;938.5;5;5;5;1.0;2.0;2.0;10.0;10.0;10.0;84.66666666666667;937.9666666666667;10.0;1.6666666666666667;5
83075;2006-07-31;12.4;14.6;10.3;0;2006;7;31;-23.43;-46.46;735;92.0;87.0;89.0;939.7;941.7;941.4;8;3;5;0.0;2.0;3.0;10.0;10.0;10.0;89.33333333333333;940.9333333333334;10.0;1.6666666666666667;3
83075;2006-08-01;0;31.3;18.3;5.9;2006;8;1;-23.43;-46.46;735;82.0;77.0;70.0;934.8;935.3;934.4;3;3;5;2.0;1.0;3.0;5.0;8.0;9.0;76.33333333333333;934.8333333333334;7.333333333333333;2.0;3
83075;2006-08-02;8.3;31.1;21.1;6;2006;8;2;-23.43;-46.46;735;89.0;70.0;70.0;930.2;931.8;931.4;8;7;5;0.0;2.0;2.0;10.0;6.0;9.0;76.33333333333333;931.1333333333333;8.333333333333334;1.3333333333333333;7
83075;2006-08-03;4.2;32.6;18.1;6.4;2006;8;3;-23.43;-46.46;735;88.0;85.0;54.0;931.5;932.5;930.7;8;7;7;0.0;1.0;2.0;10.0;2.0;8.0;75.66666666666667;931.5666666666666;6.666666666666667;1.0;7
83075;2006-08-04;0.1;29.4;18;7.4;2006;8;4;-23.43;-46.46;735;88.0;74.0;62.0;934.9;935.0;933.2;8;8;7;0.0;0.0;2.0;10.0;1.0;9.0;74.66666666666667;934.3666666666668;6.666666666666667;0.6666666666666666;7
83075;2006-08-05;0;21.4;14.4;1;2006;8;5;-23.43;-46.46;735;75.0;84.0;70.0;939.1;939.1;937.5;8;3;3;0.0;2.0;1.0;10.0;10.0;9.0;76.33333333333333;938.5666666666666;9.666666666666666;1.0;3
83075;2006-08-06;0;23.4;13.5;4.8;2006;8;6;-23.43;-46.46;735;75.0;90.0;58.0;940.8;940.7;939.6;8;5;3;0.0;1.0;1.0;0.0;10.0;1.0;74.33333333333333;940.3666666666667;3.6666666666666665;0.6666666666666666;5
83075;2006-08-07;0;27.5;12.1;8.4;2006;8;7;-23.43;-46.46;735;83.0;78.0;54.0;940.8;939.6;937.1;8;8;7;0.0;0.0;1.0;0.0;0.0;0.0;71.66666666666667;939.1666666666666;0.0;0.3333333333333333;7
83075;2006-08-08;0;29.3;14.5;9.1;2006;8;8;-23.43;-46.46;735;68.0;62.0;42.0;938.8;939.5;937.2;8;3;7;0.0;1.0;1.0;0.0;0.0;0.0;57.333333333333336;938.5;0.0;0.6666666666666666;3
83075;2006-08-09;0;27;12.7;8;2006;8;9;-23.43;-46.46;735;82.0;81.0;46.0;941.3;941.8;939.1;3;3;3;2.0;3.0;2.0;10.0;4.0;5.0;69.66666666666667;940.7333333333332;6.333333333333333;2.3333333333333335;3
83075;2006-08-10;0;25.3;16.9;6.2;2006;8;10;-23.43;-46.46;735;90.0;73.0;63.0;935.7;937.0;936.7;3;3;3;1.0;1.0;3.0;10.0;10.0;9.0;75.33333333333333;936.4666666666667;9.666666666666666;1.6666666666666667;3
83075;2006-08-11;0.6;20.4;14.7;0.2;2006;8;11;-23.43;-46.46;735;84.0;67.0;72.0;933.1;934.7;934.6;5;5;5;3.0;3.0;3.0;10.0;9.0;9.0;74.33333333333333;934.1333333333333;9.333333333333334;3.0;5
83075;2006-08-12;0;28.3;17.4;5.8;2006;8;12;-23.43;-46.46;735;81.0;72.0;47.0;932.0;933.1;931.5;3;3;5;1.0;1.0;1.0;10.0;9.0;8.0;66.66666666666667;932.1999999999999;9.0;1.0;3
83075;2006-08-13;0;29.6;15.8;5.4;2006;8;13;-23.43;-46.46;735;68.0;70.0;41.0;937.0;937.8;936.8;5;8;7;1.0;0.0;2.0;0.0;9.0;9.0;59.666666666666664;937.1999999999999;6.0;1.0;5
83075;2006-08-14;0;29.8;15.8;8.7;2006;8;14;-23.43;-46.46;735;70.0;60.0;38.0;937.0;937.0;935.8;8;5;7;0.0;1.0;3.0;4.0;1.0;8.0;56.0;936.6;4.333333333333333;1.3333333333333333;5
83075;2006-08-15;0;31.4;17.1;7.4;2006;8;15;-23.43;-46.46;735;64.0;59.0;40.0;935.8;936.7;935.4;8;7;5;0.0;1.0;1.0;0.0;8.0;8.0;54.333333333333336;935.9666666666667;5.333333333333333;0.6666666666666666;7
83075;2006-08-16;0;31.6;17.2;8;2006;8;16;-23.43;-46.46;735;67.0;68.0;36.0;935.6;935.8;934.4;5;5;7;2.0;1.0;2.0;6.0;4.0;1.0;57.0;935.2666666666668;3.6666666666666665;1.6666666666666667;5
83075;2006-08-17;0;24.6;16.8;4.5;2006;8;17;-23.43;-46.46;735;91.0;71.0;74.0;936.3;937.8;937.6;5;5;5;1.0;3.0;4.0;0.0;0.0;10.0;78.66666666666667;937.2333333333332;3.3333333333333335;2.6666666666666665;5
83075;2006-08-18;0;25.8;16.5;3.4;2006;8;18;-23.43;-46.46;735;82.0;83.0;76.0;939.4;938.3;937.5;3;5;5;1.0;2.0;5.0;10.0;10.0;10.0;80.33333333333333;938.4;10.0;2.6666666666666665;3
83075;2006-08-19;0;21.3;15.7;0;2006;8;19;-23.43;-46.46;735;82.0;84.0;79.0;937.9;937.5;936.3;3;5;5;1.0;1.0;2.0;5.0;10.0;10.0;81.66666666666667;937.2333333333332;8.333333333333334;1.3333333333333333;3
83075;2006-08-20;0;24.3;14.3;5.7;2006;8;20;-23.43;-46.46;735;84.0;83.0;56.0;936.2;936.2;934.8;8;5;7;0.0;1.0;2.0;10.0;8.0;8.0;74.33333333333333;935.7333333333332;8.666666666666666;1.0;5
83075;2006-08-21;0.1;19.5;10.3;7.7;2006;8;21;-23.43;-46.46;735;83.0;71.0;64.0;936.0;938.6;939.2;5;5;5;2.0;2.0;4.0;2.0;6.0;4.0;72.66666666666667;937.9333333333334;4.0;2.6666666666666665;5
83075;2006-08-22;0;22.2;7.7;8.5;2006;8;22;-23.43;-46.46;735;77.0;60.0;51.0;940.2;941.1;939.9;5;3;5;3.0;2.0;4.0;10.0;0.0;1.0;62.666666666666664;940.4000000000001;3.6666666666666665;3.0;5
83075;2006-08-23;0;26.9;8.8;7.2;2006;8;23;-23.43;-46.46;735;81.0;86.0;38.0;939.8;940.2;938.3;8;5;7;0.0;1.0;1.0;0.0;5.0;0.0;68.33333333333333;939.4333333333334;1.6666666666666667;0.6666666666666666;5
83075;2006-08-24;0;27.4;9.7;8.5;2006;8;24;-23.43;-46.46;735;64.0;63.0;42.0;938.7;940.0;939.4;8;5;5;0.0;1.0;1.0;0.0;0.0;0.0;56.333333333333336;939.3666666666667;0.0;0.6666666666666666;5
83075;2006-08-25;0;29.5;14.5;8;2006;8;25;-23.43;-46.46;735;84.0;75.0;38.0;939.6;940.2;937.9;5;5;5;2.0;2.0;1.0;10.0;0.0;1.0;65.66666666666667;939.2333333333335;3.6666666666666665;1.6666666666666667;5
83075;2006-08-26;0;30.5;15.1;8.6;2006;8;26;-23.43;-46.46;735;65.0;57.0;38.0;937.8;938.3;933.1;8;3;7;0.0;1.0;3.0;0.0;0.0;0.0;53.333333333333336;936.4;0.0;1.3333333333333333;3
83075;2006-08-27;0.8;25.6;16.4;5.3;2006;8;27;-23.43;-46.46;735;57.0;76.0;68.0;932.2;932.2;931.5;7;7;7;1.0;4.0;4.0;4.0;10.0;4.0;67.0;931.9666666666667;6.0;3.0;7
83075;2006-08-28;0;25.1;14.8;4.8;2006;8;28;-23.43;-46.46;735;72.0;69.0;63.0;932.3;935.6;935.1;7;5;5;1.0;1.0;3.0;2.0;6.0;1.0;68.0;934.3333333333334;3.0;1.6666666666666667;7
83075;2006-08-29;0;20.4;9.4;0;2006;8;29;-23.43;-46.46;735;83.0;77.0;74.0;935.6;940.4;941.0;5;5;5;1.0;5.0;5.0;10.0;10.0;10.0;78.0;939.0;10.0;3.6666666666666665;5
83075;2006-08-30;0;21.6;8.4;8.7;2006;8;30;-23.43;-46.46;735;78.0;71.0;55.0;941.7;942.4;940.7;5;3;3;5.0;5.0;5.0;0.0;6.0;1.0;68.0;941.6;2.3333333333333335;5.0;5
83075;2006-08-31;0;27.6;10.1;7.3;2006;8;31;-23.43;-46.46;735;82.0;71.0;47.0;940.9;939.5;936.0;3;3;5;2.0;2.0;3.0;1.0;9.0;9.0;66.66666666666667;938.8000000000001;6.333333333333333;2.3333333333333335;3
83075;2006-09-01;0;31.9;19.1;7.8;2006;9;1;-23.43;-46.46;735;77.0;69.0;56.0;934.6;935.3;934.3;8;7;7;0.0;1.0;1.0;0.0;8.0;6.0;67.33333333333333;934.7333333333332;4.666666666666667;0.6666666666666666;7
83075;2006-09-02;24.1;29.9;20.9;2.5;2006;9;2;-23.43;-46.46;735;84.0;77.0;74.0;931.9;934.1;934.2;5;5;3;1.0;1.0;3.0;10.0;9.0;10.0;78.33333333333333;933.4;9.666666666666666;1.6666666666666667;5
83075;2006-09-03;93.8;32.4;17.7;9.5;2006;9;3;-23.43;-46.46;735;93.0;82.0;52.0;931.0;931.6;930.8;8;5;7;0.0;1.0;2.0;6.0;0.0;5.0;75.66666666666667;931.1333333333332;3.6666666666666665;1.0;5
83075;2006-09-04;73.5;29.7;17.5;6;2006;9;4;-23.43;-46.46;735;87.0;90.0;69.0;933.4;933.4;929.7;5;3;5;1.0;1.0;3.0;10.0;9.0;8.0;82.0;932.1666666666666;9.0;1.6666666666666667;5
83075;2006-09-05;0;22.2;14;4.1;2006;9;5;-23.43;-46.46;735;84.0;75.0;61.0;937.8;938.1;937.2;5;3;5;1.0;1.0;3.0;10.0;4.0;6.0;73.33333333333333;937.7000000000002;6.666666666666667;1.6666666666666667;5
83075;2006-09-06;0;24.2;12.7;6.1;2006;9;6;-23.43;-46.46;735;79.0;88.0;56.0;939.7;940.4;938.3;5;3;3;1.0;2.0;1.0;0.0;10.0;1.0;74.33333333333333;939.4666666666666;3.6666666666666665;1.3333333333333333;5
83075;2006-09-07;0;28;14.7;7.8;2006;9;7;-23.43;-46.46;735;75.0;62.0;56.0;936.7;936.9;936.4;8;7;7;0.0;1.0;2.0;4.0;1.0;5.0;64.33333333333333;936.6666666666666;3.3333333333333335;1.0;7
83075;2006-09-08;0;28.4;14.6;6.6;2006;9;8;-23.43;-46.46;735;79.0;49.0;37.0;937.5;937.9;936.4;8;7;7;0.0;2.0;3.0;0.0;0.0;9.0;55.0;937.2666666666668;3.0;1.6666666666666667;7
83075;2006-09-09;0;29.4;13;8.5;2006;9;9;-23.43;-46.46;735;72.0;65.0;43.0;939.4;938.7;937.5;8;8;7;0.0;0.0;5.0;0.0;1.0;9.0;60.0;938.5333333333333;3.3333333333333335;1.6666666666666667;7
83075;2006-09-10;0;27.3;16.5;4.3;2006;9;10;-23.43;-46.46;735;81.0;75.0;59.0;937.6;938.9;938.3;3;3;3;1.0;3.0;2.0;10.0;10.0;8.0;71.66666666666667;938.2666666666668;9.333333333333334;2.0;3
83075;2006-09-11;0;23.2;12.7;7.1;2006;9;11;-23.43;-46.46;735;75.0;64.0;58.0;934.3;934.8;933.9;5;5;5;5.0;3.0;3.0;8.0;6.0;6.0;65.66666666666667;934.3333333333334;6.666666666666667;3.6666666666666665;5
83075;2006-09-12;0;26.5;17.3;0.1;2006;9;12;-23.43;-46.46;735;81.0;80.0;71.0;932.6;933.1;932.4;5;5;5;1.0;1.0;3.0;8.0;9.0;10.0;77.33333333333333;932.6999999999999;9.0;1.6666666666666667;5
83075;2006-09-13;0;33.6;18.1;9.6;2006;9;13;-23.43;-46.46;735;63.0;57.0;33.0;937.1;937.4;935.3;8;7;5;0.0;1.0;1.0;0.0;0.0;1.0;51.0;936.6;0.3333333333333333;0.6666666666666666;7
83075;2006-09-14;0;33.2;17.5;9.6;2006;9;14;-23.43;-46.46;735;76.0;52.0;34.0;935.4;936.1;934.9;8;3;7;0.0;1.0;2.0;0.0;0.0;0.0;54.0;935.4666666666667;0.0;1.0;3
83075;2006-09-15;0;35.1;17.8;9.5;2006;9;15;-23.43;-46.46;735;54.0;49.0;32.0;935.1;935.4;933.3;7;3;7;1.0;1.0;3.0;0.0;0.0;1.0;45.0;934.6;0.3333333333333333;1.6666666666666667;7
83075;2006-09-16;0;21.7;15.3;0;2006;9;16;-23.43;-46.46;735;80.0;87.0;80.0;934.7;938.2;937.5;5;5;5;4.0;1.0;3.0;9.0;10.0;10.0;82.33333333333333;936.8000000000001;9.666666666666666;2.6666666666666665;5
83075;2006-09-17;3.9;23.9;14.1;2.1;2006;9;17;-23.43;-46.46;735;88.0;85.0;77.0;938.4;938.5;937.6;5;5;5;2.0;1.0;3.0;10.0;10.0;9.0;83.33333333333333;938.1666666666666;9.666666666666666;2.0;5
83075;2006-09-18;10.9;24.2;11;4.7;2006;9;18;-23.43;-46.46;735;85.0;83.0;72.0;938.0;938.4;937.6;5;5;5;2.0;1.0;5.0;9.0;9.0;6.0;80.0;938.0;8.0;2.6666666666666665;5
83075;2006-09-19;0;25.6;14.9;5.8;2006;9;19;-23.43;-46.46;735;80.0;77.0;64.0;938.1;938.2;936.1;3;3;5;3.0;2.0;5.0;9.0;9.0;10.0;73.66666666666667;937.4666666666667;9.333333333333334;3.3333333333333335;3
83075;2006-09-20;0;27.6;16.5;0.4;2006;9;20;-23.43;-46.46;735;83.0;74.0;88.0;936.0;933.5;930.7;3;3;5;3.0;1.0;3.0;10.0;10.0;10.0;81.66666666666667;933.4;10.0;2.3333333333333335;3
83075;2006-09-21;8.3;24.6;16.2;6;2006;9;21;-23.43;-46.46;735;87.0;73.0;64.0;930.7;932.3;932.2;7;7;7;2.0;2.0;5.0;10.0;9.0;8.0;74.66666666666667;931.7333333333332;9.0;3.0;7
83075;2006-09-22;0;26.8;14.1;3.7;2006;9;22;-23.43;-46.46;735;75.0;67.0;61.0;933.2;937.2;936.1;5;3;3;3.0;1.0;1.0;4.0;10.0;10.0;67.66666666666667;935.5;8.0;1.6666666666666667;5
83075;2006-09-23;0;30.5;14.2;7;2006;9;23;-23.43;-46.46;735;86.0;68.0;56.0;936.4;936.4;934.3;8;7;7;0.0;2.0;2.0;2.0;0.0;10.0;70.0;935.6999999999999;4.0;1.3333333333333333;7
83075;2006-09-24;8.6;20.2;13.3;0;2006;9;24;-23.43;-46.46;735;81.0;84.0;83.0;935.0;936.1;936.6;5;5;3;1.0;3.0;3.0;9.0;10.0;10.0;82.66666666666667;935.9;9.666666666666666;2.3333333333333335;5
83075;2006-09-25;0;18.1;13.1;0;2006;9;25;-23.43;-46.46;735;85.0;84.0;83.0;937.9;939.5;939.7;5;5;5;3.0;3.0;2.0;10.0;10.0;10.0;84.0;939.0333333333334;10.0;2.6666666666666665;5
83075;2006-09-26;0;20.2;12.7;0;2006;9;26;-23.43;-46.46;735;83.0;76.0;69.0;940.7;942.5;942.0;3;5;3;4.0;2.0;2.0;10.0;10.0;10.0;76.0;941.7333333333332;10.0;2.6666666666666665;3
83075;2006-09-27;0;26.4;14;7.1;2006;9;27;-23.43;-46.46;735;92.0;78.0;54.0;942.2;943.5;940.4;3;3;5;1.0;3.0;3.0;10.0;10.0;1.0;74.66666666666667;942.0333333333333;7.0;2.3333333333333335;3
83075;2006-09-28;0;29.6;13.3;8.6;2006;9;28;-23.43;-46.46;735;76.0;69.0;43.0;940.5;940.4;937.0;5;3;7;2.0;0.2;1.0;0.0;2.0;9.0;62.666666666666664;939.3000000000001;3.6666666666666665;1.0666666666666667;5
83075;2006-09-29;0;23.6;15.2;0.5;2006;9;29;-23.43;-46.46;735;78.0;73.0;81.0;937.0;937.9;938.0;8;3;5;0.0;2.0;4.0;4.0;10.0;10.0;77.33333333333333;937.6333333333333;8.0;2.0;3
83075;2006-09-30;4;20.5;14.7;0;2006;9;30;-23.43;-46.46;735;90.0;84.0;79.0;938.8;939.5;939.5;3;3;3;1.0;2.0;3.0;10.0;10.0;10.0;84.33333333333333;939.2666666666668;10.0;2.0;3
83075;2006-10-01;0;32.6;20.3;7.6;2006;10;1;-23.43;-46.46;735;77.0;60.0;46.0;935.0;936.0;935.5;8;7;8;0.0;1.0;0.0;1.0;1.0;6.0;61.0;935.5;2.6666666666666665;0.3333333333333333;7
83075;2006-10-02;24.8;26.8;19.3;0.2;2006;10;2;-23.43;-46.46;735;89.0;84.0;89.0;934.4;934.1;937.0;3;7;5;2.0;1.0;3.0;10.0;10.0;10.0;87.33333333333333;935.1666666666666;10.0;2.0;3
83075;2006-10-03;0;28.7;19.6;3.1;2006;10;3;-23.43;-46.46;735;70.0;69.0;93.0;931.1;931.3;931.4;8;8;5;0.0;0.0;2.0;6.0;2.0;10.0;77.33333333333333;931.2666666666668;6.0;0.6666666666666666;5
83075;2006-10-04;8.2;28.3;17.3;7.8;2006;10;4;-23.43;-46.46;735;93.0;83.0;63.0;929.9;929.6;928.8;8;7;7;0.0;1.0;1.0;10.0;1.0;2.0;79.66666666666667;929.4333333333334;4.333333333333333;0.6666666666666666;7
83075;2006-10-05;0;22.8;12.7;4.4;2006;10;5;-23.43;-46.46;735;79.0;79.0;69.0;937.4;937.8;936.3;5;5;5;3.0;1.0;2.0;10.0;6.0;9.0;75.66666666666667;937.1666666666666;8.333333333333334;2.0;5
83075;2006-10-06;0;26.3;12.8;5.9;2006;10;6;-23.43;-46.46;735;79.0;84.0;51.0;938.4;938.5;936.5;8;8;7;0.0;0.0;3.0;0.0;6.0;9.0;71.33333333333333;937.8000000000001;5.0;1.0;7
83075;2006-10-07;37;20.5;15.1;1.4;2006;10;7;-23.43;-46.46;735;79.0;94.0;90.0;937.5;938.4;938.5;5;5;8;2.0;1.0;0.0;9.0;10.0;6.0;87.66666666666667;938.1333333333333;8.333333333333334;1.0;5
83075;2006-10-08;0;29.8;17.9;6.1;2006;10;8;-23.43;-46.46;735;66.0;58.0;41.0;936.4;938.4;937.6;8;5;7;0.0;1.0;2.0;9.0;9.0;9.0;55.0;937.4666666666667;9.0;1.0;5
83075;2006-10-09;0;27.5;17.8;4.1;2006;10;9;-23.43;-46.46;735;62.0;65.0;50.0;937.4;938.9;938.4;7;3;7;1.0;2.0;1.0;10.0;10.0;2.0;59.0;938.2333333333332;7.333333333333333;1.3333333333333333;7
83075;2006-10-10;0;28.8;17.3;6.6;2006;10;10;-23.43;-46.46;735;85.0;75.0;62.0;938.9;939.4;938.4;3;5;3;2.0;1.0;3.0;10.0;9.0;9.0;74.0;938.9;9.333333333333334;2.0;3
83075;2006-10-11;3.2;18.9;11.5;1;2006;10;11;-23.43;-46.46;735;78.0;67.0;75.0;933.8;934.3;934.3;3;5;5;1.0;2.0;2.0;8.0;10.0;9.0;73.33333333333333;934.1333333333332;9.0;1.6666666666666667;3
83075;2006-10-12;0;27.2;18.1;0.8;2006;10;12;-23.43;-46.46;735;82.0;85.0;71.0;933.0;933.2;933.1;5;5;5;1.0;1.0;2.0;9.0;10.0;8.0;79.33333333333333;933.1;9.0;1.3333333333333333;5
83075;2006-10-13;1.7;23;18.2;0;2006;10;13;-23.43;-46.46;735;89.0;86.0;78.0;932.3;933.3;932.8;5;5;5;1.0;1.0;3.0;9.0;10.0;10.0;84.33333333333333;932.7999999999998;9.666666666666666;1.6666666666666667;5
83075;2006-10-14;0;27.7;18.2;4.4;2006;10;14;-23.43;-46.46;735;90.0;74.0;66.0;933.2;934.0;933.7;5;3;5;1.0;1.0;3.0;10.0;9.0;5.0;76.66666666666667;933.6333333333333;8.0;1.6666666666666667;5
83075;2006-10-15;0;30.2;18.6;7.4;2006;10;15;-23.43;-46.46;735;83.0;69.0;65.0;934.8;934.8;934.5;3;5;5;1.0;1.0;1.0;9.0;5.0;5.0;72.33333333333333;934.6999999999999;6.333333333333333;1.0;3
83075;2006-10-16;19.4;26.3;18.4;0;2006;10;16;-23.43;-46.46;735;89.0;80.0;88.0;933.7;934.2;933.9;8;8;5;0.0;0.0;3.0;4.0;9.0;10.0;85.66666666666667;933.9333333333334;7.666666666666667;1.0;5
83075;2006-10-17;3.3;21.8;17.2;0;2006;10;17;-23.43;-46.46;735;87.0;89.0;80.0;934.6;936.1;935.8;5;5;5;3.0;2.0;4.0;10.0;10.0;10.0;85.33333333333333;935.5;10.0;3.0;5
83075;2006-10-18;0;21;16.5;0;2006;10;18;-23.43;-46.46;735;89.0;81.0;90.0;935.9;936.2;935.1;5;3;5;2.0;2.0;2.0;10.0;10.0;10.0;86.66666666666667;935.7333333333332;10.0;2.0;5
83075;2006-10-19;14;20.8;15.3;0;2006;10;19;-23.43;-46.46;735;90.0;94.0;87.0;935.1;934.6;933.4;5;5;5;3.0;2.0;3.0;10.0;10.0;10.0;90.33333333333333;934.3666666666667;10.0;2.6666666666666665;5
83075;2006-10-20;3.6;22.7;14.7;1.3;2006;10;20;-23.43;-46.46;735;88.0;71.0;69.0;933.5;935.4;935.6;5;3;5;3.0;2.0;3.0;10.0;9.0;9.0;76.0;934.8333333333334;9.333333333333334;2.6666666666666665;5
83075;2006-10-21;0;21.6;13.5;3.1;2006;10;21;-23.43;-46.46;735;85.0;69.0;66.0;936.8;938.7;938.2;3;3;3;3.0;4.0;3.0;9.0;9.0;8.0;73.33333333333333;937.9;8.666666666666666;3.3333333333333335;3
83075;2006-10-22;0;25.8;11.3;11;2006;10;22;-23.43;-46.46;735;77.0;67.0;63.0;938.6;938.6;937.7;3;7;5;1.0;1.0;4.0;9.0;1.0;4.0;69.0;938.3000000000001;4.666666666666667;2.0;3
83075;2006-10-23;0;24.8;11.9;8.4;2006;10;23;-23.43;-46.46;735;78.0;65.0;60.0;938.3;940.1;939.5;3;3;5;1.0;3.0;4.0;1.0;5.0;9.0;67.66666666666667;939.3000000000001;5.0;2.6666666666666665;3
83075;2006-10-24;0;27.2;14.8;7.9;2006;10;24;-23.43;-46.46;735;80.0;70.0;53.0;939.9;940.2;937.8;3;3;5;1.0;2.0;6.0;9.0;2.0;8.0;67.66666666666667;939.2999999999998;6.333333333333333;3.0;3
83075;2006-10-25;0;32;15.3;10.1;2006;10;25;-23.43;-46.46;735;81.0;67.0;50.0;938.0;938.5;936.9;5;3;7;3.0;1.0;3.0;2.0;0.0;6.0;66.0;937.8000000000001;2.6666666666666665;2.3333333333333335;5
83075;2006-10-26;0;32;17.8;11.1;2006;10;26;-23.43;-46.46;735;72.0;55.0;47.0;937.0;936.7;933.5;3;7;7;1.0;3.0;2.0;0.0;4.0;5.0;58.0;935.7333333333332;3.0;2.0;3
83075;2006-10-27;0.8;29.6;16.1;2.1;2006;10;27;-23.43;-46.46;735;65.0;83.0;62.0;933.3;933.8;932.0;7;5;7;2.0;2.0;1.0;4.0;10.0;8.0;70.0;933.0333333333333;7.333333333333333;1.6666666666666667;7
83075;2006-10-28;0;27.3;14.7;9.4;2006;10;28;-23.43;-46.46;735;85.0;66.0;51.0;932.4;933.8;933.2;8;5;5;0.0;1.0;3.0;2.0;5.0;0.0;67.33333333333333;933.1333333333332;2.3333333333333335;1.3333333333333333;5
83075;2006-10-29;0;26.2;14.9;11;2006;10;29;-23.43;-46.46;735;72.0;66.0;58.0;933.8;934.2;933.1;3;3;5;3.0;2.0;3.0;9.0;5.0;1.0;65.33333333333333;933.6999999999999;5.0;2.6666666666666665;3
83075;2006-10-30;0;33.6;15.7;9.9;2006;10;30;-23.43;-46.46;735;78.0;70.0;63.0;933.0;932.0;929.5;5;5;5;1.0;2.0;5.0;10.0;4.0;1.0;70.33333333333333;931.5;5.0;2.6666666666666665;5
83075;2006-10-31;0;34.6;17.1;9.2;2006;10;31;-23.43;-46.46;735;78.0;53.0;40.0;930.2;930.7;929.1;3;3;5;1.0;1.0;4.0;0.0;1.0;4.0;57.0;930.0;1.6666666666666667;2.0;3
83075;2006-11-01;8.5;31.9;19.3;9.9;2006;11;1;-23.43;-46.46;735;82.0;70.0;55.0;935.8;936.6;936.3;8;3;5;0.0;2.0;3.0;0.0;2.0;4.0;69.0;936.2333333333332;2.0;1.6666666666666667;3
83075;2006-11-02;32.1;21.6;18.3;0;2006;11;2;-23.43;-46.46;735;92.0;95.0;94.0;934.2;934.9;935.3;3;5;5;1.0;1.0;1.0;10.0;10.0;10.0;93.66666666666667;934.7999999999998;10.0;1.0;3
83075;2006-11-03;65.4;27.4;17.6;8.9;2006;11;3;-23.43;-46.46;735;90.0;78.0;60.0;931.5;933.1;932.8;5;3;5;1.0;2.0;5.0;10.0;9.0;5.0;76.0;932.4666666666666;8.0;2.6666666666666665;5
83075;2006-11-04;0;27.2;19.1;8.4;2006;11;4;-23.43;-46.46;735;81.0;75.0;54.0;929.2;929.7;929.4;7;7;7;1.0;1.0;4.0;4.0;5.0;2.0;70.0;929.4333333333334;3.6666666666666665;2.0;7
83075;2006-11-05;0;23.2;11.9;8.4;2006;11;5;-23.43;-46.46;735;82.0;75.0;50.0;936.3;936.3;935.4;8;7;5;0.0;1.0;2.0;9.0;0.0;2.0;69.0;936.0;3.6666666666666665;1.0;7
83075;2006-11-06;0;24.9;13.7;1.8;2006;11;6;-23.43;-46.46;735;78.0;82.0;51.0;936.6;937.9;935.8;7;5;5;1.0;1.0;1.0;4.0;10.0;9.0;70.33333333333333;936.7666666666668;7.666666666666667;1.0;7
83075;2006-11-07;19;20.8;14.1;3.3;2006;11;7;-23.43;-46.46;735;91.0;91.0;75.0;939.4;941.0;940.6;8;3;3;0.0;2.0;1.0;8.0;10.0;2.0;85.66666666666667;940.3333333333334;6.666666666666667;1.0;3
83075;2006-11-08;0;29.4;15.8;7.3;2006;11;8;-23.43;-46.46;735;65.0;68.0;36.0;937.9;939.0;938.8;8;3;3;0.0;1.0;3.0;5.0;5.0;8.0;56.333333333333336;938.5666666666666;6.0;1.3333333333333333;3
83075;2006-11-09;0;31.2;15.3;9.5;2006;11;9;-23.43;-46.46;735;73.0;62.0;50.0;939.0;939.9;938.4;8;3;5;0.0;1.0;1.0;0.0;0.0;1.0;61.666666666666664;939.1;0.3333333333333333;0.6666666666666666;3
83075;2006-11-10;5.2;31.1;16.5;9.8;2006;11;10;-23.43;-46.46;735;87.0;60.0;49.0;938.3;937.9;935.0;8;7;7;0.0;3.0;3.0;8.0;2.0;5.0;65.33333333333333;937.0666666666666;5.0;2.0;7
83075;2006-11-11;0;22.7;12.7;7;2006;11;11;-23.43;-46.46;735;82.0;57.0;55.0;935.0;935.5;935.5;3;3;5;1.0;3.0;3.0;1.0;4.0;9.0;64.66666666666667;935.3333333333334;4.666666666666667;2.3333333333333335;3
83075;2006-11-12;0;25.8;17.2;0.1;2006;11;12;-23.43;-46.46;735;80.0;73.0;73.0;934.0;934.8;934.6;5;3;5;2.0;2.0;5.0;9.0;9.0;9.0;75.33333333333333;934.4666666666667;9.0;3.0;5
83075;2006-11-13;0;23.8;14.3;6;2006;11;13;-23.43;-46.46;735;88.0;71.0;66.0;940.1;941.6;940.3;3;5;5;2.0;2.0;3.0;9.0;9.0;8.0;75.0;940.6666666666666;8.666666666666666;2.3333333333333335;3
83075;2006-11-14;0.1;23.8;15;0.4;2006;11;14;-23.43;-46.46;735;81.0;69.0;66.0;940.5;940.2;937.5;5;3;5;2.0;3.0;3.0;5.0;9.0;10.0;72.0;939.4;8.0;2.6666666666666665;5
83075;2006-11-15;0.3;29.5;16.4;9.8;2006;11;15;-23.43;-46.46;735;86.0;63.0;56.0;937.6;937.2;936.7;5;8;5;1.0;0.0;2.0;8.0;5.0;9.0;68.33333333333333;937.1666666666666;7.333333333333333;1.0;5
83075;2006-11-16;3;31.6;16.8;8.4;2006;11;16;-23.43;-46.46;735;89.0;68.0;52.0;936.4;936.8;935.6;7;3;8;1.0;1.0;0.0;9.0;0.0;6.0;69.66666666666667;936.2666666666665;5.0;0.6666666666666666;7
83075;2006-11-17;0;34.6;17;10.2;2006;11;17;-23.43;-46.46;735;72.0;62.0;43.0;935.5;935.6;934.6;8;7;7;0.0;1.0;3.0;2.0;4.0;6.0;59.0;935.2333333333332;4.0;1.3333333333333333;7
83075;2006-11-19;9.9;30;17.3;1.9;2006;11;19;-23.43;-46.46;735;90.0;85.0;64.0;934.7;935.3;932.8;3;8;3;1.0;0.0;1.0;10.0;10.0;10.0;79.66666666666667;934.2666666666668;10.0;0.6666666666666666;3
83075;2006-11-20;28.1;28.5;17;2.2;2006;11;20;-23.43;-46.46;735;94.0;75.0;73.0;934.1;933.9;933.2;5;7;5;1.0;1.0;3.0;10.0;9.0;9.0;80.66666666666667;933.7333333333332;9.333333333333334;1.6666666666666667;5
83075;2006-11-21;0;22.5;17.4;0;2006;11;21;-23.43;-46.46;735;80.0;77.0;75.0;934.1;935.9;935.8;5;5;5;3.0;1.0;3.0;10.0;10.0;10.0;77.33333333333333;935.2666666666668;10.0;2.3333333333333335;5
83075;2006-11-22;0;29.4;14.7;9.3;2006;11;22;-23.43;-46.46;735;84.0;76.0;53.0;935.9;935.6;934.1;5;5;5;1.0;1.0;4.0;10.0;1.0;5.0;71.0;935.1999999999999;5.333333333333333;2.0;5
83075;2006-11-23;0;29.3;16.3;11.4;2006;11;23;-23.43;-46.46;735;60.0;63.0;62.0;935.1;934.8;934.6;8;5;3;0.0;3.0;3.0;0.0;0.0;1.0;61.666666666666664;934.8333333333334;0.3333333333333333;2.0;5
83075;2006-11-24;0;34.1;15.7;10.5;2006;11;24;-23.43;-46.46;735;31.0;71.0;43.0;934.6;935.6;933.9;3;3;5;1.0;1.0;4.0;0.0;4.0;8.0;48.333333333333336;934.6999999999999;4.0;2.0;3
83075;2006-11-25;0;33.5;20;7.7;2006;11;25;-23.43;-46.46;735;79.0;56.0;53.0;934.2;934.4;931.4;5;7;7;1.0;3.0;2.0;1.0;2.0;8.0;62.666666666666664;933.3333333333334;3.6666666666666665;2.0;5
83075;2006-11-26;26.1;26.4;19.3;0;2006;11;26;-23.43;-46.46;735;90.0;86.0;88.0;933.3;933.8;932.3;3;3;3;2.0;2.0;1.0;9.0;9.0;9.0;88.0;933.1333333333332;9.0;1.6666666666666667;3
83075;2006-11-27;4.3;29.2;19.5;1.4;2006;11;27;-23.43;-46.46;735;91.0;82.0;92.0;932.8;932.9;932.2;3;5;5;1.0;1.0;1.0;9.0;9.0;10.0;88.33333333333333;932.6333333333332;9.333333333333334;1.0;3
83075;2006-11-28;5.3;30.8;19.9;5.2;2006;11;28;-23.43;-46.46;735;87.0;74.0;68.0;932.4;931.6;929.4;3;1;7;1.0;2.0;1.0;10.0;9.0;9.0;76.33333333333333;931.1333333333333;9.333333333333334;1.3333333333333333;3
83075;2006-11-29;0.2;30.4;20.7;2.4;2006;11;29;-23.43;-46.46;735;79.0;67.0;96.0;929.2;930.5;930.0;8;7;3;0.0;1.0;3.0;10.0;10.0;10.0;80.66666666666667;929.9;10.0;1.3333333333333333;7
83075;2006-11-30;31.9;25.4;18.4;0;2006;11;30;-23.43;-46.46;735;90.0;88.0;76.0;930.0;932.3;932.6;8;5;5;0.0;3.0;5.0;10.0;10.0;10.0;84.66666666666667;931.6333333333333;10.0;2.6666666666666665;5
83075;2006-12-01;0;31.4;20;6.6;2006;12;1;-23.43;-46.46;735;76.0;70.0;49.0;937.8;937.7;937.2;5;3;5;2.0;1.0;1.0;4.0;2.0;9.0;65.0;937.5666666666666;5.0;1.3333333333333333;5
83075;2006-12-02;46.1;26.9;18.5;0.7;2006;12;2;-23.43;-46.46;735;94.0;86.0;71.0;934.3;934.3;933.5;5;8;7;1.0;0.0;3.0;10.0;10.0;10.0;83.66666666666667;934.0333333333333;10.0;1.3333333333333333;5
83075;2006-12-03;1.6;26;16.7;4.9;2006;12;3;-23.43;-46.46;735;87.0;79.0;69.0;934.5;935.6;934.9;3;3;3;3.0;3.0;1.0;10.0;9.0;9.0;78.33333333333333;935.0;9.333333333333334;2.3333333333333335;3
83075;2006-12-04;0;29;16.7;8.1;2006;12;4;-23.43;-46.46;735;66.0;67.0;54.0;929.6;931.3;931.2;8;7;7;0.0;1.0;3.0;0.0;0.0;8.0;62.333333333333336;930.7000000000002;2.6666666666666665;1.3333333333333333;7
83075;2006-12-05;0.2;17.6;13.5;0;2006;12;5;-23.43;-46.46;735;84.0;88.0;74.0;936.0;937.3;937.4;5;5;5;5.0;2.0;3.0;10.0;10.0;9.0;82.0;936.9;9.666666666666666;3.3333333333333335;5
83075;2006-12-06;0;22.1;14.6;2.4;2006;12;6;-23.43;-46.46;735;86.0;85.0;69.0;938.6;941.5;941.1;5;5;5;1.0;1.0;2.0;9.0;10.0;8.0;80.0;940.4;9.0;1.3333333333333333;5
83075;2006-12-07;0;26.5;14.7;6.2;2006;12;7;-23.43;-46.46;735;90.0;94.0;60.0;941.0;941.8;940.7;3;5;5;1.0;1.0;1.0;2.0;10.0;0.0;81.33333333333333;941.1666666666666;4.0;1.0;3
83075;2006-12-08;0;29.5;16;8.5;2006;12;8;-23.43;-46.46;735;68.0;65.0;42.0;938.8;939.5;937.6;3;3;8;1.0;1.0;0.0;0.0;4.0;10.0;58.333333333333336;938.6333333333333;4.666666666666667;0.6666666666666666;3
83075;2006-12-09;0;32.8;16.9;8.5;2006;12;9;-23.43;-46.46;735;71.0;58.0;40.0;938.7;939.0;937.0;8;8;3;0.0;0.0;2.0;0.0;0.0;4.0;56.333333333333336;938.2333333333332;1.3333333333333333;0.6666666666666666;3
83075;2006-12-10;0;26.2;20;0.1;2006;12;10;-23.43;-46.46;735;69.0;84.0;86.0;935.0;934.9;932.3;8;8;5;0.0;0.0;1.0;10.0;10.0;10.0;79.66666666666667;934.0666666666666;10.0;0.3333333333333333;5
83075;2006-12-11;0;22.9;12.1;3.5;2006;12;11;-23.43;-46.46;735;78.0;71.0;66.0;937.4;938.8;938.7;5;3;5;2.0;1.0;3.0;1.0;6.0;8.0;71.66666666666667;938.2999999999998;5.0;2.0;5
83075;2006-12-12;0;26.4;17.6;1.5;2006;12;12;-23.43;-46.46;735;84.0;71.0;71.0;934.2;935.7;935.3;3;3;3;2.0;3.0;3.0;10.0;10.0;9.0;75.33333333333333;935.0666666666666;9.666666666666666;2.6666666666666665;3
83075;2006-12-13;1.8;29.6;18.1;4.6;2006;12;13;-23.43;-46.46;735;91.0;77.0;66.0;935.4;935.7;934.3;3;3;5;3.0;1.0;4.0;10.0;9.0;9.0;78.0;935.1333333333332;9.333333333333334;2.6666666666666665;3
83075;2006-12-14;0;31.2;20.2;4.1;2006;12;14;-23.43;-46.46;735;83.0;76.0;68.0;935.0;934.7;933.9;3;3;7;1.0;2.0;3.0;10.0;8.0;9.0;75.66666666666667;934.5333333333333;9.0;2.0;3
83075;2006-12-15;3;31.8;19.9;6;2006;12;15;-23.43;-46.46;735;89.0;77.0;63.0;934.3;934.3;932.8;3;8;5;1.0;0.0;5.0;10.0;6.0;9.0;76.33333333333333;933.7999999999998;8.333333333333334;2.0;3
83075;2006-12-16;3;30.9;18.1;5.9;2006;12;16;-23.43;-46.46;735;86.0;73.0;74.0;933.3;933.8;933.0;8;8;7;0.0;0.0;2.0;2.0;0.0;8.0;77.66666666666667;933.3666666666667;3.3333333333333335;0.6666666666666666;7
83075;2006-12-17;0;32.2;19.8;6.3;2006;12;17;-23.43;-46.46;735;83.0;75.0;62.0;933.9;934.3;935.0;3;3;3;1.0;2.0;4.0;5.0;9.0;9.0;73.33333333333333;934.4;7.666666666666667;2.3333333333333335;3
83075;2006-12-18;5.2;33.6;20.2;9.7;2006;12;18;-23.43;-46.46;735;83.0;65.0;51.0;933.7;933.8;931.9;8;8;5;0.0;0.0;1.0;4.0;5.0;8.0;66.33333333333333;933.1333333333333;5.666666666666667;0.3333333333333333;5
83075;2006-12-19;12.6;33.7;20.2;8;2006;12;19;-23.43;-46.46;735;88.0;63.0;53.0;932.7;932.9;930.6;7;7;7;1.0;3.0;3.0;10.0;9.0;4.0;68.0;932.0666666666666;7.666666666666667;2.3333333333333335;7
83075;2006-12-20;20.8;31.1;20.7;6.7;2006;12;20;-23.43;-46.46;735;89.0;68.0;65.0;932.6;932.5;931.8;7;7;7;1.0;1.0;4.0;10.0;4.0;9.0;74.0;932.2999999999998;7.666666666666667;2.0;7
83075;2006-12-21;0;29.3;21.3;3.7;2006;12;21;-23.43;-46.46;735;78.0;68.0;72.0;932.4;932.7;933.0;7;7;7;3.0;2.0;3.0;9.0;9.0;9.0;72.66666666666667;932.6999999999999;9.0;2.6666666666666665;7
83075;2006-12-22;0;29.1;20.9;0.8;2006;12;22;-23.43;-46.46;735;76.0;75.0;79.0;933.7;934.8;934.3;8;7;3;0.0;2.0;1.0;9.0;9.0;10.0;76.66666666666667;934.2666666666668;9.333333333333334;1.0;7
83075;2006-12-23;18.9;27;20.3;1.1;2006;12;23;-23.43;-46.46;735;93.0;78.0;93.0;934.8;935.2;934.6;3;3;3;1.0;1.0;1.0;10.0;9.0;10.0;88.0;934.8666666666667;9.666666666666666;1.0;3
83075;2006-12-24;64.1;29.4;20.1;2.8;2006;12;24;-23.43;-46.46;735;91.0;75.0;85.0;934.5;934.5;933.6;8;7;7;0.0;2.0;3.0;9.0;8.0;10.0;83.66666666666667;934.1999999999999;9.0;1.6666666666666667;7
83075;2006-12-25;14.3;32;20.7;7.4;2006;12;25;-23.43;-46.46;735;87.0;67.0;56.0;933.6;933.7;933.0;7;7;7;2.0;3.0;3.0;10.0;4.0;9.0;70.0;933.4333333333334;7.666666666666667;2.6666666666666665;7
83075;2006-12-26;3.1;31.4;20.2;6.5;2006;12;26;-23.43;-46.46;735;79.0;67.0;57.0;933.2;933.1;932.4;7;7;7;3.0;3.0;2.0;9.0;6.0;8.0;67.66666666666667;932.9000000000001;7.666666666666667;2.6666666666666665;7
83075;2006-12-27;2.9;31.2;19.7;4.4;2006;12;27;-23.43;-46.46;735;90.0;76.0;88.0;933.1;934.4;934.3;3;3;5;2.0;1.0;2.0;4.0;8.0;10.0;84.66666666666667;933.9333333333334;7.333333333333333;1.6666666666666667;3
83075;2006-12-28;49.4;29.1;19.6;2.2;2006;12;28;-23.43;-46.46;735;86.0;83.0;66.0;936.2;937.8;936.7;3;3;3;2.0;1.0;5.0;10.0;10.0;8.0;78.33333333333333;936.9;9.333333333333334;2.6666666666666665;3
83075;2006-12-29;0;26.3;18.6;4;2006;12;29;-23.43;-46.46;735;83.0;84.0;73.0;937.4;938.1;938.1;3;3;3;3.0;3.0;3.0;9.0;9.0;6.0;80.0;937.8666666666667;8.0;3.0;3
83075;2006-12-30;0;28.9;19.2;3;2006;12;30;-23.43;-46.46;735;83.0;74.0;63.0;938.1;938.2;935.4;3;3;5;3.0;3.0;5.0;9.0;9.0;9.0;73.33333333333333;937.2333333333335;9.0;3.6666666666666665;3
83075;2006-12-31;34.6;25.5;19.1;0.1;2006;12;31;-23.43;-46.46;735;94.0;89.0;75.0;935.6;936.6;936.0;3;3;3;1.0;1.0;1.0;9.0;10.0;10.0;86.0;936.0666666666666;9.666666666666666;1.0;3
83075;2007-01-01;26.6;26.2;17.5;0;2007;1;1;-23.43;-46.46;735;95.0;82.0;72.0;936.0;935.8;935.5;3;5;5;1.0;1.0;1.0;10.0;9.0;9.0;83.0;935.7666666666668;9.333333333333334;1.0;3
83075;2007-01-02;0;32.4;20;6.7;2007;1;2;-23.43;-46.46;735;74.0;78.0;68.0;933.6;934.2;932.7;5;3;5;1.0;1.0;3.0;10.0;8.0;6.0;73.33333333333333;933.5;8.0;1.6666666666666667;5
83075;2007-01-03;1.8;32.1;20.6;6.6;2007;1;3;-23.43;-46.46;735;85.0;56.0;49.0;935.1;935.9;934.8;5;7;7;1.0;1.0;3.0;9.0;9.0;6.0;63.333333333333336;935.2666666666668;8.0;1.6666666666666667;5
83075;2007-01-04;4;31.5;21.7;7.9;2007;1;4;-23.43;-46.46;735;87.0;76.0;51.0;934.2;935.0;934.7;8;5;3;0.0;1.0;1.0;9.0;2.0;4.0;71.33333333333333;934.6333333333333;5.0;0.6666666666666666;5
83075;2007-01-05;0;25.3;14.4;8.9;2007;1;5;-23.43;-46.46;735;86.0;84.0;46.0;938.5;938.8;937.3;3;3;5;1.0;2.0;1.0;10.0;2.0;1.0;72.0;938.1999999999999;4.333333333333333;1.3333333333333333;3
83075;2007-01-06;0;25.7;10.6;6.9;2007;1;6;-23.43;-46.46;735;88.0;82.0;56.0;939.1;939.0;935.1;3;8;7;1.0;0.0;3.0;0.0;8.0;5.0;75.33333333333333;937.7333333333332;4.333333333333333;1.3333333333333333;3
83075;2007-01-07;0;21.8;10.4;6.1;2007;1;7;-23.43;-46.46;735;86.0;75.0;60.0;941.5;943.5;942.5;5;3;8;2.0;1.0;0.0;9.0;10.0;0.0;73.66666666666667;942.5;6.333333333333333;1.0;5
83075;2007-01-08;0;25.4;9.7;8.6;2007;1;8;-23.43;-46.46;735;78.0;75.0;63.0;938.6;939.5;938.2;5;8;8;1.0;0.0;0.0;6.0;1.0;6.0;72.0;938.7666666666668;4.333333333333333;0.3333333333333333;5
83075;2007-01-09;0;29.9;14.9;8.1;2007;1;9;-23.43;-46.46;735;87.0;80.0;48.0;939.1;940.1;939.4;3;7;5;1.0;2.0;3.0;10.0;0.0;1.0;71.66666666666667;939.5333333333333;3.6666666666666665;2.0;3
83075;2007-01-10;0;23.9;14.2;5.4;2007;1;10;-23.43;-46.46;735;80.0;68.0;59.0;942.2;942.6;941.0;3;3;3;1.0;1.0;3.0;10.0;10.0;6.0;69.0;941.9333333333334;8.666666666666666;1.6666666666666667;3
83075;2007-01-11;1.5;34;19.2;4.6;2007;1;11;-23.43;-46.46;735;73.0;53.0;49.0;929.0;929.0;925.7;3;7;7;1.0;2.0;3.0;4.0;5.0;9.0;58.333333333333336;927.9;6.0;2.0;3
83075;2007-01-12;0;27.5;14.8;4.7;2007;1;12;-23.43;-46.46;735;73.0;75.0;49.0;934.0;934.4;933.6;3;5;5;1.0;1.0;3.0;9.0;10.0;0.0;65.66666666666667;934.0;6.333333333333333;1.6666666666666667;3
83075;2007-01-13;0.6;24.6;20.3;0;2007;1;13;-23.43;-46.46;735;80.0;79.0;90.0;927.8;928.3;928.1;7;5;5;5.0;1.0;1.0;9.0;10.0;10.0;83.0;928.0666666666666;9.666666666666666;2.3333333333333335;7
83075;2007-01-14;0;30.4;18.4;8.3;2007;1;14;-23.43;-46.46;735;83.0;63.0;43.0;928.7;929.3;929.2;5;5;5;1.0;1.0;3.0;9.0;10.0;9.0;63.0;929.0666666666666;9.333333333333334;1.6666666666666667;5
83075;2007-01-15;0;24.9;18.8;0;2007;1;15;-23.43;-46.46;735;73.0;71.0;63.0;930.7;932.4;932.6;3;5;8;1.0;0.1;0.0;8.0;9.0;10.0;69.0;931.9;9.0;0.3666666666666667;3
83075;2007-01-16;0;28;17.2;7.7;2007;1;16;-23.43;-46.46;735;77.0;60.0;57.0;933.6;934.8;934.5;3;5;5;1.0;3.0;3.0;8.0;8.0;9.0;64.66666666666667;934.3000000000001;8.333333333333334;2.3333333333333335;3
83075;2007-01-17;0;28.7;18;2.1;2007;1;17;-23.43;-46.46;735;74.0;73.0;70.0;935.0;934.7;932.7;3;8;7;3.0;0.0;1.0;0.0;10.0;9.0;72.33333333333333;934.1333333333333;6.333333333333333;1.3333333333333333;3
83075;2007-01-18;20.1;24.8;20.6;0.6;2007;1;18;-23.43;-46.46;735;91.0;83.0;91.0;932.7;932.3;931.6;7;7;7;1.0;3.0;3.0;10.0;10.0;10.0;88.33333333333333;932.1999999999999;10.0;2.3333333333333335;7
83075;2007-01-19;4;30.8;20.2;5.1;2007;1;19;-23.43;-46.46;735;85.0;84.0;66.0;931.3;933.1;933.0;7;7;7;3.0;1.0;2.0;6.0;9.0;6.0;78.33333333333333;932.4666666666667;7.0;2.0;7
83075;2007-01-20;0;27;20.8;0;2007;1;20;-23.43;-46.46;735;80.0;78.0;76.0;932.7;933.5;933.0;8;7;7;0.0;1.0;2.0;4.0;10.0;10.0;78.0;933.0666666666666;8.0;1.0;7
83075;2007-01-21;13.7;25.5;19.6;0.3;2007;1;21;-23.43;-46.46;735;82.0;91.0;88.0;933.7;934.5;934.5;7;7;5;3.0;1.0;3.0;8.0;10.0;10.0;87.0;934.2333333333332;9.333333333333334;2.3333333333333335;7
83075;2007-01-22;9.9;22.7;17.9;0;2007;1;22;-23.43;-46.46;735;86.0;85.0;87.0;935.2;935.8;935.6;5;5;5;3.0;3.0;4.0;10.0;10.0;10.0;86.0;935.5333333333333;10.0;3.3333333333333335;5
83075;2007-01-23;0.1;25.5;17.7;2.3;2007;1;23;-23.43;-46.46;735;87.0;79.0;70.0;935.9;935.6;935.1;3;3;5;1.0;1.0;3.0;9.0;10.0;9.0;78.66666666666667;935.5333333333333;9.333333333333334;1.6666666666666667;3
83075;2007-01-24;0;30.1;18.4;7;2007;1;24;-23.43;-46.46;735;81.0;77.0;61.0;935.0;935.6;933.4;5;3;5;1.0;1.0;1.0;9.0;6.0;6.0;73.0;934.6666666666666;7.0;1.0;5
83075;2007-01-25;23.4;29.9;19.5;4.9;2007;1;25;-23.43;-46.46;735;84.0;72.0;79.0;933.8;934.1;933.4;3;5;5;1.0;1.0;1.0;8.0;1.0;9.0;78.33333333333333;933.7666666666668;6.0;1.0;3
83075;2007-01-26;0;31.3;20.5;7.9;2007;1;26;-23.43;-46.46;735;87.0;68.0;59.0;933.7;934.0;932.8;3;7;7;1.0;1.0;3.0;9.0;8.0;9.0;71.33333333333333;933.5;8.666666666666666;1.6666666666666667;3
83075;2007-01-27;0.1;29.9;21.1;5.2;2007;1;27;-23.43;-46.46;735;86.0;77.0;64.0;932.7;932.6;932.5;7;7;7;1.0;2.0;2.0;9.0;9.0;5.0;75.66666666666667;932.6;7.666666666666667;1.6666666666666667;7
83075;2007-01-28;0;30.7;21.1;8.7;2007;1;28;-23.43;-46.46;735;80.0;74.0;63.0;932.4;932.7;931.3;7;7;7;1.0;3.0;1.0;8.0;8.0;6.0;72.33333333333333;932.1333333333332;7.333333333333333;1.6666666666666667;7
83075;2007-01-29;8.5;29.6;20.8;4.3;2007;1;29;-23.43;-46.46;735;91.0;81.0;69.0;931.4;932.0;931.5;7;7;7;2.0;3.0;3.0;10.0;10.0;6.0;80.33333333333333;931.6333333333333;8.666666666666666;2.6666666666666665;7
83075;2007-01-30;13.2;27;19.8;1.8;2007;1;30;-23.43;-46.46;735;90.0;88.0;69.0;931.5;932.8;932.5;7;5;5;3.0;2.0;4.0;9.0;10.0;9.0;82.33333333333333;932.2666666666668;9.333333333333334;3.0;7
83075;2007-01-31;0;27.5;20;2.2;2007;1;31;-23.43;-46.46;735;83.0;80.0;70.0;933.3;933.6;933.2;5;3;5;1.0;1.0;3.0;10.0;10.0;9.0;77.66666666666667;933.3666666666668;9.666666666666666;1.6666666666666667;5
83075;2007-02-01;9.4;26.2;19.1;0.2;2007;2;1;-23.43;-46.46;735;89.0;82.0;73.0;935.3;936.0;935.3;3;5;7;1.0;1.0;1.0;9.0;10.0;9.0;81.33333333333333;935.5333333333333;9.333333333333334;1.0;3
83075;2007-02-02;0;28.8;20.5;1.7;2007;2;2;-23.43;-46.46;735;85.0;80.0;61.0;933.2;934.4;933.4;8;5;5;0.0;1.0;4.0;10.0;10.0;9.0;75.33333333333333;933.6666666666666;9.666666666666666;1.6666666666666667;5
83075;2007-02-03;0;32.3;19.8;10.6;2007;2;3;-23.43;-46.46;735;64.0;63.0;44.0;935.1;936.7;935.6;8;3;3;0.0;2.0;2.0;2.0;6.0;8.0;57.0;935.8000000000001;5.333333333333333;1.3333333333333333;3
83075;2007-02-04;0;32.3;20.4;8.1;2007;2;4;-23.43;-46.46;735;80.0;74.0;49.0;935.2;935.8;934.4;3;3;7;1.0;1.0;1.0;1.0;8.0;4.0;67.66666666666667;935.1333333333333;4.333333333333333;1.0;3
83075;2007-02-05;0;27.8;12;8.1;2007;2;5;-23.43;-46.46;735;88.0;84.0;48.0;937.6;937.7;936.2;8;8;7;0.0;0.0;1.0;0.0;0.0;5.0;73.33333333333333;937.1666666666666;1.6666666666666667;0.3333333333333333;7
83075;2007-02-06;8.9;22.2;13.6;0;2007;2;6;-23.43;-46.46;735;72.0;94.0;91.0;935.4;935.4;935.1;7;7;5;2.0;1.0;1.0;2.0;10.0;10.0;85.66666666666667;935.3000000000001;7.333333333333333;1.3333333333333333;7
83075;2007-02-07;0;23;10.6;6.3;2007;2;7;-23.43;-46.46;735;90.0;87.0;56.0;943.2;943.2;941.3;5;5;7;2.0;1.0;1.0;10.0;10.0;0.0;77.66666666666667;942.5666666666666;6.666666666666667;1.3333333333333333;5
83075;2007-02-08;0;26.3;12.7;9;2007;2;8;-23.43;-46.46;735;82.0;77.0;46.0;938.7;940.2;938.8;8;8;3;0.0;0.0;3.0;4.0;2.0;2.0;68.33333333333333;939.2333333333332;2.6666666666666665;1.0;3
83075;2007-02-09;0;30.9;16;6.5;2007;2;9;-23.43;-46.46;735;69.0;73.0;48.0;940.4;940.3;939.5;5;5;5;2.0;1.0;1.0;0.0;4.0;6.0;63.333333333333336;940.0666666666666;3.3333333333333335;1.3333333333333333;5
83075;2007-02-10;0;26.8;14;6.6;2007;2;10;-23.43;-46.46;735;83.0;87.0;60.0;941.5;942.0;939.9;5;5;5;1.0;1.0;4.0;2.0;10.0;0.0;76.66666666666667;941.1333333333333;4.0;2.0;5
83075;2007-02-11;8.2;30.5;20;3.1;2007;2;11;-23.43;-46.46;735;89.0;72.0;55.0;929.4;930.0;929.3;5;7;7;2.0;1.0;3.0;9.0;9.0;8.0;72.0;929.5666666666666;8.666666666666666;2.0;5
83075;2007-02-12;0;31.5;15;9.6;2007;2;12;-23.43;-46.46;735;82.0;72.0;32.0;934.1;934.7;933.6;3;5;7;3.0;3.0;3.0;5.0;0.0;0.0;62.0;934.1333333333333;1.6666666666666667;3.0;3
83075;2007-02-13;0;25.9;15.7;8;2007;2;13;-23.43;-46.46;735;84.0;63.0;57.0;935.2;935.2;933.3;3;3;5;1.0;2.0;5.0;2.0;1.0;8.0;68.0;934.5666666666666;3.6666666666666665;2.6666666666666665;3
83075;2007-02-14;0;29.4;16.4;8.1;2007;2;14;-23.43;-46.46;735;87.0;71.0;59.0;933.4;933.9;933.3;3;5;5;2.0;1.0;5.0;9.0;6.0;6.0;72.33333333333333;933.5333333333333;7.0;2.6666666666666665;3
83075;2007-02-15;0;29.6;16.8;6.9;2007;2;15;-23.43;-46.46;735;77.0;74.0;64.0;933.0;933.2;931.8;5;7;5;3.0;1.0;4.0;6.0;1.0;4.0;71.66666666666667;932.6666666666666;3.6666666666666665;2.6666666666666665;5
83075;2007-02-16;0;31.3;18.4;6.7;2007;2;16;-23.43;-46.46;735;79.0;74.0;59.0;932.0;932.8;930.6;3;3;5;2.0;1.0;3.0;10.0;1.0;9.0;70.66666666666667;931.8000000000001;6.666666666666667;2.0;3
83075;2007-02-17;0;33.9;18.7;11.1;2007;2;17;-23.43;-46.46;735;78.0;73.0;46.0;931.2;931.9;931.0;3;8;7;2.0;0.0;3.0;10.0;0.0;4.0;65.66666666666667;931.3666666666667;4.666666666666667;1.6666666666666667;3
83075;2007-02-18;0;33.2;21;7.3;2007;2;18;-23.43;-46.46;735;74.0;64.0;77.0;930.9;931.8;931.3;8;7;5;0.0;1.0;3.0;1.0;0.0;9.0;71.66666666666667;931.3333333333334;3.3333333333333335;1.3333333333333333;7
83075;2007-02-19;0.1;31.2;21.1;3.9;2007;2;19;-23.43;-46.46;735;81.0;76.0;63.0;931.8;931.9;931.5;8;5;5;0.0;1.0;5.0;1.0;9.0;9.0;73.33333333333333;931.7333333333332;6.333333333333333;2.0;5
83075;2007-02-20;17.8;31.6;21.1;5.8;2007;2;20;-23.43;-46.46;735;86.0;82.0;78.0;932.1;932.6;932.5;5;8;8;1.0;0.0;0.0;10.0;8.0;9.0;82.0;932.4;9.0;0.3333333333333333;5
83075;2007-02-21;0.8;32.2;21.6;8.6;2007;2;21;-23.43;-46.46;735;87.0;78.0;67.0;933.1;934.0;933.7;5;8;5;1.0;0.0;3.0;9.0;5.0;2.0;77.33333333333333;933.6;5.333333333333333;1.3333333333333333;5
83075;2007-02-22;0;32.9;20.3;11.2;2007;2;22;-23.43;-46.46;735;80.0;71.0;42.0;934.6;938.3;937.6;5;5;3;1.0;1.0;2.0;8.0;0.0;2.0;64.33333333333333;936.8333333333334;3.3333333333333335;1.3333333333333333;5
83075;2007-02-23;0;33.4;20.4;11;2007;2;23;-23.43;-46.46;735;73.0;65.0;44.0;937.7;939.8;937.7;3;8;8;2.0;0.0;0.0;0.0;2.0;1.0;60.666666666666664;938.4;1.0;0.6666666666666666;3
83075;2007-02-24;0;33.6;20.7;10.4;2007;2;24;-23.43;-46.46;735;70.0;69.0;45.0;937.8;938.4;936.4;8;8;7;0.0;0.0;3.0;0.0;1.0;9.0;61.333333333333336;937.5333333333333;3.3333333333333335;1.0;7
83075;2007-02-25;0;33.9;20;6.9;2007;2;25;-23.43;-46.46;735;64.0;65.0;45.0;936.7;936.5;938.5;5;5;5;1.0;1.0;1.0;9.0;1.0;8.0;58.0;937.2333333333332;6.0;1.0;5
83075;2007-02-26;8.1;30.1;19.2;6.8;2007;2;26;-23.43;-46.46;735;85.0;71.0;67.0;935.5;935.8;934.3;5;3;7;1.0;2.0;1.0;5.0;4.0;9.0;74.33333333333333;935.1999999999999;6.0;1.3333333333333333;5
83075;2007-02-27;0.4;26.8;18.5;0.1;2007;2;27;-23.43;-46.46;735;83.0;79.0;75.0;935.5;935.7;935.1;8;3;7;0.0;1.0;1.0;8.0;10.0;10.0;79.0;935.4333333333334;9.333333333333334;0.6666666666666666;3
83075;2007-02-28;0.4;30.3;20.7;2.1;2007;2;28;-23.43;-46.46;735;83.0;75.0;57.0;935.4;936.2;935.0;8;8;7;0.0;0.0;1.0;8.0;10.0;9.0;71.66666666666667;935.5333333333333;9.0;0.3333333333333333;7
83075;2007-03-01;4.4;29.3;19.8;3.2;2007;3;1;-23.43;-46.46;735;87.0;88.0;69.0;935.2;935.4;933.4;7;7;7;1.0;2.0;3.0;9.0;10.0;9.0;81.33333333333333;934.6666666666666;9.333333333333334;2.0;7
83075;2007-03-02;0;29.4;19.3;10.1;2007;3;2;-23.43;-46.46;735;83.0;70.0;53.0;933.5;933.8;933.4;5;3;5;1.0;3.0;5.0;9.0;4.0;5.0;68.66666666666667;933.5666666666666;6.0;3.0;5
83075;2007-03-03;0;32.6;20.8;9;2007;3;3;-23.43;-46.46;735;60.0;67.0;55.0;936.2;937.6;938.4;8;3;5;0.0;1.0;3.0;8.0;0.0;8.0;60.666666666666664;937.4000000000001;5.333333333333333;1.3333333333333333;3
83075;2007-03-04;33.7;32.3;20;7.2;2007;3;4;-23.43;-46.46;735;86.0;82.0;50.0;935.4;935.7;933.3;8;3;7;0.0;1.0;2.0;9.0;8.0;5.0;72.66666666666667;934.7999999999998;7.333333333333333;1.0;3
83075;2007-03-05;0;24.6;17.1;6.8;2007;3;5;-23.43;-46.46;735;76.0;73.0;68.0;936.8;938.1;937.8;7;5;5;1.0;3.0;3.0;4.0;2.0;9.0;72.33333333333333;937.5666666666666;5.0;2.3333333333333335;7
83075;2007-03-06;11.7;20.7;14;4.3;2007;3;6;-23.43;-46.46;735;94.0;86.0;63.0;935.0;935.4;935.3;5;7;7;1.0;2.0;3.0;10.0;9.0;6.0;81.0;935.2333333333332;8.333333333333334;2.0;5
83075;2007-03-07;0;20.3;8.9;6.7;2007;3;7;-23.43;-46.46;735;88.0;87.0;70.0;941.6;942.1;940.6;8;8;3;0.0;0.0;2.0;0.0;6.0;0.0;81.66666666666667;941.4333333333334;2.0;0.6666666666666666;3
83075;2007-03-08;0;24.5;12.2;8.8;2007;3;8;-23.43;-46.46;735;79.0;82.0;52.0;939.6;940.7;939.5;8;3;3;0.0;1.0;1.0;0.0;1.0;0.0;71.0;939.9333333333334;0.3333333333333333;0.6666666666666666;3
83075;2007-03-09;1.9;29;15.2;5.8;2007;3;9;-23.43;-46.46;735;90.0;74.0;70.0;941.0;941.5;940.3;5;8;5;1.0;0.0;4.0;8.0;1.0;9.0;78.0;940.9333333333334;6.0;1.6666666666666667;5
83075;2007-03-10;0;25.6;13.3;7.3;2007;3;10;-23.43;-46.46;735;79.0;74.0;59.0;940.3;940.7;937.6;3;3;5;2.0;1.0;3.0;0.0;9.0;4.0;70.66666666666667;939.5333333333333;4.333333333333333;2.0;3
83075;2007-03-11;36.9;28.5;19.4;3.7;2007;3;11;-23.43;-46.46;735;92.0;70.0;81.0;929.9;930.1;929.0;5;7;7;1.0;2.0;2.0;9.0;8.0;8.0;81.0;929.6666666666666;8.333333333333334;1.6666666666666667;5
83075;2007-03-12;0;32.9;15.6;7.7;2007;3;12;-23.43;-46.46;735;67.0;67.0;51.0;933.7;934.0;932.2;8;5;5;0.0;3.0;3.0;0.0;0.0;6.0;61.666666666666664;933.3000000000001;2.0;2.0;5
83075;2007-03-13;0.2;32.9;20.7;7.3;2007;3;13;-23.43;-46.46;735;85.0;77.0;51.0;935.5;937.1;934.9;5;5;7;2.0;1.0;2.0;8.0;9.0;6.0;71.0;935.8333333333334;7.666666666666667;1.6666666666666667;5
83075;2007-03-14;0;29.3;19.8;0.7;2007;3;14;-23.43;-46.46;735;73.0;78.0;63.0;935.8;936.1;934.6;5;3;1;2.0;1.0;3.0;8.0;10.0;9.0;71.33333333333333;935.5;9.0;2.0;5
83075;2007-03-15;5.8;31.6;18.4;7.3;2007;3;15;-23.43;-46.46;735;92.0;76.0;52.0;935.4;935.4;933.0;7;8;7;1.0;0.0;3.0;8.0;6.0;4.0;73.33333333333333;934.6;6.0;1.3333333333333333;7
83075;2007-03-16;0;30;20.2;3;2007;3;16;-23.43;-46.46;735;73.0;70.0;86.0;934.0;934.2;933.4;8;7;3;0.0;2.0;1.0;8.0;8.0;10.0;76.33333333333333;933.8666666666667;8.666666666666666;1.0;7
83075;2007-03-17;30.7;27.8;18.9;2.2;2007;3;17;-23.43;-46.46;735;89.0;78.0;82.0;933.8;934.4;933.8;8;3;3;0.0;2.0;2.0;10.0;9.0;10.0;83.0;934.0;9.666666666666666;1.3333333333333333;3
83075;2007-03-18;3.8;27.4;18.9;3.5;2007;3;18;-23.43;-46.46;735;89.0;85.0;71.0;934.2;933.8;931.4;8;7;7;0.0;1.0;2.0;10.0;10.0;9.0;81.66666666666667;933.1333333333333;9.666666666666666;1.0;7
83075;2007-03-19;28.2;24.6;19.5;0.3;2007;3;19;-23.43;-46.46;735;93.0;83.0;87.0;930.3;932.3;932.1;7;7;7;1.0;3.0;1.0;9.0;10.0;9.0;87.66666666666667;931.5666666666666;9.333333333333334;1.6666666666666667;7
83075;2007-03-20;2.9;26.7;18.4;4.7;2007;3;20;-23.43;-46.46;735;82.0;76.0;61.0;932.9;933.9;933.0;8;7;7;0.0;1.0;2.0;6.0;9.0;6.0;73.0;933.2666666666668;7.0;1.0;7
83075;2007-03-21;0;29.6;16.9;9.7;2007;3;21;-23.43;-46.46;735;78.0;60.0;53.0;934.1;934.3;933.5;7;7;7;2.0;3.0;1.0;2.0;1.0;5.0;63.666666666666664;933.9666666666667;2.6666666666666665;2.0;7
83075;2007-03-22;0;26.6;19;0.6;2007;3;22;-23.43;-46.46;735;79.0;69.0;72.0;934.6;935.2;934.5;8;8;5;0.0;0.0;2.0;2.0;9.0;9.0;73.33333333333333;934.7666666666668;6.666666666666667;0.6666666666666666;5
83075;2007-03-23;0;30.5;19.2;5.1;2007;3;23;-23.43;-46.46;735;81.0;81.0;85.0;935.1;936.2;935.7;3;8;3;1.0;0.0;1.0;6.0;8.0;8.0;82.33333333333333;935.6666666666666;7.333333333333333;0.6666666666666666;3
83075;2007-03-24;3.9;32.3;18.5;8;2007;3;24;-23.43;-46.46;735;85.0;82.0;55.0;935.9;937.2;936.5;8;7;5;0.0;1.0;2.0;0.0;1.0;2.0;74.0;936.5333333333333;1.0;1.0;7
83075;2007-03-25;0;31.3;17.4;8.6;2007;3;25;-23.43;-46.46;735;79.0;84.0;41.0;937.4;937.8;936.5;8;3;3;0.0;1.0;1.0;0.0;6.0;1.0;68.0;937.2333333333332;2.3333333333333335;0.6666666666666666;3
83075;2007-03-26;0;31.7;16.6;9.7;2007;3;26;-23.43;-46.46;735;82.0;73.0;43.0;937.0;937.0;935.1;3;3;5;1.0;1.0;2.0;0.0;1.0;1.0;66.0;936.3666666666667;0.6666666666666666;1.3333333333333333;3
83075;2007-03-27;0;33.1;18.4;8;2007;3;27;-23.43;-46.46;735;81.0;80.0;44.0;935.8;937.6;935.0;5;8;8;1.0;0.0;0.0;0.0;1.0;4.0;68.33333333333333;936.1333333333333;1.6666666666666667;0.3333333333333333;5
83075;2007-03-28;0;33.8;18.9;8.7;2007;3;28;-23.43;-46.46;735;77.0;74.0;43.0;936.3;937.1;935.8;5;3;5;1.0;1.0;1.0;0.0;0.0;1.0;64.66666666666667;936.4;0.3333333333333333;1.0;5
83075;2007-03-29;0;32.5;19;9.4;2007;3;29;-23.43;-46.46;735;69.0;70.0;61.0;936.4;936.8;935.1;8;3;5;0.0;1.0;4.0;0.0;0.0;0.0;66.66666666666667;936.0999999999999;0.0;1.6666666666666667;3
83075;2007-03-30;0;32.5;19.2;9.4;2007;3;30;-23.43;-46.46;735;81.0;77.0;50.0;935.8;936.5;934.1;3;3;3;2.0;3.0;2.0;0.0;1.0;1.0;69.33333333333333;935.4666666666667;0.6666666666666666;2.3333333333333335;3
83075;2007-03-31;0;33.1;20.4;6.6;2007;3;31;-23.43;-46.46;735;80.0;47.0;53.0;934.2;934.6;933.4;3;3;8;2.0;1.0;0.0;2.0;1.0;6.0;60.0;934.0666666666667;3.0;1.0;3
83075;2007-04-01;8.2;25.8;20.2;0.3;2007;4;1;-23.43;-46.46;735;94.0;87.0;91.0;933.1;933.1;932.6;8;7;7;0.0;1.0;2.0;9.0;10.0;9.0;90.66666666666667;932.9333333333334;9.333333333333334;1.0;7
83075;2007-04-02;0;30.3;17.6;7.4;2007;4;2;-23.43;-46.46;735;78.0;73.0;57.0;933.8;933.9;933.0;3;7;5;1.0;1.0;3.0;1.0;8.0;5.0;69.33333333333333;933.5666666666666;4.666666666666667;1.6666666666666667;3
83075;2007-04-03;1.5;31.8;19.3;10.3;2007;4;3;-23.43;-46.46;735;82.0;73.0;67.0;937.5;937.9;937.1;5;3;5;2.0;1.0;1.0;4.0;4.0;1.0;74.0;937.5;3.0;1.3333333333333333;5
83075;2007-04-04;0.5;27.8;19.9;4.3;2007;4;4;-23.43;-46.46;735;84.0;78.0;66.0;933.8;934.5;933.9;3;5;5;1.0;1.0;3.0;9.0;8.0;9.0;76.0;934.0666666666666;8.666666666666666;1.6666666666666667;3
83075;2007-04-05;0.1;24;17.3;3;2007;4;5;-23.43;-46.46;735;83.0;77.0;71.0;939.0;940.3;939.0;5;3;3;2.0;3.0;2.0;9.0;9.0;8.0;77.0;939.4333333333334;8.666666666666666;2.3333333333333335;5
83075;2007-04-06;0;18.3;8.2;8.4;2007;4;6;-23.43;-46.46;735;73.0;66.0;55.0;936.3;938.2;938.1;7;8;8;1.0;0.0;0.0;8.0;0.0;1.0;64.66666666666667;937.5333333333333;3.0;0.3333333333333333;7
83075;2007-04-07;0;25.8;10.6;7.8;2007;4;7;-23.43;-46.46;735;90.0;84.0;50.0;940.1;941.2;939.3;3;8;7;1.0;0.0;1.0;0.0;0.0;0.0;74.66666666666667;940.2000000000002;0.0;0.6666666666666666;3
83075;2007-04-08;0;26.7;12.8;8.8;2007;4;8;-23.43;-46.46;735;78.0;76.0;48.0;939.9;940.2;938.4;8;8;7;0.0;0.0;3.0;0.0;5.0;4.0;67.33333333333333;939.5;3.0;1.0;7
83075;2007-04-09;3.5;29.4;16.3;8.8;2007;4;9;-23.43;-46.46;735;70.0;75.0;46.0;940.6;942.0;941.0;7;8;3;1.0;0.0;2.0;8.0;0.0;1.0;63.666666666666664;941.1999999999999;3.0;1.0;7
83075;2007-04-10;0;27.4;13.1;8.1;2007;4;10;-23.43;-46.46;735;85.0;74.0;60.0;937.8;937.8;938.0;5;3;5;2.0;1.0;5.0;4.0;1.0;4.0;73.0;937.8666666666667;3.0;2.6666666666666665;5
83075;2007-04-11;55.3;21.4;16.8;0;2007;4;11;-23.43;-46.46;735;89.0;88.0;83.0;929.3;930.4;930.4;7;7;8;1.0;1.0;0.0;10.0;10.0;10.0;86.66666666666667;930.0333333333333;10.0;0.6666666666666666;7
83075;2007-04-12;0;33.1;19.1;4.7;2007;4;12;-23.43;-46.46;735;82.0;72.0;80.0;932.6;933.2;930.4;5;3;5;2.0;1.0;3.0;9.0;1.0;10.0;78.0;932.0666666666667;6.666666666666667;2.0;5
83075;2007-04-13;0;26.4;19.9;0.1;2007;4;13;-23.43;-46.46;735;80.0;80.0;81.0;939.8;939.3;938.5;5;3;5;3.0;1.0;3.0;9.0;10.0;10.0;80.33333333333333;939.1999999999999;9.666666666666666;2.3333333333333335;5
83075;2007-04-14;1.8;28.4;18.2;6.9;2007;4;14;-23.43;-46.46;735;83.0;84.0;52.0;938.9;939.4;938.0;5;5;3;3.0;1.0;1.0;9.0;4.0;2.0;73.0;938.7666666666668;5.0;1.6666666666666667;5
83075;2007-04-15;0;28.5;17.8;6;2007;4;15;-23.43;-46.46;735;84.0;81.0;52.0;939.0;939.5;938.6;3;3;8;1.0;2.0;0.0;5.0;9.0;5.0;72.33333333333333;939.0333333333333;6.333333333333333;1.0;3
83075;2007-04-16;0;27.6;17.7;4;2007;4;16;-23.43;-46.46;735;81.0;82.0;59.0;938.6;939.8;937.1;3;3;3;1.0;1.0;3.0;10.0;10.0;9.0;74.0;938.5;9.666666666666666;1.6666666666666667;3
83075;2007-04-17;0;27.7;17.9;5.5;2007;4;17;-23.43;-46.46;735;80.0;84.0;66.0;937.9;938.0;936.5;5;7;5;1.0;1.0;3.0;0.0;9.0;8.0;76.66666666666667;937.4666666666667;5.666666666666667;1.6666666666666667;5
83075;2007-04-18;0;27.4;17.3;8.1;2007;4;18;-23.43;-46.46;735;82.0;75.0;65.0;937.0;937.8;937.4;3;3;3;1.0;1.0;3.0;4.0;10.0;2.0;74.0;937.4;5.333333333333333;1.6666666666666667;3
83075;2007-04-19;0;28.6;18.1;7.7;2007;4;19;-23.43;-46.46;735;83.0;79.0;65.0;937.7;938.9;937.8;3;3;5;3.0;1.0;3.0;9.0;9.0;6.0;75.66666666666667;938.1333333333332;8.0;2.3333333333333335;3
83075;2007-04-20;0;28.5;17.8;6.4;2007;4;20;-23.43;-46.46;735;78.0;80.0;61.0;938.5;939.6;938.3;3;5;3;2.0;1.0;1.0;2.0;2.0;8.0;73.0;938.7999999999998;4.0;1.3333333333333333;3
83075;2007-04-21;0;28.2;19;5.1;2007;4;21;-23.43;-46.46;735;88.0;78.0;62.0;938.6;938.5;937.7;5;3;3;1.0;1.0;1.0;10.0;9.0;9.0;76.0;938.2666666666668;9.333333333333334;1.0;5
83075;2007-04-22;53.6;27.7;19;6;2007;4;22;-23.43;-46.46;735;93.0;83.0;67.0;937.9;938.2;936.2;8;3;3;0.0;1.0;1.0;9.0;9.0;9.0;81.0;937.4333333333334;9.0;0.6666666666666666;3
83075;2007-04-23;17.1;29.4;18.8;7.7;2007;4;23;-23.43;-46.46;735;89.0;77.0;62.0;936.9;938.1;935.9;3;8;5;1.0;0.0;1.0;8.0;1.0;6.0;76.0;936.9666666666667;5.0;0.6666666666666666;3
83075;2007-04-24;25.6;30.2;18.4;7.9;2007;4;24;-23.43;-46.46;735;90.0;74.0;60.0;936.1;936.7;934.9;5;3;7;1.0;1.0;2.0;8.0;0.0;2.0;74.66666666666667;935.9000000000001;3.3333333333333335;1.3333333333333333;5
83075;2007-04-25;0;30.6;19.9;7.9;2007;4;25;-23.43;-46.46;735;81.0;68.0;55.0;933.9;934.3;933.1;7;8;7;1.0;0.0;3.0;0.0;9.0;8.0;68.0;933.7666666666665;5.666666666666667;1.3333333333333333;7
83075;2007-04-26;0;29.8;20.7;2.5;2007;4;26;-23.43;-46.46;735;77.0;66.0;59.0;933.2;933.2;931.5;7;7;7;1.0;1.0;3.0;6.0;9.0;10.0;67.33333333333333;932.6333333333333;8.333333333333334;1.6666666666666667;7
83075;2007-04-27;10.8;23;15;0;2007;4;27;-23.43;-46.46;735;86.0;92.0;89.0;932.3;935.4;936.8;8;5;5;0.0;3.0;3.0;8.0;10.0;10.0;89.0;934.8333333333334;9.333333333333334;2.0;5
83075;2007-04-28;3.5;19.4;14.1;0;2007;4;28;-23.43;-46.46;735;86.0;89.0;71.0;938.5;942.4;942.0;5;3;3;1.0;1.0;1.0;10.0;10.0;10.0;82.0;940.9666666666667;10.0;1.0;5
83075;2007-04-29;0;22.6;15.3;0.9;2007;4;29;-23.43;-46.46;735;80.0;75.0;68.0;942.4;941.9;939.7;3;3;8;1.0;1.0;0.0;10.0;8.0;9.0;74.33333333333333;941.3333333333334;9.0;0.6666666666666666;3
83075;2007-04-30;0;24.5;16.5;3.9;2007;4;30;-23.43;-46.46;735;90.0;88.0;65.0;939.6;940.2;938.1;8;5;3;0.0;1.0;1.0;5.0;10.0;6.0;81.0;939.3000000000001;7.0;0.6666666666666666;5
83075;2007-05-01;45.2;25;19.9;0;2007;5;1;-23.43;-46.46;735;90.0;86.0;83.0;931.4;931.4;930.6;8;7;7;0.0;1.0;3.0;9.0;10.0;10.0;86.33333333333333;931.1333333333333;9.666666666666666;1.3333333333333333;7
83075;2007-05-02;0;33.2;18.9;8.7;2007;5;2;-23.43;-46.46;735;76.0;83.0;52.0;933.2;933.6;931.9;5;7;7;3.0;1.0;1.0;6.0;2.0;9.0;70.33333333333333;932.9000000000001;5.666666666666667;1.6666666666666667;5
83075;2007-05-03;0;33.3;19;9.1;2007;5;3;-23.43;-46.46;735;81.0;74.0;46.0;937.2;937.4;936.2;5;5;7;2.0;1.0;2.0;0.0;1.0;2.0;67.0;936.9333333333334;1.0;1.6666666666666667;5
83075;2007-05-04;0.6;25.5;18.8;0.9;2007;5;4;-23.43;-46.46;735;82.0;89.0;76.0;935.0;935.8;935.9;5;3;5;1.0;1.0;4.0;2.0;10.0;10.0;82.33333333333333;935.5666666666666;7.333333333333333;2.0;5
83075;2007-05-05;0;27.8;16.2;7.6;2007;5;5;-23.43;-46.46;735;87.0;84.0;59.0;939.2;940.0;937.4;3;3;5;1.0;1.0;1.0;10.0;6.0;5.0;76.66666666666667;938.8666666666667;7.0;1.0;3
83075;2007-05-06;0;20.6;6.6;6.4;2007;5;6;-23.43;-46.46;735;84.0;90.0;56.0;938.3;939.5;938.3;3;8;3;1.0;0.0;1.0;0.0;9.0;0.0;76.66666666666667;938.6999999999999;3.0;0.6666666666666666;3
83075;2007-05-08;0;19;13.5;0;2007;5;8;-23.43;-46.46;735;78.0;88.0;79.0;939.1;942.3;941.5;8;5;5;0.0;3.0;3.0;2.0;10.0;10.0;81.66666666666667;940.9666666666667;7.333333333333333;2.0;5
83075;2007-05-09;0;27.9;15.4;7.2;2007;5;9;-23.43;-46.46;735;78.0;70.0;53.0;941.3;942.5;941.0;3;8;7;1.0;0.0;1.0;1.0;0.0;4.0;67.0;941.6;1.6666666666666667;0.6666666666666666;3
83075;2007-05-10;0;31;13.8;6.4;2007;5;10;-23.43;-46.46;735;85.0;77.0;48.0;936.8;937.2;933.5;5;8;3;1.0;0.0;1.0;0.0;5.0;2.0;70.0;935.8333333333334;2.3333333333333335;0.6666666666666666;5
83075;2007-05-11;10.8;19.9;15.2;0;2007;5;11;-23.43;-46.46;735;78.0;86.0;79.0;933.5;935.2;934.7;5;3;3;1.0;1.0;1.0;9.0;10.0;10.0;81.0;934.4666666666667;9.666666666666666;1.0;5
83075;2007-05-12;12.3;25.6;20.1;0.1;2007;5;12;-23.43;-46.46;735;82.0;79.0;72.0;931.0;932.5;931.7;8;7;7;0.0;3.0;3.0;6.0;10.0;10.0;77.66666666666667;931.7333333333332;8.666666666666666;2.0;7
83075;2007-05-13;0;23.2;14.6;5.5;2007;5;13;-23.43;-46.46;735;86.0;82.0;70.0;940.6;941.5;939.4;8;3;8;0.0;1.0;0.0;0.0;10.0;0.0;79.33333333333333;940.5;3.3333333333333335;0.3333333333333333;3
83075;2007-05-14;0;24.6;16.1;3.3;2007;5;14;-23.43;-46.46;735;88.0;74.0;86.0;938.4;937.0;935.7;8;7;5;0.0;2.0;1.0;0.0;2.0;8.0;82.66666666666667;937.0333333333334;3.3333333333333335;1.0;7
83075;2007-05-15;4.4;24.3;14.5;7.7;2007;5;15;-23.43;-46.46;735;88.0;85.0;60.0;937.4;938.6;937.3;5;8;5;1.0;0.0;1.0;9.0;5.0;2.0;77.66666666666667;937.7666666666668;5.333333333333333;0.6666666666666666;5
83075;2007-05-16;0;28.6;15.4;8.9;2007;5;16;-23.43;-46.46;735;82.0;79.0;52.0;937.7;939.7;935.1;3;8;7;1.0;0.0;2.0;9.0;1.0;1.0;71.0;937.5;3.6666666666666665;1.0;3
83075;2007-05-17;0;30.3;17;8.3;2007;5;17;-23.43;-46.46;735;87.0;73.0;51.0;935.7;936.1;935.6;8;8;7;0.0;0.0;3.0;0.0;2.0;2.0;70.33333333333333;935.8000000000001;1.3333333333333333;1.0;7
83075;2007-05-18;0;28.6;16.9;6.1;2007;5;18;-23.43;-46.46;735;84.0;86.0;56.0;936.5;936.6;935.9;5;8;5;1.0;0.0;3.0;9.0;8.0;5.0;75.33333333333333;936.3333333333334;7.333333333333333;1.3333333333333333;5
83075;2007-05-19;0;20.1;14.6;0;2007;5;19;-23.43;-46.46;735;83.0;85.0;89.0;937.3;938.2;938.1;5;5;5;3.0;1.0;1.0;9.0;10.0;10.0;85.66666666666667;937.8666666666667;9.666666666666666;1.6666666666666667;5
83075;2007-05-20;7.3;22.7;14.4;3.9;2007;5;20;-23.43;-46.46;735;89.0;88.0;74.0;938.9;939.5;939.2;3;5;3;2.0;1.0;3.0;9.0;10.0;6.0;83.66666666666667;939.2000000000002;8.333333333333334;2.0;3
83075;2007-05-21;0;28.2;16;8.3;2007;5;21;-23.43;-46.46;735;90.0;78.0;52.0;938.1;937.6;934.3;5;8;7;1.0;0.0;3.0;9.0;0.0;1.0;73.33333333333333;936.6666666666666;3.3333333333333335;1.3333333333333333;5
83075;2007-05-22;0;22.8;16.7;0;2007;5;22;-23.43;-46.46;735;77.0;87.0;89.0;934.2;934.8;933.7;7;7;7;1.0;1.0;1.0;1.0;10.0;10.0;84.33333333333333;934.2333333333332;7.0;1.0;7
83075;2007-05-23;22;19.1;15.9;0;2007;5;23;-23.43;-46.46;735;88.0;91.0;89.0;933.5;933.2;931.1;7;7;7;1.0;3.0;2.0;2.0;10.0;10.0;89.33333333333333;932.6;7.333333333333333;2.0;7
83075;2007-05-24;7.1;18.3;10.4;3.4;2007;5;24;-23.43;-46.46;735;91.0;75.0;69.0;931.8;935.1;935.5;7;5;5;1.0;3.0;2.0;8.0;10.0;8.0;78.33333333333333;934.1333333333333;8.666666666666666;2.0;7
83075;2007-05-25;0;16.4;7.8;3.7;2007;5;25;-23.43;-46.46;735;80.0;79.0;72.0;938.4;940.4;939.7;5;3;5;2.0;1.0;1.0;6.0;6.0;6.0;77.0;939.5;6.0;1.3333333333333333;5
83075;2007-05-26;0;21.2;10.3;8;2007;5;26;-23.43;-46.46;735;86.0;81.0;59.0;939.8;940.2;937.4;5;3;8;1.0;1.0;0.0;5.0;1.0;0.0;75.33333333333333;939.1333333333333;2.0;0.6666666666666666;5
83075;2007-05-27;0;19.7;12.4;3;2007;5;27;-23.43;-46.46;735;84.0;81.0;68.0;937.2;936.8;935.5;5;7;7;1.0;1.0;3.0;4.0;9.0;4.0;77.66666666666667;936.5;5.666666666666667;1.6666666666666667;5
83075;2007-05-28;0;21.3;12.5;6.5;2007;5;28;-23.43;-46.46;735;85.0;78.0;66.0;936.1;936.6;935.4;7;7;7;1.0;1.0;1.0;5.0;9.0;4.0;76.33333333333333;936.0333333333333;6.0;1.0;7
83075;2007-05-29;0.4;18.5;11.7;0.4;2007;5;29;-23.43;-46.46;735;89.0;89.0;84.0;935.5;936.0;935.9;5;7;5;1.0;3.0;4.0;0.0;10.0;10.0;87.33333333333333;935.8000000000001;6.666666666666667;2.6666666666666665;5
83075;2007-05-30;0;13.6;9.5;0.3;2007;5;30;-23.43;-46.46;735;86.0;71.0;64.0;937.5;940.4;941.0;5;3;5;3.0;3.0;3.0;9.0;10.0;9.0;73.66666666666667;939.6333333333333;9.333333333333334;3.0;5
83075;2007-05-31;0;18.6;8.4;4.8;2007;5;31;-23.43;-46.46;735;85.0;86.0;62.0;941.7;942.2;939.5;5;3;3;1.0;2.0;1.0;9.0;8.0;10.0;77.66666666666667;941.1333333333333;9.0;1.3333333333333333;5
83075;2007-06-01;2.9;25.6;20.1;0.1;2007;6;1;-23.43;-46.46;735;90.0;88.0;75.0;930.7;931.5;930.9;7;7;7;1.0;1.0;2.0;10.0;10.0;9.0;84.33333333333333;931.0333333333333;9.666666666666666;1.3333333333333333;7
83075;2007-06-02;18.6;31.5;20.3;7.6;2007;6;2;-23.43;-46.46;735;82.0;76.0;53.0;932.3;932.5;931.6;8;7;7;0.0;1.0;1.0;10.0;9.0;5.0;70.33333333333333;932.1333333333333;8.0;0.6666666666666666;7
83075;2007-06-03;0;34.5;20.1;9.1;2007;6;3;-23.43;-46.46;735;67.0;71.0;45.0;936.8;937.6;936.5;5;8;7;1.0;0.0;2.0;4.0;1.0;5.0;61.0;936.9666666666667;3.3333333333333335;1.0;5
83075;2007-06-04;0;24.7;17.7;0.2;2007;6;4;-23.43;-46.46;735;77.0;81.0;69.0;937.0;938.2;937.1;5;3;3;2.0;3.0;2.0;2.0;10.0;8.0;75.66666666666667;937.4333333333334;6.666666666666667;2.3333333333333335;5
83075;2007-06-05;0;28.7;15.8;8.8;2007;6;5;-23.43;-46.46;735;79.0;78.0;52.0;937.0;937.1;937.5;8;3;5;0.0;1.0;1.0;2.0;0.0;6.0;69.66666666666667;937.1999999999999;2.6666666666666665;0.6666666666666666;3
83075;2007-06-06;0;23.4;6.9;7.9;2007;6;6;-23.43;-46.46;735;91.0;86.0;52.0;938.7;939.0;937.2;5;3;7;1.0;1.0;1.0;0.0;1.0;0.0;76.33333333333333;938.3000000000001;0.3333333333333333;1.0;5
83075;2007-06-07;0;26.8;14.3;7.8;2007;6;7;-23.43;-46.46;735;82.0;72.0;56.0;939.4;939.5;938.8;8;5;7;0.0;1.0;1.0;0.0;4.0;4.0;70.0;939.2333333333332;2.6666666666666665;0.6666666666666666;5
83075;2007-06-08;0;25;13.6;7.4;2007;6;8;-23.43;-46.46;735;84.0;81.0;61.0;941.6;941.8;937.9;5;3;3;2.0;2.0;2.0;9.0;9.0;6.0;75.33333333333333;940.4333333333334;8.0;2.0;5
83075;2007-06-09;0;29.5;15.9;8.3;2007;6;9;-23.43;-46.46;735;70.0;68.0;45.0;941.8;942.5;940.7;5;8;5;1.0;0.0;3.0;6.0;0.0;4.0;61.0;941.6666666666666;3.3333333333333335;1.3333333333333333;5
83075;2007-06-10;0;33.9;15.9;8.5;2007;6;10;-23.43;-46.46;735;82.0;62.0;43.0;933.5;934.3;933.4;5;3;8;1.0;1.0;0.0;1.0;0.0;5.0;62.333333333333336;933.7333333333332;2.0;0.6666666666666666;5
83075;2007-06-11;0;24.2;16.8;0.1;2007;6;11;-23.43;-46.46;735;88.0;79.0;77.0;935.1;935.9;935.0;5;3;7;1.0;1.0;1.0;8.0;10.0;10.0;81.33333333333333;935.3333333333334;9.333333333333334;1.0;5
83075;2007-06-12;4.5;29.3;20.8;1.9;2007;6;12;-23.43;-46.46;735;86.0;77.0;65.0;931.9;931.7;927.9;5;7;7;1.0;5.0;5.0;8.0;9.0;9.0;76.0;930.5;8.666666666666666;3.6666666666666665;5
83075;2007-06-13;0;26.8;13.5;8.2;2007;6;13;-23.43;-46.46;735;77.0;71.0;45.0;937.5;938.3;935.3;8;8;7;0.0;0.0;3.0;6.0;9.0;4.0;64.33333333333333;937.0333333333333;6.333333333333333;1.0;7
83075;2007-06-14;0;27.1;13.2;7.6;2007;6;14;-23.43;-46.46;735;71.0;74.0;54.0;935.8;936.3;935.4;8;8;7;0.0;0.0;3.0;0.0;0.0;9.0;66.33333333333333;935.8333333333334;3.0;1.0;7
83075;2007-06-15;0;28.3;14.6;8.2;2007;6;15;-23.43;-46.46;735;75.0;79.0;48.0;935.7;935.9;935.1;7;8;7;1.0;0.0;3.0;0.0;6.0;5.0;67.33333333333333;935.5666666666666;3.6666666666666665;1.3333333333333333;7
83075;2007-06-16;0;22.8;15.8;4.3;2007;6;16;-23.43;-46.46;735;67.0;81.0;73.0;935.4;937.8;937.7;8;5;5;0.0;2.0;3.0;0.0;6.0;6.0;73.66666666666667;936.9666666666666;4.0;1.6666666666666667;5
83075;2007-06-17;0;25.1;15.1;6.8;2007;6;17;-23.43;-46.46;735;83.0;83.0;73.0;938.8;939.6;939.0;3;3;3;2.0;3.0;3.0;9.0;6.0;4.0;79.66666666666667;939.1333333333333;6.333333333333333;2.6666666666666665;3
83075;2007-06-18;0;27.6;15;7;2007;6;18;-23.43;-46.46;735;84.0;94.0;53.0;939.4;940.3;939.0;8;8;7;0.0;0.0;2.0;1.0;9.0;6.0;77.0;939.5666666666666;5.333333333333333;0.6666666666666666;7
83075;2007-06-19;0;25.5;14.8;6.1;2007;6;19;-23.43;-46.46;735;86.0;83.0;57.0;940.0;941.1;940.1;3;3;3;2.0;2.0;1.0;9.0;9.0;2.0;75.33333333333333;940.4;6.666666666666667;1.6666666666666667;3
83075;2007-06-20;0;25.1;13.1;8.1;2007;6;20;-23.43;-46.46;735;79.0;85.0;54.0;940.5;941.7;940.2;8;8;7;0.0;0.0;2.0;0.0;0.0;1.0;72.66666666666667;940.8000000000001;0.3333333333333333;0.6666666666666666;7
83075;2007-06-21;0;25.3;12.3;8.3;2007;6;21;-23.43;-46.46;735;75.0;74.0;53.0;940.4;942.0;941.3;7;8;7;1.0;0.0;1.0;0.0;0.0;1.0;67.33333333333333;941.2333333333332;0.3333333333333333;0.6666666666666666;7
83075;2007-06-22;0;24.8;13;6.5;2007;6;22;-23.43;-46.46;735;78.0;79.0;53.0;940.8;941.1;937.9;8;3;7;0.0;1.0;3.0;0.0;9.0;8.0;70.0;939.9333333333334;5.666666666666667;1.3333333333333333;3
83075;2007-06-23;0;25.6;14.7;7.9;2007;6;23;-23.43;-46.46;735;79.0;58.0;52.0;938.1;937.6;936.6;8;8;7;0.0;0.0;3.0;0.0;9.0;8.0;63.0;937.4333333333334;5.666666666666667;1.0;7
83075;2007-06-24;0;25.6;13.7;7.1;2007;6;24;-23.43;-46.46;735;67.0;78.0;73.0;936.8;938.3;938.0;7;8;5;1.0;0.0;3.0;6.0;6.0;9.0;72.66666666666667;937.6999999999999;7.0;1.3333333333333333;7
83075;2007-06-25;0;18.8;14.5;0.1;2007;6;25;-23.43;-46.46;735;87.0;84.0;84.0;940.0;943.1;942.5;3;5;5;1.0;3.0;3.0;10.0;10.0;10.0;85.0;941.8666666666667;10.0;2.3333333333333335;3
83075;2007-06-26;0;25.2;13.3;7.9;2007;6;26;-23.43;-46.46;735;85.0;83.0;52.0;943.4;943.5;941.0;5;8;7;2.0;0.0;2.0;9.0;9.0;5.0;73.33333333333333;942.6333333333333;7.666666666666667;1.3333333333333333;5
83075;2007-06-27;0;26.3;13.5;7.4;2007;6;27;-23.43;-46.46;735;79.0;85.0;55.0;940.9;941.4;938.2;8;3;7;0.0;1.0;3.0;0.0;5.0;6.0;73.0;940.1666666666666;3.6666666666666665;1.3333333333333333;3
83075;2007-06-28;1;24.9;14.9;5.3;2007;6;28;-23.43;-46.46;735;79.0;89.0;61.0;938.2;938.8;938.2;8;8;7;0.0;0.0;3.0;0.0;9.0;4.0;76.33333333333333;938.4;4.333333333333333;1.0;7
83075;2007-06-29;9.8;20.6;13.8;1.9;2007;6;29;-23.43;-46.46;735;88.0;91.0;76.0;939.4;940.5;940.0;3;3;8;3.0;2.0;0.0;10.0;10.0;4.0;85.0;939.9666666666667;8.0;1.6666666666666667;3
83075;2007-06-30;0;23.7;12.3;6.2;2007;6;30;-23.43;-46.46;735;95.0;93.0;49.0;940.3;941.2;940.4;8;7;7;0.0;1.0;3.0;10.0;10.0;0.0;79.0;940.6333333333333;6.666666666666667;1.3333333333333333;7
83075;2007-07-01;1.4;29.9;20.4;3.4;2007;7;1;-23.43;-46.46;735;80.0;71.0;66.0;931.9;933.7;933.4;7;7;7;1.0;2.0;2.0;8.0;9.0;8.0;72.33333333333333;933.0;8.333333333333334;1.6666666666666667;7
83075;2007-07-02;0;32.6;20.8;7.6;2007;7;2;-23.43;-46.46;735;73.0;63.0;56.0;931.6;932.7;932.0;8;7;7;0.0;1.0;3.0;6.0;9.0;8.0;64.0;932.1;7.666666666666667;1.3333333333333333;7
83075;2007-07-03;0;33.1;18.3;6.7;2007;7;3;-23.43;-46.46;735;76.0;73.0;65.0;938.0;938.6;937.4;5;8;3;1.0;0.0;3.0;9.0;0.0;9.0;71.33333333333333;938.0;6.0;1.3333333333333333;5
83075;2007-07-04;0;26.6;18.3;2.4;2007;7;4;-23.43;-46.46;735;79.0;77.0;70.0;938.1;938.1;936.0;3;5;3;2.0;1.0;1.0;10.0;9.0;10.0;75.33333333333333;937.4;9.666666666666666;1.3333333333333333;3
83075;2007-07-05;0;27.6;15.1;9.1;2007;7;5;-23.43;-46.46;735;76.0;62.0;49.0;936.1;936.1;934.2;8;7;7;0.0;3.0;2.0;1.0;4.0;4.0;62.333333333333336;935.4666666666667;3.0;1.6666666666666667;7
83075;2007-07-06;0;26;9.4;8.3;2007;7;6;-23.43;-46.46;735;80.0;75.0;61.0;937.4;937.9;936.8;8;8;7;0.0;0.0;3.0;0.0;1.0;1.0;72.0;937.3666666666667;0.6666666666666666;1.0;7
83075;2007-07-07;0;27.4;14.2;8.2;2007;7;7;-23.43;-46.46;735;77.0;75.0;46.0;938.6;938.8;936.3;8;8;7;0.0;0.0;3.0;6.0;0.0;2.0;66.0;937.9;2.6666666666666665;1.0;7
83075;2007-07-08;0;29.3;13.9;9.1;2007;7;8;-23.43;-46.46;735;82.0;66.0;44.0;938.4;938.6;936.0;8;8;7;0.0;0.0;3.0;0.0;0.0;0.0;64.0;937.6666666666666;0.0;1.0;7
83075;2007-07-09;0;29.6;16;8.5;2007;7;9;-23.43;-46.46;735;63.0;65.0;42.0;941.4;941.8;939.6;5;8;3;1.0;0.0;0.1;4.0;0.0;0.0;56.666666666666664;940.9333333333333;1.3333333333333333;0.3666666666666667;5
83075;2007-07-10;0;34.7;15.8;8;2007;7;10;-23.43;-46.46;735;62.0;56.0;43.0;933.8;934.4;933.7;8;3;5;0.0;3.0;2.0;0.0;1.0;1.0;53.666666666666664;933.9666666666666;0.6666666666666666;1.6666666666666667;3
83075;2007-07-11;0;27.5;18.5;3.1;2007;7;11;-23.43;-46.46;735;83.0;72.0;77.0;935.4;935.7;934.8;5;8;5;1.0;0.0;3.0;6.0;8.0;9.0;77.33333333333333;935.2999999999998;7.666666666666667;1.3333333333333333;5
83075;2007-07-12;64.2;22.8;17.6;0;2007;7;12;-23.43;-46.46;735;88.0;79.0;89.0;928.5;929.6;930.0;7;8;3;3.0;0.0;2.0;9.0;10.0;10.0;85.33333333333333;929.3666666666667;9.666666666666666;1.6666666666666667;7
83075;2007-07-13;0;25.5;11.7;5.2;2007;7;13;-23.43;-46.46;735;87.0;88.0;61.0;940.7;940.7;938.5;3;3;1;1.0;1.0;1.0;9.0;8.0;10.0;78.66666666666667;939.9666666666667;9.0;1.0;3
83075;2007-07-14;0;26.9;14.3;4.2;2007;7;14;-23.43;-46.46;735;77.0;77.0;49.0;937.9;938.0;936.3;8;5;7;0.0;1.0;2.0;0.0;9.0;9.0;67.66666666666667;937.4;6.0;1.0;5
83075;2007-07-15;0;23.2;16.6;2.5;2007;7;15;-23.43;-46.46;735;78.0;69.0;64.0;936.3;936.3;936.0;7;8;5;1.0;0.0;3.0;6.0;9.0;9.0;70.33333333333333;936.1999999999999;8.0;1.3333333333333333;7
83075;2007-07-16;14.2;18.5;13.6;0;2007;7;16;-23.43;-46.46;735;88.0;93.0;93.0;936.3;937.1;938.4;5;3;8;1.0;2.0;0.0;6.0;10.0;10.0;91.33333333333333;937.2666666666668;8.666666666666666;1.0;5
83075;2007-07-17;19.6;18.5;13.9;0;2007;7;17;-23.43;-46.46;735;91.0;92.0;79.0;937.4;937.4;936.1;8;7;3;0.0;2.0;1.0;10.0;10.0;10.0;87.33333333333333;936.9666666666667;10.0;1.0;7
83075;2007-07-18;14.2;19.2;13.7;0.6;2007;7;18;-23.43;-46.46;735;90.0;87.0;82.0;935.8;932.9;932.5;7;7;7;1.0;3.0;3.0;9.0;10.0;10.0;86.33333333333333;933.7333333333332;9.666666666666666;2.3333333333333335;7
83075;2007-07-19;2.3;19.6;12.7;7.2;2007;7;19;-23.43;-46.46;735;88.0;84.0;57.0;933.7;935.8;936.3;5;5;3;3.0;1.0;1.0;9.0;8.0;0.0;76.33333333333333;935.2666666666668;5.666666666666667;1.6666666666666667;5
83075;2007-07-20;0;24.7;8.5;6.6;2007;7;20;-23.43;-46.46;735;89.0;92.0;48.0;936.3;937.6;937.0;5;5;7;1.0;1.0;1.0;0.0;10.0;0.0;76.33333333333333;936.9666666666667;3.3333333333333335;1.0;5
83075;2007-07-22;0;27.5;12.8;8.9;2007;7;22;-23.43;-46.46;735;85.0;74.0;54.0;935.4;934.5;931.6;8;8;5;0.0;0.0;1.0;0.0;0.0;1.0;71.0;933.8333333333334;0.3333333333333333;0.3333333333333333;5
83075;2007-07-23;1.1;24.6;12.9;0;2007;7;23;-23.43;-46.46;735;67.0;84.0;91.0;929.9;931.4;930.8;7;7;7;1.0;1.0;2.0;0.0;10.0;10.0;80.66666666666667;930.6999999999999;6.666666666666667;1.3333333333333333;7
83075;2007-07-24;29.7;16.2;12.9;0;2007;7;24;-23.43;-46.46;735;88.0;90.0;95.0;933.4;935.1;934.9;5;3;3;1.0;1.0;1.0;9.0;10.0;10.0;91.0;934.4666666666667;9.666666666666666;1.0;5
83075;2007-07-25;53.4;21.5;13.3;1.5;2007;7;25;-23.43;-46.46;735;95.0;89.0;79.0;933.7;932.9;932.6;5;8;7;1.0;0.0;1.0;8.0;10.0;9.0;87.66666666666667;933.0666666666666;9.0;0.6666666666666666;5
83075;2007-07-26;3.3;18.2;9.7;3.8;2007;7;26;-23.43;-46.46;735;79.0;78.0;71.0;936.1;940.9;940.3;7;3;5;2.0;2.0;3.0;2.0;9.0;8.0;76.0;939.1;6.333333333333333;2.3333333333333335;7
83075;2007-07-27;0;16.7;8.1;0.7;2007;7;27;-23.43;-46.46;735;56.0;85.0;72.0;940.7;941.3;940.2;3;3;3;1.0;1.0;2.0;9.0;10.0;8.0;71.0;940.7333333333332;9.0;1.3333333333333333;3
83075;2007-07-28;0;12.2;8.4;0;2007;7;28;-23.43;-46.46;735;88.0;86.0;81.0;941.6;941.9;943.2;5;5;5;3.0;3.0;4.0;10.0;10.0;10.0;85.0;942.2333333333332;10.0;3.3333333333333335;5
83075;2007-07-29;0;12.2;6.5;2.9;2007;7;29;-23.43;-46.46;735;87.0;79.0;72.0;944.8;932.7;945.3;5;5;3;3.0;3.0;4.0;10.0;10.0;8.0;79.33333333333333;940.9333333333334;9.333333333333334;3.3333333333333335;5
83075;2007-07-30;0;16.5;4.2;7.8;2007;7;30;-23.43;-46.46;735;81.0;72.0;53.0;945.5;945.6;942.2;3;3;3;1.0;3.0;3.0;1.0;10.0;8.0;68.66666666666667;944.4333333333334;6.333333333333333;2.3333333333333335;3
83075;2007-07-31;0;20.6;7.4;6.6;2007;7;31;-23.43;-46.46;735;88.0;83.0;54.0;942.2;941.2;938.7;3;8;5;1.0;0.0;2.0;0.0;9.0;4.0;75.0;940.7000000000002;4.333333333333333;1.0;3
83075;2007-08-01;5.6;27.6;21.6;1.5;2007;8;1;-23.43;-46.46;735;87.0;83.0;72.0;933.4;934.7;934.1;7;7;5;1.0;1.0;3.0;9.0;9.0;10.0;80.66666666666667;934.0666666666666;9.333333333333334;1.6666666666666667;7
83075;2007-08-02;73;26.8;20.7;0.8;2007;8;2;-23.43;-46.46;735;91.0;87.0;76.0;932.3;934.6;934.6;8;7;3;0.0;1.0;2.0;10.0;10.0;10.0;84.66666666666667;933.8333333333334;10.0;1.0;7
83075;2007-08-03;25.5;33.8;18.3;7.8;2007;8;3;-23.43;-46.46;735;87.0;81.0;49.0;938.0;937.9;934.7;8;3;7;0.0;1.0;2.0;4.0;4.0;2.0;72.33333333333333;936.8666666666668;3.3333333333333335;1.0;3
83075;2007-08-04;22.8;25.6;18.1;0.1;2007;8;4;-23.43;-46.46;735;92.0;91.0;89.0;936.0;935.2;933.6;3;3;7;1.0;1.0;1.0;10.0;10.0;10.0;90.66666666666667;934.9333333333334;10.0;1.0;3
83075;2007-08-05;0;28.5;15.9;5.7;2007;8;5;-23.43;-46.46;735;73.0;73.0;70.0;934.5;934.8;934.1;5;8;5;1.0;0.0;4.0;0.0;8.0;10.0;72.0;934.4666666666667;6.0;1.6666666666666667;5
83075;2007-08-07;0;27;16.6;8.4;2007;8;7;-23.43;-46.46;735;72.0;53.0;46.0;936.4;936.5;936.2;8;7;7;0.0;2.0;3.0;0.0;0.0;0.0;57.0;936.3666666666668;0.0;1.6666666666666667;7
83075;2007-08-08;0;26.6;12.5;8.9;2007;8;8;-23.43;-46.46;735;79.0;58.0;56.0;937.6;940.8;939.6;5;8;5;4.0;0.0;1.0;0.0;2.0;1.0;64.33333333333333;939.3333333333334;1.0;1.6666666666666667;5
83075;2007-08-09;0;30.3;15.7;9.1;2007;8;9;-23.43;-46.46;735;70.0;65.0;37.0;939.9;940.1;938.9;8;3;8;0.0;1.0;0.0;0.0;0.0;0.0;57.333333333333336;939.6333333333333;0.0;0.3333333333333333;3
83075;2007-08-10;0;28.6;17.7;5.7;2007;8;10;-23.43;-46.46;735;81.0;76.0;73.0;935.5;936.5;936.3;5;3;5;3.0;1.0;5.0;9.0;8.0;6.0;76.66666666666667;936.1;7.666666666666667;3.0;5
83075;2007-08-11;0;29.7;17.9;4.1;2007;8;11;-23.43;-46.46;735;82.0;76.0;85.0;935.2;934.8;932.4;5;3;5;2.0;2.0;1.0;8.0;9.0;10.0;81.0;934.1333333333333;9.0;1.6666666666666667;5
83075;2007-08-12;2.6;33.7;18.9;5.7;2007;8;12;-23.43;-46.46;735;87.0;81.0;44.0;930.1;931.1;930.9;5;8;5;1.0;0.0;2.0;10.0;10.0;4.0;70.66666666666667;930.6999999999999;8.0;1.0;5
83075;2007-08-13;0;25.7;13.1;7.6;2007;8;13;-23.43;-46.46;735;86.0;80.0;50.0;942.5;943.1;940.7;3;3;5;2.0;3.0;1.0;6.0;8.0;2.0;72.0;942.1;5.333333333333333;2.0;3
83075;2007-08-14;0;26.2;13.9;6;2007;8;14;-23.43;-46.46;735;70.0;75.0;50.0;941.2;942.0;940.0;3;3;8;1.0;1.0;0.0;0.0;9.0;4.0;65.0;941.0666666666666;4.333333333333333;0.6666666666666666;3
83075;2007-08-15;0;27.6;13.3;8.7;2007;8;15;-23.43;-46.46;735;78.0;55.0;44.0;940.3;941.5;940.6;8;1;8;0.0;1.0;0.0;0.0;1.0;0.0;59.0;940.8000000000001;0.3333333333333333;0.3333333333333333;1
83075;2007-08-17;0;22.7;11.8;7.2;2007;8;17;-23.43;-46.46;735;64.0;80.0;66.0;940.8;941.7;940.5;8;3;5;0.0;1.0;3.0;0.0;9.0;0.0;70.0;941.0;3.0;1.3333333333333333;3
83075;2007-08-18;0;26;11.7;6;2007;8;18;-23.43;-46.46;735;84.0;89.0;55.0;940.8;940.6;938.8;3;5;5;1.0;1.0;1.0;8.0;10.0;10.0;76.0;940.0666666666666;9.333333333333334;1.0;3
83075;2007-08-19;0;23.8;12.2;5;2007;8;19;-23.43;-46.46;735;79.0;87.0;58.0;938.7;940.0;938.7;5;3;5;2.0;1.0;1.0;0.0;10.0;5.0;74.66666666666667;939.1333333333333;5.0;1.3333333333333333;5
83075;2007-08-20;0;28.3;12.8;8.6;2007;8;20;-23.43;-46.46;735;89.0;73.0;45.0;938.7;938.7;936.4;3;8;7;1.0;0.0;2.0;8.0;2.0;4.0;69.0;937.9333333333334;4.666666666666667;1.0;3
83075;2007-08-21;0;18.9;12.5;2.7;2007;8;21;-23.43;-46.46;735;82.0;80.0;71.0;938.6;940.6;939.9;5;5;5;2.0;3.0;3.0;8.0;10.0;8.0;77.66666666666667;939.6999999999999;8.666666666666666;2.6666666666666665;5
83075;2007-08-22;0;23.4;11.7;5.5;2007;8;22;-23.43;-46.46;735;83.0;80.0;59.0;940.8;941.0;939.0;3;3;3;2.0;2.0;1.0;9.0;10.0;0.0;74.0;940.2666666666668;6.333333333333333;1.6666666666666667;3
83075;2007-08-23;0;28;11.5;7;2007;8;23;-23.43;-46.46;735;88.0;85.0;48.0;939.0;939.2;937.0;3;7;3;2.0;1.0;1.0;10.0;4.0;1.0;73.66666666666667;938.4;5.0;1.3333333333333333;3
83075;2007-08-24;0;29.6;13.4;8.5;2007;8;24;-23.43;-46.46;735;71.0;60.0;41.0;936.7;936.8;934.2;8;1;1;0.0;1.0;3.0;0.0;1.0;0.0;57.333333333333336;935.9;0.3333333333333333;1.3333333333333333;1
83075;2007-08-25;0;30.8;15.2;8.5;2007;8;25;-23.43;-46.46;735;68.0;55.0;35.0;934.3;935.1;933.1;8;3;7;0.0;1.0;1.0;0.0;4.0;10.0;52.666666666666664;934.1666666666666;4.666666666666667;0.6666666666666666;3
83075;2007-08-26;0;32.7;15.4;7.9;2007;8;26;-23.43;-46.46;735;60.0;56.0;35.0;932.8;933.3;933.2;8;8;7;0.0;0.0;3.0;0.0;8.0;1.0;50.333333333333336;933.1;3.0;1.0;7
83075;2007-08-27;0;28.7;15.8;1.4;2007;8;27;-23.43;-46.46;735;44.0;58.0;55.0;932.9;933.3;933.1;7;8;5;1.0;0.0;4.0;0.0;9.0;2.0;52.333333333333336;933.0999999999999;3.6666666666666665;1.6666666666666667;7
83075;2007-08-28;0;17.3;11.9;0;2007;8;28;-23.43;-46.46;735;89.0;84.0;81.0;935.6;937.8;938.6;5;3;5;3.0;3.0;3.0;9.0;10.0;10.0;84.66666666666667;937.3333333333334;9.666666666666666;3.0;5
83075;2007-08-29;0;19.4;11.8;0;2007;8;29;-23.43;-46.46;735;86.0;80.0;78.0;940.2;941.0;941.1;5;3;5;3.0;2.0;3.0;9.0;10.0;10.0;81.33333333333333;940.7666666666668;9.666666666666666;2.6666666666666665;5
83075;2007-08-30;0;19.1;14.2;0;2007;8;30;-23.43;-46.46;735;86.0;83.0;80.0;942.2;943.2;942.4;5;5;5;3.0;3.0;1.0;9.0;10.0;10.0;83.0;942.6;9.666666666666666;2.3333333333333335;5
83075;2007-08-31;0;29;15.6;7.4;2007;8;31;-23.43;-46.46;735;84.0;76.0;50.0;943.1;942.4;939.2;5;3;7;3.0;3.0;3.0;8.0;0.0;5.0;70.0;941.5666666666666;4.333333333333333;3.0;5
83075;2007-09-01;0;26.7;19.8;1;2007;9;1;-23.43;-46.46;735;85.0;78.0;81.0;934.0;934.7;933.9;5;5;5;1.0;1.0;3.0;9.0;10.0;10.0;81.33333333333333;934.1999999999999;9.666666666666666;1.6666666666666667;5
83075;2007-09-02;5.2;30.7;20.9;1.9;2007;9;2;-23.43;-46.46;735;90.0;66.0;67.0;934.9;936.6;936.7;7;5;8;1.0;1.0;0.0;10.0;9.0;9.0;74.33333333333333;936.0666666666666;9.333333333333334;0.6666666666666666;7
83075;2007-09-03;3.8;33;20.1;10.4;2007;9;3;-23.43;-46.46;735;68.0;72.0;48.0;935.7;935.2;933.2;3;5;7;1.0;1.0;1.0;9.0;2.0;2.0;62.666666666666664;934.7000000000002;4.333333333333333;1.0;3
83075;2007-09-04;23.1;28.3;18.1;6.9;2007;9;4;-23.43;-46.46;735;88.0;78.0;70.0;933.5;933.5;932.2;7;7;5;1.0;1.0;3.0;4.0;8.0;9.0;78.66666666666667;933.0666666666666;7.0;1.6666666666666667;7
83075;2007-09-05;12.2;20.3;10.1;0;2007;9;5;-23.43;-46.46;735;90.0;86.0;88.0;934.9;938.4;939.6;5;5;5;3.0;4.0;2.0;9.0;10.0;10.0;88.0;937.6333333333333;9.666666666666666;3.0;5
83075;2007-09-06;0;26.6;14;6.6;2007;9;6;-23.43;-46.46;735;80.0;93.0;57.0;937.4;938.5;939.2;8;8;7;0.0;0.0;2.0;0.0;10.0;1.0;76.66666666666667;938.3666666666668;3.6666666666666665;0.6666666666666666;7
83075;2007-09-07;0;27.6;13.4;8.1;2007;9;7;-23.43;-46.46;735;70.0;71.0;49.0;936.9;937.9;937.3;8;8;7;0.0;0.0;1.0;0.0;4.0;8.0;63.333333333333336;937.3666666666667;4.0;0.3333333333333333;7
83075;2007-09-08;0;27;12.2;6.5;2007;9;8;-23.43;-46.46;735;90.0;90.0;47.0;939.9;941.2;939.5;3;3;8;1.0;1.0;0.0;6.0;10.0;9.0;75.66666666666667;940.1999999999999;8.333333333333334;0.6666666666666666;3
83075;2007-09-09;0;27.8;12.2;8.2;2007;9;9;-23.43;-46.46;735;82.0;81.0;57.0;939.1;939.7;938.8;5;8;5;1.0;0.0;3.0;0.0;0.0;1.0;73.33333333333333;939.2000000000002;0.3333333333333333;1.3333333333333333;5
83075;2007-09-10;0;30.1;16.4;8.8;2007;9;10;-23.43;-46.46;735;76.0;62.0;59.0;937.8;938.0;936.1;5;3;5;2.0;4.0;5.0;8.0;2.0;1.0;65.66666666666667;937.3000000000001;3.6666666666666665;3.6666666666666665;5
83075;2007-09-11;24.9;30.3;17.2;3.5;2007;9;11;-23.43;-46.46;735;76.0;62.0;68.0;932.4;931.9;930.2;8;7;7;0.0;3.0;3.0;8.0;8.0;10.0;68.66666666666667;931.5;8.666666666666666;2.0;7
83075;2007-09-12;0;31.3;20.9;1.8;2007;9;12;-23.43;-46.46;735;87.0;74.0;55.0;931.2;932.1;930.8;3;7;5;1.0;2.0;3.0;2.0;9.0;10.0;72.0;931.3666666666668;7.0;2.0;3
83075;2007-09-13;0;29.6;14.1;9;2007;9;13;-23.43;-46.46;735;84.0;63.0;48.0;938.7;939.0;936.6;3;3;8;1.0;3.0;0.0;4.0;0.0;4.0;65.0;938.1;2.6666666666666665;1.3333333333333333;3
83075;2007-09-14;0;30.6;15.4;8.9;2007;9;14;-23.43;-46.46;735;78.0;63.0;42.0;937.0;937.5;936.0;3;8;3;1.0;0.0;1.0;0.0;0.0;5.0;61.0;936.8333333333334;1.6666666666666667;0.6666666666666666;3
83075;2007-09-15;0;31.4;16.9;8.5;2007;9;15;-23.43;-46.46;735;59.0;57.0;37.0;935.9;936.3;935.3;8;8;5;0.0;0.0;2.1;4.0;2.0;1.0;51.0;935.8333333333334;2.3333333333333335;0.7000000000000001;5
83075;2007-09-16;0;30.9;16;7.7;2007;9;16;-23.43;-46.46;735;62.0;48.0;42.0;935.6;935.7;935.3;8;3;5;0.0;2.0;2.0;0.0;1.0;8.0;50.666666666666664;935.5333333333334;3.0;1.3333333333333333;3
83075;2007-09-17;0;23.4;16.2;0.4;2007;9;17;-23.43;-46.46;735;80.0;78.0;76.0;937.0;938.3;938.2;3;3;3;2.0;2.0;3.0;2.0;10.0;10.0;78.0;937.8333333333334;7.333333333333333;2.3333333333333335;3
83075;2007-09-18;0;27.9;14.2;5.9;2007;9;18;-23.43;-46.46;735;83.0;76.0;52.0;939.0;939.0;936.0;3;5;3;3.0;3.0;3.0;9.0;10.0;1.0;70.33333333333333;938.0;6.666666666666667;3.0;3
83075;2007-09-19;0;32.3;14.7;5.5;2007;9;19;-23.43;-46.46;735;85.0;70.0;55.0;936.5;937.2;935.4;3;3;1;1.0;1.0;1.0;0.0;10.0;8.0;70.0;936.3666666666667;6.0;1.0;3
83075;2007-09-20;0;35.2;18.1;9.2;2007;9;20;-23.43;-46.46;735;75.0;63.0;44.0;936.6;935.8;933.3;8;8;7;0.0;0.0;2.0;0.0;0.0;2.0;60.666666666666664;935.2333333333332;0.6666666666666666;0.6666666666666666;7
83075;2007-09-21;0;27.5;17.8;0;2007;9;21;-23.43;-46.46;735;60.0;82.0;71.0;933.7;936.9;936.4;8;3;3;0.0;1.0;1.0;0.0;10.0;9.0;71.0;935.6666666666666;6.333333333333333;0.6666666666666666;3
83075;2007-09-23;0;35.9;17.8;7;2007;9;23;-23.43;-46.46;735;76.0;66.0;35.0;935.6;934.3;930.4;5;5;7;3.0;1.0;3.0;8.0;9.0;0.0;59.0;933.4333333333334;5.666666666666667;2.3333333333333335;5
83075;2007-09-24;0;28.3;14.6;0;2007;9;24;-23.43;-46.46;735;60.0;79.0;79.0;930.6;933.9;934.5;7;5;5;1.0;3.0;3.0;1.0;9.0;10.0;72.66666666666667;933.0;6.666666666666667;2.3333333333333335;7
83075;2007-09-25;0.3;16.8;11.4;0;2007;9;25;-23.43;-46.46;735;86.0;71.0;68.0;938.9;942.0;942.0;5;3;3;5.0;4.0;3.0;9.0;10.0;10.0;75.0;940.9666666666667;9.666666666666666;4.0;5
83075;2007-09-26;0;20.8;12;0;2007;9;26;-23.43;-46.46;735;80.0;77.0;68.0;943.8;943.3;941.1;3;3;3;2.0;3.0;3.0;9.0;10.0;10.0;75.0;942.7333333333332;9.666666666666666;2.6666666666666665;3
83075;2007-09-27;0;30;12.5;6.7;2007;9;27;-23.43;-46.46;735;86.0;76.0;51.0;941.4;941.0;937.2;3;3;7;2.0;1.0;3.0;4.0;1.0;1.0;71.0;939.8666666666668;2.0;2.0;3
83075;2007-09-28;0;29.8;13;0.5;2007;9;28;-23.43;-46.46;735;81.0;70.0;73.0;937.3;938.2;938.1;5;8;7;2.0;0.0;3.0;10.0;9.0;10.0;74.66666666666667;937.8666666666667;9.666666666666666;1.6666666666666667;5
83075;2007-09-29;0.3;20.6;15.3;0;2007;9;29;-23.43;-46.46;735;90.0;88.0;78.0;938.4;941.1;940.9;5;5;5;1.0;3.0;3.0;10.0;10.0;10.0;85.33333333333333;940.1333333333333;10.0;2.3333333333333335;5
83075;2007-09-30;0;18.7;14.4;0;2007;9;30;-23.43;-46.46;735;84.0;79.0;78.0;941.9;942.0;941.7;5;3;3;4.0;1.0;1.0;9.0;10.0;10.0;80.33333333333333;941.8666666666668;9.666666666666666;2.0;5
83075;2007-10-01;0;29.2;18.7;4.5;2007;10;1;-23.43;-46.46;735;80.0;81.0;62.0;933.9;934.3;934.0;5;5;5;2.0;3.0;5.0;10.0;10.0;8.0;74.33333333333333;934.0666666666666;9.333333333333334;3.3333333333333335;5
83075;2007-10-02;4.8;31.1;22.5;3.7;2007;10;2;-23.43;-46.46;735;91.0;74.0;54.0;936.4;937.1;935.9;8;7;7;0.0;1.0;2.0;10.0;8.0;10.0;73.0;936.4666666666667;9.333333333333334;1.0;7
83075;2007-10-03;0;33.8;21.8;7.8;2007;10;3;-23.43;-46.46;735;62.0;65.0;54.0;933.5;934.0;933.1;5;1;5;3.0;1.0;7.0;10.0;1.0;9.0;60.333333333333336;933.5333333333333;6.666666666666667;3.6666666666666665;5
83075;2007-10-04;1.8;26.8;16.7;4.3;2007;10;4;-23.43;-46.46;735;80.0;78.0;61.0;933.2;934.5;934.1;5;5;5;2.0;1.0;3.0;8.0;8.0;6.0;73.0;933.9333333333334;7.333333333333333;2.0;5
83075;2007-10-05;4.3;18.8;10.1;5.4;2007;10;5;-23.43;-46.46;735;82.0;79.0;65.0;942.2;942.2;942.0;5;3;3;2.0;3.0;2.0;8.0;9.0;9.0;75.33333333333333;942.1333333333333;8.666666666666666;2.3333333333333335;5
83075;2007-10-06;0;26.8;13.9;8;2007;10;6;-23.43;-46.46;735;85.0;85.0;56.0;938.2;938.3;937.5;8;8;7;0.0;0.0;2.0;0.0;0.0;1.0;75.33333333333333;938.0;0.3333333333333333;0.6666666666666666;7
83075;2007-10-07;0;27.7;13.8;8.5;2007;10;7;-23.43;-46.46;735;82.0;72.0;47.0;937.6;936.9;935.6;8;1;7;0.0;1.0;1.0;0.0;1.0;1.0;67.0;936.6999999999999;0.6666666666666666;0.6666666666666666;1
83075;2007-10-08;0;28.8;12.3;8.4;2007;10;8;-23.43;-46.46;735;75.0;62.0;41.0;939.7;940.1;939.4;8;7;7;0.0;1.0;3.0;10.0;5.0;2.0;59.333333333333336;939.7333333333335;5.666666666666667;1.3333333333333333;7
83075;2007-10-09;0;29;14.3;8.6;2007;10;9;-23.43;-46.46;735;84.0;78.0;42.0;938.9;939.2;938.0;8;3;3;0.0;1.0;2.0;0.0;1.0;1.0;68.0;938.6999999999999;0.6666666666666666;1.0;3
83075;2007-10-10;0;32.9;16.8;9.6;2007;10;10;-23.43;-46.46;735;80.0;61.0;42.0;936.8;936.9;933.3;3;8;5;1.0;0.0;1.0;0.0;0.0;2.0;61.0;935.6666666666666;0.6666666666666666;0.6666666666666666;3
83075;2007-10-11;0.2;27.2;20.6;0.5;2007;10;11;-23.43;-46.46;735;74.0;74.0;79.0;937.6;927.6;926.4;7;7;7;2.0;2.0;2.0;6.0;10.0;10.0;75.66666666666667;930.5333333333333;8.666666666666666;2.0;7
83075;2007-10-12;4.2;30.4;20.9;2.7;2007;10;12;-23.43;-46.46;735;87.0;73.0;80.0;932.2;932.9;932.1;5;3;5;1.0;1.0;1.0;9.0;6.0;9.0;80.0;932.4;8.0;1.0;5
83075;2007-10-13;0;32.2;19.3;0.7;2007;10;13;-23.43;-46.46;735;62.0;52.0;51.0;930.3;931.7;930.9;5;7;5;1.0;1.0;2.0;4.0;9.0;9.0;55.0;930.9666666666667;7.333333333333333;1.3333333333333333;5
83075;2007-10-14;0.7;26.6;17.4;0;2007;10;14;-23.43;-46.46;735;52.0;84.0;79.0;932.0;934.4;935.7;5;5;5;1.0;3.0;3.0;9.0;10.0;10.0;71.66666666666667;934.0333333333334;9.666666666666666;2.3333333333333335;5
83075;2007-10-15;4.8;24.3;17.2;0;2007;10;15;-23.43;-46.46;735;89.0;85.0;79.0;936.5;937.1;935.5;5;3;5;2.0;1.0;3.0;9.0;10.0;10.0;84.33333333333333;936.3666666666667;9.666666666666666;2.0;5
83075;2007-10-16;1.4;33.6;18.4;5;2007;10;16;-23.43;-46.46;735;61.0;76.0;48.0;936.4;936.0;932.3;5;3;7;2.0;3.0;3.0;9.0;0.0;9.0;61.666666666666664;934.9;6.0;2.6666666666666665;5
83075;2007-10-17;0.2;25.1;17.9;0.8;2007;10;17;-23.43;-46.46;735;83.0;75.0;71.0;933.4;933.8;933.3;7;5;5;1.0;3.0;3.0;0.0;10.0;9.0;76.33333333333333;933.5;6.333333333333333;2.3333333333333335;7
83075;2007-10-18;0;22.9;15.9;0.4;2007;10;18;-23.43;-46.46;735;87.0;69.0;82.0;934.2;934.7;934.3;5;5;5;2.0;1.0;3.0;9.0;10.0;10.0;79.33333333333333;934.4;9.666666666666666;2.0;5
83075;2007-10-19;0.2;20;15.9;0;2007;10;19;-23.43;-46.46;735;93.0;91.0;91.0;935.1;935.4;935.0;5;5;5;2.0;1.0;2.0;10.0;10.0;10.0;91.66666666666667;935.1666666666666;10.0;1.6666666666666667;5
83075;2007-10-20;2.3;32.3;16.7;9.7;2007;10;20;-23.43;-46.46;735;93.0;73.0;45.0;935.0;934.9;932.9;8;8;7;0.0;0.0;1.0;10.0;0.0;2.0;70.33333333333333;934.2666666666668;4.0;0.3333333333333333;7
83075;2007-10-21;0;35.5;17.7;7.3;2007;10;21;-23.43;-46.46;735;71.0;63.0;37.0;933.1;933.3;930.6;8;5;7;0.0;1.0;3.0;0.0;8.0;9.0;57.0;932.3333333333334;5.666666666666667;1.3333333333333333;5
83075;2007-10-22;15.6;22.9;18;0.3;2007;10;22;-23.43;-46.46;735;87.0;79.0;73.0;935.0;936.0;935.6;5;5;5;3.0;2.0;3.0;10.0;9.0;10.0;79.66666666666667;935.5333333333333;9.666666666666666;2.6666666666666665;5
83075;2007-10-23;0;20.8;15.9;0;2007;10;23;-23.43;-46.46;735;88.0;80.0;86.0;937.1;938.4;938.5;5;5;5;2.0;2.0;5.0;9.0;10.0;10.0;84.66666666666667;938.0;9.666666666666666;3.0;5
83075;2007-10-24;8.2;17.8;15.7;0;2007;10;24;-23.43;-46.46;735;98.0;93.0;93.0;939.3;940.0;939.2;5;8;5;1.0;0.0;3.0;9.0;10.0;10.0;94.66666666666667;939.5;9.666666666666666;1.3333333333333333;5
83075;2007-10-25;48.9;19.5;16;0;2007;10;25;-23.43;-46.46;735;95.0;89.0;92.0;939.0;938.2;935.4;3;8;8;3.0;0.0;0.0;9.0;10.0;10.0;92.0;937.5333333333333;9.666666666666666;1.0;3
83075;2007-10-26;3.9;28.1;17.4;6.6;2007;10;26;-23.43;-46.46;735;93.0;72.0;63.0;935.4;935.2;933.2;5;7;7;1.0;2.0;3.0;9.0;9.0;9.0;76.0;934.6;9.0;2.0;5
83075;2007-10-27;6.9;29.8;18.9;4.5;2007;10;27;-23.43;-46.46;735;88.0;81.0;67.0;932.8;934.3;932.1;8;3;3;0.0;1.0;2.0;5.0;9.0;8.0;78.66666666666667;933.0666666666666;7.333333333333333;1.0;3
83075;2007-10-28;13.3;29.3;18.5;5.8;2007;10;28;-23.43;-46.46;735;91.0;77.0;63.0;932.8;933.2;932.2;3;5;5;1.0;1.0;1.0;5.0;6.0;6.0;77.0;932.7333333333332;5.666666666666667;1.0;3
83075;2007-10-29;0;34.5;19.8;6;2007;10;29;-23.43;-46.46;735;93.0;62.0;50.0;932.4;932.9;930.2;8;5;7;0.0;1.0;2.0;2.0;2.0;9.0;68.33333333333333;931.8333333333334;4.333333333333333;1.0;5
83075;2007-10-30;1.8;29.6;19.8;7.6;2007;10;30;-23.43;-46.46;735;84.0;67.0;62.0;933.2;933.3;931.0;5;5;5;2.0;2.0;5.0;8.0;5.0;8.0;71.0;932.5;7.0;3.0;5
83075;2007-10-31;0;35;19.4;7.6;2007;10;31;-23.43;-46.46;735;78.0;65.0;77.0;932.1;932.0;928.9;5;3;5;3.0;1.0;3.0;4.0;8.0;10.0;73.33333333333333;931.0;7.333333333333333;2.3333333333333335;5
83075;2007-11-01;0;33.2;18.6;7.7;2007;11;1;-23.43;-46.46;735;80.0;73.0;51.0;933.8;934.1;932.1;5;7;7;2.0;1.0;3.0;8.0;5.0;6.0;68.0;933.3333333333334;6.333333333333333;2.0;5
83075;2007-11-02;3.5;27.5;18.7;0.3;2007;11;2;-23.43;-46.46;735;68.0;90.0;80.0;935.8;934.8;934.5;8;7;5;0.0;1.0;3.0;6.0;10.0;10.0;79.33333333333333;935.0333333333333;8.666666666666666;1.3333333333333333;7
83075;2007-11-03;2.7;32.3;20.9;7.4;2007;11;3;-23.43;-46.46;735;80.0;78.0;68.0;934.7;935.0;934.0;5;8;5;1.0;0.0;5.0;9.0;1.0;9.0;75.33333333333333;934.5666666666666;6.333333333333333;2.0;5
83075;2007-11-04;0;29;17.7;7.4;2007;11;4;-23.43;-46.46;735;81.0;77.0;58.0;935.6;937.2;936.1;5;7;5;2.0;1.0;1.0;8.0;9.0;4.0;72.0;936.3000000000001;7.0;1.3333333333333333;5
83075;2007-11-05;0;22.4;10.9;8.8;2007;11;5;-23.43;-46.46;735;86.0;79.0;66.0;942.8;943.0;940.4;3;5;5;1.0;1.0;1.0;0.0;1.0;8.0;77.0;942.0666666666666;3.0;1.0;3
83075;2007-11-06;0;26.8;13.9;7.4;2007;11;6;-23.43;-46.46;735;84.0;84.0;57.0;938.0;938.6;938.3;8;8;7;0.0;0.0;2.0;0.0;8.0;9.0;75.0;938.2999999999998;5.666666666666667;0.6666666666666666;7
83075;2007-11-07;0;22.4;12.6;0;2007;11;7;-23.43;-46.46;735;69.0;83.0;76.0;936.9;937.9;937.8;7;5;5;1.0;3.0;3.0;4.0;10.0;10.0;76.0;937.5333333333333;8.0;2.3333333333333335;7
83075;2007-11-08;0;23.6;13.1;3.7;2007;11;8;-23.43;-46.46;735;66.0;70.0;76.0;940.3;940.3;940.2;8;8;5;0.0;0.0;3.0;4.0;9.0;10.0;70.66666666666667;940.2666666666668;7.666666666666667;1.0;5
83075;2007-11-09;0;28.5;14.9;9.2;2007;11;9;-23.43;-46.46;735;75.0;80.0;38.0;938.8;940.1;938.9;3;7;5;2.0;1.0;2.0;0.0;0.0;1.0;64.33333333333333;939.2666666666668;0.3333333333333333;1.6666666666666667;3
83075;2007-11-10;0;31.7;17.4;8.9;2007;11;10;-23.43;-46.46;735;61.0;61.0;53.0;933.8;934.2;932.6;5;3;5;1.0;2.0;3.0;0.0;0.0;0.0;58.333333333333336;933.5333333333333;0.0;2.0;5
83075;2007-11-11;7;26.5;19.1;0.6;2007;11;11;-23.43;-46.46;735;81.0;78.0;69.0;927.3;928.7;928.8;7;7;7;3.0;3.0;2.0;2.0;9.0;10.0;76.0;928.2666666666668;7.0;2.6666666666666665;7
83075;2007-11-12;5.2;28.8;20.2;5.4;2007;11;12;-23.43;-46.46;735;88.0;66.0;64.0;932.5;933.0;932.2;3;7;7;1.0;3.0;3.0;4.0;10.0;8.0;72.66666666666667;932.5666666666666;7.333333333333333;2.3333333333333335;3
83075;2007-11-13;0.3;25.6;15.6;1.3;2007;11;13;-23.43;-46.46;735;84.0;72.0;66.0;936.3;936.4;934.6;3;3;3;3.0;3.0;3.0;9.0;9.0;9.0;74.0;935.7666666666665;9.0;3.0;3
83075;2007-11-14;0;29.4;17.5;0.4;2007;11;14;-23.43;-46.46;735;83.0;83.0;54.0;934.6;934.6;932.1;3;8;7;2.0;0.0;3.0;5.0;10.0;9.0;73.33333333333333;933.7666666666668;8.0;1.6666666666666667;3
83075;2007-11-15;21.8;19.5;15.5;0;2007;11;15;-23.43;-46.46;735;91.0;92.0;80.0;932.8;934.3;935.0;5;8;5;3.0;0.0;3.0;10.0;10.0;10.0;87.66666666666667;934.0333333333333;10.0;2.0;5
83075;2007-11-16;12;18.8;13.9;0;2007;11;16;-23.43;-46.46;735;92.0;83.0;80.0;938.8;940.0;939.9;5;5;5;1.0;3.0;2.0;10.0;10.0;10.0;85.0;939.5666666666666;10.0;2.0;5
83075;2007-11-17;0;24.4;14.9;3.1;2007;11;17;-23.43;-46.46;735;84.0;78.0;67.0;940.3;940.8;939.5;5;3;5;2.0;1.0;2.0;9.0;10.0;9.0;76.33333333333333;940.1999999999999;9.333333333333334;1.6666666666666667;5
83075;2007-11-18;0;31.5;16.9;7;2007;11;18;-23.43;-46.46;735;83.0;72.0;45.0;939.2;938.0;933.6;5;3;7;1.0;3.0;3.0;9.0;8.0;10.0;66.66666666666667;936.9333333333334;9.0;2.3333333333333335;5
83075;2007-11-19;8.4;24.6;18.2;1.4;2007;11;19;-23.43;-46.46;735;72.0;84.0;76.0;933.3;933.2;930.9;3;7;7;1.0;1.0;1.0;10.0;10.0;9.0;77.33333333333333;932.4666666666667;9.666666666666666;1.0;3
83075;2007-11-20;15.4;27.5;17.3;10.3;2007;11;20;-23.43;-46.46;735;90.0;71.0;61.0;931.6;932.7;932.4;5;5;5;1.0;3.0;5.0;9.0;6.0;6.0;74.0;932.2333333333335;7.0;3.0;5
83075;2007-11-21;0;24.9;15.8;8.5;2007;11;21;-23.43;-46.46;735;76.0;71.0;59.0;935.5;937.2;937.2;5;5;5;2.0;1.0;5.0;6.0;9.0;2.0;68.66666666666667;936.6333333333333;5.666666666666667;2.6666666666666665;5
83075;2007-11-22;0;23.8;13.5;8.5;2007;11;22;-23.43;-46.46;735;80.0;50.0;55.0;938.4;938.2;936.9;5;3;5;3.0;3.0;2.0;5.0;6.0;5.0;61.666666666666664;937.8333333333334;5.333333333333333;2.6666666666666665;5
83075;2007-11-23;0;26.1;14.4;7.9;2007;11;23;-23.43;-46.46;735;71.0;63.0;57.0;937.3;937.5;932.5;5;3;5;3.0;2.0;5.0;9.0;1.0;1.0;63.666666666666664;935.7666666666668;3.6666666666666665;3.3333333333333335;5
83075;2007-11-24;0;31.5;14.9;4.3;2007;11;24;-23.43;-46.46;735;84.0;73.0;47.0;933.1;932.6;929.3;5;3;7;3.0;1.0;3.0;10.0;8.0;10.0;68.0;931.6666666666666;9.333333333333334;2.3333333333333335;5
83075;2007-11-25;0;32.1;19;1.8;2007;11;25;-23.43;-46.46;735;79.0;69.0;45.0;929.7;930.0;929.2;5;8;5;2.0;0.0;3.0;0.0;8.0;10.0;64.33333333333333;929.6333333333333;6.0;1.6666666666666667;5
83075;2007-11-26;0;28.5;19.8;3;2007;11;26;-23.43;-46.46;735;82.0;66.0;79.0;930.6;931.3;929.8;8;7;5;0.0;1.0;3.0;9.0;9.0;10.0;75.66666666666667;930.5666666666666;9.333333333333334;1.3333333333333333;7
83075;2007-11-27;6.8;20.8;16.8;0.2;2007;11;27;-23.43;-46.46;735;89.0;84.0;80.0;930.5;931.7;941.7;5;5;5;3.0;3.0;3.0;9.0;10.0;10.0;84.33333333333333;934.6333333333333;9.666666666666666;3.0;5
83075;2007-11-28;0;25.8;13.7;10.6;2007;11;28;-23.43;-46.46;735;83.0;52.0;50.0;931.9;932.2;931.9;5;3;5;2.0;2.0;5.0;10.0;0.0;1.0;61.666666666666664;932.0;3.6666666666666665;3.0;5
83075;2007-11-29;0;25.2;13.3;10.1;2007;11;29;-23.43;-46.46;735;73.0;53.0;58.0;932.2;932.8;932.4;5;5;5;2.0;3.0;3.0;0.0;1.0;5.0;61.333333333333336;932.4666666666667;2.0;2.6666666666666665;5
83075;2007-11-30;0;26.1;15.6;4.7;2007;11;30;-23.43;-46.46;735;76.0;73.0;61.0;932.7;934.0;933.6;5;5;5;3.0;1.0;3.0;9.0;10.0;1.0;70.0;933.4333333333334;6.666666666666667;2.3333333333333335;5
83075;2007-12-01;0;32.8;18.9;7.4;2007;12;1;-23.43;-46.46;735;79.0;62.0;52.0;931.9;930.6;928.6;7;7;7;2.0;3.0;5.0;0.0;8.0;8.0;64.33333333333333;930.3666666666667;5.333333333333333;3.3333333333333335;7
83075;2007-12-02;3.6;24;17;5.4;2007;12;2;-23.43;-46.46;735;86.0;63.0;60.0;935.2;935.7;934.8;5;5;5;4.0;5.0;3.0;9.0;6.0;9.0;69.66666666666667;935.2333333333332;8.0;4.0;5
83075;2007-12-03;6;32.3;20.6;6.6;2007;12;3;-23.43;-46.46;735;81.0;78.0;54.0;935.0;935.5;934.4;5;5;7;3.0;1.0;2.0;9.0;9.0;8.0;71.0;934.9666666666667;8.666666666666666;2.0;5
83075;2007-12-04;0;30.8;18.1;7.9;2007;12;4;-23.43;-46.46;735;86.0;73.0;52.0;936.8;937.9;937.1;5;8;7;1.0;0.0;3.0;6.0;1.0;6.0;70.33333333333333;937.2666666666665;4.333333333333333;1.3333333333333333;5
83075;2007-12-05;0;25.5;13.7;7.6;2007;12;5;-23.43;-46.46;735;83.0;75.0;62.0;940.4;940.8;940.2;8;8;3;0.0;0.0;1.0;6.0;1.0;4.0;73.33333333333333;940.4666666666666;3.6666666666666665;0.3333333333333333;3
83075;2007-12-06;0;26.8;13.7;8.3;2007;12;6;-23.43;-46.46;735;83.0;72.0;50.0;938.0;938.3;937.4;8;8;7;0.0;0.0;3.0;0.0;5.0;8.0;68.33333333333333;937.9;4.333333333333333;1.0;7
83075;2007-12-07;0;14.7;10;0;2007;12;7;-23.43;-46.46;735;94.0;85.0;94.0;939.9;941.7;942.3;5;5;3;3.0;3.0;1.0;9.0;10.0;10.0;91.0;941.2999999999998;9.666666666666666;2.3333333333333335;5
83075;2007-12-08;0;21.4;12.5;3.5;2007;12;8;-23.43;-46.46;735;88.0;83.0;66.0;943.5;944.4;942.6;5;3;5;2.0;3.0;2.0;10.0;10.0;2.0;79.0;943.5;7.333333333333333;2.3333333333333335;5
83075;2007-12-09;0;28.8;13.6;9.2;2007;12;9;-23.43;-46.46;735;80.0;72.0;40.0;939.3;940.1;937.8;5;3;3;1.0;3.0;2.0;0.0;0.0;1.0;64.0;939.0666666666666;0.3333333333333333;2.0;5
83075;2007-12-10;0;33.9;16.2;9.8;2007;12;10;-23.43;-46.46;735;79.0;65.0;43.0;932.7;932.9;932.1;5;3;5;2.0;2.0;2.0;8.0;0.0;4.0;62.333333333333336;932.5666666666666;4.0;2.0;5
83075;2007-12-11;1.4;20.2;16.1;0;2007;12;11;-23.43;-46.46;735;88.0;87.0;80.0;931.9;935.7;935.0;5;5;3;2.0;3.0;2.0;10.0;10.0;10.0;85.0;934.1999999999999;10.0;2.3333333333333335;5
83075;2007-12-12;12.4;24.6;16.9;0;2007;12;12;-23.43;-46.46;735;76.0;92.0;87.0;932.3;933.0;933.0;7;5;5;3.0;1.0;3.0;8.0;10.0;10.0;85.0;932.7666666666668;9.333333333333334;2.3333333333333335;7
83075;2007-12-13;16.1;19.2;16;0;2007;12;13;-23.43;-46.46;735;93.0;86.0;85.0;934.4;934.9;935.0;2;5;5;1.0;3.0;2.0;9.0;10.0;10.0;88.0;934.7666666666668;9.666666666666666;2.0;2
83075;2007-12-14;2.9;23.7;16.2;0;2007;12;14;-23.43;-46.46;735;93.0;76.0;85.0;935.1;934.7;933.8;5;5;5;3.0;2.0;2.0;9.0;10.0;10.0;84.66666666666667;934.5333333333334;9.666666666666666;2.3333333333333335;5
83075;2007-12-15;2.9;27.1;16.6;4;2007;12;15;-23.43;-46.46;735;95.0;81.0;66.0;933.9;933.1;930.8;8;5;5;0.0;1.0;3.0;10.0;10.0;2.0;80.66666666666667;932.6;7.333333333333333;1.3333333333333333;5
83075;2007-12-16;0;26.7;18.2;5.1;2007;12;16;-23.43;-46.46;735;81.0;76.0;70.0;930.9;931.6;931.5;5;3;5;2.0;2.0;3.0;9.0;9.0;8.0;75.66666666666667;931.3333333333334;8.666666666666666;2.3333333333333335;5
83075;2007-12-17;0;26;17.5;3.4;2007;12;17;-23.43;-46.46;735;82.0;72.0;62.0;931.8;932.9;932.9;5;5;5;3.0;3.0;3.0;9.0;5.0;9.0;72.0;932.5333333333333;7.666666666666667;3.0;5
83075;2007-12-18;0;28;16.6;5.5;2007;12;18;-23.43;-46.46;735;77.0;65.0;63.0;933.2;933.9;932.5;3;5;5;3.0;2.0;4.0;8.0;6.0;9.0;68.33333333333333;933.1999999999999;7.666666666666667;3.0;3
83075;2007-12-19;5.4;21.8;17.5;3.5;2007;12;19;-23.43;-46.46;735;80.0;92.0;94.0;932.7;932.0;929.5;3;3;3;3.0;1.0;1.0;8.0;10.0;10.0;88.66666666666667;931.4;9.333333333333334;1.6666666666666667;3
83075;2007-12-20;55.9;25;17.5;0.2;2007;12;20;-23.43;-46.46;735;94.0;75.0;67.0;929.6;930.0;929.6;5;8;5;1.0;0.0;2.0;9.0;10.0;9.0;78.66666666666667;929.7333333333332;9.333333333333334;1.0;5
83075;2007-12-21;16.2;28.4;17.4;4.6;2007;12;21;-23.43;-46.46;735;85.0;88.0;57.0;929.9;931.1;930.3;5;8;7;2.0;0.0;3.0;10.0;10.0;8.0;76.66666666666667;930.4333333333334;9.333333333333334;1.6666666666666667;5
83075;2007-12-22;0;29.3;17.7;3.3;2007;12;22;-23.43;-46.46;735;83.0;70.0;50.0;931.6;932.0;931.9;5;8;7;2.0;0.0;1.0;10.0;6.0;10.0;67.66666666666667;931.8333333333334;8.666666666666666;1.0;5
83075;2007-12-23;0;25.6;18.5;0.2;2007;12;23;-23.43;-46.46;735;73.0;82.0;65.0;932.3;933.5;933.2;3;8;3;1.0;0.0;2.0;10.0;9.0;8.0;73.33333333333333;933.0;9.0;1.0;3
83075;2007-12-24;0;29.8;16.9;5.9;2007;12;24;-23.43;-46.46;735;86.0;80.0;55.0;934.1;935.1;934.1;3;3;5;3.0;2.0;3.0;4.0;2.0;8.0;73.66666666666667;934.4333333333334;4.666666666666667;2.6666666666666665;3
83075;2007-12-25;0;30.5;19.3;0.7;2007;12;25;-23.43;-46.46;735;79.0;74.0;57.0;934.4;934.4;933.8;3;3;3;1.0;2.0;2.0;6.0;9.0;9.0;70.0;934.1999999999999;8.0;1.6666666666666667;3
83075;2007-12-26;2.1;32.5;20.5;6.8;2007;12;26;-23.43;-46.46;735;86.0;57.0;50.0;933.9;934.6;933.7;5;7;7;1.0;1.0;1.0;6.0;4.0;6.0;64.33333333333333;934.0666666666666;5.333333333333333;1.0;5
83075;2007-12-27;0;33.6;20.5;10;2007;12;27;-23.43;-46.46;735;83.0;54.0;45.0;933.7;933.9;933.1;8;1;7;0.0;1.0;2.0;1.0;5.0;2.0;60.666666666666664;933.5666666666666;2.6666666666666665;1.0;1
83075;2007-12-28;0;34;21.1;9;2007;12;28;-23.43;-46.46;735;62.0;52.0;43.0;932.9;933.9;933.1;5;5;5;1.0;2.0;2.0;1.0;4.0;8.0;52.333333333333336;933.3000000000001;4.333333333333333;1.6666666666666667;5
83075;2007-12-29;0;34.6;22.8;6.1;2007;12;29;-23.43;-46.46;735;65.0;58.0;44.0;933.5;933.7;932.6;3;7;5;1.0;1.0;1.0;8.0;4.0;6.0;55.666666666666664;933.2666666666668;6.0;1.0;3
83075;2007-12-30;6.2;35.2;21;10.2;2007;12;30;-23.43;-46.46;735;74.0;53.0;43.0;933.1;933.0;931.8;8;7;7;0.0;3.0;3.0;6.0;2.0;2.0;56.666666666666664;932.6333333333332;3.3333333333333335;2.0;7
83075;2007-12-31;0;36;22.8;8.4;2007;12;31;-23.43;-46.46;735;69.0;49.0;41.0;931.8;932.0;931.4;7;7;7;1.0;1.0;1.0;2.0;2.0;8.0;53.0;931.7333333333332;4.0;1.0;7
83075;2008-01-01;0;32.3;21.6;5.8;2008;1;1;-23.43;-46.46;735;78.0;70.0;64.0;931.9;933.1;931.9;5;3;5;1.0;1.0;5.0;8.0;6.0;9.0;70.66666666666667;932.3000000000001;7.666666666666667;2.3333333333333335;5
83075;2008-01-02;0;30.9;18.3;7.2;2008;1;2;-23.43;-46.46;735;88.0;77.0;60.0;925.6;926.6;926.1;5;8;7;1.0;0.0;3.0;4.0;1.0;5.0;75.0;926.1;3.3333333333333335;1.3333333333333333;5
83075;2008-01-03;2.2;27.6;18.9;5.6;2008;1;3;-23.43;-46.46;735;88.0;75.0;83.0;929.1;928.0;925.9;8;7;7;0.0;2.0;1.0;10.0;9.0;8.0;82.0;927.6666666666666;9.0;1.0;7
83075;2008-01-04;0;28.3;15;7.4;2008;1;4;-23.43;-46.46;735;74.0;73.0;57.0;934.4;934.9;932.0;3;7;7;3.0;1.0;2.0;4.0;6.0;9.0;68.0;933.7666666666668;6.333333333333333;2.0;3
83075;2008-01-05;0;18.6;13.6;0;2008;1;5;-23.43;-46.46;735;85.0;75.0;83.0;938.0;938.7;937.9;5;5;3;3.0;2.0;3.0;9.0;9.0;10.0;81.0;938.1999999999999;9.333333333333334;2.6666666666666665;5
83075;2008-01-06;24;16.7;11.2;0;2008;1;6;-23.43;-46.46;735;82.0;93.0;94.0;942.6;943.3;941.9;5;5;5;2.0;1.0;1.0;9.0;10.0;10.0;89.66666666666667;942.6;9.666666666666666;1.3333333333333333;5
83075;2008-01-07;0;26.1;12.6;7.1;2008;1;7;-23.43;-46.46;735;84.0;93.0;49.0;938.5;940.0;939.2;8;5;7;0.0;1.0;2.0;4.0;10.0;6.0;75.33333333333333;939.2333333333332;6.666666666666667;1.0;5
83075;2008-01-08;0;28.5;14.6;7;2008;1;8;-23.43;-46.46;735;82.0;81.0;43.0;935.1;935.2;933.1;8;3;7;0.0;1.0;3.0;9.0;10.0;10.0;68.66666666666667;934.4666666666667;9.666666666666666;1.3333333333333333;3
83075;2008-01-09;0;24.8;12.2;8.5;2008;1;9;-23.43;-46.46;735;83.0;74.0;51.0;939.6;939.6;936.2;3;3;8;2.0;3.0;0.0;8.0;4.0;0.0;69.33333333333333;938.4666666666667;4.0;1.6666666666666667;3
83075;2008-01-10;0;31.2;15.4;7.2;2008;1;10;-23.43;-46.46;735;77.0;68.0;75.0;934.8;934.7;931.1;3;3;5;1.0;1.0;4.0;9.0;5.0;10.0;73.33333333333333;933.5333333333333;8.0;2.0;3
83075;2008-01-11;0;26;15.1;4.3;2008;1;11;-23.43;-46.46;735;87.0;64.0;60.0;936.5;936.7;936.7;3;3;3;4.0;3.0;1.0;10.0;9.0;2.0;70.33333333333333;936.6333333333333;7.0;2.6666666666666665;3
83075;2008-01-12;0;32.6;18;9.7;2008;1;12;-23.43;-46.46;735;76.0;68.0;42.0;932.9;932.5;930.0;3;7;5;3.0;3.0;1.0;10.0;2.0;5.0;62.0;931.8000000000001;5.666666666666667;2.3333333333333335;3
83075;2008-01-13;50.3;26.2;19.6;0;2008;1;13;-23.43;-46.46;735;80.0;89.0;77.0;932.4;933.7;933.6;3;3;5;2.0;1.0;1.0;10.0;10.0;10.0;82.0;933.2333333333332;10.0;1.3333333333333333;3
83075;2008-01-14;5.7;28.3;18.9;0.8;2008;1;14;-23.43;-46.46;735;90.0;79.0;80.0;934.2;935.0;934.5;5;3;7;1.0;2.0;3.0;8.0;9.0;10.0;83.0;934.5666666666666;9.0;2.0;5
83075;2008-01-15;28;30.3;19.9;6;2008;1;15;-23.43;-46.46;735;93.0;77.0;54.0;934.7;934.9;933.6;5;5;5;1.0;2.0;2.0;9.0;8.0;8.0;74.66666666666667;934.4;8.333333333333334;1.6666666666666667;5
83075;2008-01-16;0.4;31.8;18;8.9;2008;1;16;-23.43;-46.46;735;90.0;73.0;48.0;933.8;933.4;930.9;5;5;5;1.0;1.0;3.0;2.0;0.0;8.0;70.33333333333333;932.6999999999999;3.3333333333333335;1.6666666666666667;5
83075;2008-01-17;0;29.1;20;6.2;2008;1;17;-23.43;-46.46;735;68.0;73.0;64.0;931.3;932.1;931.0;5;7;7;2.0;3.0;3.0;4.0;6.0;8.0;68.33333333333333;931.4666666666667;6.0;2.6666666666666665;5
83075;2008-01-18;6.2;29.1;19.9;3.7;2008;1;18;-23.43;-46.46;735;90.0;77.0;79.0;931.3;932.1;931.8;5;7;7;1.0;3.0;2.0;10.0;9.0;10.0;82.0;931.7333333333332;9.666666666666666;2.0;5
83075;2008-01-19;7;29;20.2;1.8;2008;1;19;-23.43;-46.46;735;85.0;72.0;92.0;931.6;931.0;930.7;7;7;7;1.0;3.0;2.0;8.0;9.0;10.0;83.0;931.1;9.0;2.0;7
83075;2008-01-20;15.5;22.5;16.8;0;2008;1;20;-23.43;-46.46;735;90.0;90.0;94.0;930.9;931.6;931.6;7;7;5;3.0;2.0;2.0;8.0;10.0;10.0;91.33333333333333;931.3666666666667;9.333333333333334;2.3333333333333335;7
83075;2008-01-21;30.9;20.9;16.5;0;2008;1;21;-23.43;-46.46;735;86.0;82.0;85.0;932.7;933.1;933.2;5;3;5;2.0;3.0;2.0;9.0;10.0;10.0;84.33333333333333;933.0;9.666666666666666;2.3333333333333335;5
83075;2008-01-22;3.7;22;15.5;0;2008;1;22;-23.43;-46.46;735;89.0;80.0;69.0;934.8;935.8;935.9;3;3;3;2.0;1.0;3.0;8.0;10.0;10.0;79.33333333333333;935.5;9.333333333333334;2.0;3
83075;2008-01-23;0.3;22.8;14.8;3.1;2008;1;23;-23.43;-46.46;735;86.0;70.0;81.0;936.0;936.2;936.1;3;3;5;2.0;2.0;2.0;10.0;5.0;10.0;79.0;936.1;8.333333333333334;2.0;3
83075;2008-01-24;0.7;26.2;16.5;4.3;2008;1;24;-23.43;-46.46;735;84.0;71.0;65.0;936.5;936.8;936.3;5;5;5;3.0;3.0;3.0;9.0;4.0;9.0;73.33333333333333;936.5333333333333;7.333333333333333;3.0;5
83075;2008-01-25;0;23.6;17.6;0;2008;1;25;-23.43;-46.46;735;80.0;79.0;81.0;936.4;936.9;936.1;3;5;5;2.0;1.0;3.0;9.0;10.0;10.0;80.0;936.4666666666667;9.666666666666666;2.0;3
83075;2008-01-26;0.3;24.5;17.1;0.8;2008;1;26;-23.43;-46.46;735;82.0;73.0;67.0;936.0;936.2;935.7;3;3;3;3.0;2.0;3.0;10.0;9.0;10.0;74.0;935.9666666666667;9.666666666666666;2.6666666666666665;3
83075;2008-01-27;0;22.5;17.1;0;2008;1;27;-23.43;-46.46;735;79.0;75.0;67.0;935.9;936.0;935.6;3;5;5;4.0;1.0;1.0;9.0;10.0;10.0;73.66666666666667;935.8333333333334;9.666666666666666;2.0;3
83075;2008-01-28;0;23.5;17;0;2008;1;28;-23.43;-46.46;735;80.0;77.0;88.0;936.0;936.1;935.6;3;3;7;2.0;2.0;1.0;10.0;10.0;10.0;81.66666666666667;935.9;10.0;1.6666666666666667;3
83075;2008-01-29;36.2;19.8;17;0;2008;1;29;-23.43;-46.46;735;91.0;93.0;91.0;935.7;934.4;932.7;3;3;5;1.0;1.0;1.0;10.0;10.0;10.0;91.66666666666667;934.2666666666668;10.0;1.0;3
83075;2008-01-30;50.9;24.1;16.4;0.3;2008;1;30;-23.43;-46.46;735;89.0;85.0;79.0;930.8;929.8;927.8;3;5;5;1.0;1.0;3.0;10.0;9.0;10.0;84.33333333333333;929.4666666666666;9.666666666666666;1.6666666666666667;3
83075;2008-01-31;0;28;18.5;2.4;2008;1;31;-23.43;-46.46;735;89.0;81.0;69.0;927.8;927.0;925.6;5;3;7;1.0;1.0;1.0;10.0;10.0;8.0;79.66666666666667;926.8000000000001;9.333333333333334;1.0;5
83075;2008-02-01;0;26.8;20.8;0.1;2008;2;1;-23.43;-46.46;735;79.0;75.0;74.0;933.0;933.1;933.2;5;8;5;2.0;0.0;4.0;6.0;10.0;10.0;76.0;933.1;8.666666666666666;2.0;5
83075;2008-02-02;0;32.9;19.5;11.3;2008;2;2;-23.43;-46.46;735;85.0;69.0;52.0;926.6;928.3;927.2;8;7;7;0.0;1.0;3.0;0.0;1.0;6.0;68.66666666666667;927.3666666666668;2.3333333333333335;1.3333333333333333;7
83075;2008-02-03;4.8;31.1;19.9;10.6;2008;2;3;-23.43;-46.46;735;88.0;69.0;50.0;926.4;927.2;926.9;8;7;7;0.0;2.0;1.0;0.0;1.0;2.0;69.0;926.8333333333334;1.0;1.0;7
83075;2008-02-04;0;29.4;17.2;5.6;2008;2;4;-23.43;-46.46;735;83.0;79.0;61.0;932.1;932.5;931.4;5;8;7;1.0;0.0;2.0;0.0;1.0;10.0;74.33333333333333;932.0;3.6666666666666665;1.0;5
83075;2008-02-05;10.6;18.3;15.2;0;2008;2;5;-23.43;-46.46;735;88.0;95.0;91.0;938.2;934.6;934.7;3;5;5;2.0;1.0;1.0;10.0;10.0;10.0;91.33333333333333;935.8333333333334;10.0;1.3333333333333333;3
83075;2008-02-06;0.7;18.5;12.6;1.7;2008;2;6;-23.43;-46.46;735;89.0;84.0;71.0;942.2;942.2;939.9;5;3;5;1.0;3.0;1.0;10.0;10.0;1.0;81.33333333333333;941.4333333333334;7.0;1.6666666666666667;5
83075;2008-02-07;0;21.7;13.9;0;2008;2;7;-23.43;-46.46;735;81.0;80.0;67.0;939.7;941.2;940.4;5;5;4;1.0;1.0;1.0;5.0;10.0;10.0;76.0;940.4333333333334;8.333333333333334;1.0;5
83075;2008-02-08;0;25.1;16;2;2008;2;8;-23.43;-46.46;735;86.0;51.0;49.0;933.8;932.9;931.3;5;7;7;1.0;3.0;3.0;10.0;9.0;8.0;62.0;932.6666666666666;9.0;2.3333333333333335;5
83075;2008-02-09;0;28.9;11.8;8.7;2008;2;9;-23.43;-46.46;735;75.0;71.0;44.0;936.6;936.9;935.5;4;8;8;1.0;0.0;0.0;0.0;1.0;6.0;63.333333333333336;936.3333333333334;2.3333333333333335;0.3333333333333333;4
83075;2008-02-10;31.5;25.2;16.8;0.5;2008;2;10;-23.43;-46.46;735;92.0;67.0;62.0;931.9;930.7;930.0;4;7;7;1.0;3.0;3.0;10.0;10.0;9.0;73.66666666666667;930.8666666666667;9.666666666666666;2.3333333333333335;4
83075;2008-02-11;0;28.9;17.3;0.4;2008;2;11;-23.43;-46.46;735;86.0;78.0;63.0;936.6;934.8;933.6;3;8;7;1.0;0.0;2.0;9.0;8.0;10.0;75.66666666666667;935.0;9.0;1.0;3
83075;2008-02-12;4.1;32.3;18.9;4.8;2008;2;12;-23.43;-46.46;735;69.0;62.0;73.0;930.0;929.8;927.6;7;1;5;1.0;2.0;3.0;4.0;5.0;10.0;68.0;929.1333333333333;6.333333333333333;2.0;7
83075;2008-02-13;41.9;29.2;19.2;0;2008;2;13;-23.43;-46.46;735;91.0;73.0;67.0;933.4;934.1;933.5;7;7;7;3.0;1.0;2.0;9.0;9.0;9.0;77.0;933.6666666666666;9.0;2.0;7
83075;2008-02-14;0;32.1;20;4.1;2008;2;14;-23.43;-46.46;735;76.0;66.0;61.0;933.8;934.5;933.8;3;8;5;3.0;0.0;3.0;5.0;4.0;8.0;67.66666666666667;934.0333333333333;5.666666666666667;2.0;3
83075;2008-02-15;0;29.3;21;2.1;2008;2;15;-23.43;-46.46;735;82.0;72.0;64.0;934.6;934.9;932.7;5;3;5;2.0;2.0;2.0;9.0;10.0;9.0;72.66666666666667;934.0666666666666;9.333333333333334;2.0;5
83075;2008-02-16;0;29.5;19.6;3.6;2008;2;16;-23.43;-46.46;735;80.0;76.0;82.0;934.3;934.6;933.1;5;5;5;3.0;1.0;1.0;8.0;6.0;10.0;79.33333333333333;934.0;8.0;1.6666666666666667;5
83075;2008-02-17;21.6;31.2;17.7;8.7;2008;2;17;-23.43;-46.46;735;90.0;66.0;50.0;933.2;934.1;933.8;5;5;7;1.0;1.0;2.0;9.0;4.0;6.0;68.66666666666667;933.7000000000002;6.333333333333333;1.3333333333333333;5
83075;2008-02-18;42.1;28.5;17.8;2.1;2008;2;18;-23.43;-46.46;735;93.0;77.0;77.0;934.9;935.0;934.9;7;8;5;1.0;0.0;3.0;9.0;5.0;9.0;82.33333333333333;934.9333333333334;7.666666666666667;1.3333333333333333;7
83075;2008-02-19;2.4;28.3;17.8;4.8;2008;2;19;-23.43;-46.46;735;88.0;75.0;74.0;935.6;936.4;934.5;5;8;5;2.0;0.0;5.0;8.0;4.0;9.0;79.0;935.5;7.0;2.3333333333333335;5
83075;2008-02-20;0.1;29.8;18;4.7;2008;2;20;-23.43;-46.46;735;82.0;79.0;63.0;934.9;934.9;931.3;3;8;7;1.0;0.0;1.0;2.0;8.0;6.0;74.66666666666667;933.6999999999999;5.333333333333333;0.6666666666666666;3
83075;2008-02-21;5.9;29.3;18.7;5.6;2008;2;21;-23.43;-46.46;735;90.0;75.0;63.0;931.3;931.7;930.2;7;7;7;1.0;2.0;2.0;10.0;9.0;8.0;76.0;931.0666666666666;9.0;1.6666666666666667;7
83075;2008-02-22;39.7;29.3;19;7.2;2008;2;22;-23.43;-46.46;735;83.0;81.0;57.0;931.6;932.9;932.4;5;7;7;2.0;1.0;3.0;10.0;6.0;4.0;73.66666666666667;932.3000000000001;6.666666666666667;2.0;5
83075;2008-02-23;0;29;20.7;0;2008;2;23;-23.43;-46.46;735;83.0;78.0;63.0;932.9;934.4;933.5;3;5;7;1.0;1.0;3.0;9.0;10.0;10.0;74.66666666666667;933.6;9.666666666666666;1.6666666666666667;3
83075;2008-02-24;4.6;23.8;19.4;0;2008;2;24;-23.43;-46.46;735;89.0;84.0;93.0;933.8;934.2;933.6;3;8;5;1.0;0.0;1.0;10.0;10.0;10.0;88.66666666666667;933.8666666666667;10.0;0.6666666666666666;3
83075;2008-02-25;32;27.2;18.2;6.9;2008;2;25;-23.43;-46.46;735;88.0;74.0;65.0;933.8;934.1;932.9;3;5;5;2.0;1.0;3.0;9.0;4.0;9.0;75.66666666666667;933.6;7.333333333333333;2.0;3
83075;2008-02-26;0;27.7;17.8;5.7;2008;2;26;-23.43;-46.46;735;79.0;75.0;66.0;932.9;933.3;932.6;5;3;5;2.0;1.0;3.0;5.0;8.0;6.0;73.33333333333333;932.9333333333333;6.333333333333333;2.0;5
83075;2008-02-27;0;27.3;18.8;3.8;2008;2;27;-23.43;-46.46;735;82.0;73.0;69.0;933.4;934.2;933.6;5;5;3;3.0;1.0;2.0;5.0;9.0;8.0;74.66666666666667;933.7333333333332;7.333333333333333;2.0;5
83075;2008-02-28;0;27.9;17.3;8.4;2008;2;28;-23.43;-46.46;735;81.0;68.0;49.0;934.1;934.5;932.5;3;3;3;2.0;1.0;2.0;2.0;8.0;4.0;66.0;933.6999999999999;4.666666666666667;1.6666666666666667;3
83075;2008-02-29;0;25.6;17.3;0;2008;2;29;-23.43;-46.46;735;82.0;83.0;80.0;932.7;932.4;929.1;5;3;7;1.0;1.0;1.0;2.0;10.0;10.0;81.66666666666667;931.4;7.333333333333333;1.0;5
83075;2008-03-01;9.9;31.9;19.6;4;2008;3;1;-23.43;-46.46;735;84.0;71.0;49.0;933.1;934.4;933.9;5;5;7;1.0;1.0;2.0;10.0;9.0;8.0;68.0;933.8000000000001;9.0;1.3333333333333333;5
83075;2008-03-02;0;28.8;20.4;2.5;2008;3;2;-23.43;-46.46;735;76.0;75.0;68.0;927.9;929.5;929.0;7;7;7;1.0;3.0;4.0;2.0;9.0;10.0;73.0;928.8000000000001;7.0;2.6666666666666665;7
83075;2008-03-03;0;31;20.3;10.6;2008;3;3;-23.43;-46.46;735;70.0;62.0;44.0;927.6;928.8;928.5;7;7;7;1.0;2.0;3.0;5.0;1.0;2.0;58.666666666666664;928.3000000000001;2.6666666666666665;2.0;7
83075;2008-03-04;0;23.6;19.3;0;2008;3;4;-23.43;-46.46;735;79.0;77.0;91.0;931.7;931.9;930.8;7;7;7;1.0;1.0;1.0;8.0;10.0;10.0;82.33333333333333;931.4666666666666;9.333333333333334;1.0;7
83075;2008-03-05;49.6;20.1;14.2;6.2;2008;3;5;-23.43;-46.46;735;93.0;87.0;57.0;934.3;935.0;933.5;8;7;7;0.0;2.0;1.0;8.0;9.0;0.0;79.0;934.2666666666668;5.666666666666667;1.0;7
83075;2008-03-06;0;23.9;13.8;7.1;2008;3;6;-23.43;-46.46;735;84.0;84.0;60.0;940.2;940.2;937.6;5;5;7;1.0;2.0;3.0;9.0;5.0;2.0;76.0;939.3333333333334;5.333333333333333;2.0;5
83075;2008-03-07;0;24.3;14.3;5.3;2008;3;7;-23.43;-46.46;735;72.0;79.0;70.0;940.5;940.7;939.2;3;8;5;0.9;0.0;3.0;9.0;8.0;6.0;73.66666666666667;940.1333333333333;7.666666666666667;1.3;3
83075;2008-03-08;16.4;22.5;14.6;0;2008;3;8;-23.43;-46.46;735;63.0;93.0;82.0;931.1;931.6;931.1;7;5;7;1.0;1.0;1.0;9.0;10.0;10.0;79.33333333333333;931.2666666666668;9.666666666666666;1.0;7
83075;2008-03-09;0;31.1;15;8.8;2008;3;9;-23.43;-46.46;735;67.0;55.0;39.0;934.3;934.9;933.4;8;3;0;0.0;1.0;1.0;0.0;8.0;6.0;53.666666666666664;934.1999999999999;4.666666666666667;0.6666666666666666;3
83075;2008-03-10;0;28.6;16.6;7.3;2008;3;10;-23.43;-46.46;735;77.0;71.0;56.0;930.7;933.0;932.5;7;3;4;2.0;1.0;1.0;4.0;1.0;6.0;68.0;932.0666666666666;3.6666666666666665;1.3333333333333333;7
83075;2008-03-11;1.8;28.9;19.2;2.6;2008;3;11;-23.43;-46.46;735;81.0;72.0;52.0;933.7;934.1;933.4;5;7;7;1.0;1.0;3.0;10.0;9.0;10.0;68.33333333333333;933.7333333333335;9.666666666666666;1.6666666666666667;5
83075;2008-03-12;36.6;23.2;15.5;1.2;2008;3;12;-23.43;-46.46;735;93.0;77.0;83.0;927.8;927.2;926.8;3;5;5;1.0;3.0;3.0;9.0;9.0;9.0;84.33333333333333;927.2666666666668;9.0;2.3333333333333335;3
83075;2008-03-13;19.2;24;18.6;0;2008;3;13;-23.43;-46.46;735;83.0;90.0;96.0;932.5;933.0;931.8;7;7;5;1.0;1.0;3.0;10.0;10.0;10.0;89.66666666666667;932.4333333333334;10.0;1.6666666666666667;7
83075;2008-03-14;84;21.4;16.9;0;2008;3;14;-23.43;-46.46;735;99.0;91.0;78.0;931.5;932.7;932.8;4;3;5;5.0;1.0;2.0;10.0;10.0;10.0;89.33333333333333;932.3333333333334;10.0;2.6666666666666665;4
83075;2008-03-15;8.8;19.4;16.4;0;2008;3;15;-23.43;-46.46;735;82.0;91.0;82.0;933.5;934.4;933.4;5;5;3;1.0;1.0;2.0;9.0;10.0;10.0;85.0;933.7666666666668;9.666666666666666;1.3333333333333333;5
83075;2008-03-16;7.2;21.9;16.2;0.1;2008;3;16;-23.43;-46.46;735;90.0;82.0;84.0;935.2;936.2;935.9;5;5;5;1.0;2.0;3.0;10.0;10.0;10.0;85.33333333333333;935.7666666666668;10.0;2.0;5
83075;2008-03-17;14;19.4;16.5;0;2008;3;17;-23.43;-46.46;735;93.0;92.0;92.0;936.4;937.7;937.1;3;5;1;1.0;1.0;1.0;10.0;10.0;10.0;92.33333333333333;937.0666666666666;10.0;1.0;3
83075;2008-03-18;13.7;28.9;15.9;8.1;2008;3;18;-23.43;-46.46;735;92.0;74.0;60.0;937.2;937.8;936.5;3;7;5;1.0;1.0;3.0;9.0;6.0;8.0;75.33333333333333;937.1666666666666;7.666666666666667;1.6666666666666667;3
83075;2008-03-19;0;29.5;18.4;8.1;2008;3;19;-23.43;-46.46;735;84.0;76.0;53.0;936.8;937.2;936.3;5;3;3;2.0;3.0;1.0;9.0;9.0;2.0;71.0;936.7666666666668;6.666666666666667;2.0;5
83075;2008-03-20;0;30.8;18.9;7.7;2008;3;20;-23.43;-46.46;735;84.0;75.0;51.0;936.6;937.3;935.7;5;5;7;2.0;2.0;1.0;8.0;0.0;8.0;70.0;936.5333333333334;5.333333333333333;1.6666666666666667;5
83075;2008-03-21;0;29.7;18.9;5.5;2008;3;21;-23.43;-46.46;735;83.0;79.0;56.0;935.9;936.8;934.2;3;3;8;1.0;1.0;0.0;6.0;8.0;8.0;72.66666666666667;935.6333333333332;7.333333333333333;0.6666666666666666;3
83075;2008-03-22;0;29;20.3;2.4;2008;3;22;-23.43;-46.46;735;83.0;75.0;73.0;934.6;934.6;934.1;3;7;5;1.0;1.0;2.0;9.0;9.0;10.0;77.0;934.4333333333334;9.333333333333334;1.3333333333333333;3
83075;2008-03-23;2.4;28.6;18.9;5.9;2008;3;23;-23.43;-46.46;735;88.0;75.0;63.0;934.5;934.8;933.2;5;8;5;1.0;0.0;3.0;10.0;10.0;9.0;75.33333333333333;934.1666666666666;9.666666666666666;1.3333333333333333;5
83075;2008-03-24;0.1;26.3;19.4;2.7;2008;3;24;-23.43;-46.46;735;83.0;78.0;72.0;934.5;935.2;934.5;5;3;5;3.0;1.0;2.0;6.0;6.0;9.0;77.66666666666667;934.7333333333332;7.0;2.0;5
83075;2008-03-25;0;26.8;19.1;5.4;2008;3;25;-23.43;-46.46;735;83.0;74.0;71.0;935.4;936.3;935.8;5;5;5;1.0;1.0;5.0;8.0;8.0;9.0;76.0;935.8333333333334;8.333333333333334;2.3333333333333335;5
83075;2008-03-26;0.1;26.5;18;3.4;2008;3;26;-23.43;-46.46;735;82.0;80.0;69.0;936.6;936.8;935.5;3;3;4;2.0;3.0;2.0;9.0;10.0;8.0;77.0;936.3000000000001;9.0;2.3333333333333335;3
83075;2008-03-27;0;26.6;18.9;4.3;2008;3;27;-23.43;-46.46;735;83.0;75.0;89.0;934.9;934.9;932.2;5;8;8;2.0;0.0;0.0;9.0;4.0;8.0;82.33333333333333;934.0;7.0;0.6666666666666666;5
83075;2008-03-28;11.4;30.2;17;7.5;2008;3;28;-23.43;-46.46;735;87.0;75.0;52.0;932.3;932.7;931.0;5;8;7;1.0;0.0;1.0;0.0;0.0;4.0;71.33333333333333;932.0;1.3333333333333333;0.6666666666666666;5
83075;2008-03-29;0;26.8;18.6;6.8;2008;3;29;-23.43;-46.46;735;82.0;69.0;66.0;931.5;933.2;932.9;5;5;4;2.0;1.0;3.0;9.0;2.0;6.0;72.33333333333333;932.5333333333333;5.666666666666667;2.0;5
83075;2008-03-30;2.2;22;17.3;0.3;2008;3;30;-23.43;-46.46;735;87.0;79.0;71.0;934.0;935.0;935.0;5;3;3;3.0;3.0;2.0;9.0;9.0;10.0;79.0;934.6666666666666;9.333333333333334;2.6666666666666665;5
83075;2008-03-31;0.2;25.1;15.7;6.9;2008;3;31;-23.43;-46.46;735;83.0;67.0;59.0;935.7;935.8;934.1;5;3;3;3.0;1.0;2.0;6.0;6.0;9.0;69.66666666666667;935.1999999999999;7.0;2.0;5
83075;2008-04-01;1.1;32;20.1;4.1;2008;4;1;-23.43;-46.46;735;85.0;73.0;55.0;934.6;935.2;935.0;8;5;5;0.0;1.0;3.0;9.0;6.0;9.0;71.0;934.9333333333334;8.0;1.3333333333333333;5
83075;2008-04-02;2.9;21.7;17.8;0;2008;4;2;-23.43;-46.46;735;88.0;84.0;82.0;930.5;933.4;933.2;5;3;5;2.0;1.0;3.0;10.0;10.0;10.0;84.66666666666667;932.3666666666668;10.0;2.0;5
83075;2008-04-03;0;31.6;20.6;10.7;2008;4;3;-23.43;-46.46;735;65.0;59.0;45.0;929.7;930.8;930.3;7;7;7;1.0;2.0;3.0;1.0;1.0;8.0;56.333333333333336;930.2666666666668;3.3333333333333335;2.0;7
83075;2008-04-04;15.8;21.9;17.5;0.1;2008;4;4;-23.43;-46.46;735;90.0;80.0;77.0;931.6;932.2;932.3;5;5;5;1.0;1.0;3.0;9.0;10.0;10.0;82.33333333333333;932.0333333333334;9.666666666666666;1.6666666666666667;5
83075;2008-04-05;0;20.6;12.3;7.3;2008;4;5;-23.43;-46.46;735;78.0;73.0;60.0;934.1;934.1;934.3;7;7;7;1.0;3.0;3.0;9.0;8.0;1.0;70.33333333333333;934.1666666666666;6.0;2.3333333333333335;7
83075;2008-04-06;31;22;14.4;3;2008;4;6;-23.43;-46.46;735;85.0;87.0;74.0;936.6;937.6;936.2;8;8;7;0.0;0.0;3.0;0.0;10.0;9.0;82.0;936.8000000000001;6.333333333333333;1.0;7
83075;2008-04-07;0;21.1;12.1;5.8;2008;4;7;-23.43;-46.46;735;83.0;83.0;60.0;939.7;939.9;938.6;5;5;4;1.0;1.0;1.0;10.0;10.0;5.0;75.33333333333333;939.4;8.333333333333334;1.0;5
83075;2008-04-08;5.4;22.1;13.6;5;2008;4;8;-23.43;-46.46;735;86.0;84.0;64.0;932.5;934.2;933.6;7;3;7;1.0;1.0;1.0;8.0;10.0;6.0;78.0;933.4333333333334;8.0;1.0;7
83075;2008-04-09;0;32;16.2;8.7;2008;4;9;-23.43;-46.46;735;64.0;53.0;35.0;933.5;934.5;933.4;7;8;5;1.0;0.0;2.0;0.0;0.0;8.0;50.666666666666664;933.8000000000001;2.6666666666666665;1.0;7
83075;2008-04-10;0;30.3;17.5;3.4;2008;4;10;-23.43;-46.46;735;81.0;82.0;54.0;934.0;933.9;930.9;5;8;7;1.0;0.0;3.0;10.0;10.0;8.0;72.33333333333333;932.9333333333334;9.333333333333334;1.3333333333333333;5
83075;2008-04-12;1.2;23.9;13.2;8.6;2008;4;12;-23.43;-46.46;735;78.0;62.0;58.0;928.5;930.6;930.5;5;5;5;3.0;3.0;3.0;9.0;6.0;8.0;66.0;929.8666666666667;7.666666666666667;3.0;5
83075;2008-04-13;0;30.6;18;8.2;2008;4;13;-23.43;-46.46;735;68.0;72.0;53.0;930.8;931.2;930.3;7;8;7;1.0;0.0;2.0;8.0;5.0;9.0;64.33333333333333;930.7666666666668;7.333333333333333;1.0;7
83075;2008-04-14;8.6;24.7;18.4;0.4;2008;4;14;-23.43;-46.46;735;82.0;89.0;79.0;930.3;930.9;930.7;7;5;4;1.0;1.0;2.0;4.0;10.0;9.0;83.33333333333333;930.6333333333332;7.666666666666667;1.3333333333333333;7
83075;2008-04-15;6.5;21;15.6;0;2008;4;15;-23.43;-46.46;735;86.0;85.0;80.0;931.7;935.6;934.9;5;5;5;1.0;3.0;3.0;9.0;10.0;10.0;83.66666666666667;934.0666666666667;9.666666666666666;2.3333333333333335;5
83075;2008-04-16;0;25.4;16.8;2;2008;4;16;-23.43;-46.46;735;86.0;82.0;65.0;935.9;936.8;936.4;5;3;3;1.0;3.0;1.0;10.0;10.0;9.0;77.66666666666667;936.3666666666667;9.666666666666666;1.6666666666666667;5
83075;2008-04-17;1.8;27;19;4.4;2008;4;17;-23.43;-46.46;735;91.0;84.0;66.0;937.3;937.9;936.3;5;5;5;1.0;1.0;2.0;10.0;10.0;5.0;80.33333333333333;937.1666666666666;8.333333333333334;1.3333333333333333;5
83075;2008-04-18;0;24.5;16.8;4.3;2008;4;18;-23.43;-46.46;735;82.0;76.0;63.0;938.1;938.4;937.4;5;5;5;2.0;1.0;3.0;9.0;9.0;6.0;73.66666666666667;937.9666666666667;8.0;2.0;5
83075;2008-04-19;0;23.9;17.9;2.8;2008;4;19;-23.43;-46.46;735;82.0;77.0;73.0;938.0;937.6;936.5;5;5;3;3.0;2.0;1.0;5.0;8.0;10.0;77.33333333333333;937.3666666666667;7.666666666666667;2.0;5
83075;2008-04-20;2;21.7;18.6;0;2008;4;20;-23.43;-46.46;735;91.0;88.0;92.0;936.4;936.9;935.7;8;3;5;0.0;2.0;2.0;10.0;10.0;10.0;90.33333333333333;936.3333333333334;10.0;1.3333333333333333;3
83075;2008-04-21;4.2;26.4;18;2.6;2008;4;21;-23.43;-46.46;735;93.0;85.0;73.0;935.6;935.9;935.2;3;3;7;1.0;2.0;1.0;10.0;10.0;10.0;83.66666666666667;935.5666666666666;10.0;1.3333333333333333;3
83075;2008-04-22;3.8;27.6;16.9;7.4;2008;4;22;-23.43;-46.46;735;84.0;80.0;64.0;935.4;935.9;933.4;8;7;7;0.0;1.0;2.0;9.0;5.0;8.0;76.0;934.9;7.333333333333333;1.0;7
83075;2008-04-23;21.2;26.7;15.5;8.7;2008;4;23;-23.43;-46.46;735;89.0;75.0;53.0;933.9;933.9;932.5;7;7;7;1.0;1.0;2.0;9.0;1.0;2.0;72.33333333333333;933.4333333333334;4.0;1.3333333333333333;7
83075;2008-04-24;0;26.6;15;8.7;2008;4;24;-23.43;-46.46;735;76.0;77.0;57.0;932.8;932.9;931.6;8;5;7;0.0;1.0;2.0;0.0;0.0;2.0;70.0;932.4333333333333;0.6666666666666666;1.0;5
83075;2008-04-25;0;26.1;15.5;8.8;2008;4;25;-23.43;-46.46;735;78.0;68.0;53.0;932.0;932.3;931.6;7;7;7;1.0;1.0;1.0;2.0;0.0;2.0;66.33333333333333;931.9666666666667;1.3333333333333333;1.0;7
83075;2008-04-26;0;27.6;14.9;8.8;2008;4;26;-23.43;-46.46;735;78.0;70.0;56.0;931.8;932.3;931.3;8;7;7;0.0;1.0;1.0;0.0;0.0;2.0;68.0;931.7999999999998;0.6666666666666666;0.6666666666666666;7
83075;2008-04-27;0;28.4;15.7;8.7;2008;4;27;-23.43;-46.46;735;80.0;67.0;55.0;932.0;932.8;931.8;8;7;6;0.0;1.0;1.0;0.0;6.0;2.0;67.33333333333333;932.1999999999999;2.6666666666666665;0.6666666666666666;7
83075;2008-04-28;0;29.3;16.8;9;2008;4;28;-23.43;-46.46;735;75.0;72.0;57.0;932.6;933.0;930.5;8;3;7;0.0;1.0;1.0;0.0;0.0;1.0;68.0;932.0333333333333;0.3333333333333333;0.6666666666666666;3
83075;2008-04-29;0;28.8;18.1;1.9;2008;4;29;-23.43;-46.46;735;71.0;63.0;68.0;929.9;931.8;930.2;7;7;7;1.0;1.0;2.0;0.0;9.0;9.0;67.33333333333333;930.6333333333332;6.0;1.3333333333333333;7
83075;2008-04-30;17.9;20.9;13.8;0;2008;4;30;-23.43;-46.46;735;93.0;86.0;80.0;932.3;935.1;935.6;7;5;5;1.0;3.0;3.0;9.0;10.0;10.0;86.33333333333333;934.3333333333334;9.666666666666666;2.3333333333333335;7
83075;2008-05-01;8.9;30.3;20.3;2.7;2008;5;1;-23.43;-46.46;735;79.0;73.0;85.0;935.0;934.6;932.0;7;8;7;1.0;0.0;3.0;9.0;8.0;10.0;79.0;933.8666666666667;9.0;1.3333333333333333;7
83075;2008-05-02;0.3;26.1;17.5;1;2008;5;2;-23.43;-46.46;735;86.0;76.0;67.0;934.5;935.3;934.4;5;3;3;1.0;2.0;1.0;10.0;10.0;9.0;76.33333333333333;934.7333333333332;9.666666666666666;1.3333333333333333;5
83075;2008-05-03;0;31.5;20.9;10.5;2008;5;3;-23.43;-46.46;735;68.0;59.0;43.0;930.5;931.2;930.1;7;7;7;1.0;1.0;1.0;4.0;0.0;2.0;56.666666666666664;930.6;2.0;1.0;7
83075;2008-05-04;0;23.2;15.9;2.3;2008;5;4;-23.43;-46.46;735;87.0;75.0;69.0;933.3;933.9;933.2;5;3;3;3.0;3.0;3.0;10.0;9.0;10.0;77.0;933.4666666666666;9.666666666666666;3.0;5
83075;2008-05-05;0;20.5;12.5;4.9;2008;5;5;-23.43;-46.46;735;82.0;78.0;63.0;935.0;935.5;934.0;7;7;7;1.0;2.0;3.0;0.0;5.0;6.0;74.33333333333333;934.8333333333334;3.6666666666666665;2.0;7
83075;2008-05-06;0;25.7;13;6.7;2008;5;6;-23.43;-46.46;735;91.0;93.0;57.0;937.2;938.9;937.7;4;8;7;1.0;0.0;1.0;8.0;9.0;5.0;80.33333333333333;937.9333333333334;7.333333333333333;0.6666666666666666;4
83075;2008-05-07;0;20.5;11.1;5.5;2008;5;7;-23.43;-46.46;735;87.0;93.0;58.0;938.8;940.3;939.2;5;5;5;3.0;2.0;2.0;9.0;10.0;1.0;79.33333333333333;939.4333333333334;6.666666666666667;2.3333333333333335;5
83075;2008-05-08;0;26.6;14.6;5.2;2008;5;8;-23.43;-46.46;735;87.0;90.0;87.0;934.4;936.3;935.2;5;7;5;1.0;1.0;6.0;10.0;10.0;10.0;88.0;935.2999999999998;10.0;2.6666666666666665;5
83075;2008-05-09;0;29.4;16.1;8.4;2008;5;9;-23.43;-46.46;735;83.0;74.0;49.0;934.8;935.2;932.6;5;3;5;3.0;3.0;1.0;8.0;4.0;0.0;68.66666666666667;934.1999999999999;4.0;2.3333333333333335;5
83075;2008-05-10;21.4;25.8;17.4;1.6;2008;5;10;-23.43;-46.46;735;87.0;88.0;67.0;931.3;932.8;932.2;5;5;5;2.0;1.0;3.0;10.0;10.0;9.0;80.66666666666667;932.1;9.666666666666666;2.0;5
83075;2008-05-11;0;30.8;16.3;1.6;2008;5;11;-23.43;-46.46;735;81.0;76.0;67.0;934.1;933.8;931.8;5;8;5;1.0;0.0;3.0;2.0;6.0;10.0;74.66666666666667;933.2333333333332;6.0;1.3333333333333333;5
83075;2008-05-12;0;22.4;13.4;9.3;2008;5;12;-23.43;-46.46;735;78.0;60.0;60.0;932.6;934.7;934.4;5;3;5;1.0;2.0;3.0;9.0;1.0;8.0;66.0;933.9000000000001;6.0;2.0;5
83075;2008-05-13;0;20.4;14;0.5;2008;5;13;-23.43;-46.46;735;85.0;81.0;77.0;940.8;941.1;940.0;4;3;5;1.0;1.0;2.0;8.0;10.0;10.0;81.0;940.6333333333333;9.333333333333334;1.3333333333333333;4
83075;2008-05-14;0;21.8;14.4;4.2;2008;5;14;-23.43;-46.46;735;85.0;82.0;66.0;940.3;940.4;938.2;5;3;5;2.0;3.0;1.0;9.0;9.0;8.0;77.66666666666667;939.6333333333332;8.666666666666666;2.0;5
83075;2008-05-15;0;24.6;14;6.6;2008;5;15;-23.43;-46.46;735;89.0;85.0;67.0;938.4;938.8;936.8;4;3;7;2.0;1.0;1.0;9.0;1.0;4.0;80.33333333333333;938.0;4.666666666666667;1.3333333333333333;4
83075;2008-05-16;0;24.8;13.4;6;2008;5;16;-23.43;-46.46;735;92.0;91.0;51.0;937.6;938.7;937.5;5;5;5;1.0;1.0;1.0;0.0;10.0;4.0;78.0;937.9333333333334;4.666666666666667;1.0;5
83075;2008-05-17;0;20.8;12.7;1.8;2008;5;17;-23.43;-46.46;735;74.0;82.0;71.0;938.7;939.9;939.2;5;4;5;1.0;1.0;2.0;6.0;8.0;8.0;75.66666666666667;939.2666666666668;7.333333333333333;1.3333333333333333;5
83075;2008-05-18;0;26.8;14.9;6.2;2008;5;18;-23.43;-46.46;735;88.0;90.0;56.0;939.2;939.5;937.7;4;8;7;1.0;0.0;1.0;9.0;10.0;5.0;78.0;938.8000000000001;8.0;0.6666666666666666;4
83075;2008-05-19;2.6;27.7;16.3;6.8;2008;5;19;-23.43;-46.46;735;81.0;80.0;49.0;937.9;938.0;936.8;5;8;8;1.0;0.0;0.0;9.0;0.0;6.0;70.0;937.5666666666666;5.0;0.3333333333333333;5
83075;2008-05-20;0;27.4;14.1;8.8;2008;5;20;-23.43;-46.46;735;80.0;67.0;48.0;937.0;938.1;936.9;5;8;5;1.0;0.0;3.0;6.0;1.0;2.0;65.0;937.3333333333334;3.0;1.3333333333333333;5
83075;2008-05-21;0;26.8;13.1;8.9;2008;5;21;-23.43;-46.46;735;79.0;72.0;52.0;936.7;937.0;935.3;8;8;7;0.0;0.0;1.0;0.0;0.0;0.0;67.66666666666667;936.3333333333334;0.0;0.3333333333333333;7
83075;2008-05-22;0;26.4;13.4;8.8;2008;5;22;-23.43;-46.46;735;74.0;71.0;53.0;935.4;936.3;935.7;8;8;7;0.0;0.0;2.0;0.0;8.0;5.0;66.0;935.7999999999998;4.333333333333333;0.6666666666666666;7
83075;2008-05-23;0;26.8;13.2;8.8;2008;5;23;-23.43;-46.46;735;81.0;77.0;51.0;936.0;936.4;935.3;8;8;6;0.0;0.0;1.0;0.0;0.0;0.0;69.66666666666667;935.9;0.0;0.3333333333333333;6
83075;2008-05-24;0;25.9;13.3;8.8;2008;5;24;-23.43;-46.46;735;80.0;76.0;56.0;935.4;935.7;934.2;8;8;7;0.0;0.0;3.0;0.0;0.0;0.0;70.66666666666667;935.1;0.0;1.0;7
83075;2008-05-25;0;26.7;15.1;8.5;2008;5;25;-23.43;-46.46;735;75.0;71.0;71.0;934.1;934.4;933.2;7;8;7;1.0;0.0;2.0;0.0;1.0;4.0;72.33333333333333;933.9;1.6666666666666667;1.0;7
83075;2008-05-26;0;26.3;17.3;8.1;2008;5;26;-23.43;-46.46;735;71.0;67.0;58.0;934.0;934.7;934.3;7;7;7;1.0;1.0;1.0;0.0;0.0;2.0;65.33333333333333;934.3333333333334;0.6666666666666666;1.0;7
83075;2008-05-27;0;26.4;13.9;7.4;2008;5;27;-23.43;-46.46;735;86.0;84.0;53.0;934.8;935.9;935.2;8;3;5;0.0;1.0;1.0;0.0;1.0;0.0;74.33333333333333;935.2999999999998;0.3333333333333333;0.6666666666666666;3
83075;2008-05-28;0;27.7;13.8;8.4;2008;5;28;-23.43;-46.46;735;76.0;84.0;48.0;935.4;936.1;935.2;5;8;7;1.0;0.0;3.0;4.0;1.0;0.0;69.33333333333333;935.5666666666666;1.6666666666666667;1.3333333333333333;5
83075;2008-05-29;0;22.5;15.7;1.4;2008;5;29;-23.43;-46.46;735;67.0;67.0;74.0;934.2;934.9;934.5;7;5;7;1.0;1.0;3.0;5.0;8.0;10.0;69.33333333333333;934.5333333333333;7.666666666666667;1.6666666666666667;7
83075;2008-05-30;9.2;19.9;12.3;0;2008;5;30;-23.43;-46.46;735;81.0;93.0;83.0;934.6;937.6;938.4;7;5;5;1.0;1.0;3.0;8.0;10.0;10.0;85.66666666666667;936.8666666666667;9.333333333333334;1.6666666666666667;7
83075;2008-05-31;0.9;15.5;10.5;0;2008;5;31;-23.43;-46.46;735;91.0;74.0;66.0;941.5;943.0;943.0;5;3;3;3.0;2.0;3.0;10.0;10.0;10.0;77.0;942.5;10.0;2.6666666666666665;5
83075;2008-06-01;20.3;26.6;18.9;6.9;2008;6;1;-23.43;-46.46;735;90.0;73.0;66.0;932.6;932.9;932.2;4;5;5;1.0;3.0;5.0;9.0;6.0;5.0;76.33333333333333;932.5666666666666;6.666666666666667;3.0;4
83075;2008-06-02;19.6;24.6;18.3;0;2008;6;2;-23.43;-46.46;735;85.0;81.0;65.0;935.4;936.3;935.6;5;3;3;1.0;1.0;4.0;10.0;10.0;9.0;77.0;935.7666666666665;9.666666666666666;2.0;5
83075;2008-06-03;0;32.3;19.3;9.2;2008;6;3;-23.43;-46.46;735;67.0;62.0;45.0;930.7;931.7;930.3;4;3;7;1.0;1.0;3.0;0.0;2.0;4.0;58.0;930.9;2.0;1.6666666666666667;4
83075;2008-06-04;0;21.8;17.5;0;2008;6;4;-23.43;-46.46;735;84.0;82.0;90.0;933.5;933.6;932.7;5;3;5;1.0;3.0;1.0;9.0;10.0;10.0;85.33333333333333;933.2666666666668;9.666666666666666;1.6666666666666667;5
83075;2008-06-05;0;21.8;11.9;9;2008;6;5;-23.43;-46.46;735;75.0;65.0;51.0;934.6;935.3;933.9;7;7;7;1.0;1.0;1.0;1.0;0.0;0.0;63.666666666666664;934.6;0.3333333333333333;1.0;7
83075;2008-06-06;0;26.7;14.1;7.1;2008;6;6;-23.43;-46.46;735;90.0;91.0;57.0;938.7;939.3;938.1;8;8;7;0.0;0.0;1.0;0.0;9.0;5.0;79.33333333333333;938.6999999999999;4.666666666666667;0.3333333333333333;7
83075;2008-06-07;0;21.2;11.9;5.6;2008;6;7;-23.43;-46.46;735;84.0;86.0;59.0;939.7;940.6;939.7;3;3;3;2.0;2.0;2.0;9.0;9.0;1.0;76.33333333333333;940.0;6.333333333333333;2.0;3
83075;2008-06-08;2.4;22.2;15;1.4;2008;6;8;-23.43;-46.46;735;84.0;89.0;74.0;936.6;937.4;936.3;5;3;5;1.0;1.0;1.0;8.0;10.0;10.0;82.33333333333333;936.7666666666668;9.333333333333334;1.0;5
83075;2008-06-09;0;31.3;15.8;7.8;2008;6;9;-23.43;-46.46;735;84.0;69.0;43.0;932.5;933.6;933.0;5;5;7;1.0;1.0;3.0;10.0;6.0;10.0;65.33333333333333;933.0333333333333;8.666666666666666;1.6666666666666667;5
83075;2008-06-10;4.3;18.4;14.5;0;2008;6;10;-23.43;-46.46;735;86.0;92.0;93.0;935.1;938.1;938.4;5;5;5;3.0;3.0;1.0;10.0;10.0;10.0;90.33333333333333;937.1999999999999;10.0;2.3333333333333335;5
83075;2008-06-11;0.6;26.5;19.1;0;2008;6;11;-23.43;-46.46;735;75.0;65.0;70.0;932.0;932.2;929.6;7;7;7;1.0;2.0;1.0;9.0;10.0;10.0;70.0;931.2666666666668;9.666666666666666;1.3333333333333333;7
83075;2008-06-12;0;28.3;13.6;10.2;2008;6;12;-23.43;-46.46;735;79.0;67.0;54.0;935.3;936.3;936.9;4;5;5;1.0;1.0;3.0;1.0;1.0;2.0;66.66666666666667;936.1666666666666;1.3333333333333333;1.6666666666666667;4
83075;2008-06-13;0.2;26.2;15.6;4.9;2008;6;13;-23.43;-46.46;735;82.0;87.0;56.0;937.3;937.9;936.3;5;3;7;1.0;1.0;3.0;10.0;10.0;6.0;75.0;937.1666666666666;8.666666666666666;1.6666666666666667;5
83075;2008-06-14;0;27;15.9;7.9;2008;6;14;-23.43;-46.46;735;86.0;69.0;48.0;936.1;935.9;932.7;3;7;7;1.0;1.0;3.0;10.0;2.0;10.0;67.66666666666667;934.9;7.333333333333333;1.6666666666666667;3
83075;2008-06-15;0;25.1;14.8;3.4;2008;6;15;-23.43;-46.46;735;70.0;64.0;64.0;933.1;937.4;933.1;7;7;7;1.0;3.0;2.0;9.0;9.0;9.0;66.0;934.5333333333333;9.0;2.0;7
83075;2008-06-16;7.4;15.9;9.4;1.8;2008;6;16;-23.43;-46.46;735;80.0;71.0;66.0;935.5;939.9;940.1;5;5;4;1.0;1.0;5.0;10.0;10.0;10.0;72.33333333333333;938.5;10.0;2.3333333333333335;5
83075;2008-06-17;0;18.8;8.4;5.5;2008;6;17;-23.43;-46.46;735;89.0;88.0;68.0;940.5;940.5;937.5;5;7;5;2.0;1.0;1.0;8.0;10.0;1.0;81.66666666666667;939.5;6.333333333333333;1.3333333333333333;5
83075;2008-06-18;0;23.7;10.8;6.4;2008;6;18;-23.43;-46.46;735;90.0;91.0;50.0;937.9;938.3;935.7;3;3;7;2.0;1.0;2.0;10.0;10.0;4.0;77.0;937.2999999999998;8.0;1.6666666666666667;3
83075;2008-06-19;0;22;12.2;4.9;2008;6;19;-23.43;-46.46;735;87.0;96.0;70.0;935.9;936.7;935.0;6;1;3;1.0;1.0;1.0;5.0;10.0;10.0;84.33333333333333;935.8666666666667;8.333333333333334;1.0;6
83075;2008-06-20;0;26.4;13.3;7.5;2008;6;20;-23.43;-46.46;735;85.0;85.0;51.0;934.8;935.4;933.4;5;5;7;1.0;1.0;5.0;2.0;10.0;10.0;73.66666666666667;934.5333333333333;7.333333333333333;2.3333333333333335;5
83075;2008-06-21;0;23.3;15.5;4.6;2008;6;21;-23.43;-46.46;735;67.0;70.0;89.0;933.5;933.6;933.4;7;7;7;2.0;1.0;1.0;10.0;9.0;9.0;75.33333333333333;933.5;9.333333333333334;1.3333333333333333;7
83075;2008-06-22;3.8;19.1;12.8;0;2008;6;22;-23.43;-46.46;735;88.0;83.0;77.0;933.7;935.9;936.6;5;5;5;1.0;2.0;2.0;9.0;10.0;10.0;82.66666666666667;935.4;9.666666666666666;1.6666666666666667;5
83075;2008-06-23;1.2;14.1;11.2;0;2008;6;23;-23.43;-46.46;735;90.0;93.0;86.0;938.0;940.2;939.8;4;5;4;1.0;1.0;3.0;10.0;10.0;10.0;89.66666666666667;939.3333333333334;10.0;1.6666666666666667;4
83075;2008-06-24;0.2;15.6;11.5;0;2008;6;24;-23.43;-46.46;735;84.0;94.0;86.0;941.0;941.6;941.3;5;8;4;1.0;0.0;1.0;10.0;10.0;10.0;88.0;941.2999999999998;10.0;0.6666666666666666;5
83075;2008-06-25;0;16.7;12.4;0;2008;6;25;-23.43;-46.46;735;76.0;87.0;78.0;941.2;941.7;940.8;5;5;5;1.0;1.0;3.0;9.0;10.0;9.0;80.33333333333333;941.2333333333332;9.333333333333334;1.6666666666666667;5
83075;2008-06-26;0;21;11.6;6.9;2008;6;26;-23.43;-46.46;735;90.0;83.0;58.0;941.2;941.3;939.3;4;3;5;1.0;2.0;1.0;10.0;10.0;9.0;77.0;940.6;9.666666666666666;1.3333333333333333;4
83075;2008-06-27;0;20.8;11.8;0.4;2008;6;27;-23.43;-46.46;735;90.0;90.0;72.0;939.9;941.1;940.4;4;3;3;1.0;2.0;1.0;5.0;10.0;10.0;84.0;940.4666666666667;8.333333333333334;1.3333333333333333;4
83075;2008-06-28;0;22.7;12;4.9;2008;6;28;-23.43;-46.46;735;85.0;92.0;65.0;940.6;941.6;940.3;8;5;3;0.0;1.0;1.0;9.0;10.0;9.0;80.66666666666667;940.8333333333334;9.333333333333334;0.6666666666666666;5
83075;2008-06-29;0;24.5;11.9;7.2;2008;6;29;-23.43;-46.46;735;89.0;92.0;58.0;940.6;941.0;939.1;8;5;8;0.0;1.0;0.0;0.0;1.0;4.0;79.66666666666667;940.2333333333332;1.6666666666666667;0.3333333333333333;5
83075;2008-06-30;0;24.4;13.1;4.4;2008;6;30;-23.43;-46.46;735;84.0;87.0;55.0;939.2;939.5;938.3;8;8;7;0.0;0.0;3.0;9.0;9.0;5.0;75.33333333333333;939.0;7.666666666666667;1.0;7
83075;2008-07-01;0;27.3;18.3;5.6;2008;7;1;-23.43;-46.46;735;74.0;69.0;61.0;932.9;933.2;932.4;5;8;5;3.0;0.0;6.0;9.0;6.0;6.0;68.0;932.8333333333334;7.0;3.0;5
83075;2008-07-02;4.4;26.7;18;1.5;2008;7;2;-23.43;-46.46;735;93.0;89.0;87.0;935.5;936.0;935.2;3;8;7;1.0;0.0;3.0;10.0;10.0;10.0;89.66666666666667;935.5666666666666;10.0;1.3333333333333333;3
83075;2008-07-03;0;32.6;19.9;7.1;2008;7;3;-23.43;-46.46;735;73.0;69.0;71.0;931.1;932.7;932.3;8;5;5;0.0;1.0;5.0;0.0;1.0;4.0;71.0;932.0333333333334;1.6666666666666667;2.0;5
83075;2008-07-04;25.3;27.7;18.3;3.1;2008;7;4;-23.43;-46.46;735;92.0;87.0;65.0;932.9;933.2;932.2;3;5;6;1.0;1.0;1.0;10.0;10.0;8.0;81.33333333333333;932.7666666666668;9.333333333333334;1.0;3
83075;2008-07-05;0;21.5;10.8;8.3;2008;7;5;-23.43;-46.46;735;88.0;82.0;49.0;934.5;936.2;935.5;8;7;4;0.0;1.0;1.0;0.0;1.0;0.0;73.0;935.4;0.3333333333333333;0.6666666666666666;7
83075;2008-07-06;0;24.7;14.8;4.1;2008;7;6;-23.43;-46.46;735;85.0;92.0;64.0;938.4;939.9;938.7;8;8;5;0.0;0.0;1.0;0.0;10.0;8.0;80.33333333333333;939.0;6.0;0.3333333333333333;5
83075;2008-07-07;0;22.5;10.7;6;2008;7;7;-23.43;-46.46;735;85.0;94.0;45.0;940.4;941.7;940.7;3;8;5;1.0;0.0;1.0;0.0;10.0;0.0;74.66666666666667;940.9333333333334;3.3333333333333335;0.6666666666666666;3
83075;2008-07-08;0;26.7;14.9;3;2008;7;8;-23.43;-46.46;735;90.0;84.0;67.0;936.6;936.7;934.4;3;3;8;1.0;1.0;0.0;0.0;9.0;9.0;80.33333333333333;935.9000000000001;6.0;0.6666666666666666;3
83075;2008-07-09;1.4;23.6;18;2.5;2008;7;9;-23.43;-46.46;735;68.0;77.0;70.0;933.2;936.0;936.0;7;8;1;2.0;0.0;3.0;9.0;9.0;4.0;71.66666666666667;935.0666666666666;7.333333333333333;1.6666666666666667;7
83075;2008-07-10;13.3;22.3;14.3;0.2;2008;7;10;-23.43;-46.46;735;93.0;91.0;77.0;939.6;940.4;940.4;5;8;4;2.0;0.0;3.0;10.0;10.0;10.0;87.0;940.1333333333333;10.0;1.6666666666666667;5
83075;2008-07-11;15.4;27.7;18.2;3.3;2008;7;11;-23.43;-46.46;735;94.0;74.0;62.0;929.6;930.6;929.7;7;7;7;1.0;3.0;2.0;9.0;9.0;5.0;76.66666666666667;929.9666666666667;7.666666666666667;2.0;7
83075;2008-07-12;0;28.8;15.2;8.9;2008;7;12;-23.43;-46.46;735;80.0;71.0;55.0;936.9;937.3;936.9;3;3;5;2.0;3.0;3.0;0.0;0.0;1.0;68.66666666666667;937.0333333333333;0.3333333333333333;2.6666666666666665;3
83075;2008-07-13;0;21.3;12.5;6.4;2008;7;13;-23.43;-46.46;735;85.0;91.0;71.0;941.7;942.3;941.7;8;8;5;0.0;0.0;1.0;0.0;10.0;1.0;82.33333333333333;941.9;3.6666666666666665;0.3333333333333333;5
83075;2008-07-14;0;23.2;9.3;7;2008;7;14;-23.43;-46.46;735;88.0;90.0;51.0;941.7;942.2;940.6;8;3;8;0.0;1.0;0.0;0.0;4.0;10.0;76.33333333333333;941.5;4.666666666666667;0.3333333333333333;3
83075;2008-07-15;0;23.2;9.8;8.7;2008;7;15;-23.43;-46.46;735;84.0;75.0;48.0;941.2;942.7;941.9;5;8;3;1.0;0.0;1.0;0.0;0.0;10.0;69.0;941.9333333333334;3.3333333333333335;0.6666666666666666;5
83075;2008-07-16;0;22.9;8.8;7.7;2008;7;16;-23.43;-46.46;735;90.0;87.0;50.0;942.7;943.4;940.7;5;8;4;1.0;0.0;1.0;0.0;1.0;0.0;75.66666666666667;942.2666666666668;0.3333333333333333;0.6666666666666666;5
83075;2008-07-17;0;24.4;9.2;8.9;2008;7;17;-23.43;-46.46;735;79.0;67.0;44.0;940.7;940.8;936.2;5;8;7;1.0;0.0;3.0;0.0;0.0;0.0;63.333333333333336;939.2333333333332;0.0;1.3333333333333333;5
83075;2008-07-18;0;25.4;11.4;8.9;2008;7;18;-23.43;-46.46;735;78.0;63.0;46.0;936.8;937.0;935.7;8;8;7;0.0;0.0;5.0;0.0;0.0;0.0;62.333333333333336;936.5;0.0;1.6666666666666667;7
83075;2008-07-20;0;24.8;10.3;8.9;2008;7;20;-23.43;-46.46;735;76.0;66.0;46.0;937.7;939.2;938.9;8;8;7;0.0;0.0;1.0;0.0;0.0;0.0;62.666666666666664;938.6;0.0;0.3333333333333333;7
83075;2008-07-21;0;26.5;12;8.8;2008;7;21;-23.43;-46.46;735;75.0;73.0;46.0;938.2;938.6;936.1;8;8;7;0.0;0.0;3.0;0.0;0.0;4.0;64.66666666666667;937.6333333333333;1.3333333333333333;1.0;7
83075;2008-07-22;0;28;13.4;8.9;2008;7;22;-23.43;-46.46;735;79.0;64.0;37.0;936.8;936.6;935.0;8;8;7;0.0;0.0;3.0;0.0;0.0;0.0;60.0;936.1333333333333;0.0;1.0;7
83075;2008-07-23;0;28.4;15.1;8.7;2008;7;23;-23.43;-46.46;735;70.0;63.0;45.0;935.2;936.0;934.9;7;4;7;1.0;1.0;1.0;2.0;0.0;4.0;59.333333333333336;935.3666666666667;2.0;1.0;7
83075;2008-07-24;0;25;13.9;5.8;2008;7;24;-23.43;-46.46;735;88.0;71.0;53.0;935.9;937.5;937.0;5;5;7;1.0;1.0;3.0;10.0;5.0;8.0;70.66666666666667;936.8000000000001;7.666666666666667;1.6666666666666667;5
83075;2008-07-25;0;23.2;14.1;6.8;2008;7;25;-23.43;-46.46;735;69.0;65.0;65.0;937.1;937.3;938.2;8;8;5;0.0;0.0;3.0;1.0;0.0;4.0;66.33333333333333;937.5333333333334;1.6666666666666667;1.0;5
83075;2008-07-26;0;21;10.3;8.9;2008;7;26;-23.43;-46.46;735;74.0;66.0;48.0;938.5;941.0;940.0;5;3;3;5.0;3.0;3.0;9.0;0.0;0.0;62.666666666666664;939.8333333333334;3.0;3.6666666666666665;5
83075;2008-07-27;0;25.1;10.8;6.7;2008;7;27;-23.43;-46.46;735;87.0;88.0;56.0;940.5;940.8;939.0;3;3;3;1.0;1.0;1.0;0.0;10.0;0.0;77.0;940.1;3.3333333333333335;1.0;3
83075;2008-07-29;0;27.3;13.5;8.9;2008;7;29;-23.43;-46.46;735;75.0;67.0;40.0;939.1;939.2;937.3;8;8;5;0.0;0.0;3.0;5.0;0.0;0.0;60.666666666666664;938.5333333333334;1.6666666666666667;1.0;5
83075;2008-07-30;0;26.9;12.8;7.4;2008;7;30;-23.43;-46.46;735;82.0;72.0;38.0;937.6;937.5;934.4;8;8;7;0.0;0.0;3.0;0.0;4.0;10.0;64.0;936.5;4.666666666666667;1.0;7
83075;2008-07-31;0;27;14.6;5.5;2008;7;31;-23.43;-46.46;735;70.0;63.0;42.0;934.9;935.3;934.5;8;3;7;0.0;1.0;1.0;9.0;10.0;10.0;58.333333333333336;934.9;9.666666666666666;0.6666666666666666;3
83075;2008-08-01;0;28;19.3;4.8;2008;8;1;-23.43;-46.46;735;78.0;84.0;78.0;932.9;932.7;931.5;8;3;3;0.0;3.0;2.0;0.0;1.0;9.0;80.0;932.3666666666667;3.3333333333333335;1.6666666666666667;3
83075;2008-08-02;21;29.7;18.9;7.9;2008;8;2;-23.43;-46.46;735;93.0;78.0;53.0;935.5;935.6;934.2;8;7;7;0.0;3.0;3.0;10.0;1.0;5.0;74.66666666666667;935.1;5.333333333333333;2.0;7
83075;2008-08-03;0;30.6;20.1;4.2;2008;8;3;-23.43;-46.46;735;82.0;77.0;76.0;933.4;933.9;934.1;3;7;3;1.0;1.0;1.0;6.0;6.0;9.0;78.33333333333333;933.8000000000001;7.0;1.0;3
83075;2008-08-04;1.6;26.4;19.3;1.1;2008;8;4;-23.43;-46.46;735;85.0;82.0;68.0;933.1;934.4;933.7;5;5;5;1.0;1.0;1.0;10.0;10.0;8.0;78.33333333333333;933.7333333333332;9.333333333333334;1.0;5
83075;2008-08-05;0;23.4;9.1;8.6;2008;8;5;-23.43;-46.46;735;86.0;83.0;55.0;935.9;936.3;934.7;5;8;7;1.0;0.0;1.0;0.0;0.0;1.0;74.66666666666667;935.6333333333332;0.3333333333333333;0.6666666666666666;5
83075;2008-08-06;0;25.4;16.1;4.2;2008;8;6;-23.43;-46.46;735;88.0;83.0;54.0;939.1;939.5;938.3;3;3;7;1.0;1.0;1.0;10.0;9.0;4.0;75.0;938.9666666666666;7.666666666666667;1.0;3
83075;2008-08-07;0;23.8;10.2;7.5;2008;8;7;-23.43;-46.46;735;87.0;93.0;47.0;940.5;940.8;938.7;5;5;3;1.0;2.0;1.0;6.0;10.0;10.0;75.66666666666667;940.0;8.666666666666666;1.3333333333333333;5
83075;2008-08-08;20.2;18;14.8;0;2008;8;8;-23.43;-46.46;735;93.0;91.0;87.0;936.7;937.6;937.0;5;5;5;1.0;2.0;3.0;9.0;10.0;10.0;90.33333333333333;937.1;9.666666666666666;2.0;5
83075;2008-08-09;0;21.3;13.5;0;2008;8;9;-23.43;-46.46;735;80.0;80.0;77.0;936.7;939.7;939.6;7;5;4;1.0;3.0;2.0;8.0;10.0;10.0;79.0;938.6666666666666;9.333333333333334;2.0;7
83075;2008-08-10;0.2;17.9;13.4;0;2008;8;10;-23.43;-46.46;735;86.0;80.0;86.0;941.6;943.0;943.0;5;5;5;2.0;3.0;4.0;9.0;10.0;10.0;84.0;942.5333333333333;9.666666666666666;3.0;5
83075;2008-08-11;27.9;26.9;17.9;2;2008;8;11;-23.43;-46.46;735;92.0;74.0;80.0;930.5;931.6;931.5;4;7;4;1.0;2.0;1.0;10.0;5.0;9.0;82.0;931.1999999999999;8.0;1.3333333333333333;4
83075;2008-08-12;0;32.1;16.2;9.4;2008;8;12;-23.43;-46.46;735;82.0;69.0;35.0;937.3;937.6;935.6;3;5;5;2.0;2.0;3.0;1.0;0.0;1.0;62.0;936.8333333333334;0.6666666666666666;2.3333333333333335;3
83075;2008-08-13;0;22.3;15.6;0;2008;8;13;-23.43;-46.46;735;78.0;89.0;84.0;935.8;937.0;937.0;7;3;4;1.0;1.0;1.0;0.0;10.0;10.0;83.66666666666667;936.6;6.666666666666667;1.0;7
83075;2008-08-14;0;23.5;16;1.2;2008;8;14;-23.43;-46.46;735;81.0;85.0;72.0;937.8;939.4;938.4;3;8;5;1.0;0.0;1.0;10.0;10.0;10.0;79.33333333333333;938.5333333333333;10.0;0.6666666666666666;3
83075;2008-08-15;0.2;24.3;14.7;1.3;2008;8;15;-23.43;-46.46;735;87.0;85.0;65.0;938.5;939.5;937.1;4;5;5;1.0;2.0;1.0;6.0;10.0;9.0;79.0;938.3666666666667;8.333333333333334;1.3333333333333333;4
83075;2008-08-16;0;29.6;15.2;8.7;2008;8;16;-23.43;-46.46;735;83.0;73.0;42.0;936.3;937.0;934.8;8;5;3;0.0;1.0;1.0;5.0;1.0;1.0;66.0;936.0333333333333;2.3333333333333335;0.6666666666666666;5
83075;2008-08-17;0;29.2;16;8.7;2008;8;17;-23.43;-46.46;735;62.0;60.0;43.0;935.3;935.9;936.0;7;1;7;1.0;2.0;3.0;0.0;0.0;0.0;55.0;935.7333333333332;0.0;2.0;7
83075;2008-08-18;0;29.7;15.8;8.7;2008;8;18;-23.43;-46.46;735;69.0;67.0;42.0;936.1;937.6;936.1;8;8;7;0.0;0.0;1.0;0.0;0.0;1.0;59.333333333333336;936.6;0.3333333333333333;0.3333333333333333;7
83075;2008-08-19;0;29.3;15.4;8.6;2008;8;19;-23.43;-46.46;735;61.0;60.0;37.0;937.0;938.2;937.0;8;8;3;0.0;0.0;2.0;0.0;0.0;0.0;52.666666666666664;937.4;0.0;0.6666666666666666;3
83075;2008-08-20;0;29;14.4;8.6;2008;8;20;-23.43;-46.46;735;57.0;63.0;35.0;937.5;938.1;936.3;8;8;4;0.0;0.0;1.0;0.0;0.0;0.0;51.666666666666664;937.2999999999998;0.0;0.3333333333333333;4
83075;2008-08-21;0;28.4;15;8.6;2008;8;21;-23.43;-46.46;735;67.0;59.0;42.0;936.5;936.8;935.5;3;8;7;1.0;0.0;1.0;0.0;0.0;0.0;56.0;936.2666666666668;0.0;0.6666666666666666;3
83075;2008-08-22;0;25.2;15.9;5.7;2008;8;22;-23.43;-46.46;735;59.0;80.0;69.0;935.9;936.9;937.2;8;5;5;0.0;1.0;4.0;0.0;6.0;10.0;69.33333333333333;936.6666666666666;5.333333333333333;1.6666666666666667;5
83075;2008-08-23;0;19.5;15.8;0;2008;8;23;-23.43;-46.46;735;84.0;80.0;78.0;938.9;940.2;940.0;5;5;5;3.0;3.0;3.0;10.0;10.0;10.0;80.66666666666667;939.6999999999999;10.0;3.0;5
83075;2008-08-24;0;25;15.5;6.8;2008;8;24;-23.43;-46.46;735;83.0;82.0;59.0;940.8;941.5;939.4;5;3;3;2.0;2.0;1.0;9.0;10.0;1.0;74.66666666666667;940.5666666666666;6.666666666666667;1.6666666666666667;5
83075;2008-08-25;0;28.9;14.9;6.4;2008;8;25;-23.43;-46.46;735;84.0;86.0;47.0;939.3;939.6;937.3;3;8;3;2.0;0.0;1.0;4.0;0.0;8.0;72.33333333333333;938.7333333333332;4.0;1.0;3
83075;2008-08-26;0;26.9;15;7.8;2008;8;26;-23.43;-46.46;735;69.0;75.0;58.0;937.6;937.9;936.6;8;5;5;0.0;2.0;5.0;2.0;8.0;2.0;67.33333333333333;937.3666666666667;4.0;2.3333333333333335;5
83075;2008-08-27;0;25.4;12.5;8.6;2008;8;27;-23.43;-46.46;735;77.0;69.0;45.0;936.9;937.5;935.2;5;5;5;2.0;1.0;2.0;9.0;0.0;0.0;63.666666666666664;936.5333333333334;3.0;1.6666666666666667;5
83075;2008-08-28;0;29.8;11.6;6.5;2008;8;28;-23.43;-46.46;735;86.0;85.0;37.0;935.7;935.9;932.8;4;5;7;2.0;3.0;3.0;0.0;10.0;0.0;69.33333333333333;934.7999999999998;3.3333333333333335;2.6666666666666665;4
83075;2008-08-29;0;28.1;13.9;6.9;2008;8;29;-23.43;-46.46;735;71.0;69.0;59.0;932.6;933.2;933.6;8;8;5;0.0;0.0;5.0;0.0;2.0;10.0;66.33333333333333;933.1333333333333;4.0;1.6666666666666667;5
83075;2008-08-30;4.2;17.8;11.8;0;2008;8;30;-23.43;-46.46;735;71.0;85.0;87.0;936.7;938.4;939.4;5;5;5;5.0;1.0;3.0;10.0;10.0;10.0;81.0;938.1666666666666;10.0;3.0;5
83075;2008-08-31;0;20.3;11.5;6.3;2008;8;31;-23.43;-46.46;735;84.0;78.0;73.0;939.0;939.5;939.3;5;3;3;3.0;1.0;1.0;9.0;10.0;5.0;78.33333333333333;939.2666666666668;8.0;1.6666666666666667;5
83075;2008-09-01;4.3;30.1;18.2;8.3;2008;9;1;-23.43;-46.46;735;84.0;87.0;53.0;931.6;931.9;930.0;3;3;5;2.0;2.0;3.0;1.0;4.0;2.0;74.66666666666667;931.1666666666666;2.3333333333333335;2.3333333333333335;3
83075;2008-09-02;0;31.6;18.6;10.3;2008;9;2;-23.43;-46.46;735;87.0;74.0;51.0;934.2;934.4;931.5;8;3;7;0.0;1.0;3.0;10.0;1.0;5.0;70.66666666666667;933.3666666666667;5.333333333333333;1.3333333333333333;3
83075;2008-09-03;7.8;29.2;19.3;3.9;2008;9;3;-23.43;-46.46;735;82.0;77.0;87.0;934.2;935.3;934.9;5;7;7;2.0;1.0;2.0;4.0;5.0;10.0;82.0;934.8000000000001;6.333333333333333;1.6666666666666667;5
83075;2008-09-04;2.4;29.3;19.6;7;2008;9;4;-23.43;-46.46;735;90.0;79.0;64.0;935.0;935.7;934.7;3;5;5;1.0;1.0;1.0;9.0;9.0;6.0;77.66666666666667;935.1333333333333;8.0;1.0;3
83075;2008-09-05;0;20;13.3;0.7;2008;9;5;-23.43;-46.46;735;82.0;73.0;70.0;935.0;935.6;935.8;5;5;4;2.0;1.0;2.0;9.0;10.0;9.0;75.0;935.4666666666666;9.333333333333334;1.6666666666666667;5
83075;2008-09-06;0;27;15.3;7.3;2008;9;6;-23.43;-46.46;735;87.0;77.0;44.0;938.3;938.0;934.7;8;3;7;0.0;1.0;4.0;6.0;5.0;4.0;69.33333333333333;937.0;5.0;1.6666666666666667;3
83075;2008-09-07;0;21.6;9.6;7.4;2008;9;7;-23.43;-46.46;735;88.0;85.0;47.0;939.1;940.7;939.9;5;3;3;1.0;1.0;1.0;0.0;8.0;0.0;73.33333333333333;939.9000000000001;2.6666666666666665;1.0;5
83075;2008-09-08;11;17.9;13.6;0;2008;9;8;-23.43;-46.46;735;91.0;92.0;85.0;938.8;939.1;937.9;5;5;5;3.0;1.0;2.0;10.0;10.0;10.0;89.33333333333333;938.6;10.0;2.0;5
83075;2008-09-09;0.1;22.1;14.2;2.1;2008;9;9;-23.43;-46.46;735;85.0;87.0;67.0;940.0;940.6;939.2;5;8;3;3.0;0.0;2.0;9.0;9.0;6.0;79.66666666666667;939.9333333333334;8.0;1.6666666666666667;5
83075;2008-09-10;0.4;17.8;11.5;0.2;2008;9;10;-23.43;-46.46;735;85.0;78.0;74.0;943.6;943.9;941.5;4;3;5;2.0;2.0;3.0;9.0;10.0;9.0;79.0;943.0;9.333333333333334;2.3333333333333335;4
83075;2008-09-11;4.8;29.8;16.6;4.8;2008;9;11;-23.43;-46.46;735;84.0;81.0;62.0;932.4;932.7;931.8;5;3;5;2.0;1.0;2.0;10.0;10.0;10.0;75.66666666666667;932.2999999999998;10.0;1.6666666666666667;5
83075;2008-09-12;0;33.4;17.4;7.6;2008;9;12;-23.43;-46.46;735;67.0;47.0;36.0;935.6;935.7;932.9;8;7;7;0.0;1.0;1.0;0.0;0.0;8.0;50.0;934.7333333333335;2.6666666666666665;0.6666666666666666;7
83075;2008-09-13;0;23.9;17.3;0.3;2008;9;13;-23.43;-46.46;735;76.0;80.0;60.0;935.3;936.5;934.1;5;4;7;5.0;2.0;3.0;10.0;10.0;10.0;72.0;935.3000000000001;10.0;3.3333333333333335;5
83075;2008-09-14;10.2;19.9;13.1;0;2008;9;14;-23.43;-46.46;735;78.0;90.0;86.0;935.7;938.0;937.2;7;3;5;1.0;1.0;2.0;10.0;10.0;10.0;84.66666666666667;936.9666666666667;10.0;1.3333333333333333;7
83075;2008-09-15;0;16.6;12.9;0;2008;9;15;-23.43;-46.46;735;88.0;86.0;92.0;938.1;938.5;939.5;5;5;5;1.0;1.0;1.0;10.0;10.0;10.0;88.66666666666667;938.6999999999999;10.0;1.0;5
83075;2008-09-16;0;16.9;12.9;0;2008;9;16;-23.43;-46.46;735;90.0;86.0;80.0;938.9;939.5;939.3;5;5;5;1.0;3.0;1.0;10.0;1.0;1.0;85.33333333333333;939.2333333333332;4.0;1.6666666666666667;5
83075;2008-09-17;0;18.1;12.4;0.7;2008;9;17;-23.43;-46.46;735;86.0;72.0;70.0;940.3;940.3;939.4;4;3;3;2.0;3.0;3.0;9.0;10.0;9.0;76.0;940.0;9.333333333333334;2.6666666666666665;4
83075;2008-09-18;0;19.1;11.3;6.4;2008;9;18;-23.43;-46.46;735;82.0;76.0;58.0;939.8;940.2;939.0;3;3;5;2.0;1.0;4.0;5.0;10.0;5.0;72.0;939.6666666666666;6.666666666666667;2.3333333333333335;3
83075;2008-09-19;0;22.6;10.3;9.5;2008;9;19;-23.43;-46.46;735;75.0;69.0;54.0;940.1;940.4;938.0;4;3;5;3.0;4.0;3.0;0.0;4.0;1.0;66.0;939.5;1.6666666666666667;3.3333333333333335;4
83075;2008-09-20;0;18.2;12.6;0;2008;9;20;-23.43;-46.46;735;82.0;78.0;84.0;938.8;939.4;937.0;3;3;8;3.0;2.0;0.0;9.0;1.0;10.0;81.33333333333333;938.4;6.666666666666667;1.6666666666666667;3
83075;2008-09-21;13.1;21.6;14.4;1.5;2008;9;21;-23.43;-46.46;735;94.0;93.0;78.0;936.3;933.5;932.4;8;7;7;0.0;3.0;3.0;9.0;10.0;9.0;88.33333333333333;934.0666666666666;9.333333333333334;2.0;7
83075;2008-09-22;2.9;21.8;12.1;9.2;2008;9;22;-23.43;-46.46;735;77.0;67.0;46.0;932.6;933.2;932.7;7;7;7;2.0;3.0;3.0;4.0;8.0;0.0;63.333333333333336;932.8333333333334;4.0;2.6666666666666665;7
83075;2008-09-23;0;20.8;12.5;5.7;2008;9;23;-23.43;-46.46;735;60.0;70.0;64.0;933.9;934.9;934.9;8;5;5;0.0;1.0;3.0;0.0;5.0;2.0;64.66666666666667;934.5666666666666;2.3333333333333335;1.3333333333333333;5
83075;2008-09-24;0;17.8;13;0.7;2008;9;24;-23.43;-46.46;735;80.0;86.0;79.0;937.2;937.5;937.8;5;3;5;2.0;1.0;3.0;9.0;9.0;10.0;81.66666666666667;937.5;9.333333333333334;2.0;5
83075;2008-09-25;1.2;23.7;12.2;6.6;2008;9;25;-23.43;-46.46;735;84.0;70.0;60.0;939.4;939.9;937.8;5;3;5;1.0;3.0;3.0;9.0;6.0;9.0;71.33333333333333;939.0333333333333;8.0;2.3333333333333335;5
83075;2008-09-26;8.6;21.3;14;2.1;2008;9;26;-23.43;-46.46;735;81.0;90.0;68.0;938.2;937.8;934.6;3;3;5;1.0;3.0;1.0;9.0;10.0;6.0;79.66666666666667;936.8666666666667;8.333333333333334;1.6666666666666667;3
83075;2008-09-27;0;20.4;14.3;3.3;2008;9;27;-23.43;-46.46;735;81.0;81.0;63.0;934.3;934.9;934.2;5;5;5;3.0;2.0;3.0;10.0;10.0;8.0;75.0;934.4666666666666;9.333333333333334;2.6666666666666665;5
83075;2008-09-28;0;20.4;13.3;3.4;2008;9;28;-23.43;-46.46;735;81.0;76.0;67.0;935.4;936.3;936.5;5;3;3;3.0;1.0;3.0;9.0;10.0;9.0;74.66666666666667;936.0666666666666;9.333333333333334;2.3333333333333335;5
83075;2008-09-29;0;24.5;11.5;9.7;2008;9;29;-23.43;-46.46;735;85.0;66.0;55.0;937.5;938.5;936.6;3;3;3;2.0;2.0;3.0;9.0;2.0;8.0;68.66666666666667;937.5333333333333;6.333333333333333;2.3333333333333335;3
83075;2008-09-30;0.1;21.6;14.3;0.4;2008;9;30;-23.43;-46.46;735;81.0;88.0;70.0;937.4;937.7;934.1;3;8;5;1.0;0.0;1.0;9.0;10.0;10.0;79.66666666666667;936.4;9.666666666666666;0.6666666666666666;3
83075;2008-10-01;0;33.6;17.4;10;2008;10;1;-23.43;-46.46;735;78.0;67.0;44.0;930.5;930.7;929.4;3;3;7;3.0;1.0;1.0;4.0;0.0;4.0;63.0;930.1999999999999;2.6666666666666665;1.6666666666666667;3
83075;2008-10-02;13.5;31.4;19.9;7.9;2008;10;2;-23.43;-46.46;735;74.0;67.0;56.0;932.2;932.2;931.3;5;7;7;3.0;3.0;3.0;10.0;9.0;9.0;65.66666666666667;931.9;9.333333333333334;3.0;5
83075;2008-10-03;17;31.2;19.2;6.7;2008;10;3;-23.43;-46.46;735;85.0;75.0;55.0;934.8;935.1;932.0;8;5;7;0.0;1.0;1.0;9.0;1.0;6.0;71.66666666666667;933.9666666666667;5.333333333333333;0.6666666666666666;5
83075;2008-10-04;0;30.2;20;5;2008;10;4;-23.43;-46.46;735;87.0;78.0;74.0;934.9;934.6;931.1;5;5;7;1.0;1.0;2.0;10.0;4.0;10.0;79.66666666666667;933.5333333333333;8.0;1.3333333333333333;5
83075;2008-10-05;0;19.1;13;0.9;2008;10;5;-23.43;-46.46;735;91.0;84.0;77.0;936.3;938.0;938.0;5;5;5;3.0;1.0;2.0;10.0;9.0;10.0;84.0;937.4333333333334;9.666666666666666;2.0;5
83075;2008-10-06;0;25.2;16.2;8.3;2008;10;6;-23.43;-46.46;735;64.0;68.0;60.0;935.0;935.3;933.8;7;7;7;3.0;3.0;4.0;0.0;2.0;4.0;64.0;934.6999999999999;2.0;3.3333333333333335;7
83075;2008-10-07;0;21.1;11.4;8.2;2008;10;7;-23.43;-46.46;735;85.0;76.0;54.0;940.3;942.6;941.9;5;8;4;1.0;0.0;3.0;9.0;1.0;9.0;71.66666666666667;941.6;6.333333333333333;1.3333333333333333;5
83075;2008-10-08;21.5;18.7;13;0.5;2008;10;8;-23.43;-46.46;735;90.0;86.0;70.0;938.6;939.7;938.6;5;3;3;1.0;3.0;3.0;10.0;10.0;10.0;82.0;938.9666666666667;10.0;2.3333333333333335;5
83075;2008-10-09;0;31;15.2;8.1;2008;10;9;-23.43;-46.46;735;72.0;84.0;60.0;939.9;940.2;936.9;3;7;4;3.0;1.0;2.0;0.0;4.0;6.0;72.0;939.0;3.3333333333333335;2.0;3
83075;2008-10-10;0;24.1;12.4;10.4;2008;10;10;-23.43;-46.46;735;87.0;73.0;55.0;941.3;941.1;938.2;3;7;3;2.0;1.0;1.0;6.0;2.0;6.0;71.66666666666667;940.2000000000002;4.666666666666667;1.3333333333333333;3
83075;2008-10-11;0;27;18.8;1.3;2008;10;11;-23.43;-46.46;735;79.0;70.0;74.0;932.2;932.6;931.8;3;8;5;1.0;0.0;4.0;9.0;9.0;10.0;74.33333333333333;932.2000000000002;9.333333333333334;1.6666666666666667;3
83075;2008-10-12;0;33.3;20.7;4.8;2008;10;12;-23.43;-46.46;735;56.0;53.0;45.0;933.1;933.0;929.0;8;3;7;0.0;1.0;2.0;10.0;6.0;10.0;51.333333333333336;931.6999999999999;8.666666666666666;1.0;3
83075;2008-10-13;0;32.2;17.2;9.1;2008;10;13;-23.43;-46.46;735;73.0;64.0;53.0;936.5;936.7;934.6;3;7;7;1.0;1.0;2.0;2.0;8.0;5.0;63.333333333333336;935.9333333333334;5.0;1.3333333333333333;3
83075;2008-10-14;0;33.7;19.5;8.3;2008;10;14;-23.43;-46.46;735;67.0;56.0;42.0;934.7;934.7;935.3;8;1;7;0.0;2.0;2.0;4.0;4.0;8.0;55.0;934.9;5.333333333333333;1.3333333333333333;1
83075;2008-10-15;0;34.6;18.6;8.1;2008;10;15;-23.43;-46.46;735;56.0;60.0;38.0;934.6;935.2;933.3;8;8;7;0.0;0.0;2.0;5.0;0.0;2.0;51.333333333333336;934.3666666666668;2.3333333333333335;0.6666666666666666;7
83075;2008-10-16;0;32.6;18.6;5.4;2008;10;16;-23.43;-46.46;735;84.0;65.0;61.0;936.4;936.5;934.5;5;1;5;4.0;1.0;5.0;9.0;9.0;6.0;70.0;935.8000000000001;8.0;3.3333333333333335;5
83075;2008-10-17;0.1;24;18.5;0;2008;10;17;-23.43;-46.46;735;83.0;78.0;78.0;937.3;936.9;935.8;3;3;5;2.0;2.0;3.0;9.0;10.0;10.0;79.66666666666667;936.6666666666666;9.666666666666666;2.3333333333333335;3
83075;2008-10-18;1.3;22.3;17.3;0.4;2008;10;18;-23.43;-46.46;735;84.0;89.0;78.0;935.2;935.6;934.0;3;7;5;3.0;1.0;1.0;10.0;10.0;10.0;83.66666666666667;934.9333333333334;10.0;1.6666666666666667;3
83075;2008-10-19;18.7;19.3;16.4;0;2008;10;19;-23.43;-46.46;735;86.0;85.0;79.0;934.5;936.4;936.6;5;3;3;2.0;2.0;2.0;9.0;10.0;10.0;83.33333333333333;935.8333333333334;9.666666666666666;2.0;5
83075;2008-10-20;0;26;16.1;5.4;2008;10;20;-23.43;-46.46;735;86.0;71.0;59.0;938.0;938.9;938.4;3;3;3;1.0;1.0;3.0;10.0;9.0;6.0;72.0;938.4333333333334;8.333333333333334;1.6666666666666667;3
83075;2008-10-21;0;28.6;17.3;3.2;2008;10;21;-23.43;-46.46;735;83.0;75.0;54.0;939.0;939.1;936.8;3;3;5;2.0;1.0;1.0;10.0;8.0;9.0;70.66666666666667;938.2999999999998;9.0;1.3333333333333333;3
83075;2008-10-22;0.6;28.9;17.6;4.4;2008;10;22;-23.43;-46.46;735;83.0;68.0;54.0;937.1;937.2;936.2;8;3;7;0.0;2.0;3.0;8.0;9.0;8.0;68.33333333333333;936.8333333333334;8.333333333333334;1.6666666666666667;3
83075;2008-10-23;0;32.6;19.2;7.9;2008;10;23;-23.43;-46.46;735;78.0;69.0;48.0;936.9;936.9;933.9;7;8;7;1.0;0.0;1.0;9.0;2.0;4.0;65.0;935.9;5.0;0.6666666666666666;7
83075;2008-10-24;8.1;31.8;18.5;2.5;2008;10;24;-23.43;-46.46;735;81.0;66.0;51.0;934.6;936.4;934.2;7;1;7;1.0;1.0;1.0;8.0;10.0;10.0;66.0;935.0666666666666;9.333333333333334;1.0;7
83075;2008-10-25;0;33.9;18.8;6.7;2008;10;25;-23.43;-46.46;735;84.0;75.0;54.0;934.9;935.6;935.0;3;1;7;1.0;1.0;1.0;5.0;6.0;10.0;71.0;935.1666666666666;7.0;1.0;3
83075;2008-10-26;0;34.5;18.5;3.1;2008;10;26;-23.43;-46.46;735;86.0;68.0;38.0;935.3;934.5;932.2;3;3;7;1.0;2.0;3.0;10.0;8.0;9.0;64.0;934.0;9.0;2.0;3
83075;2008-10-27;0;29.4;19.5;0.5;2008;10;27;-23.43;-46.46;735;61.0;56.0;55.0;932.2;932.6;932.3;7;7;5;1.0;1.0;1.0;10.0;9.0;10.0;57.333333333333336;932.3666666666668;9.666666666666666;1.0;7
83075;2008-10-28;0;23.1;16.8;0.1;2008;10;28;-23.43;-46.46;735;90.0;85.0;73.0;934.1;934.6;934.0;5;5;5;2.0;2.0;2.0;10.0;10.0;8.0;82.66666666666667;934.2333333333332;9.333333333333334;2.0;5
83075;2008-10-29;0;30.3;17.1;3.4;2008;10;29;-23.43;-46.46;735;86.0;73.0;63.0;934.3;933.9;930.5;5;3;5;1.0;1.0;3.0;10.0;5.0;10.0;74.0;932.9;8.333333333333334;1.6666666666666667;5
83075;2008-10-30;12.8;28.1;18;0;2008;10;30;-23.43;-46.46;735;85.0;70.0;62.0;932.8;932.7;932.8;3;7;7;2.0;3.0;3.0;10.0;10.0;10.0;72.33333333333333;932.7666666666668;10.0;2.6666666666666665;3
83075;2008-10-31;0.6;20.1;15.6;0;2008;10;31;-23.43;-46.46;735;86.0;85.0;89.0;934.6;935.7;936.0;5;5;4;1.0;3.0;3.0;10.0;10.0;10.0;86.66666666666667;935.4333333333334;10.0;2.3333333333333335;5
83075;2008-11-01;0;32.5;19.9;10.5;2008;11;1;-23.43;-46.46;735;82.0;64.0;52.0;930.0;930.9;930.3;3;7;7;2.0;2.0;3.0;2.0;4.0;6.0;66.0;930.4;4.0;2.3333333333333335;3
83075;2008-11-02;7.9;32;20;8.6;2008;11;2;-23.43;-46.46;735;91.0;71.0;55.0;931.9;932.6;931.7;8;7;7;0.0;1.0;3.0;10.0;5.0;6.0;72.33333333333333;932.0666666666666;7.0;1.3333333333333333;7
83075;2008-11-03;18.2;26.2;20.3;1;2008;11;3;-23.43;-46.46;735;83.0;81.0;73.0;932.5;933.3;931.8;4;7;7;1.0;1.0;2.0;9.0;9.0;10.0;79.0;932.5333333333333;9.333333333333334;1.3333333333333333;4
83075;2008-11-04;8.6;31;17.8;8;2008;11;4;-23.43;-46.46;735;92.0;78.0;47.0;931.7;932.1;930.8;3;8;7;1.0;0.0;1.0;8.0;8.0;4.0;72.33333333333333;931.5333333333334;6.666666666666667;0.6666666666666666;3
83075;2008-11-05;0;19.6;13.9;2.5;2008;11;5;-23.43;-46.46;735;81.0;76.0;75.0;938.9;940.3;940.0;5;3;3;2.0;2.0;1.0;10.0;9.0;9.0;77.33333333333333;939.7333333333332;9.333333333333334;1.6666666666666667;5
83075;2008-11-06;0;23.8;13.2;4.2;2008;11;6;-23.43;-46.46;735;81.0;92.0;70.0;935.6;936.8;936.0;5;3;3;1.0;1.0;1.0;1.0;10.0;8.0;81.0;936.1333333333333;6.333333333333333;1.0;5
83075;2008-11-07;0;21.1;12.1;6.8;2008;11;7;-23.43;-46.46;735;82.0;87.0;60.0;943.3;945.1;944.4;3;3;3;2.0;1.0;3.0;9.0;4.0;6.0;76.33333333333333;944.2666666666668;6.333333333333333;2.0;3
83075;2008-11-08;0;24.7;13.1;6.8;2008;11;8;-23.43;-46.46;735;84.0;86.0;65.0;938.9;939.0;935.9;3;3;3;3.0;1.0;1.0;10.0;10.0;1.0;78.33333333333333;937.9333333333334;7.0;1.6666666666666667;3
83075;2008-11-09;0;34.1;17.5;8.9;2008;11;9;-23.43;-46.46;735;86.0;75.0;36.0;937.0;938.0;934.3;5;3;7;2.0;1.0;2.0;0.0;2.0;2.0;65.66666666666667;936.4333333333334;1.3333333333333333;1.6666666666666667;5
83075;2008-11-10;0;26.8;14.4;4.2;2008;11;10;-23.43;-46.46;735;80.0;78.0;57.0;937.8;938.3;936.1;5;3;3;3.0;1.0;3.0;10.0;6.0;9.0;71.66666666666667;937.4;8.333333333333334;2.3333333333333335;5
83075;2008-11-11;0.5;23.8;18.3;0.2;2008;11;11;-23.43;-46.46;735;88.0;81.0;78.0;932.7;933.5;932.8;5;3;3;3.0;3.0;2.0;9.0;10.0;10.0;82.33333333333333;933.0;9.666666666666666;2.6666666666666665;5
83075;2008-11-12;24.1;26.2;17.4;0;2008;11;12;-23.43;-46.46;735;89.0;78.0;82.0;930.2;930.5;930.5;5;7;5;1.0;1.0;3.0;9.0;10.0;10.0;83.0;930.4;9.666666666666666;1.6666666666666667;5
83075;2008-11-13;1.8;27.8;16.9;1.5;2008;11;13;-23.43;-46.46;735;86.0;75.0;63.0;929.7;930.2;929.7;5;3;3;1.0;2.0;2.0;9.0;9.0;10.0;74.66666666666667;929.8666666666668;9.333333333333334;1.6666666666666667;5
83075;2008-11-14;0;28.6;18.4;5;2008;11;14;-23.43;-46.46;735;84.0;74.0;79.0;929.2;929.4;928.4;4;1;5;2.0;1.0;2.0;9.0;8.0;10.0;79.0;929.0;9.0;1.6666666666666667;4
83075;2008-11-15;0;31.8;17;10.9;2008;11;15;-23.43;-46.46;735;86.0;63.0;38.0;928.3;929.0;928.1;3;7;7;1.0;2.0;3.0;2.0;2.0;2.0;62.333333333333336;928.4666666666667;2.0;2.0;3
83075;2008-11-16;0;31.1;18;5.6;2008;11;16;-23.43;-46.46;735;62.0;60.0;40.0;928.5;930.6;931.0;8;3;3;0.0;2.0;2.0;0.0;0.0;10.0;54.0;930.0333333333333;3.3333333333333335;1.3333333333333333;3
83075;2008-11-17;22.8;21.3;17.2;0;2008;11;17;-23.43;-46.46;735;84.0;93.0;86.0;932.4;932.8;933.2;3;5;3;3.0;1.0;2.0;9.0;10.0;10.0;87.66666666666667;932.7999999999998;9.666666666666666;2.0;3
83075;2008-11-18;3;23.6;16.3;3.8;2008;11;18;-23.43;-46.46;735;88.0;66.0;69.0;934.1;934.5;933.6;3;3;3;1.0;2.0;2.0;8.0;4.0;9.0;74.33333333333333;934.0666666666666;7.0;1.6666666666666667;3
83075;2008-11-19;0;21.1;15.2;2.8;2008;11;19;-23.43;-46.46;735;89.0;69.0;70.0;934.8;935.2;935.1;3;3;3;3.0;3.0;3.0;8.0;9.0;10.0;76.0;935.0333333333333;9.0;3.0;3
83075;2008-11-20;0;24;13;7.6;2008;11;20;-23.43;-46.46;735;83.0;58.0;58.0;935.6;935.9;935.8;3;3;3;2.0;2.0;2.0;4.0;6.0;6.0;66.33333333333333;935.7666666666668;5.333333333333333;2.0;3
83075;2008-11-21;0;24.8;14.3;8.7;2008;11;21;-23.43;-46.46;735;81.0;66.0;61.0;936.2;936.8;936.4;5;3;3;2.0;3.0;2.0;9.0;8.0;6.0;69.33333333333333;936.4666666666667;7.666666666666667;2.3333333333333335;5
83075;2008-11-22;0;24.9;16.2;1.9;2008;11;22;-23.43;-46.46;735;78.0;77.0;86.0;936.8;937.7;935.6;3;3;3;5.0;2.0;1.0;9.0;10.0;10.0;80.33333333333333;936.6999999999999;9.666666666666666;2.6666666666666665;3
83075;2008-11-23;8.1;25.8;15.2;5.1;2008;11;23;-23.43;-46.46;735;89.0;67.0;89.0;937.2;937.5;935.1;4;5;3;1.0;1.0;1.0;10.0;4.0;9.0;81.66666666666667;936.6;7.666666666666667;1.0;4
83075;2008-11-24;11.7;25.6;16.1;3.4;2008;11;24;-23.43;-46.46;735;86.0;72.0;91.0;935.9;936.2;935.3;3;8;5;1.0;0.0;3.0;9.0;2.0;9.0;83.0;935.7999999999998;6.666666666666667;1.3333333333333333;3
83075;2008-11-25;32.4;25.4;16.6;4.2;2008;11;25;-23.43;-46.46;735;87.0;73.0;73.0;935.7;935.9;935.5;3;3;5;1.0;1.0;3.0;9.0;9.0;8.0;77.66666666666667;935.6999999999999;8.666666666666666;1.6666666666666667;3
83075;2008-11-26;0;27;17.3;1.5;2008;11;26;-23.43;-46.46;735;82.0;77.0;67.0;935.6;936.3;935.0;3;3;5;2.0;2.0;3.0;9.0;10.0;8.0;75.33333333333333;935.6333333333333;9.0;2.3333333333333335;3
83075;2008-11-27;0;26.6;18;4.3;2008;11;27;-23.43;-46.46;735;80.0;70.0;71.0;935.2;935.5;935.4;3;7;3;1.0;1.0;2.0;9.0;8.0;9.0;73.66666666666667;935.3666666666667;8.666666666666666;1.3333333333333333;3
83075;2008-11-28;0;25.4;18;3.6;2008;11;28;-23.43;-46.46;735;83.0;67.0;61.0;935.5;935.6;933.9;5;3;5;2.0;3.0;3.0;8.0;8.0;8.0;70.33333333333333;935.0;8.0;2.6666666666666665;5
83075;2008-11-29;0;27.3;17.8;6.8;2008;11;29;-23.43;-46.46;735;79.0;66.0;63.0;934.3;934.5;933.2;3;5;5;1.0;1.0;3.0;10.0;8.0;5.0;69.33333333333333;934.0;7.666666666666667;1.6666666666666667;3
83075;2008-11-30;0;27;18;7.2;2008;11;30;-23.43;-46.46;735;81.0;70.0;62.0;933.7;933.6;933.2;3;5;5;3.0;1.0;3.0;9.0;8.0;4.0;71.0;933.5;7.0;2.3333333333333335;3
83075;2008-12-01;0;28.3;21.3;2.4;2008;12;1;-23.43;-46.46;735;68.0;76.0;78.0;931.1;931.8;931.7;3;3;3;2.0;2.0;3.0;8.0;8.0;9.0;74.0;931.5333333333334;8.333333333333334;2.3333333333333335;3
83075;2008-12-02;14.2;33.3;20.6;9;2008;12;2;-23.43;-46.46;735;79.0;69.0;48.0;932.5;933.0;931.8;8;3;7;0.0;1.0;3.0;8.0;8.0;4.0;65.33333333333333;932.4333333333334;6.666666666666667;1.3333333333333333;3
83075;2008-12-03;0.9;28.8;20.3;2.5;2008;12;3;-23.43;-46.46;735;85.0;77.0;88.0;932.1;932.8;932.2;7;7;7;1.0;1.0;1.0;6.0;9.0;10.0;83.33333333333333;932.3666666666668;8.333333333333334;1.0;7
83075;2008-12-04;2.8;30.1;19.2;7.3;2008;12;4;-23.43;-46.46;735;74.0;70.0;54.0;931.0;931.1;930.5;7;7;5;1.0;1.0;2.0;9.0;9.0;5.0;66.0;930.8666666666667;7.666666666666667;1.3333333333333333;7
83075;2008-12-05;0;18.4;14.1;0.1;2008;12;5;-23.43;-46.46;735;81.0;79.0;73.0;940.8;941.4;940.6;5;5;5;2.0;1.0;1.0;9.0;9.0;10.0;77.66666666666667;940.9333333333333;9.333333333333334;1.3333333333333333;5
83075;2008-12-06;0;27;13.9;4.9;2008;12;6;-23.43;-46.46;735;91.0;90.0;62.0;937.6;938.2;936.9;3;8;7;1.0;0.0;1.0;10.0;9.0;8.0;81.0;937.5666666666667;9.0;0.6666666666666666;3
83075;2008-12-07;0;22.2;11.1;7.3;2008;12;7;-23.43;-46.46;735;82.0;87.0;58.0;945.0;944.8;941.7;3;3;5;1.0;2.0;1.0;9.0;9.0;0.0;75.66666666666667;943.8333333333334;6.0;1.3333333333333333;3
83075;2008-12-08;0;29.1;14.2;7.5;2008;12;8;-23.43;-46.46;735;85.0;92.0;48.0;936.4;936.8;935.4;5;5;7;1.0;1.0;1.0;4.0;9.0;1.0;75.0;936.1999999999999;4.666666666666667;1.0;5
83075;2008-12-09;0;29.3;17.3;5;2008;12;9;-23.43;-46.46;735;64.0;77.0;57.0;934.7;935.6;934.3;8;5;5;0.0;1.0;2.0;0.0;8.0;6.0;66.0;934.8666666666668;4.666666666666667;1.0;5
83075;2008-12-10;1.4;27.5;16.9;2.8;2008;12;10;-23.43;-46.46;735;85.0;91.0;66.0;936.9;937.4;935.9;5;5;1;1.0;1.0;1.0;10.0;10.0;9.0;80.66666666666667;936.7333333333332;9.666666666666666;1.0;5
83075;2008-12-11;1.6;26.3;17.2;0.6;2008;12;11;-23.43;-46.46;735;83.0;78.0;65.0;932.6;932.1;929.3;3;3;7;2.0;2.0;2.0;9.0;10.0;9.0;75.33333333333333;931.3333333333334;9.333333333333334;2.0;3
83075;2008-12-12;10.8;21.2;16.7;0;2008;12;12;-23.43;-46.46;735;92.0;81.0;70.0;931.3;933.4;933.5;4;5;5;1.0;3.0;4.0;10.0;10.0;10.0;81.0;932.7333333333332;10.0;2.6666666666666665;4
83075;2008-12-13;0;23.8;16.2;2.3;2008;12;13;-23.43;-46.46;735;82.0;70.0;62.0;934.0;934.8;934.3;3;3;5;3.0;2.0;3.0;9.0;9.0;9.0;71.33333333333333;934.3666666666667;9.0;2.6666666666666665;3
83075;2008-12-14;0;24;16.1;2.4;2008;12;14;-23.43;-46.46;735;78.0;66.0;77.0;934.7;934.6;932.7;5;5;5;1.0;1.0;3.0;9.0;9.0;10.0;73.66666666666667;934.0;9.333333333333334;1.6666666666666667;5
83075;2008-12-15;0;26.1;16.8;2.5;2008;12;15;-23.43;-46.46;735;88.0;90.0;61.0;932.8;931.1;928.6;5;8;3;2.0;0.0;3.0;10.0;10.0;9.0;79.66666666666667;930.8333333333334;9.666666666666666;1.6666666666666667;5
83075;2008-12-16;0;22.6;17.6;0.4;2008;12;16;-23.43;-46.46;735;82.0;77.0;92.0;928.7;928.7;927.9;3;3;4;2.0;3.0;1.0;8.0;9.0;10.0;83.66666666666667;928.4333333333334;9.0;2.0;3
83075;2008-12-17;11;27;17;1.8;2008;12;17;-23.43;-46.46;735;90.0;85.0;69.0;927.9;928.6;928.0;3;4;5;2.0;1.0;3.0;9.0;10.0;8.0;81.33333333333333;928.1666666666666;9.0;2.0;3
83075;2008-12-18;7.5;25.2;17.8;2.6;2008;12;18;-23.43;-46.46;735;91.0;84.0;69.0;929.4;932.0;931.6;3;5;5;1.0;1.0;3.0;9.0;10.0;9.0;81.33333333333333;931.0;9.333333333333334;1.6666666666666667;3
83075;2008-12-19;0;25.3;17.3;0.7;2008;12;19;-23.43;-46.46;735;86.0;76.0;75.0;932.9;933.3;932.8;5;5;3;3.0;1.0;3.0;10.0;9.0;10.0;79.0;933.0;9.666666666666666;2.3333333333333335;5
83075;2008-12-20;0;26.2;17.9;0.2;2008;12;20;-23.43;-46.46;735;84.0;82.0;73.0;933.6;933.5;932.4;3;3;5;2.0;1.0;3.0;9.0;10.0;10.0;79.66666666666667;933.1666666666666;9.666666666666666;2.0;3
83075;2008-12-21;3;26.5;17.3;0.2;2008;12;21;-23.43;-46.46;735;88.0;82.0;81.0;932.8;933.4;932.9;3;3;3;2.0;1.0;1.0;9.0;9.0;9.0;83.66666666666667;933.0333333333333;9.0;1.3333333333333333;3
83075;2008-12-22;5.6;28.5;17.4;2.7;2008;12;22;-23.43;-46.46;735;87.0;76.0;91.0;933.2;933.2;933.0;3;3;5;1.0;1.0;3.0;10.0;8.0;10.0;84.66666666666667;933.1333333333333;9.333333333333334;1.6666666666666667;3
83075;2008-12-23;11.3;29.2;17.9;6.1;2008;12;23;-23.43;-46.46;735;89.0;72.0;75.0;933.3;933.7;932.9;3;8;5;1.0;0.0;2.0;9.0;8.0;9.0;78.66666666666667;933.3000000000001;8.666666666666666;1.0;3
83075;2008-12-24;0;32.5;19.4;9.5;2008;12;24;-23.43;-46.46;735;83.0;64.0;50.0;932.8;932.2;928.0;8;5;8;0.0;1.0;0.0;9.0;1.0;4.0;65.66666666666667;931.0;4.666666666666667;0.3333333333333333;5
83075;2008-12-25;11.4;27.1;19.5;0.2;2008;12;25;-23.43;-46.46;735;65.0;77.0;57.0;927.8;927.9;927.7;7;7;7;2.0;1.0;1.0;10.0;10.0;10.0;66.33333333333333;927.7999999999998;10.0;1.3333333333333333;7
83075;2008-12-26;2.7;22.4;16.9;0.2;2008;12;26;-23.43;-46.46;735;88.0;82.0;75.0;927.9;928.5;928.9;5;3;5;1.0;2.0;4.0;10.0;10.0;10.0;81.66666666666667;928.4333333333334;10.0;2.3333333333333335;5
83075;2008-12-27;0.5;22.3;15.1;0.4;2008;12;27;-23.43;-46.46;735;86.0;93.0;75.0;930.0;931.1;930.8;5;5;5;3.0;1.0;2.0;10.0;10.0;9.0;84.66666666666667;930.6333333333332;9.666666666666666;2.0;5
83075;2008-12-28;0;28.4;16.8;6.8;2008;12;28;-23.43;-46.46;735;88.0;76.0;61.0;931.2;931.5;931.5;3;3;3;1.0;2.0;2.0;9.0;9.0;5.0;75.0;931.4;7.666666666666667;1.6666666666666667;3
83075;2008-12-29;0;32.9;18.3;7.2;2008;12;29;-23.43;-46.46;735;80.0;74.0;43.0;931.7;931.8;931.3;5;8;5;1.0;0.0;2.0;6.0;0.0;5.0;65.66666666666667;931.6;3.6666666666666665;1.0;5
83075;2008-12-30;4.1;29.3;18.3;7.5;2008;12;30;-23.43;-46.46;735;75.0;66.0;58.0;931.9;932.7;933.2;3;5;5;1.0;3.0;3.0;2.0;6.0;9.0;66.33333333333333;932.6;5.666666666666667;2.3333333333333335;3
83075;2008-12-31;0;29.9;20;3.2;2008;12;31;-23.43;-46.46;735;78.0;78.0;68.0;933.4;933.7;930.3;3;3;5;2.0;1.0;5.0;10.0;9.0;10.0;74.66666666666667;932.4666666666666;9.666666666666666;2.6666666666666665;3
83075;2009-01-01;13.3;31.3;19.6;5;2009;1;1;-23.43;-46.46;735;83.0;79.0;56.0;930.5;932.1;931.0;5;8;7;2.0;0.0;3.0;6.0;10.0;8.0;72.66666666666667;931.1999999999999;8.0;1.6666666666666667;5
83075;2009-01-02;0;32.6;21.5;10.1;2009;1;2;-23.43;-46.46;735;76.0;65.0;52.0;930.9;931.4;931.0;7;7;5;1.0;1.0;1.0;6.0;1.0;6.0;64.33333333333333;931.1;4.333333333333333;1.0;7
83075;2009-01-03;0;34;22;8.9;2009;1;3;-23.43;-46.46;735;83.0;77.0;47.0;933.8;934.9;934.6;5;7;5;3.0;1.0;2.0;9.0;5.0;6.0;69.0;934.4333333333333;6.666666666666667;2.0;5
83075;2009-01-04;0;27.2;18;7.9;2009;1;4;-23.43;-46.46;735;77.0;70.0;60.0;931.0;931.8;931.3;3;5;5;1.0;1.0;3.0;2.0;5.0;6.0;69.0;931.3666666666667;4.333333333333333;1.6666666666666667;3
83075;2009-01-05;0;24;15;7.6;2009;1;5;-23.43;-46.46;735;79.0;73.0;65.0;936.4;937.9;937.2;5;5;5;2.0;2.0;3.0;4.0;1.0;5.0;72.33333333333333;937.1666666666666;3.3333333333333335;2.3333333333333335;5
83075;2009-01-06;2.6;21.5;11.9;8.3;2009;1;6;-23.43;-46.46;735;82.0;73.0;58.0;931.5;932.5;931.9;7;7;7;3.0;1.0;4.0;8.0;8.0;1.0;71.0;931.9666666666667;5.666666666666667;2.6666666666666665;7
83075;2009-01-07;0;26;15;7.7;2009;1;7;-23.43;-46.46;735;76.0;88.0;55.0;933.0;934.3;933.9;7;8;7;2.0;0.0;1.0;9.0;4.0;6.0;73.0;933.7333333333332;6.333333333333333;1.0;7
83075;2009-01-08;0;22;14.2;2.3;2009;1;8;-23.43;-46.46;735;89.0;89.0;73.0;939.4;938.9;938.4;4;3;3;1.0;1.0;3.0;10.0;9.0;10.0;83.66666666666667;938.9;9.666666666666666;1.6666666666666667;4
83075;2009-01-09;0;30.2;16;8.3;2009;1;9;-23.43;-46.46;735;66.0;63.0;43.0;935.3;936.4;934.6;5;8;7;1.0;0.0;2.0;5.0;0.0;5.0;57.333333333333336;935.4333333333333;3.3333333333333335;1.0;5
83075;2009-01-10;0;22.9;12.6;5.5;2009;1;10;-23.43;-46.46;735;83.0;80.0;62.0;940.7;940.7;938.1;3;5;3;3.0;3.0;1.0;9.0;9.0;1.0;75.0;939.8333333333334;6.333333333333333;2.3333333333333335;3
83075;2009-01-11;0;30.7;18.5;4.5;2009;1;11;-23.43;-46.46;735;80.0;75.0;57.0;932.0;932.5;931.5;5;5;5;2.0;2.0;2.0;6.0;4.0;5.0;70.66666666666667;932.0;5.0;2.0;5
83075;2009-01-13;0;34;21.7;8;2009;1;13;-23.43;-46.46;735;72.0;55.0;43.0;934.6;935.1;934.0;8;1;7;0.0;2.0;1.0;5.0;9.0;9.0;56.666666666666664;934.5666666666666;7.666666666666667;1.0;1
83075;2009-01-14;18.8;33.9;20.2;5.6;2009;1;14;-23.43;-46.46;735;73.0;68.0;54.0;933.6;933.8;931.6;5;8;5;1.0;0.0;3.0;8.0;6.0;10.0;65.0;933.0;8.0;1.3333333333333333;5
83075;2009-01-15;31.3;28.4;19.4;0;2009;1;15;-23.43;-46.46;735;88.0;70.0;64.0;932.5;932.6;931.6;7;7;7;1.0;1.0;1.0;10.0;10.0;10.0;74.0;932.2333333333332;10.0;1.0;7
83075;2009-01-16;0;30;19.5;1;2009;1;16;-23.43;-46.46;735;78.0;75.0;56.0;931.6;932.4;931.7;7;3;7;1.0;1.0;2.0;9.0;9.0;10.0;69.66666666666667;931.9;9.333333333333334;1.3333333333333333;7
83075;2009-01-17;5.5;27.6;19.8;0.9;2009;1;17;-23.43;-46.46;735;89.0;77.0;66.0;932.1;932.0;931.5;8;7;7;0.0;2.0;3.0;10.0;9.0;9.0;77.33333333333333;931.8666666666667;9.333333333333334;1.6666666666666667;7
83075;2009-01-18;11.2;28;19.4;1.9;2009;1;18;-23.43;-46.46;735;85.0;78.0;66.0;931.4;932.3;931.8;7;7;7;1.0;1.0;2.0;9.0;10.0;9.0;76.33333333333333;931.8333333333334;9.333333333333334;1.3333333333333333;7
83075;2009-01-19;0;29.7;19.8;6.8;2009;1;19;-23.43;-46.46;735;83.0;71.0;55.0;932.4;931.7;931.3;7;7;7;1.0;2.0;1.0;6.0;5.0;9.0;69.66666666666667;931.7999999999998;6.666666666666667;1.3333333333333333;7
83075;2009-01-20;0;29;20.1;2.6;2009;1;20;-23.43;-46.46;735;75.0;73.0;92.0;931.3;931.5;931.1;7;7;5;1.0;1.0;1.0;8.0;9.0;10.0;80.0;931.3000000000001;9.0;1.0;7
83075;2009-01-21;27.1;24.3;18.4;0.1;2009;1;21;-23.43;-46.46;735;89.0;93.0;75.0;931.9;932.8;933.3;4;5;5;3.0;3.0;3.0;9.0;10.0;10.0;85.66666666666667;932.6666666666666;9.666666666666666;3.0;4
83075;2009-01-22;0;21.4;16.9;0;2009;1;22;-23.43;-46.46;735;89.0;80.0;76.0;934.8;935.8;935.9;5;5;3;3.0;5.0;3.0;9.0;10.0;10.0;81.66666666666667;935.5;9.666666666666666;3.6666666666666665;5
83075;2009-01-23;0;23.8;16.4;1.2;2009;1;23;-23.43;-46.46;735;86.0;76.0;62.0;936.9;937.1;936.7;3;3;3;2.0;2.0;3.0;9.0;9.0;9.0;74.66666666666667;936.9;9.0;2.3333333333333335;3
83075;2009-01-24;0;24.8;17.5;1.5;2009;1;24;-23.43;-46.46;735;78.0;73.0;72.0;936.8;936.6;934.9;3;3;3;2.0;1.0;3.0;9.0;9.0;9.0;74.33333333333333;936.1;9.0;2.0;3
83075;2009-01-25;0;27.8;18.6;3.2;2009;1;25;-23.43;-46.46;735;88.0;79.0;75.0;935.4;934.9;933.6;3;3;5;1.0;1.0;3.0;8.0;9.0;8.0;80.66666666666667;934.6333333333333;8.333333333333334;1.6666666666666667;3
83075;2009-01-26;84.4;27.3;18.6;0.3;2009;1;26;-23.43;-46.46;735;93.0;80.0;63.0;934.1;934.3;934.4;5;8;5;1.0;0.0;1.0;8.0;10.0;9.0;78.66666666666667;934.2666666666668;9.0;0.6666666666666666;5
83075;2009-01-27;0;26.8;20.2;0.3;2009;1;27;-23.43;-46.46;735;87.0;77.0;70.0;934.3;934.4;934.1;3;3;3;1.0;2.0;2.0;9.0;10.0;10.0;78.0;934.2666666666665;9.666666666666666;1.6666666666666667;3
83075;2009-01-28;51.8;25.1;19.4;0.1;2009;1;28;-23.43;-46.46;735;93.0;89.0;69.0;934.4;934.3;933.5;8;7;7;0.0;1.0;1.0;10.0;10.0;9.0;83.66666666666667;934.0666666666666;9.666666666666666;0.6666666666666666;7
83075;2009-01-29;2.4;28.8;19.3;1.4;2009;1;29;-23.43;-46.46;735;86.0;75.0;89.0;933.2;933.3;932.6;8;7;7;0.0;1.0;2.0;9.0;10.0;10.0;83.33333333333333;933.0333333333333;9.666666666666666;1.0;7
83075;2009-01-30;5.7;27.5;20;0.9;2009;1;30;-23.43;-46.46;735;83.0;80.0;67.0;932.7;932.7;931.4;7;7;7;2.0;2.0;2.0;8.0;9.0;9.0;76.66666666666667;932.2666666666668;8.666666666666666;2.0;7
83075;2009-01-31;48.3;31.6;20;11.5;2009;1;31;-23.43;-46.46;735;95.0;73.0;53.0;932.0;932.1;931.4;8;7;7;0.0;5.0;3.0;10.0;5.0;4.0;73.66666666666667;931.8333333333334;6.333333333333333;2.6666666666666665;7
83075;2009-02-01;9.8;26.6;19.3;0.1;2009;2;1;-23.43;-46.46;735;84.0;87.0;85.0;931.5;931.7;929.3;8;5;7;0.0;1.0;1.0;8.0;10.0;9.0;85.33333333333333;930.8333333333334;9.0;0.6666666666666666;5
83075;2009-02-02;0;28.8;20.5;0.8;2009;2;2;-23.43;-46.46;735;76.0;75.0;63.0;932.2;933.5;932.9;5;3;4;1.0;2.0;2.0;4.0;9.0;8.0;71.33333333333333;932.8666666666667;7.0;1.6666666666666667;5
83075;2009-02-03;0;34.4;22.4;9.4;2009;2;3;-23.43;-46.46;735;86.0;59.0;48.0;934.8;935.1;934.0;5;7;7;1.0;3.0;3.0;9.0;6.0;10.0;64.33333333333333;934.6333333333333;8.333333333333334;2.3333333333333335;5
83075;2009-02-04;0;27.8;17.9;6.9;2009;2;4;-23.43;-46.46;735;78.0;63.0;60.0;932.8;933.3;933.4;5;3;3;2.0;3.0;3.0;1.0;2.0;10.0;67.0;933.1666666666666;4.333333333333333;2.6666666666666665;5
83075;2009-02-05;0;23.7;16.2;4.8;2009;2;5;-23.43;-46.46;735;85.0;78.0;62.0;937.6;938.0;936.7;3;3;5;1.0;1.0;1.0;10.0;9.0;8.0;75.0;937.4333333333334;9.0;1.0;3
83075;2009-02-06;0;15.8;8.6;4.6;2009;2;6;-23.43;-46.46;735;76.0;71.0;61.0;932.9;935.6;934.8;7;7;7;1.0;3.0;1.0;0.0;10.0;0.0;69.33333333333333;934.4333333333334;3.3333333333333335;1.6666666666666667;7
83075;2009-02-07;0;19.7;14.8;0;2009;2;7;-23.43;-46.46;735;80.0;90.0;90.0;934.3;935.9;935.9;8;5;7;0.0;1.0;1.0;0.0;10.0;10.0;86.66666666666667;935.3666666666667;6.666666666666667;0.6666666666666666;5
83075;2009-02-08;0;28;14.2;5;2009;2;8;-23.43;-46.46;735;89.0;80.0;45.0;938.5;937.9;934.4;8;8;7;0.0;0.0;3.0;1.0;9.0;8.0;71.33333333333333;936.9333333333334;6.0;1.0;7
83075;2009-02-09;0;31.8;17.3;8.7;2009;2;9;-23.43;-46.46;735;66.0;57.0;39.0;935.4;936.3;934.5;8;8;7;0.0;0.0;1.0;0.0;0.0;2.0;54.0;935.4;0.6666666666666666;0.3333333333333333;7
83075;2009-02-10;0;31.2;14.4;8.2;2009;2;10;-23.43;-46.46;735;84.0;77.0;53.0;937.4;937.5;934.5;3;8;7;1.0;0.0;2.0;8.0;1.0;6.0;71.33333333333333;936.4666666666667;5.0;1.0;3
83075;2009-02-11;0;31.6;18.8;6.9;2009;2;11;-23.43;-46.46;735;79.0;70.0;50.0;932.7;932.7;931.3;3;5;5;2.0;2.0;5.0;0.0;0.0;4.0;66.33333333333333;932.2333333333332;1.3333333333333333;3.0;3
83075;2009-02-12;2.7;31.1;21;2.7;2009;2;12;-23.43;-46.46;735;88.0;74.0;73.0;929.6;930.4;929.3;5;5;5;1.0;1.0;3.0;9.0;1.0;8.0;78.33333333333333;929.7666666666668;6.0;1.6666666666666667;5
83075;2009-02-13;4.9;20.4;17.4;0;2009;2;13;-23.43;-46.46;735;80.0;90.0;86.0;931.8;931.7;931.5;3;5;3;2.0;2.0;1.0;9.0;10.0;10.0;85.33333333333333;931.6666666666666;9.666666666666666;1.6666666666666667;3
83075;2009-02-14;2.8;23.4;17.4;0;2009;2;14;-23.43;-46.46;735;83.0;82.0;90.0;931.3;931.9;931.2;3;3;8;1.0;3.0;0.0;10.0;10.0;10.0;85.0;931.4666666666666;10.0;1.3333333333333333;3
83075;2009-02-15;24;27;18.8;0;2009;2;15;-23.43;-46.46;735;90.0;92.0;72.0;931.7;932.0;931.7;3;3;7;1.0;1.0;2.0;9.0;10.0;9.0;84.66666666666667;931.8000000000001;9.333333333333334;1.3333333333333333;3
83075;2009-02-16;16.6;29.1;19.7;0.5;2009;2;16;-23.43;-46.46;735;92.0;82.0;64.0;931.9;932.9;932.5;8;3;3;0.0;1.0;1.0;10.0;10.0;9.0;79.33333333333333;932.4333333333334;9.666666666666666;0.6666666666666666;3
83075;2009-02-17;0;32;19.6;6.7;2009;2;17;-23.43;-46.46;735;81.0;74.0;44.0;933.2;934.8;933.6;8;1;5;0.0;1.0;2.0;10.0;9.0;8.0;66.33333333333333;933.8666666666667;9.0;1.0;1
83075;2009-02-18;0;32.1;20.4;9.2;2009;2;18;-23.43;-46.46;735;82.0;73.0;49.0;934.2;934.9;933.9;3;8;3;1.0;0.0;3.0;0.0;6.0;8.0;68.0;934.3333333333334;4.666666666666667;1.3333333333333333;3
83075;2009-02-19;0;31.4;20.1;9.7;2009;2;19;-23.43;-46.46;735;79.0;72.0;47.0;934.6;935.4;934.3;3;1;1;2.0;1.0;1.0;2.0;2.0;4.0;66.0;934.7666666666668;2.6666666666666665;1.3333333333333333;3
83075;2009-02-20;0;31.5;20.2;7.4;2009;2;20;-23.43;-46.46;735;77.0;72.0;55.0;934.6;933.4;932.5;3;3;7;1.0;1.0;1.0;8.0;1.0;8.0;68.0;933.5;5.666666666666667;1.0;3
83075;2009-02-21;0;32.1;20.3;6.4;2009;2;21;-23.43;-46.46;735;82.0;58.0;67.0;932.7;932.7;931.7;3;7;5;1.0;1.0;5.0;1.0;8.0;10.0;69.0;932.3666666666668;6.333333333333333;2.3333333333333335;3
83075;2009-02-22;0;32.1;21.9;2.7;2009;2;22;-23.43;-46.46;735;81.0;75.0;50.0;931.9;932.4;932.1;5;8;5;1.0;0.0;2.0;1.0;10.0;6.0;68.66666666666667;932.1333333333333;5.666666666666667;1.0;5
83075;2009-02-23;0;32.7;21.1;5.5;2009;2;23;-23.43;-46.46;735;82.0;63.0;54.0;931.2;931.3;931.3;8;7;7;0.0;2.0;1.0;9.0;2.0;10.0;66.33333333333333;931.2666666666668;7.0;1.0;7
83075;2009-02-24;2.8;26.6;20.9;0;2009;2;24;-23.43;-46.46;735;83.0;79.0;85.0;932.1;932.5;932.1;7;5;5;1.0;1.0;1.0;9.0;10.0;10.0;82.33333333333333;932.2333333333332;9.666666666666666;1.0;7
83075;2009-02-25;29.8;26.5;19.6;0;2009;2;25;-23.43;-46.46;735;81.0;82.0;69.0;932.8;933.1;932.9;3;3;8;2.0;1.0;0.0;10.0;10.0;9.0;77.33333333333333;932.9333333333334;9.666666666666666;1.0;3
83075;2009-02-26;12.3;28.2;19.6;1.3;2009;2;26;-23.43;-46.46;735;87.0;76.0;87.0;933.3;933.4;933.2;8;8;3;0.0;0.0;1.0;10.0;8.0;10.0;83.33333333333333;933.2999999999998;9.333333333333334;0.3333333333333333;3
83075;2009-02-27;5.9;31;19.6;7.5;2009;2;27;-23.43;-46.46;735;91.0;72.0;58.0;933.6;934.0;933.0;5;7;7;1.0;1.0;2.0;4.0;8.0;10.0;73.66666666666667;933.5333333333333;7.333333333333333;1.3333333333333333;5
83075;2009-02-28;0;33;20.6;6.8;2009;2;28;-23.43;-46.46;735;64.0;69.0;65.0;933.5;934.1;933.3;5;5;5;1.0;1.0;3.0;5.0;8.0;8.0;66.0;933.6333333333332;7.0;1.6666666666666667;5
83075;2009-03-01;16.5;26.4;18.9;2;2009;3;1;-23.43;-46.46;735;86.0;81.0;70.0;929.0;927.7;926.2;3;7;7;1.0;3.0;3.0;8.0;9.0;10.0;79.0;927.6333333333333;9.0;2.3333333333333335;3
83075;2009-03-02;7.4;31.1;20.1;4.1;2009;3;2;-23.43;-46.46;735;90.0;75.0;55.0;934.1;934.6;933.8;3;3;7;1.0;2.0;3.0;9.0;6.0;9.0;73.33333333333333;934.1666666666666;8.0;2.0;3
83075;2009-03-03;0;32.4;23.9;3.1;2009;3;3;-23.43;-46.46;735;64.0;66.0;73.0;934.7;934.8;934.4;4;8;3;1.0;0.0;2.0;5.0;4.0;9.0;67.66666666666667;934.6333333333333;6.0;1.0;4
83075;2009-03-04;0;26.6;18.3;5.3;2009;3;4;-23.43;-46.46;735;70.0;75.0;56.0;934.1;934.8;934.7;5;3;3;3.0;2.0;2.0;9.0;4.0;6.0;67.0;934.5333333333334;6.333333333333333;2.3333333333333335;5
83075;2009-03-05;0;24;15.8;5.4;2009;3;5;-23.43;-46.46;735;82.0;77.0;58.0;937.5;937.1;936.2;5;3;3;2.0;3.0;1.0;10.0;8.0;5.0;72.33333333333333;936.9333333333334;7.666666666666667;2.0;5
83075;2009-03-06;0;17.7;8;8.6;2009;3;6;-23.43;-46.46;735;75.0;75.0;48.0;935.9;939.2;938.5;7;5;5;1.0;3.0;1.0;0.0;6.0;1.0;66.0;937.8666666666667;2.3333333333333335;1.6666666666666667;7
83075;2009-03-07;6.6;17.4;12.6;0;2009;3;7;-23.43;-46.46;735;91.0;88.0;89.0;936.3;937.5;937.4;8;5;5;0.0;1.0;1.0;9.0;9.0;10.0;89.33333333333333;937.0666666666666;9.333333333333334;0.6666666666666666;5
83075;2009-03-08;0;22.5;16.8;2.8;2009;3;8;-23.43;-46.46;735;79.0;67.0;65.0;935.4;936.2;936.2;8;7;7;0.0;3.0;3.0;8.0;9.0;8.0;70.33333333333333;935.9333333333334;8.333333333333334;2.0;7
83075;2009-03-09;0;32.3;18.2;7.2;2009;3;9;-23.43;-46.46;735;59.0;60.0;46.0;934.7;935.4;932.7;8;3;5;0.0;1.0;1.0;0.0;1.0;8.0;55.0;934.2666666666668;3.0;0.6666666666666666;3
83075;2009-03-10;0;24.3;17.1;0.8;2009;3;10;-23.43;-46.46;735;74.0;88.0;70.0;934.9;936.8;936.7;5;5;5;1.0;1.0;3.0;10.0;10.0;10.0;77.33333333333333;936.1333333333332;10.0;1.6666666666666667;5
83075;2009-03-11;0;34.7;18.2;6.7;2009;3;11;-23.43;-46.46;735;80.0;67.0;30.0;931.7;931.7;930.0;5;5;5;2.0;1.0;3.0;4.0;0.0;1.0;59.0;931.1333333333333;1.6666666666666667;2.0;5
83075;2009-03-12;9.4;31.3;20.4;2.6;2009;3;12;-23.43;-46.46;735;82.0;72.0;66.0;929.2;929.8;928.6;5;7;3;1.0;1.0;2.0;8.0;8.0;9.0;73.33333333333333;929.1999999999999;8.333333333333334;1.3333333333333333;5
83075;2009-03-13;8.6;27.8;20.1;1.8;2009;3;13;-23.43;-46.46;735;75.0;75.0;82.0;930.8;930.9;929.7;7;7;7;2.0;3.0;2.0;9.0;9.0;9.0;77.33333333333333;930.4666666666666;9.0;2.3333333333333335;7
83075;2009-03-14;15.4;29.5;20;5.4;2009;3;14;-23.43;-46.46;735;93.0;77.0;61.0;929.8;930.2;930.0;8;7;7;0.0;2.0;2.0;10.0;6.0;9.0;77.0;930.0;8.333333333333334;1.3333333333333333;7
83075;2009-03-15;0;29.3;20.5;3.7;2009;3;15;-23.43;-46.46;735;79.0;77.0;62.0;930.5;932.6;932.3;7;7;7;1.0;1.0;1.0;6.0;5.0;10.0;72.66666666666667;931.7999999999998;7.0;1.0;7
83075;2009-03-16;7.8;29.3;18.6;7.9;2009;3;16;-23.43;-46.46;735;88.0;76.0;46.0;933.7;934.4;933.4;8;3;3;0.0;1.0;3.0;4.0;5.0;2.0;70.0;933.8333333333334;3.6666666666666665;1.3333333333333333;3
83075;2009-03-17;0;29.7;18.6;5.8;2009;3;17;-23.43;-46.46;735;81.0;70.0;71.0;934.2;934.7;934.5;3;5;3;2.0;1.0;3.0;9.0;5.0;9.0;74.0;934.4666666666667;7.666666666666667;2.0;3
83075;2009-03-18;20.4;26.9;17.9;3.4;2009;3;18;-23.43;-46.46;735;84.0;78.0;64.0;935.3;936.3;936.3;7;5;3;1.0;1.0;5.0;9.0;9.0;9.0;75.33333333333333;935.9666666666666;9.0;2.3333333333333335;7
83075;2009-03-19;2;27.6;19.6;3.4;2009;3;19;-23.43;-46.46;735;83.0;73.0;65.0;936.9;937.0;936.1;3;3;5;2.0;3.0;3.0;9.0;8.0;9.0;73.66666666666667;936.6666666666666;8.666666666666666;2.6666666666666665;3
83075;2009-03-20;1.7;26;18.2;0.7;2009;3;20;-23.43;-46.46;735;68.0;70.0;55.0;936.2;936.5;935.5;5;3;3;2.0;3.0;3.0;9.0;9.0;9.0;64.33333333333333;936.0666666666666;9.0;2.6666666666666665;5
83075;2009-03-21;0;25.4;18.7;0.1;2009;3;21;-23.43;-46.46;735;81.0;68.0;69.0;935.0;935.3;933.9;3;3;5;1.0;1.0;3.0;8.0;10.0;10.0;72.66666666666667;934.7333333333332;9.333333333333334;1.6666666666666667;3
83075;2009-03-22;0;25.2;17.9;0;2009;3;22;-23.43;-46.46;735;82.0;78.0;86.0;934.2;934.5;933.2;3;3;3;1.0;1.0;1.0;9.0;10.0;9.0;82.0;933.9666666666667;9.333333333333334;1.0;3
83075;2009-03-23;0.9;28;17.8;4;2009;3;23;-23.43;-46.46;735;86.0;80.0;66.0;932.8;933.1;931.4;3;3;5;2.0;1.0;3.0;9.0;9.0;9.0;77.33333333333333;932.4333333333334;9.0;2.0;3
83075;2009-03-24;0;26.6;19.2;3.9;2009;3;24;-23.43;-46.46;735;79.0;76.0;61.0;932.4;933.2;932.4;5;3;5;2.0;1.0;3.0;9.0;10.0;5.0;72.0;932.6666666666666;8.0;2.0;5
83075;2009-03-25;0;26.9;18;9.5;2009;3;25;-23.43;-46.46;735;77.0;72.0;58.0;932.5;933.2;932.6;5;5;5;3.0;1.0;3.0;8.0;6.0;5.0;69.0;932.7666666666668;6.333333333333333;2.3333333333333335;5
83075;2009-03-26;0;28.4;17.2;7.9;2009;3;26;-23.43;-46.46;735;78.0;66.0;64.0;933.2;933.1;932.0;3;5;5;1.0;3.0;2.0;1.0;1.0;8.0;69.33333333333333;932.7666666666668;3.3333333333333335;2.0;3
83075;2009-03-27;0;28.8;18.8;4.3;2009;3;27;-23.43;-46.46;735;81.0;78.0;58.0;932.6;933.2;931.4;5;3;5;1.0;2.0;1.0;9.0;10.0;9.0;72.33333333333333;932.4000000000001;9.333333333333334;1.3333333333333333;5
83075;2009-03-28;0;26.6;19.6;1.3;2009;3;28;-23.43;-46.46;735;77.0;83.0;84.0;931.6;931.6;930.4;3;3;5;1.0;2.0;2.0;10.0;10.0;10.0;81.33333333333333;931.1999999999999;10.0;1.6666666666666667;3
83075;2009-03-29;2;27.6;19.6;2.3;2009;3;29;-23.43;-46.46;735;89.0;85.0;62.0;930.7;931.1;930.0;5;3;5;2.0;1.0;3.0;10.0;10.0;6.0;78.66666666666667;930.6;8.666666666666666;2.0;5
83075;2009-03-30;0.1;28.3;19.5;4.8;2009;3;30;-23.43;-46.46;735;84.0;76.0;65.0;930.8;931.7;930.5;5;2;5;2.0;1.0;2.0;9.0;6.0;8.0;75.0;931.0;7.666666666666667;1.6666666666666667;5
83075;2009-03-31;0;28.1;19.1;7.4;2009;3;31;-23.43;-46.46;735;80.0;75.0;59.0;930.6;931.4;930.4;3;8;3;1.0;0.0;3.0;8.0;5.0;5.0;71.33333333333333;930.8000000000001;6.0;1.3333333333333333;3
83075;2009-04-01;2.8;22.2;16;0;2009;4;1;-23.43;-46.46;735;81.0;80.0;75.0;926.3;928.1;928.3;7;5;3;2.0;3.0;1.0;5.0;10.0;10.0;78.66666666666667;927.5666666666666;8.333333333333334;2.0;7
83075;2009-04-02;7.6;31;19.3;6.6;2009;4;2;-23.43;-46.46;735;84.0;63.0;91.0;934.3;934.1;934.0;3;7;7;1.0;3.0;3.0;8.0;6.0;10.0;79.33333333333333;934.1333333333333;8.0;2.3333333333333335;3
83075;2009-04-03;11.4;31.6;22.6;7.2;2009;4;3;-23.43;-46.46;735;84.0;75.0;64.0;934.4;934.5;933.2;5;7;5;1.0;3.0;2.0;5.0;9.0;6.0;74.33333333333333;934.0333333333334;6.666666666666667;2.0;5
83075;2009-04-04;0;30.4;18.6;7.5;2009;4;4;-23.43;-46.46;735;83.0;73.0;51.0;934.5;935.2;932.9;3;8;7;3.0;0.0;3.0;5.0;1.0;8.0;69.0;934.1999999999999;4.666666666666667;2.0;3
83075;2009-04-05;0;24.3;15.4;3.7;2009;4;5;-23.43;-46.46;735;84.0;81.0;67.0;935.7;936.0;935.2;3;8;7;2.0;0.0;5.0;6.0;8.0;10.0;77.33333333333333;935.6333333333333;8.0;2.3333333333333335;3
83075;2009-04-06;0;22.1;6.8;7.8;2009;4;6;-23.43;-46.46;735;84.0;82.0;44.0;939.4;939.8;936.0;8;8;7;0.0;0.0;3.0;0.0;1.0;0.0;70.0;938.4;0.3333333333333333;1.0;7
83075;2009-04-07;0;21.8;14.5;5.3;2009;4;7;-23.43;-46.46;735;92.0;89.0;70.0;937.7;938.2;937.9;3;5;3;1.0;1.0;2.0;10.0;8.0;10.0;83.66666666666667;937.9333333333334;9.333333333333334;1.3333333333333333;3
83075;2009-04-08;0;23.1;13.5;6.8;2009;4;8;-23.43;-46.46;735;86.0;69.0;69.0;937.3;938.9;938.1;8;7;5;0.0;1.0;3.0;2.0;2.0;1.0;74.66666666666667;938.0999999999999;1.6666666666666667;1.3333333333333333;7
83075;2009-04-09;45.6;22.6;18;0;2009;4;9;-23.43;-46.46;735;92.0;90.0;74.0;933.8;935.7;934.8;3;7;7;1.0;1.0;2.0;10.0;10.0;9.0;85.33333333333333;934.7666666666668;9.666666666666666;1.3333333333333333;3
83075;2009-04-10;4;22.4;17.5;0;2009;4;10;-23.43;-46.46;735;87.0;83.0;73.0;937.6;937.9;937.1;5;5;3;1.0;1.0;1.0;9.0;10.0;10.0;81.0;937.5333333333333;9.666666666666666;1.0;5
83075;2009-04-11;0;33.3;19.1;6.3;2009;4;11;-23.43;-46.46;735;62.0;58.0;44.0;930.4;931.3;931.0;5;7;7;1.0;3.0;2.0;0.0;1.0;4.0;54.666666666666664;930.9;1.6666666666666667;2.0;5
83075;2009-04-12;9.8;23.3;17.7;0;2009;4;12;-23.43;-46.46;735;87.0;84.0;65.0;930.0;930.5;930.9;5;5;5;1.0;5.0;5.0;10.0;10.0;10.0;78.66666666666667;930.4666666666667;10.0;3.6666666666666665;5
83075;2009-04-13;0.1;23.8;17.9;0;2009;4;13;-23.43;-46.46;735;83.0;86.0;82.0;937.2;937.4;936.9;5;3;3;2.0;1.0;1.0;10.0;10.0;10.0;83.66666666666667;937.1666666666666;10.0;1.3333333333333333;5
83075;2009-04-14;10.7;26.4;18.4;4.4;2009;4;14;-23.43;-46.46;735;93.0;79.0;65.0;937.6;937.6;936.4;8;7;5;0.0;3.0;1.0;10.0;10.0;9.0;79.0;937.1999999999999;9.666666666666666;1.3333333333333333;7
83075;2009-04-15;0;24.3;18.8;2.5;2009;4;15;-23.43;-46.46;735;82.0;76.0;64.0;936.4;937.9;937.6;3;5;3;1.0;1.0;1.0;6.0;10.0;2.0;74.0;937.3000000000001;6.0;1.0;3
83075;2009-04-16;5.8;21.9;16.1;0.8;2009;4;16;-23.43;-46.46;735;80.0;77.0;69.0;938.4;939.5;939.6;5;3;5;1.0;3.0;2.0;6.0;9.0;9.0;75.33333333333333;939.1666666666666;8.0;2.0;5
83075;2009-04-17;0;25.2;13.4;7.6;2009;4;17;-23.43;-46.46;735;76.0;76.0;54.0;940.4;940.6;938.9;5;3;3;2.0;1.0;1.0;6.0;6.0;6.0;68.66666666666667;939.9666666666667;6.0;1.3333333333333333;5
83075;2009-04-18;0;26.3;14.3;8.5;2009;4;18;-23.43;-46.46;735;79.0;77.0;57.0;938.9;939.2;937.2;5;3;8;3.0;1.0;0.0;5.0;1.0;2.0;71.0;938.4333333333334;2.6666666666666665;1.3333333333333333;5
83075;2009-04-19;0;28.4;14.5;8.5;2009;4;19;-23.43;-46.46;735;86.0;67.0;45.0;937.1;937.4;935.2;3;8;7;1.0;0.0;2.0;0.0;0.0;0.0;66.0;936.5666666666666;0.0;1.0;3
83075;2009-04-20;0;26.3;16.9;5.3;2009;4;20;-23.43;-46.46;735;69.0;78.0;62.0;935.3;936.9;936.0;8;3;5;0.0;1.0;3.0;0.0;8.0;6.0;69.66666666666667;936.0666666666666;4.666666666666667;1.3333333333333333;3
83075;2009-04-21;5.2;20.6;16.8;0;2009;4;21;-23.43;-46.46;735;79.0;87.0;78.0;937.3;939.7;939.2;3;3;5;3.0;1.0;1.0;9.0;10.0;9.0;81.33333333333333;938.7333333333332;9.333333333333334;1.6666666666666667;3
83075;2009-04-22;0.3;25.3;16;4.4;2009;4;22;-23.43;-46.46;735;85.0;77.0;64.0;939.6;939.1;935.3;3;3;3;3.0;3.0;1.0;10.0;6.0;9.0;75.33333333333333;938.0;8.333333333333334;2.3333333333333335;3
83075;2009-04-23;0;25.5;16.9;2.5;2009;4;23;-23.43;-46.46;735;82.0;78.0;60.0;935.1;934.0;932.1;5;7;0;1.0;1.0;2.0;6.0;8.0;10.0;73.33333333333333;933.7333333333332;8.0;1.3333333333333333;5
83075;2009-04-24;7.1;23.8;14.8;4.6;2009;4;24;-23.43;-46.46;735;91.0;78.0;69.0;932.9;933.4;933.1;5;7;5;1.0;1.0;1.0;9.0;8.0;6.0;79.33333333333333;933.1333333333333;7.666666666666667;1.0;5
83075;2009-04-25;0.8;24.4;16.5;2.9;2009;4;25;-23.43;-46.46;735;94.0;75.0;61.0;933.1;934.1;934.0;8;5;5;0.0;1.0;1.0;10.0;2.0;8.0;76.66666666666667;933.7333333333332;6.666666666666667;0.6666666666666666;5
83075;2009-04-26;0;25.8;16.3;4.9;2009;4;26;-23.43;-46.46;735;90.0;85.0;58.0;934.8;935.3;934.8;3;7;5;1.0;1.0;1.0;9.0;9.0;2.0;77.66666666666667;934.9666666666666;6.666666666666667;1.0;3
83075;2009-04-27;0;23.8;17.2;5.4;2009;4;27;-23.43;-46.46;735;84.0;93.0;64.0;935.6;936.0;935.2;5;8;5;1.0;0.0;3.0;2.0;9.0;2.0;80.33333333333333;935.6;4.333333333333333;1.3333333333333333;5
83075;2009-04-28;0;25.3;15.9;6.4;2009;4;28;-23.43;-46.46;735;80.0;78.0;64.0;935.9;936.5;935.1;5;5;3;2.0;1.0;3.0;9.0;4.0;6.0;74.0;935.8333333333334;6.333333333333333;2.0;5
83075;2009-04-29;0;27.4;15.6;7.5;2009;4;29;-23.43;-46.46;735;85.0;80.0;50.0;936.1;936.7;934.3;3;8;7;1.0;0.0;2.0;4.0;1.0;4.0;71.66666666666667;935.7000000000002;3.0;1.0;3
83075;2009-04-30;0;26;15;8.9;2009;4;30;-23.43;-46.46;735;83.0;66.0;51.0;935.2;936.0;935.7;5;8;5;1.0;0.0;3.0;4.0;0.0;2.0;66.66666666666667;935.6333333333333;2.0;1.3333333333333333;5
83075;2009-05-01;0.2;20;15.4;0.1;2009;5;1;-23.43;-46.46;735;89.0;77.0;87.0;929.5;931.4;930.8;5;3;5;3.0;1.0;3.0;10.0;10.0;10.0;84.33333333333333;930.5666666666666;10.0;2.3333333333333335;5
83075;2009-05-02;26.8;30.5;19;4.9;2009;5;2;-23.43;-46.46;735;89.0;74.0;64.0;933.8;934.4;933.1;7;7;5;2.0;1.0;3.0;10.0;6.0;9.0;75.66666666666667;933.7666666666665;8.333333333333334;2.0;7
83075;2009-05-03;0;34.6;20.4;9.4;2009;5;3;-23.43;-46.46;735;81.0;69.0;47.0;933.5;933.4;930.9;3;1;7;1.0;2.0;1.0;8.0;6.0;9.0;65.66666666666667;932.6;7.666666666666667;1.3333333333333333;3
83075;2009-05-04;0;31.3;20.6;7.8;2009;5;4;-23.43;-46.46;735;78.0;76.0;54.0;933.5;933.4;932.3;3;1;1;2.0;1.0;2.0;9.0;2.0;9.0;69.33333333333333;933.0666666666666;6.666666666666667;1.6666666666666667;3
83075;2009-05-05;0;26.3;14.6;8.3;2009;5;5;-23.43;-46.46;735;86.0;65.0;49.0;935.9;936.8;935.0;5;7;7;1.0;3.0;1.0;9.0;1.0;5.0;66.66666666666667;935.9;5.0;1.6666666666666667;5
83075;2009-05-06;0;26.4;9.3;7.9;2009;5;6;-23.43;-46.46;735;77.0;77.0;52.0;936.3;937.1;935.5;8;8;7;0.0;0.0;3.0;0.0;1.0;2.0;68.66666666666667;936.3000000000001;1.0;1.0;7
83075;2009-05-07;0;21.7;13.9;6.4;2009;5;7;-23.43;-46.46;735;84.0;82.0;61.0;939.0;940.9;940.0;5;3;3;1.0;3.0;2.0;9.0;9.0;6.0;75.66666666666667;939.9666666666667;8.0;2.0;5
83075;2009-05-08;0;27.1;14.7;8.3;2009;5;8;-23.43;-46.46;735;87.0;78.0;35.0;938.6;939.0;935.7;5;3;8;3.0;2.0;0.0;9.0;0.0;1.0;66.66666666666667;937.7666666666668;3.3333333333333335;1.6666666666666667;5
83075;2009-05-09;4.2;26.1;17.3;1.9;2009;5;9;-23.43;-46.46;735;85.0;73.0;63.0;934.1;935.4;935.3;7;5;7;1.0;1.0;1.0;8.0;8.0;9.0;73.66666666666667;934.9333333333334;8.333333333333334;1.0;7
83075;2009-05-10;0;32.1;17.5;7.4;2009;5;10;-23.43;-46.46;735;91.0;79.0;44.0;937.1;937.4;932.5;3;3;7;2.0;1.0;2.0;5.0;9.0;9.0;71.33333333333333;935.6666666666666;7.666666666666667;1.6666666666666667;3
83075;2009-05-11;0;33.3;21.4;5.9;2009;5;11;-23.43;-46.46;735;75.0;56.0;67.0;931.3;933.1;932.1;3;7;7;1.0;3.0;1.0;0.0;1.0;8.0;66.0;932.1666666666666;3.0;1.6666666666666667;3
83075;2009-05-12;2.7;22.4;15.9;0;2009;5;12;-23.43;-46.46;735;80.0;89.0;75.0;933.5;931.9;932.4;3;3;3;3.0;1.0;3.0;10.0;10.0;10.0;81.33333333333333;932.6;10.0;2.3333333333333335;3
83075;2009-05-13;0;28.3;16.8;8.8;2009;5;13;-23.43;-46.46;735;73.0;72.0;54.0;934.1;934.7;933.4;3;8;7;1.0;0.0;2.0;4.0;4.0;5.0;66.33333333333333;934.0666666666667;4.333333333333333;1.0;3
83075;2009-05-14;0;28.4;17.1;8.7;2009;5;14;-23.43;-46.46;735;74.0;60.0;42.0;933.1;934.0;930.0;8;1;7;0.0;1.0;3.0;0.0;1.0;10.0;58.666666666666664;932.3666666666667;3.6666666666666665;1.3333333333333333;1
83075;2009-05-15;6.2;20.8;13.8;0;2009;5;15;-23.43;-46.46;735;84.0;93.0;90.0;930.2;930.8;930.8;7;7;5;3.0;1.0;1.0;10.0;10.0;10.0;89.0;930.6;10.0;1.6666666666666667;7
83075;2009-05-16;4.2;20.3;13.3;5.7;2009;5;16;-23.43;-46.46;735;89.0;77.0;55.0;932.1;935.0;934.6;3;5;5;3.0;1.0;2.0;10.0;9.0;6.0;73.66666666666667;933.9;8.333333333333334;2.0;3
83075;2009-05-17;0;21.1;12.2;6.6;2009;5;17;-23.43;-46.46;735;85.0;81.0;67.0;936.1;937.8;937.3;5;7;5;1.0;1.0;1.0;6.0;9.0;1.0;77.66666666666667;937.0666666666666;5.333333333333333;1.0;5
83075;2009-05-18;0;24.3;15;5.8;2009;5;18;-23.43;-46.46;735;89.0;84.0;63.0;937.8;939.4;938.4;8;7;5;0.0;1.0;1.0;10.0;9.0;8.0;78.66666666666667;938.5333333333333;9.0;0.6666666666666666;7
83075;2009-05-19;0;25.3;14.4;7.2;2009;5;19;-23.43;-46.46;735;87.0;88.0;60.0;940.0;939.2;938.4;5;1;5;1.0;1.0;3.0;0.0;2.0;0.0;78.33333333333333;939.1999999999999;0.6666666666666666;1.6666666666666667;5
83075;2009-05-20;0;22;15.1;1.1;2009;5;20;-23.43;-46.46;735;83.0;84.0;68.0;939.2;940.5;939.6;5;8;5;1.0;0.0;2.0;2.0;10.0;5.0;78.33333333333333;939.7666666666668;5.666666666666667;1.0;5
83075;2009-05-21;0;24.2;15.8;8.1;2009;5;21;-23.43;-46.46;735;84.0;76.0;56.0;939.9;940.3;938.3;5;3;5;1.0;1.0;3.0;9.0;2.0;0.0;72.0;939.5;3.6666666666666665;1.6666666666666667;5
83075;2009-05-22;0;24;14.8;7.3;2009;5;22;-23.43;-46.46;735;84.0;87.0;58.0;939.1;940.3;938.8;3;8;3;1.0;0.0;2.0;0.0;8.0;2.0;76.33333333333333;939.4;3.3333333333333335;1.0;3
83075;2009-05-23;0;25.3;13.2;8.7;2009;5;23;-23.43;-46.46;735;75.0;82.0;52.0;939.2;940.3;938.5;5;3;7;1.0;1.0;1.0;0.0;0.0;0.0;69.66666666666667;939.3333333333334;0.0;1.0;5
83075;2009-05-24;0;26.6;13;8;2009;5;24;-23.43;-46.46;735;79.0;91.0;54.0;939.0;938.9;936.3;3;3;7;1.0;1.0;3.0;0.0;8.0;4.0;74.66666666666667;938.0666666666666;4.0;1.6666666666666667;3
83075;2009-05-25;0;27.6;14.4;8.6;2009;5;25;-23.43;-46.46;735;82.0;80.0;52.0;936.1;935.9;932.9;3;8;7;1.0;0.0;1.0;6.0;5.0;6.0;71.33333333333333;934.9666666666667;5.666666666666667;0.6666666666666666;3
83075;2009-05-26;3.8;28.9;17;7;2009;5;26;-23.43;-46.46;735;75.0;71.0;61.0;933.2;934.3;934.2;7;8;7;1.0;0.0;2.0;9.0;4.0;8.0;69.0;933.9;7.0;1.0;7
83075;2009-05-27;11.9;24.6;17.6;1.1;2009;5;27;-23.43;-46.46;735;78.0;93.0;74.0;934.1;935.7;935.0;7;8;5;1.0;0.0;1.0;2.0;10.0;10.0;81.66666666666667;934.9333333333334;7.333333333333333;0.6666666666666666;7
83075;2009-05-28;0.2;27.3;17.8;2.8;2009;5;28;-23.43;-46.46;735;89.0;90.0;89.0;935.7;937.2;936.4;5;8;5;1.0;0.0;3.0;10.0;10.0;10.0;89.33333333333333;936.4333333333334;10.0;1.3333333333333333;5
83075;2009-05-29;29.8;21.2;15.7;0;2009;5;29;-23.43;-46.46;735;98.0;83.0;82.0;937.5;939.4;939.0;5;5;3;1.0;1.0;2.0;10.0;10.0;10.0;87.66666666666667;938.6333333333333;10.0;1.3333333333333333;5
83075;2009-05-30;0;21.6;14.9;1.5;2009;5;30;-23.43;-46.46;735;87.0;86.0;73.0;939.9;939.5;934.9;3;3;3;1.0;1.0;3.0;10.0;10.0;10.0;82.0;938.1;10.0;1.6666666666666667;3
83075;2009-05-31;0;25.5;15.8;3.7;2009;5;31;-23.43;-46.46;735;86.0;86.0;66.0;935.2;934.5;931.2;8;8;7;0.0;0.0;3.0;10.0;9.0;8.0;79.33333333333333;933.6333333333333;9.0;1.0;7
83075;2009-06-01;4.4;25;15.7;2.9;2009;6;1;-23.43;-46.46;735;83.0;79.0;67.0;931.9;932.3;932.3;4;3;5;2.0;1.0;3.0;9.0;10.0;2.0;76.33333333333333;932.1666666666666;7.0;2.0;4
83075;2009-06-02;0.1;32.9;19.8;10.3;2009;6;2;-23.43;-46.46;735;83.0;72.0;46.0;933.6;934.0;933.2;5;8;7;1.0;0.0;3.0;9.0;1.0;5.0;67.0;933.6;5.0;1.3333333333333333;5
83075;2009-06-03;0;34.4;21.6;6.2;2009;6;3;-23.43;-46.46;735;70.0;50.0;66.0;931.3;932.0;931.4;8;7;3;0.0;3.0;4.0;0.0;1.0;9.0;62.0;931.5666666666666;3.3333333333333335;2.3333333333333335;7
83075;2009-06-04;20.6;23.5;20.2;0;2009;6;4;-23.43;-46.46;735;90.0;86.0;85.0;933.4;934.9;934.0;1;3;3;1.0;1.0;3.0;9.0;10.0;10.0;87.0;934.1;9.666666666666666;1.6666666666666667;1
83075;2009-06-05;0;26.3;15;9;2009;6;5;-23.43;-46.46;735;71.0;67.0;55.0;935.2;935.7;933.6;7;7;7;1.0;1.0;1.0;2.0;0.0;0.0;64.33333333333333;934.8333333333334;0.6666666666666666;1.0;7
83075;2009-06-06;0;21.8;14.5;8.3;2009;6;6;-23.43;-46.46;735;78.0;59.0;56.0;936.6;937.5;937.3;7;5;3;1.0;1.0;1.0;0.0;0.0;4.0;64.33333333333333;937.1333333333332;1.3333333333333333;1.0;7
83075;2009-06-07;0;22.6;14.4;5.4;2009;6;7;-23.43;-46.46;735;87.0;86.0;62.0;940.7;941.1;939.6;3;3;3;2.0;1.0;1.0;6.0;10.0;9.0;78.33333333333333;940.4666666666667;8.333333333333334;1.3333333333333333;3
83075;2009-06-08;0;29.8;17.3;8.3;2009;6;8;-23.43;-46.46;735;76.0;79.0;48.0;936.0;936.1;935.4;8;3;7;0.0;1.0;3.0;9.0;6.0;2.0;67.66666666666667;935.8333333333334;5.666666666666667;1.3333333333333333;3
83075;2009-06-09;1.6;20.2;17.6;0;2009;6;9;-23.43;-46.46;735;88.0;90.0;91.0;936.0;936.3;935.4;5;5;8;1.0;1.0;0.0;10.0;10.0;10.0;89.66666666666667;935.9;10.0;0.6666666666666666;5
83075;2009-06-10;0;32.4;18.5;5.5;2009;6;10;-23.43;-46.46;735;81.0;66.0;42.0;933.3;935.0;933.4;5;7;7;1.0;1.0;3.0;0.0;10.0;5.0;63.0;933.9;5.0;1.6666666666666667;5
83075;2009-06-11;2.4;32;22.4;3.6;2009;6;11;-23.43;-46.46;735;71.0;71.0;52.0;933.3;933.5;931.0;3;1;1;3.0;3.0;3.0;10.0;9.0;6.0;64.66666666666667;932.6;8.333333333333334;3.0;3
83075;2009-06-12;0;23.8;17;0;2009;6;12;-23.43;-46.46;735;82.0;77.0;76.0;933.1;932.4;932.4;3;3;3;1.0;2.0;2.0;10.0;9.0;6.0;78.33333333333333;932.6333333333333;8.333333333333334;1.6666666666666667;3
83075;2009-06-13;0;18.8;9.4;6.4;2009;6;13;-23.43;-46.46;735;47.0;89.0;66.0;938.8;939.0;938.1;5;8;3;1.0;0.0;3.0;10.0;4.0;5.0;67.33333333333333;938.6333333333333;6.333333333333333;1.3333333333333333;5
83075;2009-06-14;0;18.7;9.9;7.7;2009;6;14;-23.43;-46.46;735;81.0;83.0;57.0;938.9;939.2;938.3;5;3;8;2.0;1.0;0.0;10.0;2.0;1.0;73.66666666666667;938.7999999999998;4.333333333333333;1.0;5
83075;2009-06-15;0;19.9;10.9;5.2;2009;6;15;-23.43;-46.46;735;83.0;87.0;66.0;938.9;939.3;937.4;3;3;3;1.0;2.0;1.0;10.0;10.0;5.0;78.66666666666667;938.5333333333333;8.333333333333334;1.3333333333333333;3
83075;2009-06-16;0;20.8;10.8;2.1;2009;6;16;-23.43;-46.46;735;80.0;89.0;60.0;938.0;936.8;933.4;8;3;7;0.0;1.0;2.0;0.0;10.0;10.0;76.33333333333333;936.0666666666666;6.666666666666667;1.0;3
83075;2009-06-17;0;22.1;12.5;7.3;2009;6;17;-23.43;-46.46;735;80.0;80.0;53.0;933.3;933.7;933.2;7;7;7;2.0;3.0;4.0;6.0;9.0;2.0;71.0;933.4;5.666666666666667;3.0;7
83075;2009-06-18;0;21.6;9.6;8.1;2009;6;18;-23.43;-46.46;735;72.0;82.0;54.0;934.5;936.5;936.0;8;8;7;0.0;0.0;1.0;0.0;0.0;2.0;69.33333333333333;935.6666666666666;0.6666666666666666;0.3333333333333333;7
83075;2009-06-19;0;20;11.6;5.3;2009;6;19;-23.43;-46.46;735;84.0;82.0;61.0;936.6;938.4;937.6;8;3;5;0.0;2.0;2.0;10.0;9.0;0.0;75.66666666666667;937.5333333333333;6.333333333333333;1.3333333333333333;3
83075;2009-06-20;0;22.5;11.4;6.2;2009;6;20;-23.43;-46.46;735;90.0;86.0;63.0;938.2;939.0;938.3;8;3;5;0.0;2.0;1.0;10.0;10.0;0.0;79.66666666666667;938.5;6.666666666666667;1.0;3
83075;2009-06-21;0;23.1;13.3;5.5;2009;6;21;-23.43;-46.46;735;90.0;89.0;64.0;938.3;938.9;938.0;5;5;5;1.0;1.0;1.0;10.0;10.0;0.0;81.0;938.4;6.666666666666667;1.0;5
83075;2009-06-22;0;24.2;10.9;6.2;2009;6;22;-23.43;-46.46;735;88.0;96.0;51.0;938.1;938.6;935.9;5;8;1;1.0;0.0;1.0;0.0;10.0;1.0;78.33333333333333;937.5333333333333;3.6666666666666665;0.6666666666666666;5
83075;2009-06-23;0;24.2;10.7;8.1;2009;6;23;-23.43;-46.46;735;81.0;79.0;44.0;937.2;936.3;934.7;7;8;7;1.0;0.0;2.0;4.0;9.0;10.0;68.0;936.0666666666666;7.666666666666667;1.0;7
83075;2009-06-24;0;23;14.1;2.3;2009;6;24;-23.43;-46.46;735;72.0;70.0;68.0;935.1;936.6;936.6;8;8;5;0.0;0.0;2.0;1.0;9.0;9.0;70.0;936.1;6.333333333333333;0.6666666666666666;5
83075;2009-06-25;6.6;18.4;15.3;0;2009;6;25;-23.43;-46.46;735;86.0;93.0;91.0;937.3;937.9;937.3;5;3;7;1.0;1.0;1.0;10.0;10.0;10.0;90.0;937.5;10.0;1.0;5
83075;2009-06-26;4.8;18.5;14.1;0.2;2009;6;26;-23.43;-46.46;735;90.0;84.0;91.0;937.6;939.4;938.9;7;3;3;1.0;1.0;3.0;10.0;10.0;10.0;88.33333333333333;938.6333333333333;10.0;1.6666666666666667;7
83075;2009-06-27;1.3;18.6;13.9;0;2009;6;27;-23.43;-46.46;735;87.0;91.0;80.0;941.1;941.0;938.7;3;3;3;2.0;1.0;1.0;10.0;10.0;10.0;86.0;940.2666666666668;10.0;1.3333333333333333;3
83075;2009-06-29;0;23.6;13.4;6.4;2009;6;29;-23.43;-46.46;735;89.0;86.0;66.0;939.3;939.0;936.0;8;8;7;0.0;0.0;1.0;10.0;9.0;0.0;80.33333333333333;938.1;6.333333333333333;0.3333333333333333;7
83075;2009-06-30;0;26.1;13.7;4.7;2009;6;30;-23.43;-46.46;735;85.0;87.0;54.0;935.6;935.8;933.0;5;3;7;1.0;1.0;2.0;0.0;9.0;9.0;75.33333333333333;934.8000000000001;6.0;1.3333333333333333;5
83075;2009-07-01;0;27.7;17.2;5.1;2009;7;1;-23.43;-46.46;735;84.0;74.0;65.0;933.1;933.1;932.5;3;3;3;1.0;1.0;1.0;10.0;8.0;10.0;74.33333333333333;932.9;9.333333333333334;1.0;3
83075;2009-07-02;0;33.1;20.5;5.9;2009;7;2;-23.43;-46.46;735;81.0;75.0;52.0;933.3;933.6;932.5;8;7;7;0.0;1.0;2.0;0.0;9.0;5.0;69.33333333333333;933.1333333333333;4.666666666666667;1.0;7
83075;2009-07-03;2;26.8;20.4;1.4;2009;7;3;-23.43;-46.46;735;82.0;72.0;70.0;931.9;933.4;932.7;5;3;4;3.0;3.0;3.0;6.0;10.0;10.0;74.66666666666667;932.6666666666666;8.666666666666666;3.0;5
83075;2009-07-04;3.6;26.6;19;3.1;2009;7;4;-23.43;-46.46;735;88.0;74.0;70.0;934.2;934.5;933.5;3;5;5;2.0;1.0;2.0;9.0;5.0;9.0;77.33333333333333;934.0666666666666;7.666666666666667;1.6666666666666667;3
83075;2009-07-05;0;25.2;16.8;7.6;2009;7;5;-23.43;-46.46;735;66.0;70.0;50.0;934.8;936.7;935.6;7;3;3;1.0;1.0;3.0;4.0;2.0;9.0;62.0;935.6999999999999;5.0;1.6666666666666667;7
83075;2009-07-06;0;18.9;11.6;5.6;2009;7;6;-23.43;-46.46;735;81.0;84.0;61.0;939.0;940.8;939.3;3;3;5;1.0;1.0;2.0;6.0;4.0;8.0;75.33333333333333;939.6999999999999;6.0;1.3333333333333333;3
83075;2009-07-07;0;25.8;12.8;6.7;2009;7;7;-23.43;-46.46;735;84.0;90.0;53.0;940.0;940.3;938.6;3;8;7;1.0;0.0;2.0;5.0;9.0;1.0;75.66666666666667;939.6333333333333;5.0;1.0;3
83075;2009-07-08;0;25;16.6;5.6;2009;7;8;-23.43;-46.46;735;58.0;82.0;63.0;935.9;939.5;938.1;3;3;3;3.0;3.0;2.0;9.0;10.0;0.0;67.66666666666667;937.8333333333334;6.333333333333333;2.6666666666666665;3
83075;2009-07-09;18.5;29.7;16.9;8.9;2009;7;9;-23.43;-46.46;735;93.0;68.0;49.0;934.8;933.1;930.9;5;7;7;1.0;2.0;3.0;9.0;0.0;6.0;70.0;932.9333333333334;5.0;2.0;5
83075;2009-07-10;10.3;23.9;17.7;1.8;2009;7;10;-23.43;-46.46;735;83.0;70.0;83.0;934.6;936.1;935.7;5;3;5;1.0;3.0;5.0;9.0;9.0;10.0;78.66666666666667;935.4666666666667;9.333333333333334;3.0;5
83075;2009-07-11;0;31.7;21.8;5;2009;7;11;-23.43;-46.46;735;64.0;58.0;53.0;931.1;931.3;930.0;7;7;7;3.0;3.0;3.0;8.0;8.0;4.0;58.333333333333336;930.8000000000001;6.666666666666667;3.0;7
83075;2009-07-12;3.6;25;19.3;0;2009;7;12;-23.43;-46.46;735;87.0;80.0;78.0;931.7;932.2;931.1;3;8;7;1.0;0.0;2.0;9.0;10.0;10.0;81.66666666666667;931.6666666666666;9.666666666666666;1.0;3
83075;2009-07-13;0.2;20.6;7.8;6.7;2009;7;13;-23.43;-46.46;735;90.0;92.0;64.0;936.6;938.8;938.2;3;3;3;1.0;1.0;1.0;0.0;10.0;2.0;82.0;937.8666666666668;4.0;1.0;3
83075;2009-07-14;0;21.2;9.9;7.8;2009;7;14;-23.43;-46.46;735;91.0;72.0;55.0;938.5;939.8;939.4;3;8;5;1.0;0.0;3.0;0.0;8.0;9.0;72.66666666666667;939.2333333333332;5.666666666666667;1.3333333333333333;3
83075;2009-07-15;0.3;19.2;13.1;1.8;2009;7;15;-23.43;-46.46;735;86.0;91.0;75.0;940.5;941.2;940.3;5;3;3;3.0;3.0;2.0;10.0;10.0;9.0;84.0;940.6666666666666;9.666666666666666;2.6666666666666665;5
83075;2009-07-16;0;24.8;13.5;6.9;2009;7;16;-23.43;-46.46;735;87.0;84.0;62.0;940.7;940.9;938.6;3;8;5;2.0;0.0;1.0;9.0;9.0;10.0;77.66666666666667;940.0666666666666;9.333333333333334;1.0;3
83075;2009-07-17;0;26.1;13.1;8.3;2009;7;17;-23.43;-46.46;735;87.0;83.0;53.0;938.7;940.2;939.6;8;3;7;0.0;1.0;2.0;5.0;4.0;1.0;74.33333333333333;939.5;3.3333333333333335;1.0;3
83075;2009-07-18;0;26.4;15.6;5.4;2009;7;18;-23.43;-46.46;735;82.0;71.0;64.0;939.8;939.6;938.2;8;5;7;0.0;1.0;3.0;0.0;8.0;4.0;72.33333333333333;939.2000000000002;4.0;1.3333333333333333;5
83075;2009-07-19;1.4;17.7;12.8;0;2009;7;19;-23.43;-46.46;735;89.0;88.0;77.0;938.2;938.3;938.1;5;5;5;2.0;3.0;3.0;10.0;10.0;10.0;84.66666666666667;938.1999999999999;10.0;2.6666666666666665;5
83075;2009-07-20;0;16.4;11.7;0.5;2009;7;20;-23.43;-46.46;735;81.0;82.0;78.0;938.3;938.7;937.3;5;3;5;2.0;1.0;3.0;5.0;9.0;9.0;80.33333333333333;938.1;7.666666666666667;2.0;5
83075;2009-07-21;0;21.8;9.9;5.7;2009;7;21;-23.43;-46.46;735;79.0;85.0;64.0;937.8;938.3;934.7;3;3;3;3.0;2.0;1.0;10.0;10.0;2.0;76.0;936.9333333333334;7.333333333333333;2.0;3
83075;2009-07-22;0;28.6;12.9;4.4;2009;7;22;-23.43;-46.46;735;81.0;64.0;45.0;934.7;934.6;932.0;3;7;7;1.0;2.0;3.0;0.0;10.0;8.0;63.333333333333336;933.7666666666668;6.0;2.0;3
83075;2009-07-23;0;19.4;14.7;0;2009;7;23;-23.43;-46.46;735;84.0;75.0;81.0;933.3;934.0;933.1;5;3;5;1.0;2.0;1.0;9.0;10.0;10.0;80.0;933.4666666666667;9.666666666666666;1.3333333333333333;5
83075;2009-07-24;21.2;17.7;11.8;0;2009;7;24;-23.43;-46.46;735;90.0;92.0;88.0;933.5;936.7;936.4;7;5;3;1.0;3.0;1.0;6.0;10.0;10.0;90.0;935.5333333333333;8.666666666666666;1.6666666666666667;7
83075;2009-07-25;46.1;15.4;11.6;0;2009;7;25;-23.43;-46.46;735;94.0;94.0;91.0;937.7;938.7;938.2;5;5;5;1.0;1.0;1.0;10.0;10.0;10.0;93.0;938.2000000000002;10.0;1.0;5
83075;2009-07-26;6.3;22.4;12.6;1.1;2009;7;26;-23.43;-46.46;735;93.0;95.0;79.0;937.8;938.4;938.7;5;8;7;1.0;0.0;1.0;9.0;10.0;9.0;89.0;938.2999999999998;9.333333333333334;0.6666666666666666;5
83075;2009-07-28;1.2;23.1;16.2;1.4;2009;7;28;-23.43;-46.46;735;91.0;89.0;83.0;937.3;937.7;936.3;0;8;5;1.0;0.0;3.0;10.0;9.0;10.0;87.66666666666667;937.1;9.666666666666666;1.3333333333333333;0
83075;2009-07-29;4.7;20.8;15;0;2009;7;29;-23.43;-46.46;735;90.0;91.0;86.0;935.8;936.1;935.7;5;8;8;1.0;0.0;0.0;5.0;9.0;9.0;89.0;935.8666666666668;7.666666666666667;0.3333333333333333;5
83075;2009-07-30;12.5;18.4;14.6;0;2009;7;30;-23.43;-46.46;735;92.0;92.0;92.0;936.2;938.7;938.5;8;5;4;0.0;1.0;3.0;10.0;10.0;10.0;92.0;937.8000000000001;10.0;1.3333333333333333;5
83075;2009-07-31;0.1;17.2;13.1;0;2009;7;31;-23.43;-46.46;735;89.0;95.0;91.0;940.3;941.5;939.6;5;5;3;1.0;1.0;1.0;10.0;10.0;10.0;91.66666666666667;940.4666666666667;10.0;1.0;5
83075;2009-08-01;15.8;31.7;17.8;7.5;2009;8;1;-23.43;-46.46;735;85.0;70.0;60.0;933.1;933.0;933.0;3;8;3;1.0;0.0;3.0;9.0;0.0;8.0;71.66666666666667;933.0333333333333;5.666666666666667;1.3333333333333333;3
83075;2009-08-02;18.2;32.4;19.9;4.6;2009;8;2;-23.43;-46.46;735;94.0;75.0;71.0;933.4;933.6;931.7;8;1;3;0.0;1.0;5.0;9.0;9.0;9.0;80.0;932.9;9.0;2.0;1
83075;2009-08-03;0;32.8;20.5;9;2009;8;3;-23.43;-46.46;735;83.0;71.0;48.0;933.4;933.9;932.3;3;8;7;1.0;0.0;1.0;9.0;2.0;6.0;67.33333333333333;933.1999999999999;5.666666666666667;0.6666666666666666;3
83075;2009-08-04;0;27;18.6;7.6;2009;8;4;-23.43;-46.46;735;81.0;73.0;52.0;933.4;934.1;932.8;8;3;5;0.0;3.0;1.0;9.0;6.0;4.0;68.66666666666667;933.4333333333334;6.333333333333333;1.3333333333333333;3
83075;2009-08-05;0;23.9;13.7;4.9;2009;8;5;-23.43;-46.46;735;80.0;89.0;59.0;936.3;937.6;936.1;3;8;3;1.0;0.0;1.0;0.0;10.0;4.0;76.0;936.6666666666666;4.666666666666667;0.6666666666666666;3
83075;2009-08-06;0;21.8;10.2;8.2;2009;8;6;-23.43;-46.46;735;78.0;80.0;58.0;941.2;941.8;939.4;3;3;3;1.0;3.0;1.0;4.0;1.0;10.0;72.0;940.8000000000001;5.0;1.6666666666666667;3
83075;2009-08-07;0;25.9;13.3;7.2;2009;8;7;-23.43;-46.46;735;88.0;91.0;58.0;938.5;939.0;937.5;8;3;7;0.0;1.0;2.0;0.0;6.0;5.0;79.0;938.3333333333334;3.6666666666666665;1.0;3
83075;2009-08-08;0;29.3;15.5;7.7;2009;8;8;-23.43;-46.46;735;74.0;86.0;41.0;938.3;939.6;938.2;3;3;3;3.0;1.0;3.0;5.0;0.0;2.0;67.0;938.7000000000002;2.3333333333333335;2.3333333333333335;3
83075;2009-08-09;3.4;23.3;16.2;0;2009;8;9;-23.43;-46.46;735;74.0;93.0;89.0;931.3;932.9;931.6;8;3;8;0.0;3.0;0.0;8.0;10.0;10.0;85.33333333333333;931.9333333333333;9.333333333333334;1.0;3
83075;2009-08-10;3;18.7;14.2;0;2009;8;10;-23.43;-46.46;735;87.0;93.0;87.0;936.8;937.2;937.0;5;5;5;3.0;1.0;3.0;9.0;10.0;10.0;89.0;937.0;9.666666666666666;2.3333333333333335;5
83075;2009-08-11;4.2;25.9;19.7;0;2009;8;11;-23.43;-46.46;735;86.0;77.0;76.0;931.0;930.5;929.8;5;7;3;2.0;4.0;1.0;10.0;10.0;10.0;79.66666666666667;930.4333333333334;10.0;2.3333333333333335;5
83075;2009-08-13;0;25.8;12.3;8;2009;8;13;-23.43;-46.46;735;86.0;86.0;37.0;941.4;941.7;940.0;5;5;3;1.0;1.0;1.0;9.0;8.0;0.0;69.66666666666667;941.0333333333333;5.666666666666667;1.0;5
83075;2009-08-14;0;26.6;11.7;8.8;2009;8;14;-23.43;-46.46;735;63.0;72.0;24.0;939.7;940.0;937.9;3;8;5;1.0;0.0;3.0;0.0;0.0;0.0;53.0;939.1999999999999;0.0;1.3333333333333333;3
83075;2009-08-15;0;27;11.6;8.7;2009;8;15;-23.43;-46.46;735;63.0;59.0;47.0;937.3;938.1;936.1;8;8;7;0.0;0.0;1.0;0.0;0.0;2.0;56.333333333333336;937.1666666666666;0.6666666666666666;0.3333333333333333;7
83075;2009-08-16;0;27.6;14.2;8.2;2009;8;16;-23.43;-46.46;735;68.0;61.0;41.0;936.0;937.9;936.2;8;3;7;0.0;2.0;3.0;4.0;0.0;6.0;56.666666666666664;936.7000000000002;3.3333333333333335;1.6666666666666667;3
83075;2009-08-17;0;29.4;14.4;8.7;2009;8;17;-23.43;-46.46;735;62.0;64.0;42.0;936.2;936.6;933.3;8;8;7;0.0;0.0;2.0;0.0;0.0;8.0;56.0;935.3666666666668;2.6666666666666665;0.6666666666666666;7
83075;2009-08-18;9;23.6;16.8;0;2009;8;18;-23.43;-46.46;735;58.0;87.0;80.0;934.2;935.4;933.3;7;1;5;2.0;1.0;1.0;9.0;10.0;10.0;75.0;934.2999999999998;9.666666666666666;1.3333333333333333;7
83075;2009-08-19;22.3;23.5;15.9;0.9;2009;8;19;-23.43;-46.46;735;88.0;71.0;63.0;933.6;931.8;930.6;7;7;7;2.0;3.0;3.0;9.0;9.0;10.0;74.0;932.0;9.333333333333334;2.6666666666666665;7
83075;2009-08-20;0.2;22.9;16.4;2.1;2009;8;20;-23.43;-46.46;735;68.0;77.0;70.0;931.1;932.2;930.6;7;7;7;3.0;0.3;3.0;8.0;9.0;10.0;71.66666666666667;931.3000000000001;9.0;2.1;7
83075;2009-08-21;41.8;18.7;11.9;0;2009;8;21;-23.43;-46.46;735;86.0;85.0;81.0;930.8;934.4;935.2;7;5;5;1.0;3.0;4.0;10.0;10.0;10.0;84.0;933.4666666666666;10.0;2.6666666666666665;7
83075;2009-08-22;0;17;9.9;1;2009;8;22;-23.43;-46.46;735;82.0;77.0;76.0;937.5;938.4;937.8;3;5;3;3.0;2.0;2.0;5.0;10.0;9.0;78.33333333333333;937.9;8.0;2.3333333333333335;3
83075;2009-08-23;0;19.1;12.5;0;2009;8;23;-23.43;-46.46;735;87.0;85.0;92.0;938.0;937.7;937.4;3;3;8;2.0;2.0;0.0;9.0;10.0;10.0;88.0;937.6999999999999;9.666666666666666;1.3333333333333333;3
83075;2009-08-24;8.4;21.3;13.2;1.3;2009;8;24;-23.43;-46.46;735;95.0;81.0;71.0;937.3;937.6;936.1;8;8;5;0.0;0.0;1.0;10.0;8.0;10.0;82.33333333333333;937.0;9.333333333333334;0.3333333333333333;5
83075;2009-08-25;0;18.4;14.9;0;2009;8;25;-23.43;-46.46;735;89.0;83.0;79.0;937.2;939.3;939.0;5;5;5;2.0;3.0;3.0;9.0;10.0;9.0;83.66666666666667;938.5;9.333333333333334;2.6666666666666665;5
83075;2009-08-26;0.1;22.3;14.2;4.9;2009;8;26;-23.43;-46.46;735;86.0;73.0;65.0;939.4;940.4;939.5;5;3;3;1.0;2.0;2.0;9.0;9.0;5.0;74.66666666666667;939.7666666666668;7.666666666666667;1.6666666666666667;5
83075;2009-08-27;0;24.9;12.9;6;2009;8;27;-23.43;-46.46;735;89.0;87.0;50.0;939.9;940.6;939.6;5;3;5;1.0;1.0;1.0;4.0;10.0;1.0;75.33333333333333;940.0333333333333;5.0;1.0;5
83075;2009-08-28;0;26.4;13;7.2;2009;8;28;-23.43;-46.46;735;82.0;87.0;41.0;939.4;940.6;939.0;5;5;3;1.0;1.0;1.0;0.0;6.0;0.0;70.0;939.6666666666666;2.0;1.0;5
83075;2009-08-29;0;27.4;12.3;8.6;2009;8;29;-23.43;-46.46;735;60.0;63.0;34.0;939.3;940.3;938.8;3;8;3;1.0;0.0;3.0;0.0;0.0;0.0;52.333333333333336;939.4666666666666;0.0;1.3333333333333333;3
83075;2009-08-30;0;27.2;13.2;8.4;2009;8;30;-23.43;-46.46;735;62.0;79.0;37.0;939.3;939.9;938.4;8;3;3;0.0;2.0;3.0;0.0;0.0;0.0;59.333333333333336;939.1999999999999;0.0;1.6666666666666667;3
83075;2009-08-31;0;29.2;12.9;8.4;2009;8;31;-23.43;-46.46;735;71.0;77.0;39.0;938.3;938.6;935.3;8;8;7;0.0;0.0;1.0;0.0;0.0;0.0;62.333333333333336;937.4;0.0;0.3333333333333333;7
83075;2009-09-01;0;30.7;18;4.3;2009;9;1;-23.43;-46.46;735;83.0;80.0;67.0;933.6;935.1;935.0;3;8;3;1.0;0.0;3.0;1.0;5.0;5.0;76.66666666666667;934.5666666666666;3.6666666666666665;1.3333333333333333;3
83075;2009-09-02;1.4;30.2;21;2.5;2009;9;2;-23.43;-46.46;735;86.0;75.0;77.0;932.4;932.7;931.9;5;7;5;1.0;1.0;3.0;9.0;9.0;10.0;79.33333333333333;932.3333333333334;9.333333333333334;1.6666666666666667;5
83075;2009-09-03;13.4;30.6;19.8;3.5;2009;9;3;-23.43;-46.46;735;82.0;74.0;56.0;932.7;932.7;931.5;3;8;7;1.0;0.0;2.0;10.0;9.0;9.0;70.66666666666667;932.3000000000001;9.333333333333334;1.0;3
83075;2009-09-04;0;27;18.6;5.3;2009;9;4;-23.43;-46.46;735;82.0;76.0;58.0;933.1;934.8;933.4;5;3;5;1.0;2.0;1.0;10.0;9.0;8.0;72.0;933.7666666666668;9.0;1.3333333333333333;5
83075;2009-09-05;0;27.3;15.6;3.9;2009;9;5;-23.43;-46.46;735;73.0;85.0;61.0;936.1;936.6;934.5;3;3;5;1.0;1.0;1.0;5.0;9.0;5.0;73.0;935.7333333333332;6.333333333333333;1.0;3
83075;2009-09-06;0;25.1;11;8.4;2009;9;6;-23.43;-46.46;735;73.0;74.0;52.0;939.3;939.5;936.1;8;8;7;0.0;0.0;1.0;10.0;2.0;2.0;66.33333333333333;938.3000000000001;4.666666666666667;0.3333333333333333;7
83075;2009-09-07;0;26.4;14.5;8.6;2009;9;7;-23.43;-46.46;735;73.0;77.0;51.0;937.5;937.7;936.0;7;3;7;1.0;1.0;3.0;6.0;1.0;6.0;67.0;937.0666666666666;4.333333333333333;1.6666666666666667;7
83075;2009-09-08;0;29.6;15;9;2009;9;8;-23.43;-46.46;735;72.0;70.0;42.0;938.2;938.4;938.0;5;3;3;1.0;1.0;3.0;2.0;0.0;1.0;61.333333333333336;938.1999999999999;1.0;1.6666666666666667;5
83075;2009-09-09;101.6;23.4;16;0;2009;9;9;-23.43;-46.46;735;92.0;86.0;72.0;932.8;936.2;935.8;5;5;8;1.0;1.0;0.0;10.0;10.0;10.0;83.33333333333333;934.9333333333334;10.0;0.6666666666666666;5
83075;2009-09-10;6.1;17.1;12.7;0;2009;9;10;-23.43;-46.46;735;86.0;83.0;81.0;937.9;938.3;937.5;5;5;5;3.0;3.0;3.0;10.0;10.0;10.0;83.33333333333333;937.9;10.0;3.0;5
83075;2009-09-11;23.1;25.5;19.8;0.1;2009;9;11;-23.43;-46.46;735;93.0;80.0;74.0;930.2;930.7;930.3;8;8;5;0.0;0.0;2.0;10.0;10.0;10.0;82.33333333333333;930.4;10.0;0.6666666666666666;5
83075;2009-09-12;14.9;22.6;18;0;2009;9;12;-23.43;-46.46;735;90.0;84.0;73.0;932.1;934.0;933.5;5;5;5;2.0;1.0;2.0;10.0;10.0;10.0;82.33333333333333;933.1999999999999;10.0;1.6666666666666667;5
83075;2009-09-13;0;30.8;17.2;8.1;2009;9;13;-23.43;-46.46;735;82.0;65.0;47.0;936.3;936.4;934.8;8;8;7;0.0;0.0;2.0;6.0;1.0;8.0;64.66666666666667;935.8333333333334;5.0;0.6666666666666666;7
83075;2009-09-14;3.4;19.8;15.8;0;2009;9;14;-23.43;-46.46;735;85.0;91.0;89.0;936.4;938.8;938.2;3;3;3;3.0;1.0;1.0;10.0;10.0;10.0;88.33333333333333;937.7999999999998;10.0;1.6666666666666667;3
83075;2009-09-15;5.3;21.8;15.6;0;2009;9;15;-23.43;-46.46;735;90.0;82.0;75.0;938.5;939.3;938.4;3;3;5;1.0;2.0;2.0;9.0;10.0;9.0;82.33333333333333;938.7333333333332;9.333333333333334;1.6666666666666667;3
83075;2009-09-16;0;26.5;15.6;4.9;2009;9;16;-23.43;-46.46;735;88.0;84.0;57.0;938.6;938.6;935.8;5;7;5;1.0;1.0;1.0;9.0;10.0;6.0;76.33333333333333;937.6666666666666;8.333333333333334;1.0;5
83075;2009-09-17;0;22.4;16.1;0;2009;9;17;-23.43;-46.46;735;88.0;84.0;74.0;936.0;936.2;934.2;5;5;3;1.0;2.0;3.0;10.0;10.0;10.0;82.0;935.4666666666667;10.0;2.0;5
83075;2009-09-18;0;29.9;15.9;3.3;2009;9;18;-23.43;-46.46;735;81.0;79.0;54.0;934.9;934.3;930.7;3;3;7;1.0;2.0;2.0;10.0;9.0;10.0;71.33333333333333;933.2999999999998;9.666666666666666;1.6666666666666667;3
83075;2009-09-19;0;27.2;17.6;1.1;2009;9;19;-23.43;-46.46;735;83.0;70.0;58.0;933.6;933.8;933.2;5;7;7;1.0;1.0;2.0;10.0;10.0;9.0;70.33333333333333;933.5333333333334;9.666666666666666;1.3333333333333333;5
83075;2009-09-20;0;24.2;17.4;0.3;2009;9;20;-23.43;-46.46;735;82.0;87.0;80.0;933.9;934.2;934.4;7;8;4;1.0;0.0;2.0;9.0;9.0;10.0;83.0;934.1666666666666;9.333333333333334;1.0;7
83075;2009-09-21;0;19.6;15.2;0;2009;9;21;-23.43;-46.46;735;86.0;86.0;89.0;935.2;936.0;935.2;3;3;5;2.0;1.0;2.0;9.0;10.0;10.0;87.0;935.4666666666667;9.666666666666666;1.6666666666666667;3
83075;2009-09-22;11.9;20;15.1;0;2009;9;22;-23.43;-46.46;735;91.0;92.0;90.0;935.5;935.0;933.5;8;8;5;0.0;0.0;1.0;10.0;10.0;10.0;91.0;934.6666666666666;10.0;0.3333333333333333;5
83075;2009-09-23;1.1;21.8;17;0;2009;9;23;-23.43;-46.46;735;92.0;81.0;84.0;933.4;931.1;929.7;5;7;7;1.0;2.0;3.0;8.0;10.0;10.0;85.66666666666667;931.4;9.333333333333334;2.0;5
83075;2009-09-24;6.1;19.3;13.5;0;2009;9;24;-23.43;-46.46;735;83.0;85.0;80.0;929.9;934.5;934.8;7;5;5;1.0;2.0;2.0;6.0;10.0;10.0;82.66666666666667;933.0666666666666;8.666666666666666;1.6666666666666667;7
83075;2009-09-25;0;20.1;12.4;3.9;2009;9;25;-23.43;-46.46;735;86.0;76.0;63.0;937.2;938.5;937.7;3;3;5;3.0;1.0;3.0;10.0;9.0;6.0;75.0;937.8000000000001;8.333333333333334;2.3333333333333335;3
83075;2009-09-26;0;30.2;14;8.7;2009;9;26;-23.43;-46.46;735;84.0;75.0;50.0;938.0;937.8;934.6;3;3;7;3.0;1.0;2.0;10.0;1.0;4.0;69.66666666666667;936.8000000000001;5.0;2.0;3
83075;2009-09-27;0;33;16.8;9.6;2009;9;27;-23.43;-46.46;735;79.0;62.0;43.0;934.6;934.7;932.6;3;8;7;1.0;0.0;2.0;1.0;0.0;4.0;61.333333333333336;933.9666666666667;1.6666666666666667;1.0;3
83075;2009-09-28;0;30.5;20.6;0.2;2009;9;28;-23.43;-46.46;735;68.0;47.0;57.0;932.6;932.8;932.1;7;7;7;1.0;3.0;2.0;10.0;10.0;10.0;57.333333333333336;932.5;10.0;2.0;7
83075;2009-09-29;10.6;21.6;15.1;0;2009;9;29;-23.43;-46.46;735;91.0;88.0;81.0;934.1;937.2;937.6;7;5;5;2.0;3.0;1.0;8.0;10.0;10.0;86.66666666666667;936.3000000000001;9.333333333333334;2.0;7
83075;2009-09-30;0;15.9;12.6;0;2009;9;30;-23.43;-46.46;735;85.0;83.0;81.0;939.5;940.9;940.5;5;3;5;4.0;3.0;5.0;9.0;10.0;10.0;83.0;940.3000000000001;9.666666666666666;4.0;5
83075;2009-10-01;5.6;27.7;17.9;2.9;2009;10;1;-23.43;-46.46;735;77.0;79.0;60.0;936.2;937.8;937.3;3;8;3;1.0;0.0;2.0;10.0;9.0;9.0;72.0;937.1;9.333333333333334;1.0;3
83075;2009-10-02;0.9;31.3;21;2.9;2009;10;2;-23.43;-46.46;735;83.0;78.0;65.0;932.7;933.0;932.7;5;3;3;3.0;1.0;3.0;9.0;10.0;9.0;75.33333333333333;932.8000000000001;9.333333333333334;2.3333333333333335;5
83075;2009-10-03;0;28.8;20.3;1.3;2009;10;3;-23.43;-46.46;735;81.0;71.0;66.0;932.8;933.5;932.6;5;8;3;1.0;0.0;3.0;6.0;10.0;9.0;72.66666666666667;932.9666666666667;8.333333333333334;1.3333333333333333;5
83075;2009-10-04;0;27.8;17.3;8;2009;10;4;-23.43;-46.46;735;84.0;74.0;62.0;933.7;933.7;932.9;8;5;5;0.0;1.0;3.0;9.0;0.0;6.0;73.33333333333333;933.4333333333334;5.0;1.3333333333333333;5
83075;2009-10-05;3.8;25.3;16.9;7.3;2009;10;5;-23.43;-46.46;735;90.0;83.0;75.0;935.5;935.9;935.2;5;3;3;3.0;1.0;1.0;10.0;6.0;6.0;82.66666666666667;935.5333333333334;7.333333333333333;1.6666666666666667;5
83075;2009-10-06;0;20.4;13.8;0.8;2009;10;6;-23.43;-46.46;735;78.0;83.0;87.0;936.4;937.5;936.8;8;8;7;0.0;0.0;1.0;6.0;10.0;10.0;82.66666666666667;936.9;8.666666666666666;0.3333333333333333;7
83075;2009-10-07;0;23.2;16.5;0.1;2009;10;7;-23.43;-46.46;735;76.0;72.0;90.0;935.8;935.6;934.2;8;3;3;0.0;1.0;1.0;5.0;10.0;10.0;79.33333333333333;935.2000000000002;8.333333333333334;0.6666666666666666;3
83075;2009-10-08;0;25.6;15.4;5.5;2009;10;8;-23.43;-46.46;735;69.0;60.0;49.0;935.9;934.7;934.4;8;7;7;0.0;3.0;3.0;4.0;8.0;9.0;59.333333333333336;935.0;7.0;2.0;7
83075;2009-10-09;0.7;24.9;16.9;3.1;2009;10;9;-23.43;-46.46;735;89.0;87.0;75.0;936.7;940.0;939.3;5;3;5;2.0;1.0;2.0;9.0;10.0;6.0;83.66666666666667;938.6666666666666;8.333333333333334;1.6666666666666667;5
83075;2009-10-10;0;19;13.2;0;2009;10;10;-23.43;-46.46;735;83.0;75.0;76.0;937.2;937.9;936.9;5;3;5;3.0;2.0;3.0;10.0;9.0;10.0;78.0;937.3333333333334;9.666666666666666;2.6666666666666665;5
83075;2009-10-11;0;30.8;20.2;2.1;2009;10;11;-23.43;-46.46;735;80.0;74.0;67.0;930.8;931.3;930.4;5;3;3;2.0;3.0;3.0;10.0;9.0;10.0;73.66666666666667;930.8333333333334;9.666666666666666;2.6666666666666665;5
83075;2009-10-12;0;27.3;17.5;4.4;2009;10;12;-23.43;-46.46;735;82.0;69.0;70.0;934.2;934.9;934.1;5;3;5;2.0;2.0;3.0;9.0;9.0;10.0;73.66666666666667;934.4;9.333333333333334;2.3333333333333335;5
83075;2009-10-13;9;20.7;14.8;0;2009;10;13;-23.43;-46.46;735;84.0;83.0;78.0;931.0;933.0;933.0;8;5;5;0.0;2.0;1.0;8.0;10.0;10.0;81.66666666666667;932.3333333333334;9.333333333333334;1.0;5
83075;2009-10-14;0;31.8;14.7;6.8;2009;10;14;-23.43;-46.46;735;90.0;81.0;48.0;933.8;933.8;929.9;5;3;3;1.0;1.0;1.0;10.0;9.0;2.0;73.0;932.5;7.0;1.0;5
83075;2009-10-15;15.3;23.3;17.9;0;2009;10;15;-23.43;-46.46;735;86.0;92.0;73.0;930.4;931.4;931.2;5;7;7;1.0;1.0;3.0;0.0;10.0;10.0;83.66666666666667;931.0;6.666666666666667;1.6666666666666667;5
83075;2009-10-16;2;21.7;16.6;0;2009;10;16;-23.43;-46.46;735;78.0;75.0;81.0;932.9;935.2;935.8;3;5;5;1.0;1.0;3.0;4.0;10.0;10.0;78.0;934.6333333333332;8.0;1.6666666666666667;3
83075;2009-10-17;0.3;19.4;15.7;0;2009;10;17;-23.43;-46.46;735;84.0;95.0;91.0;935.7;936.4;935.8;3;3;3;3.0;1.0;1.0;10.0;10.0;10.0;90.0;935.9666666666666;10.0;1.6666666666666667;3
83075;2009-10-18;27.9;29.9;16.1;5;2009;10;18;-23.43;-46.46;735;91.0;82.0;57.0;934.3;933.7;930.8;3;5;5;1.0;1.0;3.0;6.0;5.0;9.0;76.66666666666667;932.9333333333334;6.666666666666667;1.6666666666666667;3
83075;2009-10-19;2.6;26.5;17.4;1;2009;10;19;-23.43;-46.46;735;86.0;78.0;85.0;931.4;931.8;931.1;3;3;5;3.0;1.0;3.0;10.0;9.0;10.0;83.0;931.4333333333333;9.666666666666666;2.3333333333333335;3
83075;2009-10-20;27.4;28.1;17.2;4.3;2009;10;20;-23.43;-46.46;735;92.0;70.0;59.0;931.4;931.9;929.7;8;7;7;0.0;2.0;2.0;9.0;6.0;9.0;73.66666666666667;931.0;8.0;1.3333333333333333;7
83075;2009-10-21;0;28.9;15.9;4.7;2009;10;21;-23.43;-46.46;735;80.0;67.0;67.0;931.6;932.4;931.7;5;3;5;1.0;2.0;3.0;8.0;0.0;1.0;71.33333333333333;931.9;3.0;2.0;5
83075;2009-10-22;21;27.4;18.6;0.8;2009;10;22;-23.43;-46.46;735;85.0;74.0;63.0;931.6;930.2;929.0;3;7;7;1.0;3.0;1.0;9.0;10.0;9.0;74.0;930.2666666666668;9.333333333333334;1.6666666666666667;3
83075;2009-10-23;0;27.4;18.8;3.2;2009;10;23;-23.43;-46.46;735;82.0;76.0;61.0;930.1;931.2;929.2;4;5;4;1.0;2.0;2.0;9.0;8.0;6.0;73.0;930.1666666666666;7.666666666666667;1.6666666666666667;4
83075;2009-10-24;0;31.8;16.8;4.8;2009;10;24;-23.43;-46.46;735;80.0;61.0;48.0;931.5;931.7;930.3;3;1;7;3.0;3.0;2.0;10.0;1.0;10.0;63.0;931.1666666666666;7.0;2.6666666666666665;3
83075;2009-10-25;0;25.1;19.5;0;2009;10;25;-23.43;-46.46;735;76.0;78.0;70.0;930.3;930.8;930.4;3;5;5;1.0;2.0;3.0;10.0;10.0;10.0;74.66666666666667;930.5;10.0;2.0;3
83075;2009-10-26;0;29.8;18;1.5;2009;10;26;-23.43;-46.46;735;85.0;70.0;67.0;931.6;931.6;929.7;3;3;5;2.0;1.0;3.0;10.0;9.0;10.0;74.0;930.9666666666667;9.666666666666666;2.0;3
83075;2009-10-27;74.7;23;18.2;0;2009;10;27;-23.43;-46.46;735;92.0;81.0;88.0;931.0;933.2;933.7;5;5;5;1.0;1.0;3.0;8.0;9.0;10.0;87.0;932.6333333333333;9.0;1.6666666666666667;5
83075;2009-10-28;2.6;23;17.2;0;2009;10;28;-23.43;-46.46;735;95.0;79.0;76.0;934.5;935.9;935.2;5;5;5;3.0;2.0;3.0;10.0;10.0;10.0;83.33333333333333;935.2000000000002;10.0;2.6666666666666665;5
83075;2009-10-29;0;24.2;17.4;0.1;2009;10;29;-23.43;-46.46;735;82.0;81.0;75.0;935.2;935.1;934.2;5;5;5;3.0;2.0;3.0;9.0;9.0;9.0;79.33333333333333;934.8333333333334;9.0;2.6666666666666665;5
83075;2009-10-30;0;27.8;17.8;2.6;2009;10;30;-23.43;-46.46;735;81.0;76.0;58.0;933.7;933.1;930.9;5;5;5;3.0;2.0;3.0;10.0;9.0;6.0;71.66666666666667;932.5666666666667;8.333333333333334;2.6666666666666665;5
83075;2009-10-31;0;30;17.8;4.2;2009;10;31;-23.43;-46.46;735;78.0;68.0;57.0;932.5;933.1;931.6;3;5;3;1.0;1.0;3.0;10.0;5.0;5.0;67.66666666666667;932.4;6.666666666666667;1.6666666666666667;3
83075;2009-11-01;0.3;30.5;20.8;2.2;2009;11;1;-23.43;-46.46;735;81.0;64.0;52.0;937.4;937.4;936.6;3;3;7;1.0;1.0;3.0;10.0;9.0;9.0;65.66666666666667;937.1333333333333;9.333333333333334;1.6666666666666667;3
83075;2009-11-02;5.6;31.7;20.8;5.2;2009;11;2;-23.43;-46.46;735;87.0;71.0;82.0;933.4;933.1;932.2;3;7;7;1.0;2.0;2.0;10.0;9.0;9.0;80.0;932.9;9.333333333333334;1.6666666666666667;3
83075;2009-11-03;5.1;25.6;19.7;0;2009;11;3;-23.43;-46.46;735;91.0;84.0;73.0;933.3;933.9;933.1;3;8;7;1.0;0.0;1.0;10.0;10.0;10.0;82.66666666666667;933.4333333333333;10.0;0.6666666666666666;3
83075;2009-11-04;0;27.2;16.3;8.4;2009;11;4;-23.43;-46.46;735;80.0;67.0;58.0;933.7;935.1;934.9;5;3;3;2.0;2.0;3.0;9.0;0.0;4.0;68.33333333333333;934.5666666666667;4.333333333333333;2.3333333333333335;5
83075;2009-11-05;0.3;27.1;17.1;7.2;2009;11;5;-23.43;-46.46;735;86.0;79.0;56.0;935.5;935.8;934.1;3;7;7;1.0;1.0;2.0;9.0;8.0;6.0;73.66666666666667;935.1333333333333;7.666666666666667;1.3333333333333333;3
83075;2009-11-06;24.2;21.1;13.8;2.3;2009;11;6;-23.43;-46.46;735;91.0;91.0;76.0;937.2;938.6;937.8;8;8;7;0.0;0.0;1.0;10.0;9.0;8.0;86.0;937.8666666666668;9.0;0.3333333333333333;7
83075;2009-11-07;27.2;21.4;14.2;0;2009;11;7;-23.43;-46.46;735;95.0;95.0;93.0;933.1;931.2;930.3;3;8;7;1.0;0.0;1.0;10.0;10.0;10.0;94.33333333333333;931.5333333333334;10.0;0.6666666666666666;3
83075;2009-11-08;0.4;18.2;12.2;2.2;2009;11;8;-23.43;-46.46;735;67.0;82.0;75.0;937.9;940.4;940.3;5;5;5;3.0;1.0;3.0;9.0;10.0;9.0;74.66666666666667;939.5333333333333;9.333333333333334;2.3333333333333335;5
83075;2009-11-09;0;25.2;16.8;3.2;2009;11;9;-23.43;-46.46;735;85.0;83.0;68.0;941.6;942.9;940.6;3;5;5;3.0;1.0;3.0;10.0;10.0;6.0;78.66666666666667;941.6999999999999;8.666666666666666;2.3333333333333335;3
83075;2009-11-10;0;30;14.1;8.8;2009;11;10;-23.43;-46.46;735;84.0;73.0;47.0;936.6;935.0;931.1;3;7;7;3.0;1.0;1.0;10.0;5.0;4.0;68.0;934.2333333333332;6.333333333333333;1.6666666666666667;3
83075;2009-11-11;2.4;29.4;20.4;0;2009;11;11;-23.43;-46.46;735;84.0;75.0;76.0;931.4;932.1;930.5;3;8;5;2.0;0.0;5.0;9.0;10.0;9.0;78.33333333333333;931.3333333333334;9.333333333333334;2.3333333333333335;3
83075;2009-11-12;0;31.8;20;4.8;2009;11;12;-23.43;-46.46;735;84.0;72.0;55.0;935.8;935.7;932.8;5;8;3;1.0;0.0;3.0;10.0;8.0;10.0;70.33333333333333;934.7666666666668;9.333333333333334;1.3333333333333333;5
83075;2009-11-13;0;30.2;20.1;5;2009;11;13;-23.43;-46.46;735;79.0;68.0;63.0;931.7;932.3;931.8;3;3;3;2.0;2.0;3.0;9.0;8.0;6.0;70.0;931.9333333333334;7.666666666666667;2.3333333333333335;3
83075;2009-11-14;0;32.4;20.8;2;2009;11;14;-23.43;-46.46;735;81.0;61.0;58.0;932.7;932.6;932.0;3;7;7;3.0;3.0;2.0;10.0;10.0;10.0;66.66666666666667;932.4333333333334;10.0;2.6666666666666665;3
83075;2009-11-15;3.6;27.4;22.8;0;2009;11;15;-23.43;-46.46;735;77.0;90.0;74.0;933.0;932.4;930.6;7;5;5;2.0;2.0;2.0;9.0;10.0;8.0;80.33333333333333;932.0;9.0;2.0;7
83075;2009-11-16;15.2;27.3;19.4;2.4;2009;11;16;-23.43;-46.46;735;85.0;67.0;66.0;931.6;931.9;931.4;5;8;5;2.0;0.0;2.0;9.0;8.0;9.0;72.66666666666667;931.6333333333333;8.666666666666666;1.3333333333333333;5
83075;2009-11-17;0;28;17.5;6.7;2009;11;17;-23.43;-46.46;735;79.0;65.0;66.0;932.0;933.9;933.4;5;3;5;3.0;3.0;3.0;6.0;9.0;9.0;70.0;933.1;8.0;3.0;5
83075;2009-11-18;0;33.3;18.9;7.7;2009;11;18;-23.43;-46.46;735;82.0;73.0;48.0;933.6;934.4;931.6;3;3;7;2.0;3.0;2.0;6.0;4.0;9.0;67.66666666666667;933.1999999999999;6.333333333333333;2.3333333333333335;3
83075;2009-11-19;0;34.7;21.4;8.6;2009;11;19;-23.43;-46.46;735;77.0;59.0;48.0;932.0;932.2;931.3;8;7;7;0.0;4.0;2.0;0.0;1.0;2.0;61.333333333333336;931.8333333333334;1.0;2.0;7
83075;2009-11-20;0;32;22;2.1;2009;11;20;-23.43;-46.46;735;63.0;66.0;88.0;930.1;932.5;932.9;5;8;3;1.0;0.0;1.0;9.0;8.0;10.0;72.33333333333333;931.8333333333334;9.0;0.6666666666666666;5
83075;2009-11-21;10.7;27.8;20.5;0.3;2009;11;21;-23.43;-46.46;735;85.0;81.0;79.0;934.2;935.0;934.1;3;3;5;2.0;2.0;3.0;10.0;10.0;10.0;81.66666666666667;934.4333333333334;10.0;2.3333333333333335;3
83075;2009-11-22;16.4;27.6;20;0;2009;11;22;-23.43;-46.46;735;91.0;62.0;63.0;934.3;934.4;933.3;8;7;7;0.0;2.0;3.0;10.0;9.0;10.0;72.0;934.0;9.666666666666666;1.6666666666666667;7
83075;2009-11-23;4.2;29;21.3;0.3;2009;11;23;-23.43;-46.46;735;89.0;71.0;64.0;932.7;932.1;930.5;8;7;7;0.0;2.0;1.0;10.0;10.0;10.0;74.66666666666667;931.7666666666668;10.0;1.0;7
83075;2009-11-24;31.6;29.3;19.6;0.9;2009;11;24;-23.43;-46.46;735;91.0;74.0;71.0;930.9;931.5;930.6;8;3;8;0.0;1.0;0.0;9.0;4.0;10.0;78.66666666666667;931.0;7.666666666666667;0.3333333333333333;3
83075;2009-11-25;49.4;31.3;19.7;3.5;2009;11;25;-23.43;-46.46;735;95.0;82.0;57.0;931.2;932.5;931.5;5;3;5;2.0;1.0;1.0;10.0;10.0;9.0;78.0;931.7333333333332;9.666666666666666;1.3333333333333333;5
83075;2009-11-26;10.9;34;20.2;8;2009;11;26;-23.43;-46.46;735;84.0;62.0;48.0;931.7;932.9;931.2;5;7;7;1.0;3.0;3.0;10.0;8.0;8.0;64.66666666666667;931.9333333333334;8.666666666666666;2.3333333333333335;5
83075;2009-11-27;21.7;30.9;20.6;1.7;2009;11;27;-23.43;-46.46;735;90.0;74.0;59.0;932.2;933.0;931.3;5;7;7;1.0;3.0;1.0;10.0;8.0;8.0;74.33333333333333;932.1666666666666;8.666666666666666;1.6666666666666667;5
83075;2009-11-28;25;26.8;20.4;0.1;2009;11;28;-23.43;-46.46;735;89.0;86.0;70.0;931.7;931.7;929.2;3;7;7;1.0;3.0;1.0;10.0;10.0;9.0;81.66666666666667;930.8666666666668;9.666666666666666;1.6666666666666667;3
83075;2009-11-29;12.1;27;20.3;0.9;2009;11;29;-23.43;-46.46;735;91.0;86.0;78.0;928.9;930.4;928.9;8;7;7;0.0;3.0;3.0;10.0;10.0;9.0;85.0;929.4;9.666666666666666;2.0;7
83075;2009-11-30;1.2;31;21;5.6;2009;11;30;-23.43;-46.46;735;90.0;74.0;60.0;930.4;930.0;929.3;8;7;7;0.0;1.0;3.0;9.0;5.0;9.0;74.66666666666667;929.9;7.666666666666667;1.3333333333333333;7
83075;2009-12-01;0;33.3;21.6;8.3;2009;12;1;-23.43;-46.46;735;78.0;63.0;46.0;936.7;936.2;934.8;8;1;7;0.0;1.0;1.0;10.0;6.0;4.0;62.333333333333336;935.9;6.666666666666667;0.6666666666666666;1
83075;2009-12-02;12.1;23.8;18.9;0;2009;12;2;-23.43;-46.46;735;91.0;89.0;89.0;932.1;931.6;931.6;7;5;5;1.0;1.0;3.0;8.0;10.0;10.0;89.66666666666667;931.7666666666668;9.333333333333334;1.6666666666666667;7
83075;2009-12-03;6.4;30.6;20.7;4.5;2009;12;3;-23.43;-46.46;735;84.0;76.0;52.0;933.1;933.4;930.7;3;8;7;1.0;0.0;2.0;9.0;10.0;6.0;70.66666666666667;932.4;8.333333333333334;1.0;3
83075;2009-12-04;0;26.5;17;3.7;2009;12;4;-23.43;-46.46;735;81.0;88.0;62.0;935.1;936.5;936.1;3;3;5;1.0;1.0;2.0;0.0;10.0;8.0;77.0;935.9;6.0;1.3333333333333333;3
83075;2009-12-05;0;28.6;14.6;7;2009;12;5;-23.43;-46.46;735;77.0;89.0;55.0;934.5;935.3;933.9;8;3;5;0.0;1.0;1.0;0.0;2.0;5.0;73.66666666666667;934.5666666666666;2.3333333333333335;0.6666666666666666;3
83075;2009-12-06;0;18.3;12.8;0;2009;12;6;-23.43;-46.46;735;83.0;89.0;83.0;938.1;939.0;938.9;8;5;5;0.0;1.0;3.0;8.0;10.0;10.0;85.0;938.6666666666666;9.333333333333334;1.3333333333333333;5
83075;2009-12-07;30.4;17.7;11;4.4;2009;12;7;-23.43;-46.46;735;88.0;84.0;58.0;930.6;934.2;935.2;7;5;5;1.0;2.0;3.0;10.0;8.0;9.0;76.66666666666667;933.3333333333334;9.0;2.0;7
83075;2009-12-08;0;22.8;13.3;6.5;2009;12;8;-23.43;-46.46;735;83.0;76.0;56.0;941.6;942.2;941.0;5;5;3;1.0;3.0;1.0;9.0;9.0;1.0;71.66666666666667;941.6;6.333333333333333;1.6666666666666667;5
83075;2009-12-09;0;29.4;16.9;8.9;2009;12;9;-23.43;-46.46;735;82.0;71.0;45.0;940.6;940.7;936.4;3;3;7;1.0;1.0;3.0;10.0;2.0;8.0;66.0;939.2333333333335;6.666666666666667;1.6666666666666667;3
83075;2009-12-10;0;29.9;17.2;0.2;2009;12;10;-23.43;-46.46;735;84.0;66.0;85.0;931.0;930.9;930.7;8;8;7;0.0;0.0;1.0;0.0;10.0;10.0;78.33333333333333;930.8666666666668;6.666666666666667;0.3333333333333333;7
83075;2009-12-11;0;30.8;19.9;3.1;2009;12;11;-23.43;-46.46;735;82.0;68.0;64.0;931.2;931.7;930.9;3;5;5;2.0;3.0;3.0;8.0;9.0;10.0;71.33333333333333;931.2666666666668;9.0;2.6666666666666665;3
83075;2009-12-12;3;30.2;20.8;3.9;2009;12;12;-23.43;-46.46;735;80.0;77.0;78.0;932.5;931.7;929.3;6;7;5;1.0;1.0;1.0;10.0;8.0;8.0;78.33333333333333;931.1666666666666;8.666666666666666;1.0;6
83075;2009-12-13;18;22;16.3;0;2009;12;13;-23.43;-46.46;735;85.0;92.0;85.0;928.7;929.5;930.6;8;5;3;0.0;1.0;1.0;10.0;10.0;10.0;87.33333333333333;929.6;10.0;0.6666666666666666;5
83075;2009-12-14;3.4;22.9;16.1;0.1;2009;12;14;-23.43;-46.46;735;87.0;67.0;74.0;931.7;933.8;933.6;5;3;3;1.0;2.0;2.0;10.0;9.0;10.0;76.0;933.0333333333333;9.666666666666666;1.6666666666666667;5
83075;2009-12-15;0;30.4;18;0.8;2009;12;15;-23.43;-46.46;735;85.0;78.0;60.0;935.6;935.7;933.6;4;8;3;1.0;0.0;3.0;10.0;8.0;8.0;74.33333333333333;934.9666666666667;8.666666666666666;1.3333333333333333;4
83075;2009-12-16;0;31.1;18.9;2.3;2009;12;16;-23.43;-46.46;735;82.0;78.0;80.0;935.0;935.6;934.4;5;8;5;1.0;0.0;1.0;10.0;9.0;10.0;80.0;935.0;9.666666666666666;0.6666666666666666;5
83075;2009-12-17;21;31;18.6;0.8;2009;12;17;-23.43;-46.46;735;88.0;78.0;53.0;934.2;934.4;932.6;8;8;7;0.0;0.0;3.0;10.0;5.0;5.0;73.0;933.7333333333332;6.666666666666667;1.0;7
83075;2009-12-18;43.4;26.2;17.7;0.1;2009;12;18;-23.43;-46.46;735;94.0;79.0;66.0;934.4;934.9;935.3;8;3;3;0.0;2.0;1.0;10.0;10.0;8.0;79.66666666666667;934.8666666666667;9.333333333333334;1.0;3
83075;2009-12-19;0;27.4;18.2;6.1;2009;12;19;-23.43;-46.46;735;81.0;70.0;64.0;936.0;936.9;936.3;3;3;3;2.0;3.0;3.0;9.0;8.0;5.0;71.66666666666667;936.4;7.333333333333333;2.6666666666666665;3
83075;2009-12-20;0;32.3;18.3;7.1;2009;12;20;-23.43;-46.46;735;78.0;75.0;50.0;936.5;936.5;934.3;3;3;5;1.0;1.0;4.0;10.0;2.0;5.0;67.66666666666667;935.7666666666668;5.666666666666667;2.0;3
83075;2009-12-21;0;33.1;18.5;5.6;2009;12;21;-23.43;-46.46;735;83.0;80.0;46.0;934.8;934.9;933.7;8;3;7;0.0;1.0;3.0;4.0;1.0;4.0;69.66666666666667;934.4666666666666;3.0;1.3333333333333333;3
83075;2009-12-22;0;33.1;18.3;6.1;2009;12;22;-23.43;-46.46;735;70.0;64.0;46.0;933.9;934.8;934.4;5;7;5;1.0;2.0;2.0;0.0;6.0;6.0;60.0;934.3666666666667;4.0;1.6666666666666667;5
83075;2009-12-23;0;32.3;19.3;6.6;2009;12;23;-23.43;-46.46;735;70.0;71.0;49.0;934.6;935.3;934.8;5;5;5;1.0;1.0;2.0;8.0;6.0;6.0;63.333333333333336;934.9;6.666666666666667;1.3333333333333333;5
83075;2009-12-24;0;31.3;19.6;0.9;2009;12;24;-23.43;-46.46;735;81.0;77.0;56.0;935.2;935.0;932.4;5;5;7;1.0;1.0;2.0;5.0;9.0;9.0;71.33333333333333;934.1999999999999;7.666666666666667;1.3333333333333333;5
83075;2009-12-25;6.1;29.1;19.4;1.6;2009;12;25;-23.43;-46.46;735;86.0;83.0;81.0;932.7;932.7;930.5;7;7;7;2.0;2.0;1.0;9.0;10.0;8.0;83.33333333333333;931.9666666666667;9.0;1.6666666666666667;7
83075;2009-12-26;7.8;30.9;20.5;3;2009;12;26;-23.43;-46.46;735;91.0;77.0;65.0;930.5;930.4;928.6;7;7;7;1.0;1.0;1.0;9.0;9.0;9.0;77.66666666666667;929.8333333333334;9.0;1.0;7
83075;2009-12-27;12.1;32.1;20.9;3.5;2009;12;27;-23.43;-46.46;735;88.0;71.0;57.0;928.6;928.5;926.4;5;7;7;1.0;2.0;1.0;8.0;6.0;8.0;72.0;927.8333333333334;7.333333333333333;1.3333333333333333;5
83075;2009-12-28;44.4;29.2;20.5;0.5;2009;12;28;-23.43;-46.46;735;94.0;86.0;68.0;926.9;927.7;926.5;5;7;7;1.0;1.0;2.0;9.0;10.0;9.0;82.66666666666667;927.0333333333333;9.333333333333334;1.3333333333333333;5
83075;2009-12-29;25.3;26.9;20.8;0.1;2009;12;29;-23.43;-46.46;735;89.0;81.0;78.0;927.1;927.3;926.7;8;7;7;0.0;1.0;1.0;9.0;10.0;8.0;82.66666666666667;927.0333333333334;9.0;0.6666666666666666;7
83075;2009-12-30;1.1;31.2;21.8;0.4;2009;12;30;-23.43;-46.46;735;92.0;76.0;57.0;926.4;927.4;927.5;8;7;7;0.0;2.0;2.0;10.0;9.0;9.0;75.0;927.1;9.333333333333334;1.3333333333333333;7
83075;2009-12-31;1.5;29;21.4;3.2;2009;12;31;-23.43;-46.46;735;86.0;70.0;57.0;927.9;929.7;929.8;3;8;5;1.0;0.0;3.0;9.0;5.0;9.0;71.0;929.1333333333332;7.666666666666667;1.3333333333333333;3
83075;2010-01-01;9.4;24.8;19.3;0;2010;1;1;-23.43;-46.46;735;78.0;95.0;88.0;931.0;930.8;930.6;5;8;8;3.0;0.0;0.0;9.0;10.0;10.0;87.0;930.8000000000001;9.666666666666666;1.0;5
83075;2010-01-02;3.7;33;19.1;5.5;2010;1;2;-23.43;-46.46;735;86.0;66.0;53.0;935.8;936.1;934.6;7;1;5;1.0;1.0;1.0;9.0;5.0;8.0;68.33333333333333;935.5;7.333333333333333;1.0;7
83075;2010-01-03;28.7;19.7;16;0;2010;1;3;-23.43;-46.46;735;93.0;92.0;91.0;934.8;936.0;935.5;5;3;3;1.0;2.0;3.0;10.0;10.0;10.0;92.0;935.4333333333334;10.0;2.0;5
83075;2010-01-04;0;26.6;19.2;2.7;2010;1;4;-23.43;-46.46;735;79.0;74.0;73.0;934.0;934.5;934.5;3;3;3;3.0;2.0;3.0;9.0;9.0;10.0;75.33333333333333;934.3333333333334;9.333333333333334;2.6666666666666665;3
83075;2010-01-05;0;24;14.9;7.2;2010;1;5;-23.43;-46.46;735;82.0;80.0;47.0;937.1;937.7;936.8;5;8;5;1.0;0.0;1.0;0.0;4.0;1.0;69.66666666666667;937.2000000000002;1.6666666666666667;0.6666666666666666;5
83075;2010-01-06;0;16.7;12.6;1.1;2010;1;6;-23.43;-46.46;735;79.0;76.0;74.0;938.2;941.6;940.7;5;5;3;5.0;1.0;1.0;9.0;9.0;9.0;76.33333333333333;940.1666666666666;9.0;2.3333333333333335;5
83075;2010-01-08;0;24.4;14.9;8.1;2010;1;8;-23.43;-46.46;735;69.0;65.0;64.0;933.1;933.5;933.4;8;4;5;0.0;1.0;1.0;0.0;2.0;2.0;66.0;933.3333333333334;1.3333333333333333;0.6666666666666666;4
83075;2010-01-09;0;29.4;15.8;8.5;2010;1;9;-23.43;-46.46;735;82.0;57.0;44.0;936.8;938.0;937.3;8;3;8;0.0;1.0;0.0;0.0;0.0;1.0;61.0;937.3666666666667;0.3333333333333333;0.3333333333333333;3
83075;2010-01-10;0;22.4;19.2;0;2010;1;10;-23.43;-46.46;735;87.0;81.0;91.0;930.0;931.7;931.7;4;5;8;1.0;1.0;0.0;10.0;10.0;10.0;86.33333333333333;931.1333333333333;10.0;0.6666666666666666;4
83075;2010-01-11;0;23.8;17.6;0;2010;1;11;-23.43;-46.46;735;86.0;83.0;67.0;931.9;932.8;932.7;3;5;5;1.0;1.0;3.0;10.0;10.0;10.0;78.66666666666667;932.4666666666666;10.0;1.6666666666666667;3
83075;2010-01-12;13.9;28.8;19.9;2;2010;1;12;-23.43;-46.46;735;89.0;83.0;68.0;929.9;931.6;930.7;8;8;4;0.0;0.0;3.0;8.0;10.0;10.0;80.0;930.7333333333332;9.333333333333334;1.0;4
83075;2010-01-13;1.2;32.4;20.9;8.6;2010;1;13;-23.43;-46.46;735;82.0;64.0;54.0;933.5;934.3;932.1;5;7;7;3.0;1.0;3.0;10.0;4.0;8.0;66.66666666666667;933.3000000000001;7.333333333333333;2.3333333333333335;5
83075;2010-01-14;0;27.9;22;0;2010;1;14;-23.43;-46.46;735;71.0;77.0;73.0;932.4;933.0;932.4;7;7;7;1.0;3.0;1.0;10.0;10.0;10.0;73.66666666666667;932.6;10.0;1.6666666666666667;7
83075;2010-01-15;7.2;27.9;19.6;0;2010;1;15;-23.43;-46.46;735;54.0;88.0;73.0;933.3;936.7;936.8;8;3;3;0.0;1.0;2.0;10.0;10.0;10.0;71.66666666666667;935.6;10.0;1.0;3
83075;2010-01-16;0;28.7;18.8;0.9;2010;1;16;-23.43;-46.46;735;70.0;75.0;91.0;937.7;938.5;937.3;3;5;8;3.0;1.0;0.0;8.0;10.0;9.0;78.66666666666667;937.8333333333334;9.0;1.3333333333333333;3
83075;2010-01-17;33;30;19.9;0;2010;1;17;-23.43;-46.46;735;84.0;83.0;56.0;937.7;937.6;936.8;3;8;7;1.0;0.0;2.0;10.0;10.0;9.0;74.33333333333333;937.3666666666668;9.666666666666666;1.0;3
83075;2010-01-18;5.6;32;19.8;0.9;2010;1;18;-23.43;-46.46;735;81.0;68.0;61.0;937.0;936.8;935.0;7;1;7;1.0;3.0;5.0;10.0;9.0;10.0;70.0;936.2666666666668;9.666666666666666;3.0;7
83075;2010-01-19;17.8;32.8;20.2;3.3;2010;1;19;-23.43;-46.46;735;83.0;73.0;58.0;934.5;935.0;932.8;5;7;7;1.0;1.0;3.0;10.0;9.0;5.0;71.33333333333333;934.1;8.0;1.6666666666666667;5
83075;2010-01-20;18.1;32.9;20.2;4.6;2010;1;20;-23.43;-46.46;735;91.0;76.0;52.0;934.4;933.2;931.1;7;7;7;3.0;2.0;2.0;10.0;9.0;8.0;73.0;932.9;9.0;2.3333333333333335;7
83075;2010-01-21;48;29.3;20.4;0;2010;1;21;-23.43;-46.46;735;81.0;82.0;70.0;931.2;932.1;931.7;7;7;7;1.0;1.0;1.0;8.0;10.0;9.0;77.66666666666667;931.6666666666666;9.0;1.0;7
83075;2010-01-22;9.3;24.2;19.4;0.7;2010;1;22;-23.43;-46.46;735;90.0;78.0;78.0;932.8;933.2;933.3;7;7;7;2.0;2.0;2.0;10.0;10.0;10.0;82.0;933.1;10.0;2.0;7
83075;2010-01-23;1.5;27.4;19.8;1.7;2010;1;23;-23.43;-46.46;735;86.0;70.0;86.0;933.3;933.7;933.4;3;7;7;1.0;5.0;1.0;10.0;8.0;10.0;80.66666666666667;933.4666666666667;9.333333333333334;2.3333333333333335;3
83075;2010-01-24;21.6;25.9;18.3;1.6;2010;1;24;-23.43;-46.46;735;83.0;78.0;81.0;933.7;933.8;933.5;7;5;5;1.0;2.0;2.0;10.0;6.0;10.0;80.66666666666667;933.6666666666666;8.666666666666666;1.6666666666666667;7
83075;2010-01-25;9.7;28.8;18.9;1.9;2010;1;25;-23.43;-46.46;735;95.0;73.0;91.0;933.6;933.9;933.5;5;5;5;1.0;1.0;1.0;9.0;10.0;10.0;86.33333333333333;933.6666666666666;9.666666666666666;1.0;5
83075;2010-01-26;23.6;29.6;18.3;3.9;2010;1;26;-23.43;-46.46;735;93.0;81.0;91.0;933.4;933.6;932.5;8;5;5;0.0;1.0;2.0;10.0;9.0;10.0;88.33333333333333;933.1666666666666;9.666666666666666;1.0;5
83075;2010-01-27;24.2;30.4;18.1;2.5;2010;1;27;-23.43;-46.46;735;91.0;83.0;57.0;932.6;932.8;931.3;3;5;7;1.0;1.0;1.0;10.0;10.0;8.0;77.0;932.2333333333332;9.333333333333334;1.0;3
83075;2010-01-28;1.2;28.3;20.9;0;2010;1;28;-23.43;-46.46;735;90.0;82.0;88.0;932.2;932.4;932.1;8;3;5;0.0;1.0;1.0;10.0;10.0;10.0;86.66666666666667;932.2333333333332;10.0;0.6666666666666666;3
83075;2010-01-29;17.5;24.4;19.8;0;2010;1;29;-23.43;-46.46;735;90.0;88.0;86.0;932.0;932.7;932.9;3;7;7;1.0;1.0;1.0;10.0;10.0;10.0;88.0;932.5333333333333;10.0;1.0;3
83075;2010-01-30;4.5;26.5;20.3;0;2010;1;30;-23.43;-46.46;735;86.0;87.0;76.0;933.1;934.7;935.2;7;8;7;1.0;0.0;1.0;10.0;10.0;10.0;83.0;934.3333333333334;10.0;0.6666666666666666;7
83075;2010-01-31;0;32.9;20.5;2.6;2010;1;31;-23.43;-46.46;735;81.0;78.0;67.0;935.7;935.9;935.6;7;3;7;1.0;1.0;3.0;10.0;9.0;0.0;75.33333333333333;935.7333333333332;6.333333333333333;1.6666666666666667;7
83075;2010-02-01;23.1;30.6;19.2;0;2010;2;1;-23.43;-46.46;735;93.0;87.0;59.0;931.9;933.1;932.3;8;8;7;0.0;0.0;1.0;10.0;10.0;9.0;79.66666666666667;932.4333333333334;9.666666666666666;0.3333333333333333;7
83075;2010-02-02;19.2;33.3;19.1;5.2;2010;2;2;-23.43;-46.46;735;89.0;71.0;50.0;935.2;935.6;934.2;8;8;1;0.0;0.0;1.0;10.0;0.0;8.0;70.0;935.0;6.0;0.3333333333333333;1
83075;2010-02-03;5.2;21.8;16.3;0;2010;2;3;-23.43;-46.46;735;86.0;78.0;82.0;935.4;935.8;934.8;3;3;5;2.0;3.0;1.0;9.0;10.0;10.0;82.0;935.3333333333334;9.666666666666666;2.0;3
83075;2010-02-04;0;28.2;18.8;3.2;2010;2;4;-23.43;-46.46;735;81.0;79.0;60.0;934.7;935.7;934.5;3;3;3;3.0;1.0;1.0;10.0;10.0;9.0;73.33333333333333;934.9666666666667;9.666666666666666;1.6666666666666667;3
83075;2010-02-05;0;25.9;13.7;8.9;2010;2;5;-23.43;-46.46;735;86.0;78.0;52.0;937.0;937.3;936.1;8;3;8;0.0;1.0;0.0;2.0;1.0;1.0;72.0;936.8000000000001;1.3333333333333333;0.3333333333333333;3
83075;2010-02-06;0;20.9;12.3;4.5;2010;2;6;-23.43;-46.46;735;83.0;83.0;62.0;940.7;941.7;939.5;3;3;3;2.0;1.0;2.0;9.0;10.0;9.0;76.0;940.6333333333333;9.333333333333334;1.6666666666666667;3
83075;2010-02-08;0;19.4;14.8;0;2010;2;8;-23.43;-46.46;735;82.0;81.0;82.0;935.9;938.5;938.5;4;3;3;3.0;1.0;3.0;10.0;10.0;10.0;81.66666666666667;937.6333333333333;10.0;2.3333333333333335;4
83075;2010-02-10;13.2;24.5;15.8;0;2010;2;10;-23.43;-46.46;735;93.0;86.0;73.0;931.2;932.1;931.8;8;7;7;0.0;3.0;1.0;10.0;10.0;9.0;84.0;931.7000000000002;9.666666666666666;1.3333333333333333;7
83075;2010-02-11;0;26.6;15.7;4;2010;2;11;-23.43;-46.46;735;82.0;73.0;43.0;932.7;933.5;931.5;3;3;5;1.0;1.0;1.0;9.0;9.0;6.0;66.0;932.5666666666666;8.0;1.0;3
83075;2010-02-12;0.2;31.4;20.6;5.1;2010;2;12;-23.43;-46.46;735;85.0;77.0;59.0;931.1;931.2;928.6;8;8;7;0.0;0.0;3.0;10.0;9.0;9.0;73.66666666666667;930.3000000000001;9.333333333333334;1.0;7
83075;2010-02-13;0;33.2;20.6;4;2010;2;13;-23.43;-46.46;735;77.0;79.0;48.0;935.4;936.5;935.0;5;8;3;1.0;0.0;2.0;10.0;9.0;8.0;68.0;935.6333333333333;9.0;1.0;5
83075;2010-02-14;0;34.2;21.4;8.5;2010;2;14;-23.43;-46.46;735;78.0;61.0;42.0;935.0;935.5;933.8;8;7;3;0.0;1.0;1.0;0.0;4.0;4.0;60.333333333333336;934.7666666666668;2.6666666666666665;0.6666666666666666;7
83075;2010-02-15;0;35;22.7;9;2010;2;15;-23.43;-46.46;735;60.0;65.0;44.0;933.7;933.8;932.3;8;8;7;0.0;0.0;2.0;0.0;9.0;4.0;56.333333333333336;933.2666666666668;4.333333333333333;0.6666666666666666;7
83075;2010-02-16;0;33.6;21.6;7.1;2010;2;16;-23.43;-46.46;735;65.0;61.0;49.0;930.7;932.6;931.5;8;3;7;0.0;3.0;5.0;10.0;2.0;5.0;58.333333333333336;931.6;5.666666666666667;2.6666666666666665;3
83075;2010-02-17;0;32;20.5;1.6;2010;2;17;-23.43;-46.46;735;69.0;66.0;72.0;932.4;933.0;933.1;8;5;5;0.0;1.0;5.0;9.0;8.0;10.0;69.0;932.8333333333334;9.0;2.0;5
83075;2010-02-18;21.4;26;20.5;0;2010;2;18;-23.43;-46.46;735;88.0;88.0;75.0;934.3;935.1;934.8;8;5;3;0.0;1.0;2.0;10.0;10.0;9.0;83.66666666666667;934.7333333333332;9.666666666666666;1.0;5
83075;2010-02-19;0.3;27.5;20.7;1.8;2010;2;19;-23.43;-46.46;735;86.0;73.0;73.0;935.8;936.6;937.1;3;8;7;1.0;0.0;1.0;8.0;9.0;9.0;77.33333333333333;936.5;8.666666666666666;0.6666666666666666;3
83075;2010-02-20;0;30.3;20.1;0.2;2010;2;20;-23.43;-46.46;735;83.0;77.0;73.0;937.2;938.1;936.2;3;8;3;3.0;0.0;3.0;10.0;10.0;8.0;77.66666666666667;937.1666666666666;9.333333333333334;2.0;3
83075;2010-02-21;0;33.5;20.2;9.4;2010;2;21;-23.43;-46.46;735;77.0;75.0;48.0;936.9;936.6;933.8;8;3;7;0.0;1.0;3.0;9.0;0.0;5.0;66.66666666666667;935.7666666666668;4.666666666666667;1.3333333333333333;3
83075;2010-02-22;0;34;21.3;8.9;2010;2;22;-23.43;-46.46;735;76.0;67.0;48.0;934.2;934.1;930.9;3;8;7;1.0;0.0;3.0;1.0;1.0;6.0;63.666666666666664;933.0666666666667;2.6666666666666665;1.3333333333333333;3
83075;2010-02-23;0.2;34.2;21.5;9.1;2010;2;23;-23.43;-46.46;735;74.0;65.0;47.0;931.8;932.9;931.1;5;7;7;1.0;1.0;1.0;9.0;1.0;2.0;62.0;931.9333333333333;4.0;1.0;5
83075;2010-02-24;31;32.9;21.5;3.1;2010;2;24;-23.43;-46.46;735;90.0;66.0;56.0;932.2;933.1;930.5;7;7;3;3.0;2.0;3.0;10.0;8.0;10.0;70.66666666666667;931.9333333333334;9.333333333333334;2.6666666666666665;7
83075;2010-02-25;31.5;25.5;18.2;0;2010;2;25;-23.43;-46.46;735;86.0;88.0;82.0;932.2;932.7;932.9;8;8;5;0.0;0.0;2.0;10.0;10.0;10.0;85.33333333333333;932.6;10.0;0.6666666666666666;5
83075;2010-02-26;5;23.7;18;0;2010;2;26;-23.43;-46.46;735;90.0;79.0;65.0;935.6;935.7;935.7;3;5;5;5.0;3.0;3.0;10.0;10.0;10.0;78.0;935.6666666666666;10.0;3.6666666666666665;3
83075;2010-02-27;0;26.3;17.9;1.5;2010;2;27;-23.43;-46.46;735;80.0;71.0;66.0;935.5;935.7;934.8;3;3;3;3.0;3.0;3.0;10.0;5.0;10.0;72.33333333333333;935.3333333333334;8.333333333333334;3.0;3
83075;2010-02-28;0;22.4;17.9;0;2010;2;28;-23.43;-46.46;735;81.0;84.0;92.0;934.6;935.0;934.3;3;3;3;2.0;2.0;1.0;10.0;10.0;10.0;85.66666666666667;934.6333333333332;10.0;1.6666666666666667;3
83075;2010-03-01;4.8;32.5;21.1;2;2010;3;1;-23.43;-46.46;735;93.0;79.0;73.0;933.7;935.0;934.6;8;8;5;0.0;0.0;3.0;10.0;9.0;8.0;81.66666666666667;934.4333333333334;9.0;1.0;5
83075;2010-03-02;17.6;33.8;19;6.8;2010;3;2;-23.43;-46.46;735;88.0;74.0;49.0;934.5;934.8;932.6;3;8;5;1.0;0.0;2.0;10.0;0.0;6.0;70.33333333333333;933.9666666666667;5.333333333333333;1.0;3
83075;2010-03-03;0.1;23.6;16.7;0;2010;3;3;-23.43;-46.46;735;88.0;74.0;80.0;935.0;935.4;934.1;5;3;5;1.0;2.0;1.0;9.0;10.0;10.0;80.66666666666667;934.8333333333334;9.666666666666666;1.3333333333333333;5
83075;2010-03-04;2.8;24.4;19.9;0;2010;3;4;-23.43;-46.46;735;83.0;88.0;87.0;934.6;934.9;934.1;5;8;3;1.0;0.0;1.0;10.0;10.0;10.0;86.0;934.5333333333333;10.0;0.6666666666666666;5
83075;2010-03-05;0;28.9;15;8;2010;3;5;-23.43;-46.46;735;80.0;86.0;49.0;937.2;937.6;935.6;8;8;1;0.0;0.0;2.0;0.0;5.0;4.0;71.66666666666667;936.8000000000001;3.0;0.6666666666666666;1
83075;2010-03-06;0;21.2;14.1;4.1;2010;3;6;-23.43;-46.46;735;82.0;77.0;66.0;940.3;941.2;940.6;3;3;3;2.0;1.0;2.0;8.0;5.0;8.0;75.0;940.6999999999999;7.0;1.6666666666666667;3
83075;2010-03-07;0;23.4;11.3;6.6;2010;3;7;-23.43;-46.46;735;85.0;92.0;53.0;939.5;941.0;939.8;5;8;8;1.0;0.0;0.0;0.0;10.0;0.0;76.66666666666667;940.1;3.3333333333333335;0.3333333333333333;5
83075;2010-03-08;0;16.5;13.6;0;2010;3;8;-23.43;-46.46;735;85.0;84.0;83.0;939.2;940.5;939.8;5;5;4;2.0;3.0;3.0;10.0;10.0;10.0;84.0;939.8333333333334;10.0;2.6666666666666665;5
83075;2010-03-09;0;31.4;16.4;8.7;2010;3;9;-23.43;-46.46;735;56.0;56.0;37.0;937.9;938.4;935.4;8;8;7;0.0;0.0;1.0;0.0;0.0;0.0;49.666666666666664;937.2333333333332;0.0;0.3333333333333333;7
83075;2010-03-10;0.8;17.1;13.7;0;2010;3;10;-23.43;-46.46;735;89.0;86.0;85.0;934.7;937.9;937.6;5;5;5;1.0;2.0;2.0;10.0;10.0;10.0;86.66666666666667;936.7333333333332;10.0;1.6666666666666667;5
83075;2010-03-11;0;28.8;15.7;10.1;2010;3;11;-23.43;-46.46;735;81.0;70.0;52.0;931.2;932.0;931.2;5;8;3;1.0;0.0;3.0;10.0;4.0;5.0;67.66666666666667;931.4666666666667;6.333333333333333;1.3333333333333333;5
83075;2010-03-12;15.3;32.6;21;6.7;2010;3;12;-23.43;-46.46;735;90.0;75.0;57.0;928.3;930.0;928.4;8;7;7;0.0;2.0;3.0;9.0;10.0;9.0;74.0;928.9;9.333333333333334;1.6666666666666667;7
83075;2010-03-13;0;33.7;21.5;9.4;2010;3;13;-23.43;-46.46;735;69.0;63.0;42.0;929.6;931.2;930.3;3;5;7;1.0;1.0;1.0;1.0;0.0;2.0;58.0;930.3666666666668;1.0;1.0;3
83075;2010-03-14;0;33.4;20.8;3.5;2010;3;14;-23.43;-46.46;735;70.0;64.0;74.0;930.7;931.5;930.7;7;7;7;1.0;3.0;2.0;0.0;4.0;9.0;69.33333333333333;930.9666666666667;4.333333333333333;2.0;7
83075;2010-03-15;7.8;27.6;20.4;1.5;2010;3;15;-23.43;-46.46;735;89.0;86.0;68.0;932.3;934.1;933.4;7;3;7;1.0;1.0;1.0;9.0;10.0;9.0;81.0;933.2666666666668;9.333333333333334;1.0;7
83075;2010-03-16;0;28.1;20.8;5.4;2010;3;16;-23.43;-46.46;735;76.0;71.0;54.0;934.1;936.7;936.7;7;5;5;1.0;2.0;4.0;6.0;9.0;5.0;67.0;935.8333333333334;6.666666666666667;2.3333333333333335;7
83075;2010-03-17;0;25.1;18.5;1.5;2010;3;17;-23.43;-46.46;735;78.0;72.0;73.0;937.4;938.2;938.0;3;3;5;3.0;3.0;4.0;5.0;10.0;10.0;74.33333333333333;937.8666666666667;8.333333333333334;3.3333333333333335;3
83075;2010-03-18;0;27.8;17.8;4.3;2010;3;18;-23.43;-46.46;735;77.0;81.0;59.0;938.4;938.9;937.3;3;3;3;1.0;1.0;2.0;9.0;10.0;2.0;72.33333333333333;938.1999999999999;7.0;1.3333333333333333;3
83075;2010-03-19;0;29.6;19.5;3.5;2010;3;19;-23.43;-46.46;735;81.0;75.0;56.0;936.9;937.0;934.9;3;3;5;3.0;1.0;1.0;10.0;2.0;8.0;70.66666666666667;936.2666666666668;6.666666666666667;1.6666666666666667;3
83075;2010-03-20;7.9;32.2;17.9;8.6;2010;3;20;-23.43;-46.46;735;88.0;72.0;47.0;935.1;934.8;930.7;8;8;7;0.0;0.0;3.0;0.0;0.0;9.0;69.0;933.5333333333334;3.0;1.0;7
83075;2010-03-21;13;29.8;19;5.6;2010;3;21;-23.43;-46.46;735;85.0;90.0;60.0;931.8;931.4;928.5;5;5;7;2.0;1.0;3.0;10.0;10.0;2.0;78.33333333333333;930.5666666666666;7.333333333333333;2.0;5
83075;2010-03-22;0;31.7;19.1;6.6;2010;3;22;-23.43;-46.46;735;80.0;75.0;57.0;928.6;929.6;928.2;8;7;1;0.0;2.0;3.0;2.0;6.0;9.0;70.66666666666667;928.8000000000001;5.666666666666667;1.6666666666666667;7
83075;2010-03-23;0;31.9;20.6;7.5;2010;3;23;-23.43;-46.46;735;76.0;64.0;70.0;930.1;932.2;931.5;8;7;5;0.0;1.0;2.0;9.0;0.0;9.0;70.0;931.2666666666668;6.0;1.0;7
83075;2010-03-24;0.1;32.9;20.4;7.9;2010;3;24;-23.43;-46.46;735;83.0;71.0;51.0;933.2;934.3;933.0;5;8;3;1.0;0.0;1.0;9.0;8.0;9.0;68.33333333333333;933.5;8.666666666666666;0.6666666666666666;5
83075;2010-03-25;0;30.5;20.2;1.8;2010;3;25;-23.43;-46.46;735;82.0;78.0;78.0;933.5;935.2;933.9;3;5;5;1.0;1.0;2.0;2.0;9.0;9.0;79.33333333333333;934.1999999999999;6.666666666666667;1.3333333333333333;3
83075;2010-03-26;9.9;29.7;20.1;1.1;2010;3;26;-23.43;-46.46;735;91.0;78.0;78.0;935.3;936.6;935.4;5;3;5;1.0;1.0;3.0;10.0;6.0;10.0;82.33333333333333;935.7666666666668;8.666666666666666;1.6666666666666667;5
83075;2010-03-27;14.6;31.5;20;4.9;2010;3;27;-23.43;-46.46;735;90.0;79.0;55.0;935.2;935.5;933.0;8;3;7;0.0;1.0;3.0;6.0;9.0;10.0;74.66666666666667;934.5666666666666;8.333333333333334;1.3333333333333333;3
83075;2010-03-28;0;30.9;20.6;3.3;2010;3;28;-23.43;-46.46;735;88.0;85.0;62.0;933.6;934.1;932.2;5;5;7;1.0;1.0;3.0;10.0;9.0;9.0;78.33333333333333;933.3000000000001;9.333333333333334;1.6666666666666667;5
83075;2010-03-29;1;31.2;20;5.9;2010;3;29;-23.43;-46.46;735;90.0;72.0;62.0;932.5;932.9;931.7;5;8;7;1.0;0.0;1.0;9.0;9.0;9.0;74.66666666666667;932.3666666666668;9.0;0.6666666666666666;5
83075;2010-03-30;16.8;29.6;19.4;3.8;2010;3;30;-23.43;-46.46;735;93.0;83.0;67.0;933.0;934.0;932.8;5;5;5;1.0;1.0;2.0;10.0;9.0;9.0;81.0;933.2666666666668;9.333333333333334;1.3333333333333333;5
83075;2010-03-31;0.1;27.8;19.3;4;2010;3;31;-23.43;-46.46;735;82.0;78.0;67.0;933.8;935.3;934.0;5;3;3;2.0;1.0;3.0;9.0;9.0;9.0;75.66666666666667;934.3666666666667;9.0;2.0;5
83075;2010-04-01;0;32.6;20.6;3.2;2010;4;1;-23.43;-46.46;735;84.0;75.0;89.0;934.8;935.3;935.0;5;3;8;1.0;2.0;0.0;5.0;5.0;10.0;82.66666666666667;935.0333333333333;6.666666666666667;1.0;5
83075;2010-04-02;12.4;33.8;20.5;4.9;2010;4;2;-23.43;-46.46;735;90.0;68.0;75.0;933.2;933.9;932.9;8;1;7;0.0;2.0;1.0;6.0;8.0;8.0;77.66666666666667;933.3333333333334;7.333333333333333;1.0;1
83075;2010-04-03;11.3;24.8;18.9;0.1;2010;4;3;-23.43;-46.46;735;89.0;81.0;76.0;933.9;935.0;934.1;3;3;5;1.0;1.0;3.0;9.0;10.0;10.0;82.0;934.3333333333334;9.666666666666666;1.6666666666666667;3
83075;2010-04-04;31.3;28.2;19.9;3.6;2010;4;4;-23.43;-46.46;735;91.0;82.0;71.0;934.2;934.9;932.6;8;8;7;0.0;0.0;2.0;10.0;9.0;9.0;81.33333333333333;933.9;9.333333333333334;0.6666666666666666;7
83075;2010-04-05;0;29.2;16.4;8;2010;4;5;-23.43;-46.46;735;71.0;72.0;49.0;935.9;935.8;933.9;8;8;7;0.0;0.0;1.0;2.0;0.0;10.0;64.0;935.1999999999999;4.0;0.3333333333333333;7
83075;2010-04-06;0;22.9;14.3;3;2010;4;6;-23.43;-46.46;735;90.0;83.0;68.0;941.4;940.7;938.0;3;3;3;1.0;1.0;1.0;0.0;9.0;9.0;80.33333333333333;940.0333333333333;6.0;1.0;3
83075;2010-04-07;0;23;12;5.4;2010;4;7;-23.43;-46.46;735;90.0;84.0;52.0;940.1;940.9;939.4;8;3;3;0.0;3.0;1.0;5.0;10.0;0.0;75.33333333333333;940.1333333333333;5.0;1.3333333333333333;3
83075;2010-04-08;0;15.3;12;0;2010;4;8;-23.43;-46.46;735;85.0;94.0;83.0;939.8;940.9;940.2;4;8;8;1.0;0.0;0.0;10.0;10.0;10.0;87.33333333333333;940.2999999999998;10.0;0.3333333333333333;4
83075;2010-04-09;0;32.5;16.8;8.4;2010;4;9;-23.43;-46.46;735;58.0;58.0;29.0;935.2;935.9;932.9;8;8;7;0.0;0.0;2.0;0.0;0.0;0.0;48.333333333333336;934.6666666666666;0.0;0.6666666666666666;7
83075;2010-04-10;0.6;19.4;13.6;0;2010;4;10;-23.43;-46.46;735;92.0;79.0;78.0;937.8;937.8;935.5;8;5;8;0.0;1.0;0.0;10.0;10.0;10.0;83.0;937.0333333333333;10.0;0.3333333333333333;5
83075;2010-04-11;0;31;15.6;8.1;2010;4;11;-23.43;-46.46;735;83.0;67.0;53.0;931.5;932.3;931.1;5;8;3;1.0;0.0;1.0;0.0;1.0;9.0;67.66666666666667;931.6333333333333;3.3333333333333335;0.6666666666666666;5
83075;2010-04-12;7.2;30.9;20.4;4.6;2010;4;12;-23.43;-46.46;735;90.0;79.0;76.0;929.7;929.8;929.6;8;8;3;0.0;0.0;3.0;9.0;8.0;10.0;81.66666666666667;929.6999999999999;9.0;1.0;3
83075;2010-04-13;0;26.1;15.4;8.3;2010;4;13;-23.43;-46.46;735;82.0;74.0;54.0;938.4;940.0;939.0;5;3;3;1.0;3.0;2.0;2.0;2.0;4.0;70.0;939.1333333333333;2.6666666666666665;2.0;5
83075;2010-04-14;0;27.3;16;7.7;2010;4;14;-23.43;-46.46;735;81.0;79.0;55.0;939.6;940.4;938.9;3;7;3;2.0;1.0;1.0;2.0;1.0;5.0;71.66666666666667;939.6333333333333;2.6666666666666665;1.3333333333333333;3
83075;2010-04-15;0;28.2;17.6;6.7;2010;4;15;-23.43;-46.46;735;82.0;80.0;51.0;938.5;938.5;935.5;5;3;8;2.0;1.0;0.0;9.0;9.0;9.0;71.0;937.5;9.0;1.0;5
83075;2010-04-16;0;29;17.5;7.2;2010;4;16;-23.43;-46.46;735;81.0;77.0;49.0;936.0;937.0;935.0;5;8;8;1.0;0.0;0.0;5.0;1.0;4.0;69.0;936.0;3.3333333333333335;0.3333333333333333;5
83075;2010-04-17;0;29.8;17.5;8.5;2010;4;17;-23.43;-46.46;735;61.0;67.0;35.0;935.7;937.0;936.7;4;7;8;1.0;1.0;0.0;8.0;8.0;9.0;54.333333333333336;936.4666666666667;8.333333333333334;0.6666666666666666;4
83075;2010-04-18;0;27.6;16.6;8.3;2010;4;18;-23.43;-46.46;735;80.0;70.0;43.0;937.5;939.0;938.1;8;5;1;0.0;1.0;5.0;0.0;2.0;8.0;64.33333333333333;938.1999999999999;3.3333333333333335;2.0;5
83075;2010-04-19;0;29.8;16;7.4;2010;4;19;-23.43;-46.46;735;77.0;86.0;40.0;938.2;938.1;935.9;8;3;7;0.0;1.0;1.0;0.0;4.0;9.0;67.66666666666667;937.4000000000001;4.333333333333333;0.6666666666666666;3
83075;2010-04-20;0;30.7;16.6;8.3;2010;4;20;-23.43;-46.46;735;66.0;71.0;48.0;935.8;936.2;933.5;8;8;7;0.0;0.0;2.0;1.0;9.0;2.0;61.666666666666664;935.1666666666666;4.0;0.6666666666666666;7
83075;2010-04-21;0;31.1;18.9;8.6;2010;4;21;-23.43;-46.46;735;64.0;74.0;45.0;933.4;933.9;933.2;3;8;5;1.0;0.0;1.0;2.0;2.0;8.0;61.0;933.5;4.0;0.6666666666666666;3
83075;2010-04-22;0;30.9;20.1;6.8;2010;4;22;-23.43;-46.46;735;75.0;71.0;53.0;933.5;933.5;931.5;8;7;7;0.0;1.0;3.0;5.0;10.0;10.0;66.33333333333333;932.8333333333334;8.333333333333334;1.3333333333333333;7
83075;2010-04-23;0;28.8;19.1;0.3;2010;4;23;-23.43;-46.46;735;72.0;67.0;64.0;932.3;933.1;933.3;8;8;7;0.0;0.0;1.0;10.0;10.0;10.0;67.66666666666667;932.9;10.0;0.3333333333333333;7
83075;2010-04-24;12.2;23.9;18.3;0;2010;4;24;-23.43;-46.46;735;91.0;85.0;75.0;936.1;937.4;936.4;8;5;3;0.0;2.0;1.0;10.0;10.0;10.0;83.66666666666667;936.6333333333333;10.0;1.0;5
83075;2010-04-25;0;30.1;19.9;6.4;2010;4;25;-23.43;-46.46;735;85.0;85.0;67.0;936.3;936.7;933.6;8;8;5;0.0;0.0;1.0;9.0;5.0;6.0;79.0;935.5333333333333;6.666666666666667;0.3333333333333333;5
83075;2010-04-26;2.4;30.5;19.5;8.4;2010;4;26;-23.43;-46.46;735;90.0;76.0;47.0;933.9;934.5;932.4;8;8;7;0.0;0.0;1.0;8.0;0.0;2.0;71.0;933.6;3.3333333333333335;0.3333333333333333;7
83075;2010-04-27;0;25.8;18.5;1.2;2010;4;27;-23.43;-46.46;735;64.0;70.0;83.0;933.1;934.1;934.2;7;7;5;1.0;1.0;3.0;9.0;10.0;10.0;72.33333333333333;933.8000000000001;9.666666666666666;1.6666666666666667;7
83075;2010-04-28;4;24.5;17.9;1.6;2010;4;28;-23.43;-46.46;735;88.0;80.0;72.0;935.6;936.9;936.5;5;3;3;2.0;1.0;3.0;10.0;9.0;9.0;80.0;936.3333333333334;9.333333333333334;2.0;5
83075;2010-04-29;0;22.5;17;0.3;2010;4;29;-23.43;-46.46;735;84.0;83.0;69.0;937.4;938.5;938.2;3;3;3;3.0;1.0;1.0;9.0;10.0;6.0;78.66666666666667;938.0333333333334;8.333333333333334;1.6666666666666667;3
83075;2010-04-30;0;23.6;16;5.5;2010;4;30;-23.43;-46.46;735;81.0;69.0;72.0;937.7;938.2;936.1;3;3;3;3.0;1.0;2.0;10.0;0.0;8.0;74.0;937.3333333333334;6.0;2.0;3
83075;2010-05-01;22.2;32.1;20.4;3;2010;5;1;-23.43;-46.46;735;93.0;77.0;70.0;934.6;934.2;931.2;8;1;7;0.0;1.0;1.0;8.0;6.0;9.0;80.0;933.3333333333334;7.666666666666667;0.6666666666666666;1
83075;2010-05-02;6.8;34.2;19.5;6.8;2010;5;2;-23.43;-46.46;735;84.0;71.0;45.0;933.2;933.9;932.2;8;3;5;0.0;1.0;1.0;5.0;0.0;6.0;66.66666666666667;933.1;3.6666666666666665;0.6666666666666666;3
83075;2010-05-03;0;25.5;19;0.5;2010;5;3;-23.43;-46.46;735;84.0;79.0;72.0;933.8;934.9;933.2;3;3;3;3.0;2.0;3.0;10.0;10.0;10.0;78.33333333333333;933.9666666666666;10.0;2.6666666666666665;3
83075;2010-05-04;18.4;22.6;17.4;0;2010;5;4;-23.43;-46.46;735;89.0;82.0;92.0;933.0;934.6;934.6;8;5;5;0.0;3.0;2.0;10.0;10.0;10.0;87.66666666666667;934.0666666666666;10.0;1.6666666666666667;5
83075;2010-05-05;0;28.4;17.8;8.1;2010;5;5;-23.43;-46.46;735;74.0;70.0;56.0;933.4;934.4;932.7;8;8;7;0.0;0.0;2.0;8.0;1.0;4.0;66.66666666666667;933.5;4.333333333333333;0.6666666666666666;7
83075;2010-05-06;8.3;22.6;15.4;4.8;2010;5;6;-23.43;-46.46;735;82.0;94.0;60.0;935.6;934.4;933.6;3;7;7;1.0;1.0;1.0;10.0;10.0;6.0;78.66666666666667;934.5333333333333;8.666666666666666;1.0;3
83075;2010-05-07;0;24.5;13.2;7.3;2010;5;7;-23.43;-46.46;735;87.0;86.0;50.0;939.4;939.5;938.7;3;8;8;1.0;0.0;0.0;9.0;9.0;0.0;74.33333333333333;939.2000000000002;6.0;0.3333333333333333;3
83075;2010-05-08;0;18;11;0;2010;5;8;-23.43;-46.46;735;88.0;85.0;80.0;940.1;940.8;939.1;5;8;3;1.0;0.0;3.0;10.0;10.0;10.0;84.33333333333333;940.0;10.0;1.3333333333333333;5
83075;2010-05-09;0;24.8;13.7;0;2010;5;9;-23.43;-46.46;735;53.0;87.0;79.0;932.7;936.6;936.6;8;5;5;0.0;1.0;3.0;0.0;10.0;10.0;73.0;935.3000000000001;6.666666666666667;1.3333333333333333;5
83075;2010-05-10;0;24.5;15.5;3.1;2010;5;10;-23.43;-46.46;735;91.0;75.0;83.0;935.1;934.9;934.3;3;5;5;1.0;1.0;1.0;10.0;8.0;10.0;83.0;934.7666666666668;9.333333333333334;1.0;3
83075;2010-05-11;0;31.8;18.9;5.2;2010;5;11;-23.43;-46.46;735;77.0;57.0;45.0;931.2;931.3;929.0;3;7;7;1.0;3.0;1.0;2.0;9.0;10.0;59.666666666666664;930.5;7.0;1.6666666666666667;3
83075;2010-05-12;0;32.6;20.3;5.7;2010;5;12;-23.43;-46.46;735;95.0;71.0;95.0;930.9;930.6;929.6;4;8;5;1.0;0.0;2.0;10.0;4.0;10.0;87.0;930.3666666666667;8.0;1.0;4
83075;2010-05-13;0;21.8;10.5;8.1;2010;5;13;-23.43;-46.46;735;60.0;72.0;60.0;933.1;935.2;934.6;7;7;7;3.0;5.0;2.0;0.0;1.0;5.0;64.0;934.3000000000001;2.0;3.3333333333333335;7
83075;2010-05-14;0;21.2;13.7;1.9;2010;5;14;-23.43;-46.46;735;73.0;87.0;62.0;936.8;937.6;937.9;5;8;3;1.0;0.0;1.0;0.0;10.0;10.0;74.0;937.4333333333334;6.666666666666667;0.6666666666666666;5
83075;2010-05-15;0;24.2;14.9;5.7;2010;5;15;-23.43;-46.46;735;85.0;87.0;64.0;937.5;937.8;934.8;3;3;1;1.0;1.0;1.0;10.0;10.0;6.0;78.66666666666667;936.6999999999999;8.666666666666666;1.0;3
83075;2010-05-16;0;26.9;13;5.9;2010;5;16;-23.43;-46.46;735;88.0;86.0;51.0;935.9;936.3;934.9;8;3;7;0.0;1.0;1.0;0.0;9.0;10.0;75.0;935.6999999999999;6.333333333333333;0.6666666666666666;3
83075;2010-05-17;0;22.2;15.9;0;2010;5;17;-23.43;-46.46;735;75.0;78.0;69.0;936.4;937.2;931.9;8;3;5;0.0;1.0;2.0;0.0;10.0;10.0;74.0;935.1666666666666;6.666666666666667;1.0;3
83075;2010-05-18;0;23;15.9;2;2010;5;18;-23.43;-46.46;735;87.0;84.0;73.0;937.6;937.2;934.8;3;0;8;1.0;1.0;0.0;9.0;9.0;10.0;81.33333333333333;936.5333333333334;9.333333333333334;0.6666666666666666;3
83075;2010-05-19;6.5;22.1;16.3;0.6;2010;5;19;-23.43;-46.46;735;82.0;90.0;81.0;934.0;934.4;933.2;3;8;7;1.0;0.0;2.0;10.0;10.0;9.0;84.33333333333333;933.8666666666668;9.666666666666666;1.0;3
83075;2010-05-20;12.2;18.8;13;6;2010;5;20;-23.43;-46.46;735;85.0;73.0;64.0;933.4;933.8;934.1;7;7;7;2.0;1.0;3.0;2.0;9.0;8.0;74.0;933.7666666666665;6.333333333333333;2.0;7
83075;2010-05-21;0;20.6;13;1.7;2010;5;21;-23.43;-46.46;735;78.0;83.0;70.0;934.5;935.1;933.9;7;7;8;1.0;1.0;0.0;0.0;10.0;6.0;77.0;934.5;5.333333333333333;0.6666666666666666;7
83075;2010-05-22;0;23.9;13.8;5.6;2010;5;22;-23.43;-46.46;735;85.0;90.0;59.0;934.5;934.8;932.7;5;8;5;1.0;0.0;3.0;5.0;9.0;9.0;78.0;934.0;7.666666666666667;1.3333333333333333;5
83075;2010-05-23;0;22.1;15.3;0.2;2010;5;23;-23.43;-46.46;735;82.0;85.0;56.0;933.5;934.3;934.3;5;8;5;1.0;0.0;1.0;8.0;10.0;8.0;74.33333333333333;934.0333333333333;8.666666666666666;0.6666666666666666;5
83075;2010-05-24;0;23.6;14.7;3.1;2010;5;24;-23.43;-46.46;735;91.0;85.0;65.0;934.4;935.4;933.5;8;3;8;0.0;1.0;0.0;4.0;10.0;10.0;80.33333333333333;934.4333333333334;8.0;0.3333333333333333;3
83075;2010-05-25;0;27.5;16.3;4.1;2010;5;25;-23.43;-46.46;735;84.0;88.0;60.0;934.4;934.7;933.3;8;8;7;0.0;0.0;1.0;10.0;8.0;8.0;77.33333333333333;934.1333333333332;8.666666666666666;0.3333333333333333;7
83075;2010-05-26;0;23.9;17.6;5;2010;5;26;-23.43;-46.46;735;83.0;73.0;66.0;934.5;938.4;937.5;8;3;5;0.0;2.0;3.0;8.0;9.0;6.0;74.0;936.8000000000001;7.666666666666667;1.6666666666666667;3
83075;2010-05-27;0.4;20.9;15.3;4.8;2010;5;27;-23.43;-46.46;735;81.0;79.0;71.0;938.7;940.6;940.4;5;5;5;1.0;3.0;2.0;9.0;5.0;8.0;77.0;939.9000000000001;7.333333333333333;2.0;5
83075;2010-05-28;1.4;20.6;14.6;3;2010;5;28;-23.43;-46.46;735;81.0;94.0;70.0;940.7;940.4;939.9;5;8;3;3.0;0.0;1.0;8.0;10.0;8.0;81.66666666666667;940.3333333333334;8.666666666666666;1.3333333333333333;5
83075;2010-05-29;0.1;23.9;14.8;5.3;2010;5;29;-23.43;-46.46;735;86.0;86.0;61.0;938.4;938.7;936.0;3;5;8;1.0;1.0;0.0;10.0;10.0;8.0;77.66666666666667;937.6999999999999;9.333333333333334;0.6666666666666666;3
83075;2010-05-30;0;26.6;14.6;5.9;2010;5;30;-23.43;-46.46;735;85.0;82.0;48.0;936.5;936.8;933.6;8;8;7;0.0;0.0;1.0;0.0;9.0;5.0;71.66666666666667;935.6333333333333;4.666666666666667;0.3333333333333333;7
83075;2010-05-31;0;22.5;13.9;7.9;2010;5;31;-23.43;-46.46;735;65.0;63.0;62.0;933.5;935.5;936.1;7;5;5;1.0;3.0;2.0;8.0;1.0;6.0;63.333333333333336;935.0333333333333;5.0;2.0;7
83075;2010-06-01;54.9;31.4;20;1.4;2010;6;1;-23.43;-46.46;735;94.0;75.0;58.0;932.0;931.3;929.8;1;7;7;1.0;1.0;3.0;10.0;10.0;10.0;75.66666666666667;931.0333333333333;10.0;1.6666666666666667;1
83075;2010-06-02;0;34.4;21.2;7.4;2010;6;2;-23.43;-46.46;735;66.0;59.0;44.0;932.6;933.1;931.6;8;3;7;0.0;1.0;2.0;1.0;0.0;4.0;56.333333333333336;932.4333333333334;1.6666666666666667;1.0;3
83075;2010-06-03;16.4;22.2;16.8;0;2010;6;3;-23.43;-46.46;735;82.0;92.0;88.0;932.1;932.3;930.1;4;5;8;3.0;1.0;0.0;10.0;10.0;10.0;87.33333333333333;931.5;10.0;1.3333333333333333;4
83075;2010-06-04;7.2;18.8;13.5;0;2010;6;4;-23.43;-46.46;735;95.0;90.0;92.0;934.6;935.2;934.8;5;5;5;1.0;2.0;3.0;10.0;10.0;10.0;92.33333333333333;934.8666666666668;10.0;2.0;5
83075;2010-06-05;0;29.5;16.9;8.4;2010;6;5;-23.43;-46.46;735;87.0;80.0;53.0;933.4;935.7;934.4;5;3;7;1.0;3.0;3.0;10.0;1.0;4.0;73.33333333333333;934.5;5.0;2.3333333333333335;5
83075;2010-06-06;0;20.2;10;8.6;2010;6;6;-23.43;-46.46;735;82.0;72.0;47.0;934.4;934.8;934.8;5;8;7;1.0;0.0;1.0;9.0;0.0;0.0;67.0;934.6666666666666;3.0;0.6666666666666666;5
83075;2010-06-07;0;25.8;12.4;6;2010;6;7;-23.43;-46.46;735;79.0;92.0;54.0;939.3;939.9;938.0;8;5;8;0.0;1.0;0.0;0.0;10.0;0.0;75.0;939.0666666666666;3.3333333333333335;0.3333333333333333;5
83075;2010-06-08;0;18;11.4;5.3;2010;6;8;-23.43;-46.46;735;84.0;70.0;62.0;940.2;940.5;939.7;5;5;5;3.0;2.0;1.0;10.0;9.0;8.0;72.0;940.1333333333333;9.0;2.0;5
83075;2010-06-09;0;17.5;13.2;0;2010;6;9;-23.43;-46.46;735;87.0;88.0;81.0;940.4;941.4;940.7;5;5;5;3.0;1.0;3.0;10.0;10.0;10.0;85.33333333333333;940.8333333333334;10.0;2.3333333333333335;5
83075;2010-06-10;0;29.2;14.8;9.5;2010;6;10;-23.43;-46.46;735;89.0;74.0;58.0;934.7;935.1;931.8;5;5;5;3.0;3.0;2.0;8.0;0.0;2.0;73.66666666666667;933.8666666666668;3.3333333333333335;2.6666666666666665;5
83075;2010-06-11;4.7;23.4;16.4;0.1;2010;6;11;-23.43;-46.46;735;74.0;87.0;85.0;928.8;928.8;928.8;8;7;3;0.0;1.0;3.0;9.0;10.0;10.0;82.0;928.7999999999998;9.666666666666666;1.3333333333333333;7
83075;2010-06-12;56;27.4;19.6;1.9;2010;6;12;-23.43;-46.46;735;89.0;80.0;69.0;929.7;930.6;930.4;5;5;5;1.0;1.0;3.0;10.0;10.0;10.0;79.33333333333333;930.2333333333335;10.0;1.6666666666666667;5
83075;2010-06-13;0;18.2;8.4;8.5;2010;6;13;-23.43;-46.46;735;85.0;86.0;60.0;943.7;943.7;940.5;3;1;3;1.0;1.0;1.0;2.0;1.0;2.0;77.0;942.6333333333333;1.6666666666666667;1.0;3
83075;2010-06-14;0;21;9.8;6.5;2010;6;14;-23.43;-46.46;735;87.0;84.0;60.0;940.7;940.9;938.8;8;5;8;0.0;1.0;0.0;2.0;9.0;4.0;77.0;940.1333333333332;5.0;0.3333333333333333;5
83075;2010-06-15;0;23.5;9.4;6.9;2010;6;15;-23.43;-46.46;735;86.0;93.0;55.0;938.6;940.0;938.7;8;8;7;0.0;0.0;1.0;0.0;10.0;0.0;78.0;939.1;3.3333333333333335;0.3333333333333333;7
83075;2010-06-16;0;25.2;9.8;8.1;2010;6;16;-23.43;-46.46;735;79.0;83.0;49.0;937.9;938.6;936.8;8;8;7;0.0;0.0;1.0;0.0;1.0;1.0;70.33333333333333;937.7666666666668;0.6666666666666666;0.3333333333333333;7
83075;2010-06-17;0;27.5;12.3;8.4;2010;6;17;-23.43;-46.46;735;70.0;75.0;47.0;935.9;936.9;936.2;7;8;7;1.0;0.0;3.0;0.0;9.0;1.0;64.0;936.3333333333334;3.3333333333333335;1.3333333333333333;7
83075;2010-06-18;0;27.1;12.8;8;2010;6;18;-23.43;-46.46;735;76.0;85.0;47.0;936.7;936.8;935.9;8;8;1;0.0;0.0;1.0;0.0;2.0;9.0;69.33333333333333;936.4666666666667;3.6666666666666665;0.3333333333333333;1
83075;2010-06-19;0;28;13.6;7.9;2010;6;19;-23.43;-46.46;735;78.0;83.0;40.0;935.5;935.8;933.2;8;8;7;0.0;0.0;2.0;0.0;5.0;4.0;67.0;934.8333333333334;3.0;0.6666666666666666;7
83075;2010-06-20;0;28.5;15.7;8.5;2010;6;20;-23.43;-46.46;735;54.0;63.0;54.0;931.6;933.6;932.2;7;7;7;2.0;1.0;3.0;0.0;5.0;8.0;57.0;932.4666666666667;4.333333333333333;2.0;7
83075;2010-06-21;0;24;15.9;6.3;2010;6;21;-23.43;-46.46;735;64.0;82.0;68.0;932.4;934.1;933.0;7;5;5;1.0;1.0;1.0;2.0;9.0;0.0;71.33333333333333;933.1666666666666;3.6666666666666665;1.0;7
83075;2010-06-22;0;17.7;14;0;2010;6;22;-23.43;-46.46;735;89.0;87.0;91.0;933.7;935.1;937.1;8;3;5;0.0;1.0;2.0;0.0;10.0;10.0;89.0;935.3000000000001;6.666666666666667;1.0;3
83075;2010-06-23;1.3;20.5;13.6;4.3;2010;6;23;-23.43;-46.46;735;90.0;85.0;68.0;938.0;939.7;939.0;5;3;3;2.0;1.0;1.0;10.0;10.0;9.0;81.0;938.9;9.666666666666666;1.3333333333333333;5
83075;2010-06-24;0;24.9;13.5;6;2010;6;24;-23.43;-46.46;735;91.0;89.0;64.0;938.7;939.7;938.8;3;3;8;1.0;1.0;0.0;6.0;10.0;0.0;81.33333333333333;939.0666666666666;5.333333333333333;0.6666666666666666;3
83075;2010-06-25;0;26.7;14;7;2010;6;25;-23.43;-46.46;735;86.0;95.0;53.0;939.6;941.4;940.1;8;8;3;0.0;0.0;1.0;0.0;10.0;2.0;78.0;940.3666666666667;4.0;0.3333333333333333;3
83075;2010-06-26;0;24.7;14.6;8;2010;6;26;-23.43;-46.46;735;78.0;83.0;69.0;940.6;941.1;939.2;8;3;3;0.0;1.0;2.0;0.0;0.0;0.0;76.66666666666667;940.3000000000001;0.0;1.0;3
83075;2010-06-27;0;24.1;11.9;7.7;2010;6;27;-23.43;-46.46;735;86.0;85.0;52.0;939.7;940.6;939.2;3;3;1;1.0;2.0;1.0;0.0;4.0;0.0;74.33333333333333;939.8333333333334;1.3333333333333333;1.3333333333333333;3
83075;2010-06-29;0;22.3;13.8;8.1;2010;6;29;-23.43;-46.46;735;80.0;87.0;57.0;940.5;941.2;939.7;8;3;5;0.0;1.0;1.0;0.0;2.0;4.0;74.66666666666667;940.4666666666667;2.0;0.6666666666666666;3
83075;2010-06-30;0;24;11.8;6.1;2010;6;30;-23.43;-46.46;735;85.0;90.0;57.0;940.3;941.0;940.6;8;3;8;0.0;1.0;0.0;1.0;10.0;1.0;77.33333333333333;940.6333333333333;4.0;0.3333333333333333;3
83075;2010-07-01;14.3;29.8;20.9;0;2010;7;1;-23.43;-46.46;735;89.0;72.0;68.0;930.1;930.9;930.5;7;7;7;1.0;3.0;2.0;10.0;10.0;9.0;76.33333333333333;930.5;9.666666666666666;2.0;7
83075;2010-07-02;7.9;33.7;20;7.9;2010;7;2;-23.43;-46.46;735;88.0;67.0;46.0;932.6;933.3;932.0;8;1;5;0.0;1.0;1.0;8.0;0.0;5.0;67.0;932.6333333333333;4.333333333333333;0.6666666666666666;1
83075;2010-07-03;18.5;29.4;17;8;2010;7;3;-23.43;-46.46;735;90.0;82.0;44.0;931.0;930.9;929.1;5;8;7;1.0;0.0;2.0;10.0;8.0;2.0;72.0;930.3333333333334;6.666666666666667;1.0;5
83075;2010-07-04;23.5;19.9;13.3;1.7;2010;7;4;-23.43;-46.46;735;90.0;84.0;70.0;934.8;935.5;934.1;5;3;3;1.0;1.0;3.0;0.0;9.0;8.0;81.33333333333333;934.8000000000001;5.666666666666667;1.6666666666666667;5
83075;2010-07-05;0;31;16.4;8.6;2010;7;5;-23.43;-46.46;735;80.0;78.0;39.0;935.8;936.8;934.3;3;8;7;1.0;0.0;1.0;0.0;0.0;4.0;65.66666666666667;935.6333333333332;1.3333333333333333;0.6666666666666666;3
83075;2010-07-07;0;25.2;13.1;8.1;2010;7;7;-23.43;-46.46;735;82.0;77.0;47.0;937.5;938.4;937.4;8;5;8;0.0;1.0;0.0;0.0;2.0;6.0;68.66666666666667;937.7666666666668;2.6666666666666665;0.3333333333333333;5
83075;2010-07-08;0;22.8;10.9;7;2010;7;8;-23.43;-46.46;735;83.0;77.0;55.0;940.1;940.6;938.0;5;5;5;1.0;1.0;1.0;9.0;9.0;1.0;71.66666666666667;939.5666666666666;6.333333333333333;1.0;5
83075;2010-07-09;3.2;18;14.3;0;2010;7;9;-23.43;-46.46;735;87.0;95.0;94.0;941.1;941.0;939.1;3;8;8;1.0;0.0;0.0;10.0;10.0;10.0;92.0;940.4;10.0;0.3333333333333333;3
83075;2010-07-10;0;27.3;16.8;0;2010;7;10;-23.43;-46.46;735;88.0;60.0;68.0;934.7;931.2;929.6;8;7;7;0.0;2.0;2.0;4.0;10.0;10.0;72.0;931.8333333333334;8.0;1.3333333333333333;7
83075;2010-07-11;2.8;27.4;14.4;5.5;2010;7;11;-23.43;-46.46;735;90.0;87.0;59.0;929.0;929.8;929.5;3;8;4;1.0;0.0;3.0;8.0;10.0;8.0;78.66666666666667;929.4333333333334;8.666666666666666;1.3333333333333333;3
83075;2010-07-12;0.3;29.5;20.3;3.3;2010;7;12;-23.43;-46.46;735;94.0;82.0;77.0;930.7;930.4;928.6;5;3;5;2.0;1.0;3.0;10.0;8.0;9.0;84.33333333333333;929.9;9.0;2.0;5
83075;2010-07-13;0;21.9;17.2;0.7;2010;7;13;-23.43;-46.46;735;69.0;72.0;89.0;931.3;932.1;931.2;1;7;7;1.0;2.0;1.0;0.0;9.0;10.0;76.66666666666667;931.5333333333334;6.333333333333333;1.3333333333333333;1
83075;2010-07-14;34.1;18;13.1;0;2010;7;14;-23.43;-46.46;735;89.0;89.0;94.0;932.4;936.6;935.7;5;3;4;1.0;1.0;2.0;10.0;10.0;10.0;90.66666666666667;934.9;10.0;1.3333333333333333;5
83075;2010-07-15;43.6;16.8;13.1;0;2010;7;15;-23.43;-46.46;735;90.0;94.0;88.0;937.3;939.5;939.0;4;3;3;1.0;1.0;1.0;10.0;10.0;10.0;90.66666666666667;938.6;10.0;1.0;4
83075;2010-07-16;29.9;15.5;13;0;2010;7;16;-23.43;-46.46;735;95.0;88.0;91.0;940.2;943.2;943.6;8;4;5;0.0;1.0;2.0;10.0;10.0;10.0;91.33333333333333;942.3333333333334;10.0;1.0;4
83075;2010-07-17;0.2;20.3;13.3;2.8;2010;7;17;-23.43;-46.46;735;94.0;88.0;77.0;944.7;945.0;944.3;5;5;5;1.0;2.0;3.0;10.0;9.0;9.0;86.33333333333333;944.6666666666666;9.333333333333334;2.0;5
83075;2010-07-19;0;24.8;15.8;6.4;2010;7;19;-23.43;-46.46;735;89.0;87.0;65.0;941.2;940.4;937.0;3;5;7;1.0;1.0;1.0;10.0;10.0;5.0;80.33333333333333;939.5333333333333;8.333333333333334;1.0;3
83075;2010-07-20;0;27.2;13.4;7.4;2010;7;20;-23.43;-46.46;735;79.0;90.0;60.0;937.7;938.3;937.1;8;8;6;0.0;0.0;1.0;0.0;8.0;8.0;76.33333333333333;937.6999999999999;5.333333333333333;0.3333333333333333;6
83075;2010-07-21;0;27.3;15.2;8.7;2010;7;21;-23.43;-46.46;735;76.0;83.0;50.0;938.0;938.9;936.9;8;7;4;0.0;1.0;1.0;1.0;2.0;2.0;69.66666666666667;937.9333333333334;1.6666666666666667;0.6666666666666666;7
83075;2010-07-22;0;29.4;15.2;8.7;2010;7;22;-23.43;-46.46;735;77.0;69.0;44.0;936.9;937.1;935.9;8;8;7;0.0;0.0;3.0;0.0;0.0;0.0;63.333333333333336;936.6333333333333;0.0;1.0;7
83075;2010-07-23;0;28.3;16.2;8;2010;7;23;-23.43;-46.46;735;74.0;74.0;51.0;936.8;939.4;939.0;8;8;7;0.0;0.0;1.0;0.0;4.0;6.0;66.33333333333333;938.4;3.3333333333333335;0.3333333333333333;7
83075;2010-07-24;0;24.2;16.8;5.5;2010;7;24;-23.43;-46.46;735;84.0;84.0;57.0;941.9;942.4;940.9;3;3;3;3.0;3.0;1.0;10.0;10.0;5.0;75.0;941.7333333333332;8.333333333333334;2.3333333333333335;3
83075;2010-07-25;0;25.1;15;8.6;2010;7;25;-23.43;-46.46;735;88.0;82.0;47.0;940.9;941.1;938.4;4;3;7;1.0;1.0;3.0;8.0;2.0;1.0;72.33333333333333;940.1333333333333;3.6666666666666665;1.6666666666666667;4
83075;2010-07-26;0;27;13.2;8.3;2010;7;26;-23.43;-46.46;735;74.0;68.0;42.0;938.4;938.9;938.4;8;8;4;0.0;0.0;5.0;0.0;0.0;9.0;61.333333333333336;938.5666666666666;3.0;1.6666666666666667;4
83075;2010-07-27;0;19.4;15.4;2.3;2010;7;27;-23.43;-46.46;735;81.0;87.0;72.0;940.8;940.6;940.4;3;4;3;1.0;1.0;3.0;10.0;10.0;9.0;80.0;940.6;9.666666666666666;1.6666666666666667;3
83075;2010-07-28;0;23.1;15;5.2;2010;7;28;-23.43;-46.46;735;83.0;81.0;60.0;941.9;942.5;940.6;3;4;3;3.0;1.0;1.0;10.0;9.0;5.0;74.66666666666667;941.6666666666666;8.0;1.6666666666666667;3
83075;2010-07-29;0;30.8;16.3;6.1;2010;7;29;-23.43;-46.46;735;75.0;79.0;51.0;941.3;941.3;938.5;3;3;7;1.0;1.0;1.0;10.0;8.0;8.0;68.33333333333333;940.3666666666667;8.666666666666666;1.0;3
83075;2010-07-30;0;27.1;17.1;6.5;2010;7;30;-23.43;-46.46;735;70.0;74.0;42.0;934.3;938.7;936.3;8;4;4;0.0;1.0;1.0;0.0;8.0;8.0;62.0;936.4333333333334;5.333333333333333;0.6666666666666666;4
83075;2010-07-31;0;27.2;15.2;8.9;2010;7;31;-23.43;-46.46;735;76.0;63.0;45.0;935.7;935.8;933.2;5;8;7;1.0;0.0;1.0;9.0;0.0;0.0;61.333333333333336;934.9;3.0;0.6666666666666666;5
83075;2010-08-01;7.2;28.8;20.9;0.3;2010;8;1;-23.43;-46.46;735;90.0;85.0;87.0;931.6;931.1;932.8;5;3;8;1.0;1.0;0.0;10.0;10.0;10.0;87.33333333333333;931.8333333333334;10.0;0.6666666666666666;5
83075;2010-08-02;0;32.9;22.5;9.5;2010;8;2;-23.43;-46.46;735;76.0;58.0;48.0;932.9;932.9;930.4;8;7;7;0.0;4.0;3.0;1.0;1.0;4.0;60.666666666666664;932.0666666666666;2.0;2.3333333333333335;7
83075;2010-08-03;0;29.8;17.1;8.6;2010;8;3;-23.43;-46.46;735;81.0;68.0;50.0;929.2;929.8;928.9;3;3;7;1.0;1.0;2.0;10.0;1.0;8.0;66.33333333333333;929.3000000000001;6.333333333333333;1.3333333333333333;3
83075;2010-08-04;2.2;21.2;14;6.6;2010;8;4;-23.43;-46.46;735;80.0;78.0;58.0;935.0;936.0;935.5;5;5;5;1.0;4.0;5.0;6.0;6.0;9.0;72.0;935.5;7.0;3.3333333333333335;5
83075;2010-08-05;0;24.6;17.6;1;2010;8;5;-23.43;-46.46;735;79.0;78.0;73.0;935.1;936.9;933.4;4;8;7;3.0;0.0;2.0;10.0;9.0;10.0;76.66666666666667;935.1333333333333;9.666666666666666;1.6666666666666667;4
83075;2010-08-06;0;20.8;8.4;8.4;2010;8;6;-23.43;-46.46;735;78.0;78.0;64.0;939.1;940.6;940.0;8;8;3;0.0;0.0;1.0;0.0;1.0;1.0;73.33333333333333;939.9;0.6666666666666666;0.3333333333333333;3
83075;2010-08-07;0;25.3;12.7;8.6;2010;8;7;-23.43;-46.46;735;72.0;69.0;50.0;937.0;938.2;937.2;8;8;7;0.0;0.0;1.0;0.0;0.0;0.0;63.666666666666664;937.4666666666667;0.0;0.3333333333333333;7
83075;2010-08-08;0;27.8;10.5;8.5;2010;8;8;-23.43;-46.46;735;88.0;84.0;36.0;937.4;937.5;936.4;8;8;7;0.0;0.0;3.0;0.0;0.0;0.0;69.33333333333333;937.1;0.0;1.0;7
83075;2010-08-09;13.4;20;14.3;1.2;2010;8;9;-23.43;-46.46;735;93.0;84.0;72.0;939.3;939.3;938.8;5;5;5;1.0;1.0;2.0;10.0;9.0;9.0;83.0;939.1333333333332;9.333333333333334;1.3333333333333333;5
83075;2010-08-10;10.4;25.9;17.4;8.9;2010;8;10;-23.43;-46.46;735;89.0;70.0;44.0;929.8;930.8;930.0;7;7;7;5.0;3.0;5.0;10.0;9.0;1.0;67.66666666666667;930.1999999999999;6.666666666666667;4.333333333333333;7
83075;2010-08-11;0;33.5;16.6;10;2010;8;11;-23.43;-46.46;735;85.0;71.0;45.0;930.2;932.3;931.7;3;3;7;1.0;1.0;3.0;1.0;0.0;4.0;67.0;931.4;1.6666666666666667;1.6666666666666667;3
83075;2010-08-12;0;31.4;21.4;4.7;2010;8;12;-23.43;-46.46;735;87.0;77.0;58.0;928.8;928.7;926.0;8;1;7;0.0;1.0;1.0;9.0;9.0;10.0;74.0;927.8333333333334;9.333333333333334;0.6666666666666666;1
83075;2010-08-13;0;28.1;14.5;6.3;2010;8;13;-23.43;-46.46;735;71.0;61.0;40.0;937.5;938.0;934.3;7;8;7;1.0;0.0;3.0;0.0;1.0;0.0;57.333333333333336;936.6;0.3333333333333333;1.3333333333333333;7
83075;2010-08-14;0;23.3;11;0;2010;8;14;-23.43;-46.46;735;58.0;84.0;79.0;934.4;936.6;936.4;7;4;4;1.0;2.0;3.0;9.0;10.0;10.0;73.66666666666667;935.8000000000001;9.666666666666666;2.0;7
83075;2010-08-15;0;14;8.9;0.4;2010;8;15;-23.43;-46.46;735;82.0;77.0;76.0;937.2;939.2;939.2;4;5;5;2.0;3.0;3.0;10.0;10.0;10.0;78.33333333333333;938.5333333333334;10.0;2.6666666666666665;4
83075;2010-08-16;0;18;8.6;6.6;2010;8;16;-23.43;-46.46;735;82.0;76.0;55.0;940.8;942.5;941.7;5;3;3;3.0;1.0;4.0;1.0;9.0;2.0;71.0;941.6666666666666;4.0;2.6666666666666665;5
83075;2010-08-17;0;19.2;8.7;6.6;2010;8;17;-23.43;-46.46;735;82.0;72.0;58.0;941.9;943.3;942.6;3;3;5;1.0;2.0;1.0;1.0;3.0;5.0;70.66666666666667;942.5999999999999;3.0;1.3333333333333333;3
83075;2010-08-18;0;21.7;9.4;8.3;2010;8;18;-23.43;-46.46;735;85.0;72.0;47.0;941.6;942.6;940.7;3;5;3;1.0;3.0;1.0;0.0;6.0;0.0;68.0;941.6333333333333;2.0;1.6666666666666667;3
83075;2010-08-19;0;25.4;9.7;8.7;2010;8;19;-23.43;-46.46;735;78.0;69.0;43.0;940.9;941.2;937.4;3;8;8;1.0;0.0;0.0;0.0;1.0;1.0;63.333333333333336;939.8333333333334;0.6666666666666666;0.3333333333333333;3
83075;2010-08-20;0;27;10.9;8.6;2010;8;20;-23.43;-46.46;735;68.0;68.0;42.0;937.0;938.5;937.5;8;8;7;0.0;0.0;1.0;0.0;6.0;1.0;59.333333333333336;937.6666666666666;2.3333333333333335;0.3333333333333333;7
83075;2010-08-24;0;31;14.3;8.5;2010;8;24;-23.43;-46.46;735;66.0;57.0;37.0;935.5;936.6;934.9;8;8;7;0.0;0.0;1.0;0.0;0.0;0.0;53.333333333333336;935.6666666666666;0.0;0.3333333333333333;7
83075;2010-08-26;0;31.5;14.9;8.5;2010;8;26;-23.43;-46.46;735;55.0;55.0;33.0;935.3;936.2;934.9;8;8;0;0.0;0.0;1.0;0.0;0.0;0.0;47.666666666666664;935.4666666666667;0.0;0.3333333333333333;0
83075;2010-08-28;0;29.8;13.6;7.4;2010;8;28;-23.43;-46.46;735;70.0;77.0;44.0;934.1;935.1;933.6;5;3;3;1.0;1.0;1.0;0.0;0.0;0.0;63.666666666666664;934.2666666666668;0.0;1.0;5
83075;2010-08-29;0;30.8;13.1;6.2;2010;8;29;-23.43;-46.46;735;86.0;92.0;47.0;934.0;934.9;934.0;5;3;7;1.0;1.0;1.0;0.0;10.0;1.0;75.0;934.3000000000001;3.6666666666666665;1.0;5
83075;2010-08-30;0;22.4;14.7;4.1;2010;8;30;-23.43;-46.46;735;71.0;82.0;66.0;934.2;937.2;936.9;8;5;5;0.0;1.0;3.0;0.0;10.0;2.0;73.0;936.1;4.0;1.3333333333333333;5
83075;2010-08-31;0;29.8;15.4;7.8;2010;8;31;-23.43;-46.46;735;77.0;76.0;40.0;937.1;938.3;936.5;5;8;3;3.0;0.0;1.0;8.0;1.0;2.0;64.33333333333333;937.3000000000001;3.6666666666666665;1.3333333333333333;5
83075;2010-09-01;23;33.5;19.9;5.6;2010;9;1;-23.43;-46.46;735;93.0;68.0;54.0;933.2;934.4;933.0;8;7;7;0.0;3.0;3.0;8.0;5.0;9.0;71.66666666666667;933.5333333333333;7.333333333333333;2.0;7
83075;2010-09-02;0;31.8;22;2.9;2010;9;2;-23.43;-46.46;735;62.0;56.0;73.0;930.3;931.3;929.1;7;7;3;3.0;1.0;1.0;0.0;8.0;10.0;63.666666666666664;930.2333333333332;6.0;1.6666666666666667;7
83075;2010-09-03;0;31.8;17.8;9.6;2010;9;3;-23.43;-46.46;735;82.0;58.0;43.0;930.1;931.1;930.1;5;7;7;1.0;1.0;3.0;0.0;1.0;5.0;61.0;930.4333333333334;2.0;1.6666666666666667;5
83075;2010-09-04;2.8;20.4;14.3;2.2;2010;9;4;-23.43;-46.46;735;83.0;76.0;80.0;936.7;938.2;938.3;5;5;5;3.0;3.0;1.0;10.0;8.0;10.0;79.66666666666667;937.7333333333332;9.333333333333334;2.3333333333333335;5
83075;2010-09-05;21.8;19.3;14.3;0;2010;9;5;-23.43;-46.46;735;90.0;82.0;77.0;934.4;935.9;935.6;8;7;5;0.0;1.0;1.0;10.0;10.0;9.0;83.0;935.3000000000001;9.666666666666666;0.6666666666666666;7
83075;2010-09-06;0;20.4;11.8;7.1;2010;9;6;-23.43;-46.46;735;85.0;82.0;61.0;940.8;942.2;938.9;5;3;5;1.0;1.0;1.0;9.0;1.0;1.0;76.0;940.6333333333333;3.6666666666666665;1.0;5
83075;2010-09-07;0;24.8;14.8;6.5;2010;9;7;-23.43;-46.46;735;72.0;87.0;52.0;937.6;937.7;937.2;8;8;5;0.0;0.0;1.0;5.0;10.0;8.0;70.33333333333333;937.5;7.666666666666667;0.3333333333333333;5
83075;2010-09-08;0;18.9;12;0.4;2010;9;8;-23.43;-46.46;735;78.0;83.0;80.0;936.4;938.7;938.7;8;8;3;0.0;0.0;2.0;0.0;10.0;10.0;80.33333333333333;937.9333333333334;6.666666666666667;0.6666666666666666;3
83075;2010-09-09;0;23;13.2;8;2010;9;9;-23.43;-46.46;735;85.0;72.0;61.0;938.9;941.1;939.5;5;3;4;1.0;1.0;5.0;9.0;5.0;6.0;72.66666666666667;939.8333333333334;6.666666666666667;2.3333333333333335;5
83075;2010-09-10;0.4;19.1;13.7;1.5;2010;9;10;-23.43;-46.46;735;70.0;75.0;74.0;935.4;936.7;936.8;5;4;4;1.0;3.0;3.0;6.0;8.0;10.0;73.0;936.2999999999998;8.0;2.3333333333333335;5
83075;2010-09-11;0.6;33.3;19.7;10.8;2010;9;11;-23.43;-46.46;735;74.0;57.0;45.0;931.5;932.1;929.2;8;7;7;0.0;1.0;3.0;4.0;5.0;2.0;58.666666666666664;930.9333333333334;3.6666666666666665;1.3333333333333333;7
83075;2010-09-12;9.6;27;19.2;7.8;2010;9;12;-23.43;-46.46;735;75.0;68.0;68.0;926.4;927.4;927.4;7;5;5;1.0;3.0;2.0;4.0;6.0;4.0;70.33333333333333;927.0666666666666;4.666666666666667;2.0;7
83075;2010-09-13;0;31.8;15.8;9.6;2010;9;13;-23.43;-46.46;735;60.0;57.0;44.0;935.1;935.6;933.6;8;8;7;0.0;0.0;1.0;0.0;2.0;4.0;53.666666666666664;934.7666666666668;2.0;0.3333333333333333;7
83075;2010-09-14;0;31.6;19.4;5.2;2010;9;14;-23.43;-46.46;735;55.0;50.0;32.0;933.7;934.3;933.0;8;8;7;0.0;0.0;3.0;0.0;9.0;8.0;45.666666666666664;933.6666666666666;5.666666666666667;1.0;7
83075;2010-09-15;0;26.2;15.6;0;2010;9;15;-23.43;-46.46;735;55.0;71.0;78.0;932.9;935.0;934.4;8;5;3;0.0;3.0;1.0;9.0;10.0;10.0;68.0;934.1;9.666666666666666;1.3333333333333333;5
83075;2010-09-16;0;24.6;14.9;4;2010;9;16;-23.43;-46.46;735;82.0;84.0;34.0;935.5;935.9;934.4;5;3;3;1.0;2.0;5.0;10.0;10.0;0.0;66.66666666666667;935.2666666666668;6.666666666666667;2.6666666666666665;5
83075;2010-09-17;0;32.6;14.9;3.6;2010;9;17;-23.43;-46.46;735;86.0;82.0;59.0;934.4;934.7;932.6;5;8;5;1.0;0.0;2.0;10.0;9.0;4.0;75.66666666666667;933.9;7.666666666666667;1.0;5
83075;2010-09-18;0;19.4;12.4;0;2010;9;18;-23.43;-46.46;735;81.0;79.0;83.0;933.9;939.2;939.0;5;5;5;2.0;3.0;3.0;9.0;10.0;10.0;81.0;937.3666666666667;9.666666666666666;2.6666666666666665;5
83075;2010-09-19;0;20;12.4;0;2010;9;19;-23.43;-46.46;735;83.0;83.0;54.0;940.3;941.0;939.5;3;5;3;1.0;1.0;2.0;10.0;10.0;10.0;73.33333333333333;940.2666666666668;10.0;1.3333333333333333;3
83075;2010-09-20;0;24.6;13.9;1.9;2010;9;20;-23.43;-46.46;735;84.0;83.0;82.0;940.3;938.1;936.6;3;3;4;1.0;0.1;3.0;10.0;9.0;10.0;83.0;938.3333333333334;9.666666666666666;1.3666666666666665;3
83075;2010-09-21;5.8;28.8;14.2;5.8;2010;9;21;-23.43;-46.46;735;93.0;81.0;58.0;936.9;936.0;933.4;3;5;3;1.0;1.0;1.0;10.0;0.0;8.0;77.33333333333333;935.4333333333334;6.0;1.0;3
83075;2010-09-22;49.3;31.6;16;8.6;2010;9;22;-23.43;-46.46;735;93.0;70.0;48.0;933.6;934.0;932.7;7;8;7;1.0;0.0;1.0;10.0;0.0;1.0;70.33333333333333;933.4333333333334;3.6666666666666665;0.6666666666666666;7
83075;2010-09-23;0;28.6;16;4;2010;9;23;-23.43;-46.46;735;84.0;71.0;60.0;932.8;934.1;932.7;8;7;8;0.0;1.0;0.0;2.0;8.0;8.0;71.66666666666667;933.2000000000002;6.0;0.3333333333333333;7
83075;2010-09-24;0;23.6;17.5;0;2010;9;24;-23.43;-46.46;735;82.0;81.0;81.0;932.0;934.3;933.8;8;8;7;0.0;0.0;2.0;4.0;10.0;10.0;81.33333333333333;933.3666666666667;8.0;0.6666666666666666;7
83075;2010-09-25;4.9;24.5;15.2;1.7;2010;9;25;-23.43;-46.46;735;93.0;74.0;73.0;933.8;934.4;933.3;8;5;5;0.0;1.0;4.0;10.0;10.0;10.0;80.0;933.8333333333334;10.0;1.6666666666666667;5
83075;2010-09-26;10;21;15.4;0;2010;9;26;-23.43;-46.46;735;90.0;94.0;82.0;933.9;934.2;933.4;5;8;7;1.0;0.0;1.0;10.0;10.0;10.0;88.66666666666667;933.8333333333334;10.0;0.6666666666666666;5
83075;2010-09-27;10;22.6;16.1;0;2010;9;27;-23.43;-46.46;735;94.0;77.0;80.0;933.7;931.9;930.0;8;7;8;0.0;1.0;0.0;10.0;8.0;10.0;83.66666666666667;931.8666666666667;9.333333333333334;0.3333333333333333;7
83075;2010-09-28;30.8;23.8;16.8;0;2010;9;28;-23.43;-46.46;735;95.0;90.0;71.0;930.1;930.6;929.6;3;8;7;1.0;0.0;1.0;10.0;10.0;10.0;85.33333333333333;930.1;10.0;0.6666666666666666;3
83075;2010-09-29;0;25.4;16.9;0.8;2010;9;29;-23.43;-46.46;735;91.0;86.0;71.0;929.7;929.5;930.3;3;8;8;1.0;0.0;0.0;10.0;9.0;10.0;82.66666666666667;929.8333333333334;9.666666666666666;0.3333333333333333;3
83075;2010-09-30;0;25.3;19.6;0;2010;9;30;-23.43;-46.46;735;89.0;83.0;75.0;930.2;930.5;929.8;3;8;7;1.0;0.0;2.0;10.0;9.0;8.0;82.33333333333333;930.1666666666666;9.0;1.0;3
83075;2010-10-01;0.3;33.6;21.9;7.6;2010;10;1;-23.43;-46.46;735;83.0;62.0;50.0;933.3;933.6;932.5;3;8;7;1.0;0.0;3.0;10.0;8.0;8.0;65.0;933.1333333333333;8.666666666666666;1.3333333333333333;3
83075;2010-10-02;1.7;29.8;20.1;1.9;2010;10;2;-23.43;-46.46;735;80.0;66.0;80.0;930.3;931.6;930.9;3;7;4;1.0;3.0;1.0;10.0;9.0;10.0;75.33333333333333;930.9333333333334;9.666666666666666;1.6666666666666667;3
83075;2010-10-03;0;32.5;19.4;6.9;2010;10;3;-23.43;-46.46;735;71.0;64.0;43.0;930.5;931.3;929.7;7;7;7;1.0;3.0;3.0;2.0;8.0;2.0;59.333333333333336;930.5;4.0;2.3333333333333335;7
83075;2010-10-04;4.9;21.7;14.1;1.1;2010;10;4;-23.43;-46.46;735;88.0;82.0;72.0;939.6;939.8;938.8;4;5;5;1.0;2.0;2.0;10.0;9.0;9.0;80.66666666666667;939.4;9.333333333333334;1.6666666666666667;4
83075;2010-10-05;0.9;20.4;13.8;5;2010;10;5;-23.43;-46.46;735;87.0;72.0;67.0;937.2;937.6;936.5;8;5;5;0.0;2.0;3.0;10.0;9.0;4.0;75.33333333333333;937.1;7.666666666666667;1.6666666666666667;5
83075;2010-10-06;0.2;20.1;14;0.6;2010;10;6;-23.43;-46.46;735;83.0;87.0;70.0;940.4;941.1;940.1;5;8;5;1.0;0.0;1.0;9.0;10.0;9.0;80.0;940.5333333333333;9.333333333333334;0.6666666666666666;5
83075;2010-10-07;0;22.6;15.2;3;2010;10;7;-23.43;-46.46;735;83.0;82.0;59.0;938.1;937.9;937.6;5;5;3;1.0;1.0;1.0;10.0;10.0;9.0;74.66666666666667;937.8666666666667;9.666666666666666;1.0;5
83075;2010-10-08;0;19.4;13.1;0.1;2010;10;8;-23.43;-46.46;735;85.0;80.0;72.0;939.7;941.1;941.0;5;3;3;1.0;1.0;3.0;10.0;9.0;10.0;79.0;940.6;9.666666666666666;1.6666666666666667;5
83075;2010-10-09;0;24.6;14.3;6.7;2010;10;9;-23.43;-46.46;735;82.0;78.0;58.0;939.6;940.6;939.3;5;3;5;1.0;1.0;1.0;9.0;10.0;4.0;72.66666666666667;939.8333333333334;7.666666666666667;1.0;5
83075;2010-10-10;0;19.2;12.7;1.5;2010;10;10;-23.43;-46.46;735;82.0;68.0;72.0;937.8;938.6;938.3;4;4;4;3.0;3.0;4.0;10.0;9.0;10.0;74.0;938.2333333333332;9.666666666666666;3.3333333333333335;4
83075;2010-10-11;33.2;27;16.3;0;2010;10;11;-23.43;-46.46;735;61.0;70.0;75.0;929.3;931.7;931.2;3;3;4;1.0;2.0;3.0;10.0;9.0;10.0;68.66666666666667;930.7333333333332;9.666666666666666;2.0;3
83075;2010-10-12;0;30.6;18.7;6.4;2010;10;12;-23.43;-46.46;735;85.0;80.0;52.0;929.4;930.8;929.8;5;3;8;1.0;1.0;0.0;10.0;10.0;1.0;72.33333333333333;930.0;7.0;0.6666666666666666;5
83075;2010-10-13;0;23.8;10.2;5.7;2010;10;13;-23.43;-46.46;735;77.0;72.0;55.0;938.5;938.8;935.6;5;3;3;1.0;1.0;3.0;2.0;9.0;1.0;68.0;937.6333333333333;4.0;1.6666666666666667;5
83075;2010-10-14;0;29;13.5;3.8;2010;10;14;-23.43;-46.46;735;80.0;78.0;56.0;935.5;936.2;933.9;5;8;5;1.0;0.0;2.0;4.0;9.0;6.0;71.33333333333333;935.1999999999999;6.333333333333333;1.0;5
83075;2010-10-15;0;26.8;16.7;0;2010;10;15;-23.43;-46.46;735;85.0;81.0;63.0;934.8;935.9;934.4;5;8;8;2.0;0.0;0.0;10.0;10.0;10.0;76.33333333333333;935.0333333333333;10.0;0.6666666666666666;5
83075;2010-10-16;3.4;30.5;18.6;4.8;2010;10;16;-23.43;-46.46;735;85.0;76.0;54.0;934.4;934.4;932.9;4;8;7;1.0;0.0;2.0;10.0;9.0;6.0;71.66666666666667;933.9;8.333333333333334;1.0;4
83075;2010-10-17;0;28;18.3;1.7;2010;10;17;-23.43;-46.46;735;79.0;73.0;75.0;933.3;934.0;932.0;5;3;5;1.0;2.0;5.0;0.0;10.0;9.0;75.66666666666667;933.1;6.333333333333333;2.6666666666666665;5
83075;2010-10-18;7.1;21;15.3;0;2010;10;18;-23.43;-46.46;735;86.0;91.0;69.0;932.1;932.5;932.5;5;5;5;1.0;1.0;3.0;10.0;10.0;9.0;82.0;932.3666666666667;9.666666666666666;1.6666666666666667;5
83075;2010-10-19;0;23.6;13.8;8;2010;10;19;-23.43;-46.46;735;86.0;70.0;53.0;932.5;934.4;934.3;5;5;4;1.0;3.0;2.0;10.0;9.0;3.0;69.66666666666667;933.7333333333332;7.333333333333333;2.0;5
83075;2010-10-20;0;25.8;11.7;11;2010;10;20;-23.43;-46.46;735;79.0;58.0;53.0;934.6;934.8;933.5;4;5;3;1.0;1.0;2.0;4.0;0.0;0.0;63.333333333333336;934.3000000000001;1.3333333333333333;1.3333333333333333;4
83075;2010-10-21;0;28.8;11.6;6.9;2010;10;21;-23.43;-46.46;735;84.0;94.0;51.0;933.8;934.6;932.4;4;5;5;1.0;1.0;4.0;9.0;10.0;1.0;76.33333333333333;933.6;6.666666666666667;2.0;4
83075;2010-10-22;0;31.1;14.8;5.7;2010;10;22;-23.43;-46.46;735;86.0;85.0;53.0;932.5;933.4;929.9;8;8;5;0.0;0.0;2.0;9.0;10.0;4.0;74.66666666666667;931.9333333333334;7.666666666666667;0.6666666666666666;5
83075;2010-10-23;0;28;14.8;0.3;2010;10;23;-23.43;-46.46;735;85.0;84.0;65.0;930.1;930.2;929.9;5;7;7;1.0;1.0;3.0;10.0;10.0;10.0;78.0;930.0666666666667;10.0;1.6666666666666667;5
83075;2010-10-24;0;22;18;0;2010;10;24;-23.43;-46.46;735;82.0;83.0;77.0;929.8;930.5;930.4;7;5;4;1.0;1.0;1.0;8.0;10.0;10.0;80.66666666666667;930.2333333333332;9.333333333333334;1.0;7
83075;2010-10-25;0;30.9;17.1;10.2;2010;10;25;-23.43;-46.46;735;87.0;69.0;63.0;930.3;930.9;929.1;3;5;5;1.0;1.0;5.0;10.0;0.0;1.0;73.0;930.0999999999999;3.6666666666666665;2.3333333333333335;3
83075;2010-10-26;11.6;23.9;15.3;1.4;2010;10;26;-23.43;-46.46;735;90.0;74.0;77.0;929.1;929.8;930.0;5;5;4;1.0;1.0;2.0;10.0;9.0;10.0;80.33333333333333;929.6333333333333;9.666666666666666;1.3333333333333333;5
83075;2010-10-27;0.1;22.8;14.5;7.1;2010;10;27;-23.43;-46.46;735;87.0;69.0;60.0;929.8;930.1;929.7;4;5;3;1.0;1.0;3.0;10.0;6.0;5.0;72.0;929.8666666666668;7.0;1.6666666666666667;4
83075;2010-10-28;0;29.6;12.8;8.8;2010;10;28;-23.43;-46.46;735;83.0;76.0;39.0;929.7;930.9;929.1;5;8;7;1.0;0.0;1.0;8.0;1.0;1.0;66.0;929.9;3.3333333333333335;0.6666666666666666;5
83075;2010-10-29;0;33.8;15.9;10.7;2010;10;29;-23.43;-46.46;735;82.0;70.0;32.0;929.1;930.3;928.6;8;8;7;0.0;0.0;1.0;0.0;0.0;1.0;61.333333333333336;929.3333333333334;0.3333333333333333;0.3333333333333333;7
83075;2010-10-30;0;22.9;18.5;0;2010;10;30;-23.43;-46.46;735;76.0;77.0;87.0;929.8;929.9;929.9;8;4;7;0.0;1.0;3.0;1.0;10.0;10.0;80.0;929.8666666666667;7.0;1.3333333333333333;4
83075;2010-10-31;15.7;26.6;17.3;2.6;2010;10;31;-23.43;-46.46;735;78.0;70.0;68.0;930.1;931.9;931.1;7;8;5;2.0;0.0;2.0;2.0;8.0;9.0;72.0;931.0333333333333;6.333333333333333;1.3333333333333333;7
83075;2010-11-01;3.2;32.6;19.6;4.1;2010;11;1;-23.43;-46.46;735;81.0;65.0;54.0;932.6;932.7;932.8;8;7;7;0.0;1.0;3.0;10.0;9.0;6.0;66.66666666666667;932.7000000000002;8.333333333333334;1.3333333333333333;7
83075;2010-11-02;1;31.2;20.3;0;2010;11;2;-23.43;-46.46;735;82.0;70.0;60.0;932.2;933.2;932.3;3;3;1;3.0;1.0;3.0;10.0;8.0;10.0;70.66666666666667;932.5666666666666;9.333333333333334;2.3333333333333335;3
83075;2010-11-03;0;33;20.2;8.9;2010;11;3;-23.43;-46.46;735;63.0;57.0;44.0;929.5;929.8;928.7;7;7;7;1.0;2.0;3.0;4.0;0.0;2.0;54.666666666666664;929.3333333333334;2.0;2.0;7
83075;2010-11-04;0;22.3;13.3;4;2010;11;4;-23.43;-46.46;735;82.0;81.0;72.0;939.1;939.3;938.4;5;0;3;2.0;1.0;2.0;9.0;9.0;8.0;78.33333333333333;938.9333333333334;8.666666666666666;1.6666666666666667;5
83075;2010-11-05;0;22.4;12.6;5.9;2010;11;5;-23.43;-46.46;735;83.0;84.0;59.0;936.5;935.9;934.2;5;8;7;3.0;0.0;3.0;9.0;9.0;4.0;75.33333333333333;935.5333333333334;7.333333333333333;2.0;5
83075;2010-11-06;0;18;13.2;1;2010;11;6;-23.43;-46.46;735;87.0;74.0;66.0;940.8;942.7;942.4;3;5;5;3.0;2.0;3.0;10.0;9.0;9.0;75.66666666666667;941.9666666666667;9.333333333333334;2.6666666666666665;3
83075;2010-11-07;0;25.1;15.6;6.1;2010;11;7;-23.43;-46.46;735;84.0;81.0;61.0;937.6;937.4;933.6;5;3;8;1.0;1.0;0.0;9.0;9.0;4.0;75.33333333333333;936.1999999999999;7.333333333333333;0.6666666666666666;5
83075;2010-11-08;0;21.3;13.5;3.3;2010;11;8;-23.43;-46.46;735;86.0;81.0;64.0;941.2;942.2;940.6;3;3;4;2.0;1.0;1.0;10.0;10.0;8.0;77.0;941.3333333333334;9.333333333333334;1.3333333333333333;3
83075;2010-11-09;0;30.3;12.9;9;2010;11;9;-23.43;-46.46;735;88.0;78.0;41.0;939.5;939.8;935.9;3;3;7;1.0;1.0;1.0;4.0;0.0;0.0;69.0;938.4;1.3333333333333333;1.0;3
83075;2010-11-10;0;16;12;0;2010;11;10;-23.43;-46.46;735;83.0;84.0;80.0;938.6;938.5;938.2;4;5;5;1.0;1.0;1.0;10.0;10.0;10.0;82.33333333333333;938.4333333333334;10.0;1.0;4
83075;2010-11-11;0.1;18.2;14.8;0;2010;11;11;-23.43;-46.46;735;93.0;83.0;72.0;934.2;936.9;936.6;4;5;5;1.0;3.0;2.0;10.0;10.0;10.0;82.66666666666667;935.9;10.0;2.0;4
83075;2010-11-12;0;33.6;20.1;7.3;2010;11;12;-23.43;-46.46;735;82.0;72.0;55.0;929.9;930.4;928.8;5;8;5;1.0;0.0;1.0;10.0;0.0;6.0;69.66666666666667;929.6999999999999;5.333333333333333;0.6666666666666666;5
83075;2010-11-13;0.7;18.8;14;0;2010;11;13;-23.43;-46.46;735;86.0;82.0;83.0;937.1;938.0;937.0;5;5;5;1.0;1.0;2.0;10.0;10.0;10.0;83.66666666666667;937.3666666666667;10.0;1.3333333333333333;5
83075;2010-11-14;0;21.7;14.6;0.4;2010;11;14;-23.43;-46.46;735;87.0;77.0;75.0;936.2;934.7;934.2;5;8;8;1.0;0.0;0.0;10.0;10.0;10.0;79.66666666666667;935.0333333333334;10.0;0.3333333333333333;5
83075;2010-11-15;0;26.5;16.3;6.1;2010;11;15;-23.43;-46.46;735;86.0;76.0;59.0;934.4;934.6;931.8;3;8;3;1.0;0.0;3.0;10.0;10.0;8.0;73.66666666666667;933.6;9.333333333333334;1.3333333333333333;3
83075;2010-11-16;17.6;19.3;16.5;0;2010;11;16;-23.43;-46.46;735;82.0;90.0;95.0;932.4;932.6;932.2;3;8;5;1.0;0.0;1.0;10.0;10.0;10.0;89.0;932.4;10.0;0.6666666666666666;3
83075;2010-11-17;19.3;28.4;16.6;5.5;2010;11;17;-23.43;-46.46;735;94.0;84.0;67.0;931.6;931.2;929.8;8;7;4;0.0;1.0;3.0;10.0;10.0;8.0;81.66666666666667;930.8666666666668;9.333333333333334;1.3333333333333333;7
83075;2010-11-18;5;28.6;16.8;10.7;2010;11;18;-23.43;-46.46;735;91.0;66.0;45.0;929.0;928.6;927.3;4;7;7;1.0;3.0;3.0;10.0;1.0;4.0;67.33333333333333;928.2999999999998;5.0;2.3333333333333335;4
83075;2010-11-19;0;31.6;15;10.9;2010;11;19;-23.43;-46.46;735;76.0;64.0;36.0;927.5;929.6;928.8;8;8;7;0.0;0.0;2.0;0.0;0.0;0.0;58.666666666666664;928.6333333333332;0.0;0.6666666666666666;7
83075;2010-11-20;0;31.8;17.5;3.8;2010;11;20;-23.43;-46.46;735;75.0;72.0;64.0;928.6;930.1;929.6;3;5;5;1.0;1.0;2.0;0.0;8.0;10.0;70.33333333333333;929.4333333333334;6.0;1.3333333333333333;3
83075;2010-11-21;0;32.2;19.8;4.6;2010;11;21;-23.43;-46.46;735;64.0;68.0;48.0;929.8;930.4;929.6;3;1;3;1.0;1.0;3.0;5.0;10.0;5.0;60.0;929.9333333333333;6.666666666666667;1.6666666666666667;3
83075;2010-11-22;0.3;28.4;19.5;2.2;2010;11;22;-23.43;-46.46;735;81.0;63.0;65.0;929.8;928.8;926.8;3;7;8;1.0;3.0;0.0;8.0;9.0;10.0;69.66666666666667;928.4666666666666;9.0;1.3333333333333333;3
83075;2010-11-23;14.3;23.8;19;0;2010;11;23;-23.43;-46.46;735;92.0;83.0;78.0;926.9;927.2;926.8;8;7;4;0.0;1.0;2.0;10.0;10.0;10.0;84.33333333333333;926.9666666666666;10.0;1.0;7
83075;2010-11-24;0;29.4;18.4;4.1;2010;11;24;-23.43;-46.46;735;92.0;80.0;65.0;926.9;927.6;927.5;4;8;5;1.0;0.0;2.0;10.0;10.0;9.0;79.0;927.3333333333334;9.666666666666666;1.0;4
83075;2010-11-25;0;32.3;17.5;5.5;2010;11;25;-23.43;-46.46;735;85.0;74.0;68.0;927.1;928.0;927.9;3;1;5;1.0;1.0;3.0;10.0;9.0;10.0;75.66666666666667;927.6666666666666;9.666666666666666;1.6666666666666667;3
83075;2010-11-26;20.6;29.4;17.4;4.4;2010;11;26;-23.43;-46.46;735;90.0;85.0;67.0;928.9;929.8;928.9;8;5;4;0.0;3.0;3.0;10.0;10.0;2.0;80.66666666666667;929.1999999999999;7.333333333333333;2.0;5
83075;2010-11-27;0;28.8;17.1;9.8;2010;11;27;-23.43;-46.46;735;82.0;70.0;61.0;929.5;930.8;930.3;8;8;5;0.0;0.0;3.0;9.0;2.0;1.0;71.0;930.1999999999999;4.0;1.0;5
83075;2010-11-28;0;32.8;17.6;8.9;2010;11;28;-23.43;-46.46;735;84.0;76.0;38.0;930.8;930.9;929.9;3;3;7;1.0;1.0;2.0;1.0;1.0;9.0;66.0;930.5333333333333;3.6666666666666665;1.3333333333333333;3
83075;2010-11-29;0;32.8;19.2;4.2;2010;11;29;-23.43;-46.46;735;74.0;70.0;64.0;929.3;930.3;929.4;8;3;7;0.0;1.0;1.0;0.0;8.0;10.0;69.33333333333333;929.6666666666666;6.0;0.6666666666666666;3
83075;2010-11-30;11.2;30.2;20.2;1.3;2010;11;30;-23.43;-46.46;735;77.0;73.0;67.0;929.4;930.4;930.0;7;7;7;3.0;1.0;3.0;10.0;10.0;10.0;72.33333333333333;929.9333333333334;10.0;2.3333333333333335;7
83075;2010-12-01;17.2;33.2;19.6;5.3;2010;12;1;-23.43;-46.46;735;88.0;66.0;49.0;931.9;932.9;931.6;8;7;7;0.0;1.0;2.0;10.0;8.0;8.0;67.66666666666667;932.1333333333333;8.666666666666666;1.0;7
83075;2010-12-02;45.3;32.6;20.8;0.7;2010;12;2;-23.43;-46.46;735;92.0;81.0;47.0;934.1;935.1;934.0;8;3;3;0.0;1.0;3.0;10.0;8.0;10.0;73.33333333333333;934.4;9.333333333333334;1.3333333333333333;3
83075;2010-12-03;0;33.3;22.6;7.2;2010;12;3;-23.43;-46.46;735;64.0;57.0;46.0;928.7;929.9;928.8;8;7;7;0.0;3.0;3.0;8.0;1.0;4.0;55.666666666666664;929.1333333333332;4.333333333333333;2.0;7
83075;2010-12-04;0;24.9;14.1;6.2;2010;12;4;-23.43;-46.46;735;85.0;83.0;56.0;938.7;939.4;937.6;5;5;3;2.0;1.0;1.0;8.0;8.0;6.0;74.66666666666667;938.5666666666666;7.333333333333333;1.3333333333333333;5
83075;2010-12-05;0;20.1;12.5;8.5;2010;12;5;-23.43;-46.46;735;85.0;73.0;50.0;933.0;933.3;932.1;3;7;7;1.0;2.0;3.0;5.0;1.0;4.0;69.33333333333333;932.8000000000001;3.3333333333333335;2.0;3
83075;2010-12-06;3.4;16.5;11.4;0.8;2010;12;6;-23.43;-46.46;735;83.0;90.0;66.0;942.7;944.0;943.7;3;3;5;1.0;2.0;3.0;10.0;10.0;9.0;79.66666666666667;943.4666666666667;9.666666666666666;2.0;3
83075;2010-12-07;0;28.3;15.6;8.6;2010;12;7;-23.43;-46.46;735;74.0;82.0;49.0;933.5;933.7;931.3;8;3;7;0.0;1.0;3.0;6.0;0.0;2.0;68.33333333333333;932.8333333333334;2.6666666666666665;1.3333333333333333;3
83075;2010-12-08;0;26.3;13.6;7.7;2010;12;8;-23.43;-46.46;735;85.0;80.0;54.0;940.4;941.4;937.8;4;5;7;1.0;1.0;1.0;8.0;1.0;4.0;73.0;939.8666666666667;4.333333333333333;1.0;4
83075;2010-12-09;0;30.2;14.4;9.3;2010;12;9;-23.43;-46.46;735;67.0;59.0;36.0;935.7;935.9;935.1;8;3;5;0.0;1.0;1.0;0.0;0.0;1.0;54.0;935.5666666666666;0.3333333333333333;0.6666666666666666;3
83075;2010-12-10;0;19.8;10;8.1;2010;12;10;-23.43;-46.46;735;85.0;58.0;54.0;938.5;938.5;938.2;4;4;5;1.0;2.0;3.0;10.0;5.0;4.0;65.66666666666667;938.4;6.333333333333333;2.0;4
83075;2010-12-11;0;19.4;14.5;0;2010;12;11;-23.43;-46.46;735;85.0;85.0;78.0;937.5;939.5;937.6;5;5;3;3.0;1.0;1.0;10.0;10.0;10.0;82.66666666666667;938.1999999999999;10.0;1.6666666666666667;5
83075;2010-12-12;25.5;33.8;21;8.9;2010;12;12;-23.43;-46.46;735;88.0;71.0;55.0;930.7;928.7;925.5;8;7;7;0.0;2.0;2.0;10.0;1.0;9.0;71.33333333333333;928.3000000000001;6.666666666666667;1.3333333333333333;7
83075;2010-12-13;26.8;29.5;20.1;1.2;2010;12;13;-23.43;-46.46;735;80.0;68.0;78.0;926.2;925.6;923.7;3;7;5;1.0;3.0;3.0;8.0;9.0;10.0;75.33333333333333;925.1666666666666;9.0;2.3333333333333335;3
83075;2010-12-14;30.3;21.7;16.9;0;2010;12;14;-23.43;-46.46;735;91.0;96.0;95.0;923.6;926.4;927.2;4;8;5;1.0;0.0;3.0;10.0;10.0;10.0;94.0;925.7333333333332;10.0;1.3333333333333333;4
83075;2010-12-15;29.9;21.8;17.6;0;2010;12;15;-23.43;-46.46;735;93.0;91.0;82.0;928.3;930.4;930.6;5;5;5;1.0;1.0;3.0;10.0;10.0;10.0;88.66666666666667;929.7666666666665;10.0;1.6666666666666667;5
83075;2010-12-16;5.3;26.4;18.1;0.6;2010;12;16;-23.43;-46.46;735;93.0;96.0;76.0;930.8;931.7;931.6;5;8;5;1.0;0.0;3.0;10.0;10.0;9.0;88.33333333333333;931.3666666666667;9.666666666666666;1.3333333333333333;5
83075;2010-12-17;62.1;30.2;19.5;0.7;2010;12;17;-23.43;-46.46;735;95.0;84.0;58.0;931.2;931.6;930.4;8;8;7;0.0;0.0;3.0;10.0;9.0;9.0;79.0;931.0666666666667;9.333333333333334;1.0;7
83075;2010-12-18;0.3;24.6;20;0;2010;12;18;-23.43;-46.46;735;82.0;79.0;85.0;930.5;930.7;930.4;8;5;7;0.0;2.0;1.0;9.0;9.0;10.0;82.0;930.5333333333333;9.333333333333334;1.0;5
83075;2010-12-19;2.3;30.6;19.6;5.6;2010;12;19;-23.43;-46.46;735;90.0;78.0;68.0;930.3;931.9;930.5;8;8;5;0.0;0.0;2.0;10.0;6.0;9.0;78.66666666666667;930.9;8.333333333333334;0.6666666666666666;5
83075;2010-12-20;13;33.2;20.7;9.2;2010;12;20;-23.43;-46.46;735;72.0;75.0;57.0;931.6;932.3;932.0;5;5;7;1.0;1.0;2.0;9.0;1.0;8.0;68.0;931.9666666666667;6.0;1.3333333333333333;5
83075;2010-12-21;21.8;33.2;21.2;6.6;2010;12;21;-23.43;-46.46;735;92.0;68.0;71.0;932.3;933.2;932.6;8;5;4;0.0;1.0;3.0;10.0;0.0;9.0;77.0;932.6999999999999;6.333333333333333;1.3333333333333333;5
83075;2010-12-22;0.1;30.2;21.4;1.6;2010;12;22;-23.43;-46.46;735;82.0;77.0;75.0;932.6;932.9;931.8;5;7;5;1.0;1.0;2.0;9.0;9.0;9.0;78.0;932.4333333333334;9.0;1.3333333333333333;5
83075;2010-12-23;25.4;27.2;18.6;0.6;2010;12;23;-23.43;-46.46;735;85.0;80.0;90.0;931.9;931.5;930.8;3;8;8;1.0;0.0;0.0;9.0;9.0;10.0;85.0;931.4;9.333333333333334;0.3333333333333333;3
83075;2010-12-24;10.6;28.2;19.4;4.9;2010;12;24;-23.43;-46.46;735;89.0;80.0;68.0;930.6;930.7;929.6;8;1;5;0.0;1.0;3.0;10.0;10.0;9.0;79.0;930.3000000000001;9.666666666666666;1.3333333333333333;1
83075;2010-12-25;0;31.6;19.5;7.7;2010;12;25;-23.43;-46.46;735;83.0;75.0;63.0;930.5;929.4;928.4;3;8;7;1.0;0.0;5.0;4.0;8.0;9.0;73.66666666666667;929.4333333333334;7.0;2.0;3
83075;2010-12-26;0;30;20.5;4.2;2010;12;26;-23.43;-46.46;735;85.0;72.0;93.0;929.2;929.2;929.6;8;7;7;0.0;1.0;1.0;9.0;9.0;10.0;83.33333333333333;929.3333333333334;9.333333333333334;0.6666666666666666;7
83075;2010-12-27;15.4;24.6;19.3;1;2010;12;27;-23.43;-46.46;735;90.0;86.0;78.0;929.3;929.1;929.3;5;5;4;1.0;3.0;3.0;10.0;10.0;9.0;84.66666666666667;929.2333333333332;9.666666666666666;2.3333333333333335;5
83075;2010-12-28;2.2;27.4;17.2;7;2010;12;28;-23.43;-46.46;735;89.0;74.0;66.0;929.2;929.1;927.6;4;5;5;3.0;1.0;2.0;10.0;8.0;4.0;76.33333333333333;928.6333333333333;7.333333333333333;2.0;4
83075;2010-12-29;0;28.2;16.2;9.2;2010;12;29;-23.43;-46.46;735;78.0;71.0;60.0;929.1;929.4;928.9;5;3;3;1.0;1.0;3.0;4.0;5.0;2.0;69.66666666666667;929.1333333333333;3.6666666666666665;1.6666666666666667;5
83075;2010-12-30;0;24.6;18.9;2.8;2010;12;30;-23.43;-46.46;735;82.0;73.0;69.0;929.0;929.0;928.9;4;5;5;2.0;1.0;3.0;10.0;9.0;8.0;74.66666666666667;928.9666666666667;9.0;2.0;4
83075;2010-12-31;0;26.1;16.9;4.6;2010;12;31;-23.43;-46.46;735;81.0;72.0;72.0;928.8;929.0;929.0;5;3;3;1.0;1.0;1.0;9.0;1.0;10.0;75.0;928.9333333333334;6.666666666666667;1.0;5
83075;2011-01-01;0;30;19;0;2011;1;1;-23.43;-46.46;735;83.0;75.0;77.0;929.2;929.2;928.7;5;5;5;1.0;1.0;1.0;9.0;9.0;9.0;78.33333333333333;929.0333333333334;9.0;1.0;5
83075;2011-01-02;0;29.1;21;1;2011;1;2;-23.43;-46.46;735;77.0;75.0;61.0;933.8;934.1;933.4;7;7;1;2.0;3.0;2.0;9.0;10.0;10.0;71.0;933.7666666666668;9.666666666666666;2.3333333333333335;7
83075;2011-01-03;108.9;23.9;18.6;0;2011;1;3;-23.43;-46.46;735;95.0;91.0;93.0;930.4;931.2;930.4;5;8;8;1.0;0.0;0.0;10.0;10.0;10.0;93.0;930.6666666666666;10.0;0.3333333333333333;5
83075;2011-01-04;0;30.2;19.2;7.1;2011;1;4;-23.43;-46.46;735;86.0;80.0;69.0;933.9;934.6;932.3;3;3;5;1.0;1.0;3.0;6.0;5.0;1.0;78.33333333333333;933.6;4.0;1.6666666666666667;3
83075;2011-01-05;0;26.6;16.8;3.5;2011;1;5;-23.43;-46.46;735;79.0;69.0;95.0;932.5;932.9;932.3;8;7;7;0.0;3.0;1.0;9.0;6.0;10.0;81.0;932.5666666666666;8.333333333333334;1.3333333333333333;7
83075;2011-01-06;0;21.6;10.7;6.1;2011;1;6;-23.43;-46.46;735;88.0;91.0;61.0;935.4;935.5;934.3;3;3;5;1.0;2.0;1.0;10.0;6.0;0.0;80.0;935.0666666666666;5.333333333333333;1.3333333333333333;3
83075;2011-01-07;0;25.3;14.2;3.7;2011;1;7;-23.43;-46.46;735;94.0;95.0;83.0;935.9;936.7;936.2;8;3;5;0.0;1.0;3.0;6.0;10.0;9.0;90.66666666666667;936.2666666666668;8.333333333333334;1.3333333333333333;3
83075;2011-01-08;0;20.5;15.4;0;2011;1;8;-23.43;-46.46;735;92.0;89.0;86.0;932.9;932.4;932.5;8;7;5;0.0;1.0;3.0;9.0;10.0;10.0;89.0;932.6;9.666666666666666;1.3333333333333333;7
83075;2011-01-09;5.2;18.6;9.3;8.1;2011;1;9;-23.43;-46.46;735;77.0;66.0;52.0;939.8;942.0;941.4;5;5;5;1.0;1.0;4.0;9.0;2.0;2.0;65.0;941.0666666666666;4.333333333333333;2.0;5
83075;2011-01-10;0;35.4;18.1;9.9;2011;1;10;-23.43;-46.46;735;37.0;40.0;29.0;933.2;932.9;929.3;8;8;7;0.0;0.0;1.0;0.0;0.0;1.0;35.333333333333336;931.7999999999998;0.3333333333333333;0.3333333333333333;7
83075;2011-01-11;0.4;20.1;11.8;9.6;2011;1;11;-23.43;-46.46;735;91.0;57.0;51.0;933.7;936.4;936.7;3;5;5;3.0;1.0;4.0;10.0;6.0;6.0;66.33333333333333;935.6;7.333333333333333;2.6666666666666665;3
83075;2011-01-12;0;30.2;19.2;7.4;2011;1;12;-23.43;-46.46;735;69.0;62.0;70.0;928.3;929.3;928.0;8;7;5;0.0;3.0;4.0;8.0;4.0;10.0;67.0;928.5333333333333;7.333333333333333;2.3333333333333335;7
83075;2011-01-13;17.2;27.2;20.6;0.2;2011;1;13;-23.43;-46.46;735;85.0;96.0;78.0;925.9;927.5;927.0;3;8;7;1.0;0.0;2.0;9.0;9.0;9.0;86.33333333333333;926.8000000000001;9.0;1.0;3
83075;2011-01-14;3.4;27.7;20.6;0.5;2011;1;14;-23.43;-46.46;735;86.0;90.0;83.0;927.6;928.9;929.1;3;5;5;1.0;2.0;1.0;9.0;10.0;10.0;86.33333333333333;928.5333333333333;9.666666666666666;1.3333333333333333;3
83075;2011-01-15;22.7;29.6;20.7;5.5;2011;1;15;-23.43;-46.46;735;90.0;80.0;65.0;929.6;930.3;928.9;8;8;5;0.0;0.0;2.0;10.0;10.0;5.0;78.33333333333333;929.6;8.333333333333334;0.6666666666666666;5
83075;2011-01-16;0;31;20.3;6.2;2011;1;16;-23.43;-46.46;735;85.0;76.0;72.0;930.0;930.1;928.8;5;8;3;1.0;0.0;1.0;9.0;8.0;9.0;77.66666666666667;929.6333333333332;8.666666666666666;0.6666666666666666;5
83075;2011-01-17;2.4;28.4;20.5;1.4;2011;1;17;-23.43;-46.46;735;86.0;90.0;71.0;929.3;932.0;930.9;3;7;7;1.0;2.0;4.0;10.0;10.0;9.0;82.33333333333333;930.7333333333332;9.666666666666666;2.3333333333333335;3
83075;2011-01-18;10.2;32.5;20;6;2011;1;18;-23.43;-46.46;735;81.0;78.0;60.0;930.8;932.0;930.8;7;1;7;1.0;1.0;1.0;6.0;6.0;8.0;73.0;931.1999999999999;6.666666666666667;1.0;7
83075;2011-01-19;12.6;32.6;20.1;5.4;2011;1;19;-23.43;-46.46;735;90.0;77.0;60.0;930.9;930.9;929.1;8;1;7;0.0;2.0;7.0;10.0;9.0;9.0;75.66666666666667;930.3000000000001;9.333333333333334;3.0;1
83075;2011-01-20;2.5;28.1;21;0;2011;1;20;-23.43;-46.46;735;81.0;90.0;91.0;929.3;930.2;929.4;3;8;7;1.0;0.0;0.1;9.0;10.0;10.0;87.33333333333333;929.6333333333333;9.666666666666666;0.3666666666666667;3
83075;2011-01-21;5.6;31.8;20.6;4.1;2011;1;21;-23.43;-46.46;735;92.0;81.0;86.0;930.2;930.4;929.9;8;5;3;0.0;1.0;1.0;10.0;8.0;10.0;86.33333333333333;930.1666666666666;9.333333333333334;0.6666666666666666;5
83075;2011-01-22;9;33;20.7;5;2011;1;22;-23.43;-46.46;735;90.0;81.0;50.0;930.6;931.8;931.6;8;1;3;0.0;1.0;1.0;9.0;9.0;9.0;73.66666666666667;931.3333333333334;9.0;0.6666666666666666;1
83075;2011-01-23;1;33.3;18.5;7;2011;1;23;-23.43;-46.46;735;86.0;65.0;61.0;932.1;933.2;932.6;8;1;5;0.0;1.0;2.0;9.0;4.0;9.0;70.66666666666667;932.6333333333333;7.333333333333333;1.0;1
83075;2011-01-24;75.2;32.4;18.4;7.3;2011;1;24;-23.43;-46.46;735;95.0;90.0;51.0;934.2;933.7;933.1;8;8;3;0.0;0.0;2.0;9.0;9.0;6.0;78.66666666666667;933.6666666666666;8.0;0.6666666666666666;3
83075;2011-01-25;0;32.9;21.1;6.6;2011;1;25;-23.43;-46.46;735;84.0;72.0;57.0;933.3;933.2;931.9;3;3;5;1.0;1.0;7.0;0.0;1.0;9.0;71.0;932.8000000000001;3.3333333333333335;3.0;3
83075;2011-01-26;25.7;33.3;19.6;6.8;2011;1;26;-23.43;-46.46;735;92.0;83.0;52.0;932.6;934.0;932.3;8;8;7;0.0;0.0;2.0;0.0;1.0;2.0;75.66666666666667;932.9666666666666;1.0;0.6666666666666666;7
83075;2011-01-27;4.6;34.5;21.5;10.6;2011;1;27;-23.43;-46.46;735;90.0;67.0;49.0;932.1;933.0;931.2;8;7;7;0.0;2.0;2.0;5.0;8.0;2.0;68.66666666666667;932.1;5.0;1.3333333333333333;7
83075;2011-01-28;0;35.1;21.9;9.7;2011;1;28;-23.43;-46.46;735;60.0;65.0;48.0;931.1;932.5;932.6;5;5;7;1.0;1.0;1.0;8.0;1.0;4.0;57.666666666666664;932.0666666666666;4.333333333333333;1.0;5
83075;2011-01-29;0;34.8;23.6;5.6;2011;1;29;-23.43;-46.46;735;70.0;70.0;70.0;932.6;932.7;932.6;8;8;5;0.0;0.0;2.0;8.0;9.0;9.0;70.0;932.6333333333333;8.666666666666666;0.6666666666666666;5
83075;2011-01-30;0.9;34.3;22;6.1;2011;1;30;-23.43;-46.46;735;83.0;68.0;49.0;933.0;933.8;933.6;8;5;5;0.0;1.0;1.0;4.0;4.0;8.0;66.66666666666667;933.4666666666667;5.333333333333333;0.6666666666666666;5
83075;2011-01-31;0;32.3;22;4.7;2011;1;31;-23.43;-46.46;735;85.0;73.0;73.0;933.7;934.3;933.4;5;7;5;1.0;1.0;5.0;9.0;8.0;10.0;77.0;933.8000000000001;9.0;2.3333333333333335;5
83075;2011-02-01;27.4;21.9;18.9;0;2011;2;1;-23.43;-46.46;735;91.0;95.0;96.0;928.3;928.3;927.8;5;8;5;1.0;0.0;2.0;10.0;10.0;10.0;94.0;928.1333333333332;10.0;1.0;5
83075;2011-02-02;0;30.1;20.9;1;2011;2;2;-23.43;-46.46;735;75.0;77.0;94.0;932.9;933.7;933.1;7;5;5;1.0;1.0;1.0;9.0;10.0;10.0;82.0;933.2333333333332;9.666666666666666;1.0;7
83075;2011-02-03;7.4;22.9;17.9;0;2011;2;3;-23.43;-46.46;735;88.0;88.0;96.0;930.4;932.0;931.5;5;5;5;1.0;2.0;1.0;9.0;10.0;10.0;90.66666666666667;931.3000000000001;9.666666666666666;1.3333333333333333;5
83075;2011-02-04;0;30.4;19;4.7;2011;2;4;-23.43;-46.46;735;85.0;79.0;63.0;932.6;933.1;929.9;5;8;7;1.0;0.0;3.0;9.0;9.0;10.0;75.66666666666667;931.8666666666667;9.333333333333334;1.3333333333333333;5
83075;2011-02-05;17;21.9;17.1;0.4;2011;2;5;-23.43;-46.46;735;88.0;88.0;93.0;932.7;933.3;933.2;7;7;7;1.0;1.0;3.0;8.0;9.0;10.0;89.66666666666667;933.0666666666666;9.0;1.6666666666666667;7
83075;2011-02-06;0;21.3;10.2;4.3;2011;2;6;-23.43;-46.46;735;90.0;93.0;72.0;935.3;935.9;935.0;3;3;8;1.0;2.0;0.0;1.0;10.0;0.0;85.0;935.4;3.6666666666666665;1.0;3
83075;2011-02-07;0;23;14.6;0.5;2011;2;7;-23.43;-46.46;735;89.0;89.0;66.0;936.7;937.3;936.4;8;8;5;0.0;0.0;2.0;10.0;9.0;9.0;81.33333333333333;936.8000000000001;9.333333333333334;0.6666666666666666;5
83075;2011-02-08;0.6;23.4;15.4;5.5;2011;2;8;-23.43;-46.46;735;93.0;88.0;73.0;932.0;930.2;927.3;3;7;7;1.0;5.0;4.0;10.0;10.0;4.0;84.66666666666667;929.8333333333334;8.0;3.3333333333333335;3
83075;2011-02-09;0;18;8.4;6.4;2011;2;9;-23.43;-46.46;735;72.0;59.0;49.0;940.9;942.6;942.2;5;5;5;1.0;1.0;5.0;2.0;8.0;1.0;60.0;941.9;3.6666666666666665;2.3333333333333335;5
83075;2011-02-10;0;27.8;17.2;2;2011;2;10;-23.43;-46.46;735;82.0;76.0;56.0;930.8;930.3;929.9;5;8;8;1.0;0.0;0.0;9.0;10.0;10.0;71.33333333333333;930.3333333333334;9.666666666666666;0.3333333333333333;5
83075;2011-02-11;0;20.8;10.7;8.4;2011;2;11;-23.43;-46.46;735;77.0;63.0;58.0;936.5;937.1;936.8;5;5;5;1.0;1.0;2.0;6.0;6.0;9.0;66.0;936.7999999999998;7.0;1.3333333333333333;5
83075;2011-02-12;4.7;20.6;14.2;0;2011;2;12;-23.43;-46.46;735;85.0;83.0;86.0;930.1;931.4;931.4;5;8;3;3.0;0.0;4.0;10.0;10.0;10.0;84.66666666666667;930.9666666666667;10.0;2.3333333333333335;5
83075;2011-02-13;0.7;32.7;21.6;6.5;2011;2;13;-23.43;-46.46;735;76.0;69.0;55.0;931.7;932.5;931.5;8;7;7;0.0;1.0;1.0;8.0;9.0;1.0;66.66666666666667;931.9;6.0;0.6666666666666666;7
83075;2011-02-14;0;32.9;22;2.3;2011;2;14;-23.43;-46.46;735;74.0;83.0;63.0;931.4;931.7;931.1;8;7;8;0.0;2.0;0.0;5.0;9.0;9.0;73.33333333333333;931.4;7.666666666666667;0.6666666666666666;7
83075;2011-02-15;2.7;28.1;21.3;0;2011;2;15;-23.43;-46.46;735;84.0;91.0;82.0;931.8;932.4;931.7;5;8;1;1.0;0.0;1.0;9.0;10.0;10.0;85.66666666666667;931.9666666666666;9.666666666666666;0.6666666666666666;5
83075;2011-02-16;2.8;30;18.9;3.4;2011;2;16;-23.43;-46.46;735;93.0;75.0;93.0;932.2;933.0;932.6;8;3;5;0.0;1.0;3.0;9.0;5.0;10.0;87.0;932.6;8.0;1.3333333333333333;3
83075;2011-02-17;74.1;29.9;18.6;5.7;2011;2;17;-23.43;-46.46;735;93.0;72.0;70.0;933.7;934.7;933.7;5;5;7;1.0;1.0;1.0;10.0;0.0;10.0;78.33333333333333;934.0333333333334;6.666666666666667;1.0;5
83075;2011-02-18;47.6;30;18.2;4.2;2011;2;18;-23.43;-46.46;735;88.0;80.0;72.0;934.0;935.3;933.8;8;3;5;0.0;1.0;2.0;6.0;8.0;9.0;80.0;934.3666666666667;7.666666666666667;1.0;3
83075;2011-02-19;0.2;31.9;20.4;6.9;2011;2;19;-23.43;-46.46;735;91.0;82.0;52.0;933.4;934.9;933.1;5;7;3;1.0;2.0;1.0;9.0;8.0;8.0;75.0;933.8000000000001;8.333333333333334;1.3333333333333333;5
83075;2011-02-20;0;32.3;19.9;5.2;2011;2;20;-23.43;-46.46;735;88.0;86.0;54.0;933.1;933.6;932.6;5;5;8;1.0;1.0;0.0;0.0;10.0;5.0;76.0;933.1;5.0;0.6666666666666666;5
83075;2011-02-21;43.8;32.8;19.8;6.5;2011;2;21;-23.43;-46.46;735;90.0;75.0;89.0;933.0;934.0;934.1;8;8;7;0.0;0.0;3.0;1.0;1.0;10.0;84.66666666666667;933.6999999999999;4.0;1.0;7
83075;2011-02-22;16.3;33;19.2;8.4;2011;2;22;-23.43;-46.46;735;89.0;67.0;57.0;933.9;934.0;930.7;5;1;7;1.0;2.0;3.0;8.0;1.0;8.0;71.0;932.8666666666668;5.666666666666667;2.0;5
83075;2011-02-23;0.8;30.6;20.4;4;2011;2;23;-23.43;-46.46;735;80.0;81.0;78.0;929.9;930.5;928.8;5;7;5;2.0;2.0;3.0;9.0;9.0;9.0;79.66666666666667;929.7333333333332;9.0;2.3333333333333335;5
83075;2011-02-24;0;29.4;20.5;4.8;2011;2;24;-23.43;-46.46;735;83.0;76.0;77.0;929.7;930.0;929.4;5;3;5;1.0;1.0;4.0;10.0;4.0;10.0;78.66666666666667;929.6999999999999;8.0;2.0;5
83075;2011-02-25;12.9;31.7;21.5;6.6;2011;2;25;-23.43;-46.46;735;88.0;79.0;58.0;929.8;931.3;930.7;5;3;3;1.0;2.0;3.0;6.0;9.0;2.0;75.0;930.6;5.666666666666667;2.0;5
83075;2011-02-26;0;31.1;21.3;4.7;2011;2;26;-23.43;-46.46;735;84.0;77.0;66.0;930.6;931.0;929.9;5;7;7;2.0;1.0;1.0;9.0;9.0;9.0;75.66666666666667;930.5;9.0;1.3333333333333333;5
83075;2011-02-27;0;30.8;20.8;2.6;2011;2;27;-23.43;-46.46;735;81.0;84.0;92.0;930.2;930.4;929.8;5;5;5;1.0;1.0;1.0;0.0;9.0;10.0;85.66666666666667;930.1333333333332;6.333333333333333;1.0;5
83075;2011-02-28;59.1;25.1;18.9;0;2011;2;28;-23.43;-46.46;735;94.0;88.0;90.0;930.2;930.7;930.5;5;8;3;1.0;0.0;1.0;10.0;10.0;10.0;90.66666666666667;930.4666666666667;10.0;0.6666666666666666;5
83075;2011-03-02;11.8;25.6;20.3;0;2011;3;2;-23.43;-46.46;735;91.0;88.0;90.0;933.5;934.4;933.3;5;3;8;1.0;1.0;0.0;9.0;10.0;10.0;89.66666666666667;933.7333333333332;9.666666666666666;0.6666666666666666;5
83075;2011-03-03;47.9;21.2;16.5;0;2011;3;3;-23.43;-46.46;735;95.0;96.0;91.0;932.5;934.1;933.0;5;5;5;1.0;1.0;1.0;10.0;10.0;10.0;94.0;933.1999999999999;10.0;1.0;5
83075;2011-03-04;31;22.2;18.5;0;2011;3;4;-23.43;-46.46;735;90.0;89.0;94.0;930.3;931.5;930.6;8;5;8;0.0;1.0;0.0;10.0;10.0;10.0;91.0;930.8000000000001;10.0;0.3333333333333333;5
83075;2011-03-05;0;21.5;14.2;5.7;2011;3;5;-23.43;-46.46;735;93.0;83.0;65.0;934.3;936.9;936.7;5;5;5;1.0;3.0;3.0;9.0;8.0;2.0;80.33333333333333;935.9666666666666;6.333333333333333;2.3333333333333335;5
83075;2011-03-06;0;23.6;13;1.1;2011;3;6;-23.43;-46.46;735;92.0;89.0;61.0;934.7;935.0;934.0;8;5;7;0.0;1.0;3.0;10.0;9.0;9.0;80.66666666666667;934.5666666666666;9.333333333333334;1.3333333333333333;5
83075;2011-03-07;0;21;14;0.1;2011;3;7;-23.43;-46.46;735;86.0;96.0;80.0;936.2;936.5;934.8;8;8;5;0.0;0.0;2.0;6.0;10.0;10.0;87.33333333333333;935.8333333333334;8.666666666666666;0.6666666666666666;5
83075;2011-03-08;0.3;19.8;10.5;3.2;2011;3;8;-23.43;-46.46;735;85.0;62.0;53.0;927.3;931.4;931.1;7;1;7;3.0;1.0;3.0;5.0;2.0;10.0;66.66666666666667;929.9333333333333;5.666666666666667;2.3333333333333335;7
83075;2011-03-09;0;23.3;8.7;7.4;2011;3;9;-23.43;-46.46;735;76.0;73.0;36.0;941.4;941.7;938.9;3;3;5;1.0;1.0;1.0;4.0;8.0;5.0;61.666666666666664;940.6666666666666;5.666666666666667;1.0;3
83075;2011-03-10;14.2;24.2;16.3;5.7;2011;3;10;-23.43;-46.46;735;93.0;78.0;61.0;930.7;932.8;932.7;8;8;5;0.0;0.0;4.0;10.0;10.0;1.0;77.33333333333333;932.0666666666666;7.0;1.3333333333333333;5
83075;2011-03-11;0;21.9;12.1;7.5;2011;3;11;-23.43;-46.46;735;77.0;69.0;69.0;937.1;938.4;937.4;5;5;3;3.0;1.0;5.0;10.0;5.0;8.0;71.66666666666667;937.6333333333333;7.666666666666667;3.0;5
83075;2011-03-12;0;23.2;14.2;2.3;2011;3;12;-23.43;-46.46;735;79.0;69.0;79.0;932.5;931.9;931.7;3;3;3;1.0;2.0;3.0;10.0;9.0;10.0;75.66666666666667;932.0333333333334;9.666666666666666;2.0;3
83075;2011-03-13;1.9;28.1;20.2;1.1;2011;3;13;-23.43;-46.46;735;87.0;93.0;77.0;929.5;928.4;926.4;5;5;5;1.0;1.0;1.0;9.0;9.0;9.0;85.66666666666667;928.1;9.0;1.0;5
83075;2011-03-14;0;28.9;20;1;2011;3;14;-23.43;-46.46;735;88.0;87.0;66.0;926.3;927.6;926.0;5;5;5;1.0;2.0;1.0;9.0;10.0;5.0;80.33333333333333;926.6333333333333;8.0;1.3333333333333333;5
83075;2011-03-15;1.2;25.9;19.8;0.3;2011;3;15;-23.43;-46.46;735;86.0;91.0;89.0;927.6;930.5;931.1;5;8;5;2.0;0.0;1.0;9.0;10.0;9.0;88.66666666666667;929.7333333333332;9.333333333333334;1.0;5
83075;2011-03-16;0.1;22;18;0;2011;3;16;-23.43;-46.46;735;88.0;85.0;82.0;932.0;934.9;934.7;5;5;5;1.0;3.0;3.0;9.0;10.0;10.0;85.0;933.8666666666668;9.666666666666666;2.3333333333333335;5
83075;2011-03-17;0;26.4;18.1;0.3;2011;3;17;-23.43;-46.46;735;90.0;84.0;75.0;935.5;935.1;932.4;3;3;5;1.0;1.0;3.0;10.0;10.0;8.0;83.0;934.3333333333334;9.333333333333334;1.6666666666666667;3
83075;2011-03-18;0;29.7;19.4;2.4;2011;3;18;-23.43;-46.46;735;89.0;79.0;73.0;932.8;933.2;931.3;3;3;5;1.0;3.0;1.0;9.0;9.0;9.0;80.33333333333333;932.4333333333334;9.0;1.6666666666666667;3
83075;2011-03-19;0.3;23.5;18.4;0;2011;3;19;-23.43;-46.46;735;92.0;90.0;93.0;931.4;932.8;933.1;5;5;5;1.0;3.0;3.0;10.0;10.0;10.0;91.66666666666667;932.4333333333333;10.0;2.3333333333333335;5
83075;2011-03-20;4.4;21.8;18;0;2011;3;20;-23.43;-46.46;735;89.0;85.0;80.0;933.6;935.3;935.3;5;5;5;3.0;2.0;5.0;10.0;10.0;10.0;84.66666666666667;934.7333333333332;10.0;3.3333333333333335;5
83075;2011-03-21;0.3;26.8;18.4;2.5;2011;3;21;-23.43;-46.46;735;88.0;93.0;75.0;935.1;934.9;934.5;5;8;3;5.0;0.0;3.0;10.0;10.0;5.0;85.33333333333333;934.8333333333334;8.333333333333334;2.6666666666666665;5
83075;2011-03-22;0;26.1;17.4;2.4;2011;3;22;-23.43;-46.46;735;87.0;77.0;69.0;934.5;935.3;934.6;5;5;5;1.0;1.0;3.0;9.0;8.0;9.0;77.66666666666667;934.8000000000001;8.666666666666666;1.6666666666666667;5
83075;2011-03-23;0;27.3;19.9;0;2011;3;23;-23.43;-46.46;735;84.0;82.0;72.0;934.3;934.8;934.3;3;5;5;1.0;1.0;1.0;9.0;9.0;9.0;79.33333333333333;934.4666666666666;9.0;1.0;3
83075;2011-03-24;0;30.1;19.4;4.1;2011;3;24;-23.43;-46.46;735;81.0;80.0;64.0;934.9;935.6;934.1;8;5;7;0.0;1.0;3.0;9.0;9.0;6.0;75.0;934.8666666666667;8.0;1.3333333333333333;5
83075;2011-03-25;4.2;31.5;20;6.1;2011;3;25;-23.43;-46.46;735;86.0;71.0;74.0;934.0;934.6;932.7;8;7;5;0.0;1.0;5.0;9.0;5.0;10.0;77.0;933.7666666666668;8.0;2.0;7
83075;2011-03-26;0;32.9;19.9;6.4;2011;3;26;-23.43;-46.46;735;87.0;78.0;61.0;932.6;933.0;930.9;8;8;5;0.0;0.0;1.0;9.0;4.0;9.0;75.33333333333333;932.1666666666666;7.333333333333333;0.3333333333333333;5
83075;2011-03-27;0;32.6;21.5;4.7;2011;3;27;-23.43;-46.46;735;81.0;71.0;78.0;931.1;931.7;931.4;8;7;5;0.0;1.0;3.0;4.0;8.0;10.0;76.66666666666667;931.4000000000001;7.333333333333333;1.3333333333333333;7
83075;2011-03-28;10.3;31.1;21;4.1;2011;3;28;-23.43;-46.46;735;88.0;82.0;66.0;932.1;934.2;932.6;8;8;7;0.0;0.0;2.0;8.0;9.0;8.0;78.66666666666667;932.9666666666667;8.333333333333334;0.6666666666666666;7
83075;2011-03-29;0;28;20.6;3.5;2011;3;29;-23.43;-46.46;735;83.0;80.0;81.0;933.0;934.2;933.3;5;8;3;2.0;0.0;5.0;8.0;2.0;10.0;81.33333333333333;933.5;6.666666666666667;2.3333333333333335;5
83075;2011-03-30;0;23.3;18.7;0.4;2011;3;30;-23.43;-46.46;735;83.0;85.0;75.0;934.2;934.6;934.3;5;5;5;2.0;1.0;0.9;9.0;10.0;9.0;81.0;934.3666666666668;9.333333333333334;1.3;5
83075;2011-03-31;0.3;26.4;18.9;1.6;2011;3;31;-23.43;-46.46;735;89.0;78.0;71.0;934.9;934.7;933.8;5;3;5;0.9;1.0;1.0;9.0;9.0;9.0;79.33333333333333;934.4666666666666;9.0;0.9666666666666667;5
83075;2011-04-01;21.6;25;20;0;2011;4;1;-23.43;-46.46;735;96.0;90.0;95.0;927.2;927.5;927.5;5;8;8;1.0;0.0;0.0;9.0;10.0;10.0;93.66666666666667;927.4;9.666666666666666;0.3333333333333333;5
83075;2011-04-02;4.4;28.8;21.2;0.5;2011;4;2;-23.43;-46.46;735;86.0;81.0;69.0;932.8;933.3;932.9;5;5;7;1.0;1.0;2.0;9.0;9.0;9.0;78.66666666666667;933.0;9.0;1.3333333333333333;5
83075;2011-04-03;3.4;22.9;17.2;0;2011;4;3;-23.43;-46.46;735;93.0;85.0;93.0;933.2;933.6;933.2;5;3;8;1.0;1.0;0.0;10.0;10.0;10.0;90.33333333333333;933.3333333333334;10.0;0.6666666666666666;5
83075;2011-04-04;16.4;25.3;18.2;0.9;2011;4;4;-23.43;-46.46;735;95.0;94.0;81.0;931.0;931.4;930.3;8;8;7;0.0;0.0;2.0;10.0;10.0;9.0;90.0;930.9;9.666666666666666;0.6666666666666666;7
83075;2011-04-05;0;24.4;12.2;7.2;2011;4;5;-23.43;-46.46;735;86.0;87.0;66.0;937.2;937.5;935.4;5;5;5;1.0;2.0;1.0;9.0;6.0;1.0;79.66666666666667;936.6999999999999;5.333333333333333;1.3333333333333333;5
83075;2011-04-06;0;20.6;11.9;7;2011;4;6;-23.43;-46.46;735;85.0;83.0;64.0;933.9;935.0;935.2;8;5;5;0.0;1.0;2.0;0.0;0.0;2.0;77.33333333333333;934.7000000000002;0.6666666666666666;1.0;5
83075;2011-04-07;0.1;15.4;8.6;0;2011;4;7;-23.43;-46.46;735;87.0;91.0;84.0;935.8;937.6;936.6;5;5;5;2.0;2.0;1.0;10.0;10.0;10.0;87.33333333333333;936.6666666666666;10.0;1.6666666666666667;5
83075;2011-04-08;0.7;17.3;6.3;8.8;2011;4;8;-23.43;-46.46;735;83.0;60.0;53.0;935.3;939.3;937.5;7;7;7;3.0;3.0;1.0;9.0;0.0;0.0;65.33333333333333;937.3666666666667;3.0;2.3333333333333335;7
83075;2011-04-09;0;29.8;9.9;8.6;2011;4;9;-23.43;-46.46;735;80.0;73.0;32.0;939.0;939.0;936.9;8;8;5;0.0;0.0;1.0;0.0;1.0;0.0;61.666666666666664;938.3000000000001;0.3333333333333333;0.3333333333333333;5
83075;2011-04-10;0;22.4;15.3;6;2011;4;10;-23.43;-46.46;735;81.0;74.0;64.0;935.0;938.3;937.2;5;3;5;2.0;3.0;3.0;6.0;8.0;9.0;73.0;936.8333333333334;7.666666666666667;2.6666666666666665;5
83075;2011-04-11;0;25.6;13.6;9.5;2011;4;11;-23.43;-46.46;735;76.0;67.0;53.0;937.9;937.5;936.8;5;3;5;2.0;1.0;3.0;10.0;6.0;1.0;65.33333333333333;937.4;5.666666666666667;2.0;5
83075;2011-04-12;0;27.2;16.4;5.3;2011;4;12;-23.43;-46.46;735;82.0;81.0;70.0;932.1;932.2;931.4;5;8;5;1.0;0.0;3.0;10.0;9.0;8.0;77.66666666666667;931.9000000000001;9.0;1.3333333333333333;5
83075;2011-04-13;30.6;26.8;17.9;1.7;2011;4;13;-23.43;-46.46;735;93.0;75.0;74.0;931.1;932.1;932.0;5;7;7;1.0;3.0;1.0;10.0;6.0;10.0;80.66666666666667;931.7333333333332;8.666666666666666;1.6666666666666667;5
83075;2011-04-15;0;31;19.5;6.3;2011;4;15;-23.43;-46.46;735;73.0;85.0;49.0;933.9;935.6;934.0;8;5;3;0.0;1.0;3.0;2.0;9.0;1.0;69.0;934.5;4.0;1.3333333333333333;5
83075;2011-04-16;0;31.2;21.4;7.5;2011;4;16;-23.43;-46.46;735;87.0;79.0;58.0;934.5;935.7;933.9;3;3;3;2.0;1.0;1.0;10.0;1.0;2.0;74.66666666666667;934.6999999999999;4.333333333333333;1.3333333333333333;3
83075;2011-04-17;0;29.3;20.1;6.8;2011;4;17;-23.43;-46.46;735;85.0;84.0;59.0;934.7;935.3;934.2;5;8;3;1.0;0.0;2.0;10.0;9.0;1.0;76.0;934.7333333333332;6.666666666666667;1.0;5
83075;2011-04-18;0;31.4;19.8;7.9;2011;4;18;-23.43;-46.46;735;83.0;81.0;55.0;935.3;935.9;935.0;5;3;5;1.0;1.0;1.0;10.0;0.0;6.0;73.0;935.4;5.333333333333333;1.0;5
83075;2011-04-19;0;26.2;20;4.4;2011;4;19;-23.43;-46.46;735;86.0;84.0;67.0;935.9;937.5;936.5;5;5;5;1.0;1.0;3.0;9.0;10.0;5.0;79.0;936.6333333333333;8.0;1.6666666666666667;5
83075;2011-04-20;0;28.1;19.4;6.4;2011;4;20;-23.43;-46.46;735;87.0;83.0;64.0;936.7;936.8;934.4;5;3;5;1.0;1.0;1.0;8.0;9.0;4.0;78.0;935.9666666666667;7.0;1.0;5
83075;2011-04-21;0;29.9;17.9;8.6;2011;4;21;-23.43;-46.46;735;87.0;80.0;57.0;934.5;934.5;933.0;8;3;7;0.0;1.0;1.0;8.0;4.0;4.0;74.66666666666667;934.0;5.333333333333333;0.6666666666666666;3
83075;2011-04-22;0;30.6;19.5;8.4;2011;4;22;-23.43;-46.46;735;79.0;79.0;47.0;933.0;933.9;933.4;8;8;5;0.0;0.0;1.0;4.0;1.0;4.0;68.33333333333333;933.4333333333334;3.0;0.3333333333333333;5
83075;2011-04-23;0;30.3;19.1;7.6;2011;4;23;-23.43;-46.46;735;73.0;80.0;58.0;933.6;933.9;933.3;8;3;3;0.0;1.0;1.0;8.0;4.0;8.0;70.33333333333333;933.6;6.666666666666667;0.6666666666666666;3
83075;2011-04-24;0;25.2;18.4;0.4;2011;4;24;-23.43;-46.46;735;79.0;83.0;83.0;933.4;934.5;934.1;8;5;5;0.0;1.0;5.0;10.0;10.0;10.0;81.66666666666667;934.0;10.0;2.0;5
83075;2011-04-25;0.3;26.2;17.6;3;2011;4;25;-23.43;-46.46;735;89.0;89.0;72.0;934.9;935.5;934.9;5;8;5;3.0;0.0;3.0;10.0;8.0;5.0;83.33333333333333;935.1;7.666666666666667;2.0;5
83075;2011-04-26;0.3;21;16.6;0;2011;4;26;-23.43;-46.46;735;90.0;81.0;76.0;935.6;937.0;937.2;5;5;5;2.0;1.0;3.0;8.0;10.0;10.0;82.33333333333333;936.6;9.333333333333334;2.0;5
83075;2011-04-27;0;20.8;15.1;1;2011;4;27;-23.43;-46.46;735;86.0;79.0;79.0;938.4;939.5;938.9;5;5;5;1.0;1.0;2.0;9.0;8.0;10.0;81.33333333333333;938.9333333333334;9.0;1.3333333333333333;5
83075;2011-04-28;2.9;19.6;13.2;0;2011;4;28;-23.43;-46.46;735;93.0;90.0;82.0;939.5;939.3;938.0;3;8;5;1.0;0.0;1.0;10.0;10.0;10.0;88.33333333333333;938.9333333333334;10.0;0.6666666666666666;3
83075;2011-04-29;26.5;24.9;15.8;5.2;2011;4;29;-23.43;-46.46;735;97.0;83.0;76.0;936.6;936.6;933.6;8;3;3;0.0;1.0;2.0;9.0;6.0;4.0;85.33333333333333;935.6;6.333333333333333;1.0;3
83075;2011-04-30;0;27.7;17.3;8.2;2011;4;30;-23.43;-46.46;735;91.0;80.0;53.0;933.7;934.4;932.8;5;8;7;1.0;0.0;3.0;9.0;0.0;4.0;74.66666666666667;933.6333333333332;4.333333333333333;1.3333333333333333;5
83075;2011-05-01;28.5;29.8;20.3;3.5;2011;5;1;-23.43;-46.46;735;95.0;81.0;73.0;927.5;928.5;928.8;5;7;8;1.0;3.0;0.0;8.0;9.0;8.0;83.0;928.2666666666668;8.333333333333334;1.3333333333333333;5
83075;2011-05-02;0;33.9;21.4;9.6;2011;5;2;-23.43;-46.46;735;89.0;63.0;53.0;931.3;932.1;932.0;3;7;5;1.0;2.0;1.0;9.0;4.0;6.0;68.33333333333333;931.8000000000001;6.333333333333333;1.3333333333333333;3
83075;2011-05-03;19.6;22.4;17.6;0;2011;5;3;-23.43;-46.46;735;94.0;90.0;88.0;933.1;933.4;932.8;5;3;5;1.0;1.0;1.0;9.0;10.0;10.0;90.66666666666667;933.1;9.666666666666666;1.0;5
83075;2011-05-04;0;27.8;18;4;2011;5;4;-23.43;-46.46;735;89.0;81.0;85.0;930.3;931.5;930.3;7;8;8;1.0;0.0;0.0;9.0;2.0;10.0;85.0;930.6999999999999;7.0;0.3333333333333333;7
83075;2011-05-05;0;27.4;14.4;8;2011;5;5;-23.43;-46.46;735;82.0;83.0;55.0;936.0;936.1;933.6;8;8;7;0.0;0.0;1.0;10.0;1.0;0.0;73.33333333333333;935.2333333333332;3.6666666666666665;0.3333333333333333;7
83075;2011-05-06;0;16.4;9.5;5.3;2011;5;6;-23.43;-46.46;735;85.0;81.0;81.0;937.5;933.8;938.2;3;5;3;2.0;1.0;1.0;4.0;9.0;6.0;82.33333333333333;936.5;6.333333333333333;1.3333333333333333;3
83075;2011-05-07;0;20.1;8.5;2.1;2011;5;7;-23.43;-46.46;735;90.0;90.0;71.0;937.2;937.2;935.1;5;8;7;1.0;0.0;1.0;10.0;10.0;9.0;83.66666666666667;936.5;9.666666666666666;0.6666666666666666;5
83075;2011-05-08;0;19.8;5.7;8.8;2011;5;8;-23.43;-46.46;735;79.0;78.0;58.0;938.6;939.6;938.5;8;5;3;0.0;3.0;1.0;0.0;1.0;1.0;71.66666666666667;938.9;0.6666666666666666;1.3333333333333333;5
83075;2011-05-09;0;32.1;13.1;8.7;2011;5;9;-23.43;-46.46;735;59.0;54.0;20.0;936.9;937.0;934.1;8;8;7;0.0;0.0;3.0;0.0;0.0;0.0;44.333333333333336;936.0;0.0;1.0;7
83075;2011-05-10;0;31.6;14.8;8.6;2011;5;10;-23.43;-46.46;735;84.0;68.0;41.0;937.9;938.1;934.2;5;8;7;1.0;0.0;2.0;10.0;8.0;6.0;64.33333333333333;936.7333333333332;8.0;1.0;5
83075;2011-05-11;0;31.4;12.9;9.6;2011;5;11;-23.43;-46.46;735;82.0;68.0;36.0;936.6;936.5;933.8;5;3;8;1.0;1.0;0.0;10.0;0.0;6.0;62.0;935.6333333333332;5.333333333333333;0.6666666666666666;5
83075;2011-05-12;0;27.6;18.2;5;2011;5;12;-23.43;-46.46;735;84.0;73.0;67.0;931.8;932.7;932.5;3;8;5;1.0;0.0;5.0;10.0;10.0;1.0;74.66666666666667;932.3333333333334;7.0;2.0;3
83075;2011-05-13;0.1;20.8;16.4;0;2011;5;13;-23.43;-46.46;735;84.0;87.0;89.0;935.0;935.9;935.5;5;5;5;3.0;1.0;2.0;9.0;10.0;10.0;86.66666666666667;935.4666666666667;9.666666666666666;2.0;5
83075;2011-05-14;0.4;20.8;15;1.7;2011;5;14;-23.43;-46.46;735;89.0;77.0;75.0;935.8;936.4;935.8;5;5;5;1.0;2.0;3.0;0.0;9.0;9.0;80.33333333333333;936.0;6.0;2.0;5
83075;2011-05-15;0;24.5;13.3;3.4;2011;5;15;-23.43;-46.46;735;88.0;89.0;70.0;935.9;933.9;930.4;5;8;7;1.0;0.0;3.0;2.0;9.0;5.0;82.33333333333333;933.4;5.333333333333333;1.3333333333333333;5
83075;2011-05-16;4.8;20.6;13;6.3;2011;5;16;-23.43;-46.46;735;93.0;82.0;71.0;931.6;933.0;932.1;5;5;5;3.0;1.0;3.0;10.0;4.0;2.0;82.0;932.2333333333332;5.333333333333333;2.3333333333333335;5
83075;2011-05-17;0.6;17.7;12.8;0.2;2011;5;17;-23.43;-46.46;735;91.0;88.0;73.0;933.9;936.7;936.2;5;5;5;3.0;3.0;1.0;9.0;9.0;10.0;84.0;935.6;9.333333333333334;2.3333333333333335;5
83075;2011-05-18;0;19.6;12.4;3.3;2011;5;18;-23.43;-46.46;735;88.0;92.0;72.0;935.8;936.7;935.5;5;5;3;1.0;1.0;3.0;2.0;9.0;8.0;84.0;936.0;6.333333333333333;1.6666666666666667;5
83075;2011-05-19;0;22.1;13.4;4.4;2011;5;19;-23.43;-46.46;735;88.0;87.0;78.0;936.4;936.1;935.0;5;3;3;1.0;1.0;3.0;10.0;9.0;8.0;84.33333333333333;935.8333333333334;9.0;1.6666666666666667;5
83075;2011-05-20;0;22;13.2;5.2;2011;5;20;-23.43;-46.46;735;89.0;87.0;68.0;935.6;936.7;936.4;5;3;5;1.0;1.0;1.0;8.0;10.0;1.0;81.33333333333333;936.2333333333335;6.333333333333333;1.0;5
83075;2011-05-21;0;22.6;13.6;6.2;2011;5;21;-23.43;-46.46;735;89.0;88.0;65.0;937.4;939.4;939.1;3;5;5;1.0;1.0;1.0;8.0;10.0;1.0;80.66666666666667;938.6333333333333;6.333333333333333;1.0;3
83075;2011-05-22;0;24.4;14;8.6;2011;5;22;-23.43;-46.46;735;93.0;87.0;59.0;939.2;939.6;938.5;5;5;5;1.0;3.0;1.0;4.0;5.0;4.0;79.66666666666667;939.1;4.333333333333333;1.6666666666666667;5
83075;2011-05-23;0;25.3;11.7;8.8;2011;5;23;-23.43;-46.46;735;86.0;79.0;56.0;938.5;939.4;937.8;5;8;7;1.0;0.0;3.0;4.0;0.0;1.0;73.66666666666667;938.5666666666666;1.6666666666666667;1.3333333333333333;5
83075;2011-05-24;0;24.4;13.5;8.3;2011;5;24;-23.43;-46.46;735;80.0;79.0;65.0;937.5;938.7;937.1;5;8;5;1.0;0.0;1.0;0.0;1.0;6.0;74.66666666666667;937.7666666666668;2.3333333333333335;0.6666666666666666;5
83075;2011-05-25;0;26.1;13.3;7.4;2011;5;25;-23.43;-46.46;735;89.0;90.0;61.0;937.2;937.8;937.0;3;3;7;1.0;2.0;1.0;6.0;6.0;6.0;80.0;937.3333333333334;6.0;1.3333333333333333;3
83075;2011-05-26;0;25;15;0.9;2011;5;26;-23.43;-46.46;735;81.0;81.0;67.0;937.2;937.6;936.4;8;8;7;0.0;0.0;1.0;8.0;10.0;9.0;76.33333333333333;937.0666666666667;9.0;0.3333333333333333;7
83075;2011-05-27;0;20;15.4;0;2011;5;27;-23.43;-46.46;735;86.0;84.0;73.0;937.0;938.0;937.9;5;5;5;2.0;1.0;2.0;8.0;10.0;10.0;81.0;937.6333333333333;9.333333333333334;1.6666666666666667;5
83075;2011-05-28;0.4;17.6;12.9;0.8;2011;5;28;-23.43;-46.46;735;87.0;84.0;79.0;937.6;938.9;938.9;5;5;5;1.0;3.0;1.0;10.0;9.0;6.0;83.33333333333333;938.4666666666667;8.333333333333334;1.6666666666666667;5
83075;2011-05-29;0;18.5;9.2;8.4;2011;5;29;-23.43;-46.46;735;88.0;77.0;62.0;938.9;938.1;937.7;5;5;5;1.0;1.0;3.0;8.0;1.0;1.0;75.66666666666667;938.2333333333332;3.3333333333333335;1.6666666666666667;5
83075;2011-05-30;0;18.9;9.4;4.9;2011;5;30;-23.43;-46.46;735;88.0;87.0;64.0;938.1;938.5;938.3;3;3;5;1.0;1.0;1.0;0.0;9.0;8.0;79.66666666666667;938.2999999999998;5.666666666666667;1.0;3
83075;2011-05-31;0;20.6;12.6;4.3;2011;5;31;-23.43;-46.46;735;86.0;89.0;71.0;937.7;938.5;935.8;5;3;8;1.0;2.0;0.0;9.0;10.0;1.0;82.0;937.3333333333334;6.666666666666667;1.0;5
83075;2011-06-02;0;34.7;21.8;9.1;2011;6;2;-23.43;-46.46;735;74.0;60.0;48.0;930.7;931.7;931.1;5;5;7;1.0;1.0;2.0;4.0;9.0;4.0;60.666666666666664;931.1666666666666;5.666666666666667;1.3333333333333333;5
83075;2011-06-03;10;24.4;16.8;0.1;2011;6;3;-23.43;-46.46;735;91.0;83.0;81.0;933.1;933.5;931.2;3;3;5;1.0;1.0;5.0;10.0;10.0;10.0;85.0;932.6;10.0;2.3333333333333335;3
83075;2011-06-04;0.3;28.4;16.2;7.1;2011;6;4;-23.43;-46.46;735;91.0;78.0;62.0;931.9;933.1;932.6;8;8;5;0.0;0.0;1.0;2.0;1.0;8.0;77.0;932.5333333333333;3.6666666666666665;0.3333333333333333;5
83075;2011-06-05;0;27.9;15.4;7.6;2011;6;5;-23.43;-46.46;735;81.0;75.0;59.0;933.9;935.2;934.7;7;8;7;1.0;0.0;1.0;0.0;9.0;8.0;71.66666666666667;934.6;5.666666666666667;0.6666666666666666;7
83075;2011-06-06;0;21.8;9.5;7.4;2011;6;6;-23.43;-46.46;735;90.0;86.0;66.0;937.7;938.5;934.9;3;3;8;2.0;3.0;0.0;5.0;6.0;1.0;80.66666666666667;937.0333333333333;4.0;1.6666666666666667;3
83075;2011-06-08;0;29;11;8;2011;6;8;-23.43;-46.46;735;86.0;84.0;49.0;938.1;939.1;938.1;8;8;7;0.0;0.0;2.0;4.0;9.0;6.0;73.0;938.4333333333334;6.333333333333333;0.6666666666666666;7
83075;2011-06-09;0;23.2;14.7;6;2011;6;9;-23.43;-46.46;735;50.0;70.0;62.0;933.9;936.5;935.7;8;5;5;0.0;3.0;5.0;0.0;6.0;5.0;60.666666666666664;935.3666666666668;3.6666666666666665;2.6666666666666665;5
83075;2011-06-10;0;29.8;18.3;7;2011;6;10;-23.43;-46.46;735;80.0;61.0;50.0;934.4;935.6;934.7;8;7;5;0.0;1.0;3.0;10.0;8.0;9.0;63.666666666666664;934.9;9.0;1.3333333333333333;7
83075;2011-06-11;0;28;15;3.2;2011;6;11;-23.43;-46.46;735;81.0;71.0;57.0;934.2;934.7;934.2;3;3;5;1.0;1.0;1.0;0.0;10.0;10.0;69.66666666666667;934.3666666666668;6.666666666666667;1.0;3
83075;2011-06-12;0;26;18.7;0.2;2011;6;12;-23.43;-46.46;735;87.0;80.0;73.0;932.3;933.6;932.5;5;8;5;1.0;0.0;4.0;10.0;10.0;10.0;80.0;932.8000000000001;10.0;1.6666666666666667;5
83075;2011-06-13;0;23.7;10;6.3;2011;6;13;-23.43;-46.46;735;92.0;91.0;62.0;938.9;939.8;938.1;8;8;7;0.0;0.0;1.0;0.0;10.0;1.0;81.66666666666667;938.9333333333333;3.6666666666666665;0.3333333333333333;7
83075;2011-06-14;0;19.6;12.1;3.9;2011;6;14;-23.43;-46.46;735;90.0;87.0;77.0;939.9;940.8;940.2;8;8;5;0.0;0.0;3.0;0.0;4.0;5.0;84.66666666666667;940.2999999999998;3.0;1.0;5
83075;2011-06-15;0;20.6;12;6;2011;6;15;-23.43;-46.46;735;88.0;86.0;69.0;940.9;941.9;940.2;7;3;8;1.0;1.0;0.0;10.0;8.0;0.0;81.0;941.0;6.0;0.6666666666666666;7
83075;2011-06-16;0;21.6;12.3;5.8;2011;6;16;-23.43;-46.46;735;91.0;88.0;62.0;939.7;939.8;938.9;8;1;3;0.0;1.0;1.0;8.0;10.0;1.0;80.33333333333333;939.4666666666667;6.333333333333333;0.6666666666666666;1
83075;2011-06-17;0;23.7;10.5;8.1;2011;6;17;-23.43;-46.46;735;83.0;86.0;56.0;937.9;938.8;937.0;8;5;7;0.0;1.0;3.0;0.0;0.0;0.0;75.0;937.9;0.0;1.3333333333333333;5
83075;2011-06-19;0;24.6;12.8;8.1;2011;6;19;-23.43;-46.46;735;86.0;87.0;68.0;936.8;937.2;935.1;5;8;8;1.0;0.0;0.0;0.0;0.0;10.0;80.33333333333333;936.3666666666667;3.3333333333333335;0.3333333333333333;5
83075;2011-06-20;0;26.4;13.3;8.3;2011;6;20;-23.43;-46.46;735;86.0;83.0;59.0;934.6;935.5;934.7;8;8;7;0.0;0.0;1.0;8.0;0.0;8.0;76.0;934.9333333333334;5.333333333333333;0.3333333333333333;7
83075;2011-06-21;0;27.5;14.4;7.2;2011;6;21;-23.43;-46.46;735;85.0;83.0;55.0;934.7;934.8;934.5;8;8;7;0.0;0.0;3.0;0.0;9.0;8.0;74.33333333333333;934.6666666666666;5.666666666666667;1.0;7
83075;2011-06-22;0;21.6;14.4;1.6;2011;6;22;-23.43;-46.46;735;84.0;89.0;75.0;935.0;937.5;937.8;8;8;5;0.0;0.0;2.0;0.0;10.0;9.0;82.66666666666667;936.7666666666668;6.333333333333333;0.6666666666666666;5
83075;2011-06-23;0;24.6;15.6;6.9;2011;6;23;-23.43;-46.46;735;95.0;89.0;67.0;938.5;938.6;937.5;8;3;5;0.0;3.0;1.0;6.0;1.0;0.0;83.66666666666667;938.1999999999999;2.3333333333333335;1.3333333333333333;3
83075;2011-06-25;0;23.7;14.4;5.7;2011;6;25;-23.43;-46.46;735;92.0;90.0;70.0;935.9;936.8;935.0;5;5;8;1.0;1.0;0.0;10.0;9.0;2.0;84.0;935.9;7.0;0.6666666666666666;5
83075;2011-06-26;0;23.4;15.1;0.1;2011;6;26;-23.43;-46.46;735;90.0;89.0;93.0;935.0;934.0;931.6;8;8;5;0.0;0.0;1.0;0.0;9.0;10.0;90.66666666666667;933.5333333333333;6.333333333333333;0.3333333333333333;5
83075;2011-06-27;10.9;18.4;10.4;2.5;2011;6;27;-23.43;-46.46;735;93.0;96.0;72.0;931.6;932.9;932.9;5;2;7;1.0;1.0;3.0;10.0;10.0;5.0;87.0;932.4666666666667;8.333333333333334;1.6666666666666667;5
83075;2011-06-29;0;21.4;7.5;5.7;2011;6;29;-23.43;-46.46;735;82.0;90.0;71.0;937.7;937.9;935.4;3;3;8;1.0;3.0;0.0;0.0;10.0;9.0;81.0;937.0;6.333333333333333;1.3333333333333333;3
83075;2011-06-30;0;22.7;11;3.4;2011;6;30;-23.43;-46.46;735;93.0;93.0;73.0;935.5;937.3;935.1;8;8;5;0.0;0.0;1.0;6.0;10.0;8.0;86.33333333333333;935.9666666666667;8.0;0.3333333333333333;5
83075;2011-07-01;3.7;28.8;20.3;0.4;2011;7;1;-23.43;-46.46;735;89.0;82.0;66.0;930.5;931.9;931.7;5;7;7;2.0;1.0;1.0;8.0;9.0;9.0;79.0;931.3666666666668;8.666666666666666;1.3333333333333333;5
83075;2011-07-02;0;31.4;21.9;2.7;2011;7;2;-23.43;-46.46;735;82.0;75.0;67.0;931.8;933.1;932.6;5;8;5;1.0;0.0;1.0;9.0;9.0;6.0;74.66666666666667;932.5;8.0;0.6666666666666666;5
83075;2011-07-03;1.7;22.4;17;0;2011;7;3;-23.43;-46.46;735;85.0;89.0;81.0;932.0;932.5;931.7;3;3;5;2.0;1.0;3.0;9.0;9.0;9.0;85.0;932.0666666666666;9.0;2.0;3
83075;2011-07-04;0;25.9;17.2;5.2;2011;7;4;-23.43;-46.46;735;86.0;81.0;62.0;933.9;935.0;934.7;5;3;5;1.0;2.0;3.0;9.0;8.0;6.0;76.33333333333333;934.5333333333334;7.666666666666667;2.0;5
83075;2011-07-05;0;24.5;15.9;4.1;2011;7;5;-23.43;-46.46;735;76.0;85.0;65.0;935.6;937.0;936.5;8;3;5;0.0;1.0;1.0;2.0;9.0;8.0;75.33333333333333;936.3666666666667;6.333333333333333;0.6666666666666666;3
83075;2011-07-06;0;26.6;10.9;4.7;2011;7;6;-23.43;-46.46;735;83.0;79.0;58.0;934.5;933.5;925.8;5;5;7;1.0;1.0;5.0;6.0;10.0;5.0;73.33333333333333;931.2666666666668;7.0;2.3333333333333335;5
83075;2011-07-07;0;15.6;11.6;0;2011;7;7;-23.43;-46.46;735;92.0;93.0;85.0;935.3;936.0;935.4;8;8;5;0.0;0.0;1.0;10.0;10.0;10.0;90.0;935.5666666666666;10.0;0.3333333333333333;5
83075;2011-07-08;0;30.2;14.7;9;2011;7;8;-23.43;-46.46;735;80.0;81.0;55.0;938.0;937.9;937.5;8;8;5;0.0;0.0;1.0;1.0;0.0;1.0;72.0;937.8000000000001;0.6666666666666666;0.3333333333333333;5
83075;2011-07-09;0;25;14.6;5.4;2011;7;9;-23.43;-46.46;735;81.0;73.0;65.0;936.8;936.6;935.3;5;3;5;3.0;1.0;3.0;9.0;9.0;1.0;73.0;936.2333333333332;6.333333333333333;2.3333333333333335;5
83075;2011-07-10;0;30.9;15.6;10.2;2011;7;10;-23.43;-46.46;735;71.0;62.0;59.0;935.7;936.7;935.4;8;8;5;0.0;0.0;5.0;0.0;0.0;0.0;64.0;935.9333333333334;0.0;1.6666666666666667;5
83075;2011-07-11;0;27.7;16.2;8.3;2011;7;11;-23.43;-46.46;735;87.0;72.0;43.0;934.6;934.3;933.3;5;3;3;1.0;3.0;3.0;10.0;10.0;2.0;67.33333333333333;934.0666666666666;7.333333333333333;2.3333333333333335;5
83075;2011-07-12;0.9;29.7;19.1;3;2011;7;12;-23.43;-46.46;735;88.0;73.0;80.0;932.4;932.9;932.0;8;8;5;0.0;0.0;3.0;10.0;9.0;0.0;80.33333333333333;932.4333333333334;6.333333333333333;1.0;5
83075;2011-07-13;0;26.8;13;7.8;2011;7;13;-23.43;-46.46;735;86.0;87.0;60.0;935.9;936.6;934.5;8;5;8;0.0;1.0;0.0;0.0;2.0;6.0;77.66666666666667;935.6666666666666;2.6666666666666665;0.3333333333333333;5
83075;2011-07-14;0;26.2;14;6;2011;7;14;-23.43;-46.46;735;83.0;87.0;59.0;934.7;935.6;934.1;8;8;7;0.0;0.0;1.0;1.0;4.0;1.0;76.33333333333333;934.8000000000001;2.0;0.3333333333333333;7
83075;2011-07-15;0;26.6;13.9;8.6;2011;7;15;-23.43;-46.46;735;83.0;82.0;54.0;934.3;936.0;935.5;8;3;8;0.0;1.0;0.0;0.0;0.0;0.0;73.0;935.2666666666668;0.0;0.3333333333333333;3
83075;2011-07-16;0;27.6;13;8.8;2011;7;16;-23.43;-46.46;735;77.0;86.0;50.0;935.2;936.6;935.3;8;8;7;0.0;0.0;1.0;0.0;0.0;0.0;71.0;935.7000000000002;0.0;0.3333333333333333;7
83075;2011-07-18;0;25;13.4;3.6;2011;7;18;-23.43;-46.46;735;90.0;86.0;64.0;935.5;935.5;934.4;4;5;7;1.0;1.0;2.0;10.0;10.0;2.0;80.0;935.1333333333333;7.333333333333333;1.3333333333333333;4
83075;2011-07-19;0;25.8;15.8;4.6;2011;7;19;-23.43;-46.46;735;86.0;89.0;62.0;935.0;937.4;936.3;8;5;3;0.0;1.0;1.0;1.0;10.0;2.0;79.0;936.2333333333332;4.333333333333333;0.6666666666666666;5
83075;2011-07-20;0;27.7;15.2;6.2;2011;7;20;-23.43;-46.46;735;93.0;95.0;65.0;936.6;937.5;935.2;4;5;8;1.0;1.0;0.0;0.0;10.0;1.0;84.33333333333333;936.4333333333334;3.6666666666666665;0.6666666666666666;4
83075;2011-07-21;0;27.7;16;8.8;2011;7;21;-23.43;-46.46;735;88.0;51.0;55.0;935.3;935.8;935.0;8;7;7;0.0;1.0;3.0;0.0;0.0;4.0;64.66666666666667;935.3666666666667;1.3333333333333333;1.3333333333333333;7
83075;2011-07-22;0.4;21.6;14.5;0.4;2011;7;22;-23.43;-46.46;735;80.0;89.0;85.0;936.0;939.2;939.3;8;8;5;0.0;0.0;3.0;0.0;10.0;10.0;84.66666666666667;938.1666666666666;6.666666666666667;1.0;5
83075;2011-07-23;0;18.5;12.7;0;2011;7;23;-23.43;-46.46;735;88.0;88.0;80.0;940.6;942.0;942.0;5;5;5;2.0;1.0;3.0;10.0;10.0;10.0;85.33333333333333;941.5333333333333;10.0;2.0;5
83075;2011-07-24;0;19.8;11.9;3;2011;7;24;-23.43;-46.46;735;89.0;86.0;70.0;942.1;943.1;942.8;3;3;3;1.0;1.0;1.0;10.0;9.0;8.0;81.66666666666667;942.6666666666666;9.0;1.0;3
83075;2011-07-25;0;21.8;12.8;4.9;2011;7;25;-23.43;-46.46;735;85.0;85.0;69.0;943.1;943.1;941.5;8;3;7;0.0;1.0;2.0;10.0;9.0;8.0;79.66666666666667;942.5666666666666;9.0;1.0;3
83075;2011-07-26;0;25;12.4;8.2;2011;7;26;-23.43;-46.46;735;77.0;82.0;59.0;941.2;942.5;939.5;3;3;7;1.0;1.0;2.0;8.0;0.0;6.0;72.66666666666667;941.0666666666666;4.666666666666667;1.3333333333333333;3
83075;2011-07-27;0;25;12.9;7.8;2011;7;27;-23.43;-46.46;735;83.0;86.0;62.0;939.0;938.8;937.9;8;8;3;0.0;0.0;1.0;2.0;1.0;5.0;77.0;938.5666666666666;2.6666666666666665;0.3333333333333333;3
83075;2011-07-28;0;26.2;12.7;8.5;2011;7;28;-23.43;-46.46;735;90.0;81.0;52.0;938.0;937.0;932.7;3;8;7;1.0;0.0;3.0;0.0;0.0;6.0;74.33333333333333;935.9;2.0;1.3333333333333333;3
83075;2011-07-29;0;28;15.2;8.9;2011;7;29;-23.43;-46.46;735;80.0;77.0;48.0;932.9;933.4;930.2;8;8;7;0.0;0.0;3.0;5.0;5.0;6.0;68.33333333333333;932.1666666666666;5.333333333333333;1.0;7
83075;2011-07-30;0;22.4;17;0.7;2011;7;30;-23.43;-46.46;735;75.0;86.0;74.0;929.9;931.4;931.2;8;5;5;0.0;2.0;1.0;1.0;10.0;10.0;78.33333333333333;930.8333333333334;7.0;1.0;5
83075;2011-07-31;4;20.7;16.2;0;2011;7;31;-23.43;-46.46;735;95.0;91.0;78.0;932.4;933.9;933.1;8;8;5;0.0;0.0;1.0;10.0;10.0;10.0;88.0;933.1333333333333;10.0;0.3333333333333333;5
83075;2011-08-01;5;30.3;20.3;1.8;2011;8;1;-23.43;-46.46;735;93.0;81.0;94.0;931.9;932.7;932.2;8;5;5;0.0;1.0;1.0;9.0;9.0;10.0;89.33333333333333;932.2666666666668;9.333333333333334;0.6666666666666666;5
83075;2011-08-02;7.8;33;20.6;6.3;2011;8;2;-23.43;-46.46;735;82.0;73.0;54.0;933.3;934.0;933.1;8;5;7;0.0;1.0;3.0;8.0;0.0;6.0;69.66666666666667;933.4666666666667;4.666666666666667;1.3333333333333333;5
83075;2011-08-03;0;23.7;17.4;0;2011;8;3;-23.43;-46.46;735;86.0;82.0;90.0;932.3;933.2;932.3;3;8;5;1.0;0.0;1.0;9.0;10.0;10.0;86.0;932.6;9.666666666666666;0.6666666666666666;3
83075;2011-08-04;0;27.8;18.1;6.8;2011;8;4;-23.43;-46.46;735;85.0;78.0;64.0;934.8;936.0;935.4;5;5;5;2.0;1.0;3.0;9.0;1.0;8.0;75.66666666666667;935.4;6.0;2.0;5
83075;2011-08-05;0;27.3;15.3;7.5;2011;8;5;-23.43;-46.46;735;91.0;90.0;67.0;936.9;936.7;936.1;5;3;5;1.0;1.0;1.0;9.0;8.0;0.0;82.66666666666667;936.5666666666666;5.666666666666667;1.0;5
83075;2011-08-06;27.2;20.3;10.9;8.6;2011;8;6;-23.43;-46.46;735;89.0;78.0;61.0;925.3;932.2;932.2;7;7;7;3.0;2.0;3.0;9.0;2.0;0.0;76.0;929.9;3.6666666666666665;2.6666666666666665;7
83075;2011-08-07;0;17.7;8.1;6.8;2011;8;7;-23.43;-46.46;735;88.0;90.0;65.0;935.8;936.8;936.6;5;8;5;1.0;0.0;3.0;10.0;8.0;1.0;81.0;936.4;6.333333333333333;1.3333333333333333;5
83075;2011-08-08;0;30.5;16.6;5.5;2011;8;8;-23.43;-46.46;735;79.0;75.0;49.0;937.6;937.9;935.7;8;8;7;0.0;0.0;3.0;2.0;8.0;2.0;67.66666666666667;937.0666666666666;4.0;1.0;7
83075;2011-08-09;0;32;14.3;2.2;2011;8;9;-23.43;-46.46;735;81.0;74.0;23.0;935.2;933.4;930.2;8;8;7;0.0;0.0;3.0;10.0;10.0;10.0;59.333333333333336;932.9333333333334;10.0;1.0;7
83075;2011-08-10;0;31.3;16.4;7.2;2011;8;10;-23.43;-46.46;735;79.0;69.0;45.0;935.3;935.6;931.3;5;3;7;1.0;1.0;3.0;6.0;0.0;8.0;64.33333333333333;934.0666666666666;4.666666666666667;1.6666666666666667;5
83075;2011-08-11;0;28.8;13.7;11.5;2011;8;11;-23.43;-46.46;735;77.0;70.0;51.0;933.2;933.9;932.1;5;1;5;1.0;1.0;5.0;4.0;0.0;0.0;66.0;933.0666666666666;1.3333333333333333;2.3333333333333335;5
83075;2011-08-12;0;30.7;18.9;6.6;2011;8;12;-23.43;-46.46;735;85.0;61.0;77.0;931.7;932.9;930.2;8;7;5;0.0;1.0;3.0;9.0;9.0;10.0;74.33333333333333;931.6;9.333333333333334;1.3333333333333333;7
83075;2011-08-13;0;30.4;14.2;8.9;2011;8;13;-23.43;-46.46;735;82.0;72.0;50.0;935.0;935.8;934.9;8;8;3;0.0;0.0;3.0;0.0;0.0;1.0;68.0;935.2333333333332;0.3333333333333333;1.0;3
83075;2011-08-14;0;21.7;15.8;0;2011;8;14;-23.43;-46.46;735;72.0;89.0;84.0;935.3;937.2;937.1;8;5;5;0.0;1.0;1.0;0.0;10.0;10.0;81.66666666666667;936.5333333333333;6.666666666666667;0.6666666666666666;5
83075;2011-08-15;0;26.8;15.8;6.6;2011;8;15;-23.43;-46.46;735;93.0;80.0;60.0;937.9;937.8;936.5;5;3;8;1.0;3.0;0.0;10.0;9.0;0.0;77.66666666666667;937.4;6.333333333333333;1.3333333333333333;5
83075;2011-08-16;0;29.6;14.2;8.4;2011;8;16;-23.43;-46.46;735;91.0;73.0;44.0;936.3;937.2;934.7;8;8;7;0.0;0.0;2.0;6.0;0.0;0.0;69.33333333333333;936.0666666666666;2.0;0.6666666666666666;7
83075;2011-08-17;0;30.4;16.1;6.7;2011;8;17;-23.43;-46.46;735;53.0;40.0;30.0;934.8;935.3;935.0;8;8;7;0.0;0.0;1.0;0.0;2.0;1.0;41.0;935.0333333333333;1.0;0.3333333333333333;7
83075;2011-08-18;0;27.4;15.4;5.4;2011;8;18;-23.43;-46.46;735;50.0;75.0;41.0;933.9;934.9;932.9;5;7;8;1.0;1.0;0.0;4.0;6.0;6.0;55.333333333333336;933.9;5.333333333333333;0.6666666666666666;5
83075;2011-08-19;0;29.4;14.4;1.6;2011;8;19;-23.43;-46.46;735;87.0;80.0;49.0;932.9;931.9;928.6;5;8;8;1.0;0.0;0.0;10.0;10.0;10.0;72.0;931.1333333333333;10.0;0.3333333333333333;5
83075;2011-08-20;5.1;22.8;13.1;0;2011;8;20;-23.43;-46.46;735;68.0;93.0;89.0;928.2;931.0;931.5;8;8;5;0.0;0.0;2.0;9.0;10.0;10.0;83.33333333333333;930.2333333333332;9.666666666666666;0.6666666666666666;5
83075;2011-08-21;5.8;14;10;0;2011;8;21;-23.43;-46.46;735;90.0;87.0;85.0;934.8;939.7;939.6;5;5;5;3.0;3.0;3.0;10.0;10.0;10.0;87.33333333333333;938.0333333333333;10.0;3.0;5
83075;2011-08-22;0;14.4;10.5;0;2011;8;22;-23.43;-46.46;735;85.0;94.0;88.0;940.1;941.5;940.6;5;5;5;1.0;1.0;1.0;10.0;10.0;10.0;89.0;940.7333333333332;10.0;1.0;5
83075;2011-08-23;0.3;20.1;11.3;0.5;2011;8;23;-23.43;-46.46;735;88.0;83.0;84.0;939.7;939.8;937.7;5;5;8;1.0;1.0;0.0;10.0;10.0;10.0;85.0;939.0666666666666;10.0;0.6666666666666666;5
83075;2011-08-24;1.1;22.6;14.4;1;2011;8;24;-23.43;-46.46;735;89.0;90.0;70.0;938.1;938.9;938.2;8;8;5;0.0;0.0;3.0;10.0;10.0;10.0;83.0;938.4;10.0;1.0;5
83075;2011-08-25;0;27.8;15.4;4.4;2011;8;25;-23.43;-46.46;735;85.0;82.0;52.0;938.1;939.5;937.2;5;8;7;1.0;0.0;1.0;10.0;10.0;8.0;73.0;938.2666666666668;9.333333333333334;0.6666666666666666;5
83075;2011-08-26;2.6;22.6;15.8;0.1;2011;8;26;-23.43;-46.46;735;71.0;81.0;75.0;938.4;938.5;938.2;8;5;5;0.0;1.0;2.0;0.0;8.0;10.0;75.66666666666667;938.3666666666668;6.0;1.0;5
83075;2011-08-27;0;27.5;15.6;6.4;2011;8;27;-23.43;-46.46;735;89.0;82.0;40.0;938.7;939.6;937.1;5;3;8;2.0;1.0;0.0;10.0;9.0;1.0;70.33333333333333;938.4666666666667;6.666666666666667;1.0;5
83075;2011-08-28;0;31.4;14.2;8.5;2011;8;28;-23.43;-46.46;735;74.0;79.0;34.0;937.4;937.2;934.8;8;8;7;0.0;0.0;3.0;0.0;0.0;0.0;62.333333333333336;936.4666666666666;0.0;1.0;7
83075;2011-08-29;0;32.9;17.2;8.4;2011;8;29;-23.43;-46.46;735;61.0;52.0;30.0;935.1;934.9;932.7;8;8;7;0.0;0.0;1.0;0.0;0.0;0.0;47.666666666666664;934.2333333333332;0.0;0.3333333333333333;7
83075;2011-08-30;0;33.6;17;7.7;2011;8;30;-23.43;-46.46;735;54.0;41.0;63.0;932.6;933.4;933.3;8;8;5;0.0;0.0;3.0;0.0;0.0;2.0;52.666666666666664;933.1;0.6666666666666666;1.0;5
83075;2011-08-31;19.2;19.8;11.8;0;2011;8;31;-23.43;-46.46;735;91.0;94.0;71.0;934.8;937.5;939.6;5;4;5;3.0;3.0;3.0;10.0;10.0;10.0;85.33333333333333;937.3000000000001;10.0;3.0;5
83075;2011-09-01;42;31.4;19.3;8.9;2011;9;1;-23.43;-46.46;735;96.0;70.0;58.0;932.3;931.8;929.9;8;5;7;0.0;1.0;1.0;9.0;6.0;8.0;74.66666666666667;931.3333333333334;7.666666666666667;0.6666666666666666;5
83075;2011-09-02;0;33.9;21.6;11.1;2011;9;2;-23.43;-46.46;735;83.0;61.0;46.0;932.4;932.9;930.7;8;7;7;0.0;1.0;3.0;8.0;8.0;8.0;63.333333333333336;932.0;8.0;1.3333333333333333;7
83075;2011-09-03;5;27.7;17.1;2.8;2011;9;3;-23.43;-46.46;735;94.0;84.0;76.0;932.5;932.5;931.2;3;3;3;1.0;1.0;1.0;10.0;6.0;6.0;84.66666666666667;932.0666666666666;7.333333333333333;1.0;3
83075;2011-09-04;0;27.6;16.6;4.7;2011;9;4;-23.43;-46.46;735;87.0;80.0;64.0;934.8;935.1;934.0;5;8;5;1.0;0.0;5.0;0.0;10.0;10.0;77.0;934.6333333333333;6.666666666666667;2.0;5
83075;2011-09-05;0;24.1;15.8;2.9;2011;9;5;-23.43;-46.46;735;87.0;80.0;80.0;935.2;935.3;934.7;5;8;3;1.0;0.0;3.0;0.0;5.0;10.0;82.33333333333333;935.0666666666666;5.0;1.3333333333333333;5
83075;2011-09-07;0;20.4;8.6;8.3;2011;9;7;-23.43;-46.46;735;91.0;84.0;65.0;936.9;937.2;937.0;8;3;3;0.0;5.0;1.0;0.0;1.0;0.0;80.0;937.0333333333333;0.3333333333333333;2.0;3
83075;2011-09-08;0;25.4;16.2;1.7;2011;9;8;-23.43;-46.46;735;88.0;82.0;90.0;935.6;935.8;935.1;5;1;8;1.0;1.0;0.0;10.0;4.0;10.0;86.66666666666667;935.5;8.0;0.6666666666666666;5
83075;2011-09-09;0;30.8;14.4;5;2011;9;9;-23.43;-46.46;735;68.0;67.0;33.0;930.7;931.8;930.1;5;3;7;1.0;2.0;2.0;10.0;2.0;6.0;56.0;930.8666666666667;6.0;1.6666666666666667;5
83075;2011-09-11;0;31.4;15.8;9.5;2011;9;11;-23.43;-46.46;735;80.0;67.0;60.0;932.0;932.4;931.8;8;5;5;0.0;1.0;3.0;0.0;0.0;2.0;69.0;932.0666666666666;0.6666666666666666;1.3333333333333333;5
83075;2011-09-12;65.1;26.5;19.5;1.6;2011;9;12;-23.43;-46.46;735;90.0;90.0;84.0;930.7;930.4;927.7;8;8;7;0.0;0.0;2.0;10.0;10.0;9.0;88.0;929.6;9.666666666666666;0.6666666666666666;7
83075;2011-09-13;0;30.3;14.6;6.7;2011;9;13;-23.43;-46.46;735;86.0;85.0;39.0;938.3;938.9;935.1;3;3;5;1.0;1.0;3.0;10.0;8.0;1.0;70.0;937.4333333333333;6.333333333333333;1.6666666666666667;3
83075;2011-09-14;0;17.4;14.4;0;2011;9;14;-23.43;-46.46;735;74.0;87.0;82.0;938.6;940.1;939.9;5;5;5;3.0;1.0;4.0;10.0;10.0;10.0;81.0;939.5333333333333;10.0;2.6666666666666665;5
83075;2011-09-15;0;23;14.6;1.6;2011;9;15;-23.43;-46.46;735;87.0;82.0;63.0;939.8;942.4;940.4;5;5;5;1.0;1.0;1.0;10.0;10.0;8.0;77.33333333333333;940.8666666666667;9.333333333333334;1.0;5
83075;2011-09-16;0;23.2;15.6;1.1;2011;9;16;-23.43;-46.46;735;82.0;77.0;57.0;941.5;942.1;940.7;5;3;5;1.0;3.0;1.0;10.0;10.0;8.0;72.0;941.4333333333334;9.333333333333334;1.6666666666666667;5
83075;2011-09-17;0;24.4;13.9;7.2;2011;9;17;-23.43;-46.46;735;86.0;66.0;55.0;940.6;940.5;939.5;5;3;5;1.0;2.0;3.0;10.0;1.0;4.0;69.0;940.1999999999999;5.0;2.0;5
83075;2011-09-18;0;25.6;12.6;7.3;2011;9;18;-23.43;-46.46;735;77.0;78.0;37.0;940.0;940.2;939.0;5;3;3;1.0;1.0;1.0;10.0;4.0;6.0;64.0;939.7333333333332;6.666666666666667;1.0;5
83075;2011-09-19;0;28.5;12.9;8.4;2011;9;19;-23.43;-46.46;735;79.0;65.0;32.0;939.2;939.7;936.3;4;8;8;1.0;0.0;0.0;2.0;0.0;2.0;58.666666666666664;938.4;1.3333333333333333;0.3333333333333333;4
83075;2011-09-21;0;23.3;15.7;0.7;2011;9;21;-23.43;-46.46;735;54.0;66.0;77.0;934.6;935.1;935.1;8;5;5;0.0;1.0;2.0;4.0;10.0;10.0;65.66666666666667;934.9333333333334;8.0;1.0;5
83075;2011-09-22;0.1;27.2;15.2;5.3;2011;9;22;-23.43;-46.46;735;87.0;78.0;55.0;934.8;935.9;935.1;3;3;3;1.0;1.0;3.0;10.0;10.0;1.0;73.33333333333333;935.2666666666665;7.0;1.6666666666666667;3
83075;2011-09-23;0;33.7;15.6;3.6;2011;9;23;-23.43;-46.46;735;87.0;75.0;32.0;935.8;935.4;932.1;8;8;5;0.0;0.0;5.0;10.0;9.0;9.0;64.66666666666667;934.4333333333333;9.333333333333334;1.6666666666666667;5
83075;2011-09-24;1.3;21.7;13.7;0.3;2011;9;24;-23.43;-46.46;735;86.0;73.0;71.0;933.4;935.6;935.4;5;5;5;1.0;1.0;3.0;10.0;10.0;10.0;76.66666666666667;934.8000000000001;10.0;1.6666666666666667;5
83075;2011-09-25;0;20.1;12.2;3.1;2011;9;25;-23.43;-46.46;735;82.0;68.0;63.0;939.5;940.6;940.1;3;3;5;1.0;1.0;3.0;4.0;3.0;6.0;71.0;940.0666666666666;4.333333333333333;1.6666666666666667;3
83075;2011-09-26;0;25.4;11.1;7.5;2011;9;26;-23.43;-46.46;735;90.0;71.0;50.0;941.1;940.6;938.4;5;3;5;1.0;1.0;1.0;10.0;4.0;0.0;70.33333333333333;940.0333333333333;4.666666666666667;1.0;5
83075;2011-09-27;0;26.3;11.8;6.3;2011;9;27;-23.43;-46.46;735;80.0;79.0;50.0;938.6;939.6;936.4;5;3;5;1.0;1.0;3.0;0.0;6.0;0.0;69.66666666666667;938.1999999999999;2.0;1.6666666666666667;5
83075;2011-09-28;0;24.6;14.4;3.3;2011;9;28;-23.43;-46.46;735;83.0;67.0;65.0;936.6;937.6;937.4;5;3;5;1.0;1.0;3.0;8.0;0.0;1.0;71.66666666666667;937.1999999999999;3.0;1.6666666666666667;5
83075;2011-09-29;0;32;15;7.7;2011;9;29;-23.43;-46.46;735;83.0;70.0;33.0;937.6;937.5;933.9;5;8;8;1.0;0.0;0.0;10.0;0.0;0.0;62.0;936.3333333333334;3.3333333333333335;0.3333333333333333;5
83075;2011-09-30;0;33.6;16.5;10;2011;9;30;-23.43;-46.46;735;67.0;59.0;23.0;933.5;934.8;933.0;8;8;5;0.0;0.0;1.0;0.0;0.0;0.0;49.666666666666664;933.7666666666668;0.0;0.3333333333333333;5
83075;2011-10-01;0;31.4;20.3;1.8;2011;10;1;-23.43;-46.46;735;80.0;77.0;61.0;929.7;929.4;927.1;7;7;7;1.0;1.0;2.0;9.0;9.0;9.0;72.66666666666667;928.7333333333332;9.0;1.3333333333333333;7
83075;2011-10-02;0;33.8;23.5;5.1;2011;10;2;-23.43;-46.46;735;69.0;69.0;53.0;930.0;930.8;928.4;7;7;7;1.0;1.0;3.0;8.0;9.0;9.0;63.666666666666664;929.7333333333332;8.666666666666666;1.6666666666666667;7
83075;2011-10-03;0;29.4;18.6;6;2011;10;3;-23.43;-46.46;735;89.0;80.0;72.0;931.2;931.9;931.4;3;3;3;2.0;3.0;1.0;5.0;9.0;6.0;80.33333333333333;931.5;6.666666666666667;2.0;3
83075;2011-10-04;2.6;24.2;15.6;2.7;2011;10;4;-23.43;-46.46;735;86.0;87.0;75.0;933.8;934.7;934.4;5;5;3;2.0;1.0;2.0;10.0;9.0;10.0;82.66666666666667;934.3000000000001;9.666666666666666;1.6666666666666667;5
83075;2011-10-05;1.9;24.6;16.5;3.7;2011;10;5;-23.43;-46.46;735;91.0;89.0;70.0;935.6;935.9;934.9;5;8;3;1.0;0.0;1.0;10.0;10.0;6.0;83.33333333333333;935.4666666666667;8.666666666666666;0.6666666666666666;5
83075;2011-10-06;24.6;18.8;11;1.1;2011;10;6;-23.43;-46.46;735;98.0;88.0;75.0;932.0;935.3;935.3;5;8;7;1.0;0.0;1.0;6.0;10.0;10.0;87.0;934.1999999999999;8.666666666666666;0.6666666666666666;5
83075;2011-10-07;0;24.5;9.5;6.6;2011;10;7;-23.43;-46.46;735;85.0;89.0;63.0;936.7;939.7;937.2;8;3;7;0.0;1.0;1.0;0.0;8.0;8.0;79.0;937.8666666666668;5.333333333333333;0.6666666666666666;3
83075;2011-10-08;0.7;19.8;15;1.4;2011;10;8;-23.43;-46.46;735;93.0;86.0;87.0;934.9;937.0;936.4;8;3;3;0.0;1.0;3.0;10.0;9.0;9.0;88.66666666666667;936.1;9.333333333333334;1.3333333333333333;3
83075;2011-10-09;0;24.4;15.2;2.5;2011;10;9;-23.43;-46.46;735;50.0;81.0;61.0;931.2;935.6;934.8;7;3;3;1.0;1.0;1.0;9.0;10.0;8.0;64.0;933.8666666666668;9.0;1.0;7
83075;2011-10-10;1;29.4;16.6;7.5;2011;10;10;-23.43;-46.46;735;87.0;69.0;54.0;930.0;930.7;929.3;8;7;7;0.0;1.0;3.0;10.0;6.0;9.0;70.0;930.0;8.333333333333334;1.3333333333333333;7
83075;2011-10-11;0;32.3;19.8;8.6;2011;10;11;-23.43;-46.46;735;72.0;52.0;40.0;931.6;932.5;931.3;8;7;7;0.0;1.0;2.0;8.0;4.0;4.0;54.666666666666664;931.7999999999998;5.333333333333333;1.0;7
83075;2011-10-12;30;21.4;17.5;0;2011;10;12;-23.43;-46.46;735;88.0;84.0;82.0;928.1;927.5;927.4;5;5;5;1.0;1.0;1.0;10.0;10.0;10.0;84.66666666666667;927.6666666666666;10.0;1.0;5
83075;2011-10-13;5;24.2;18.9;0;2011;10;13;-23.43;-46.46;735;83.0;89.0;77.0;931.3;931.6;930.9;5;8;8;1.0;0.0;0.0;10.0;10.0;10.0;83.0;931.2666666666668;10.0;0.3333333333333333;5
83075;2011-10-14;17.3;25;20;0.3;2011;10;14;-23.43;-46.46;735;94.0;89.0;88.0;929.3;928.3;928.0;8;7;7;0.0;3.0;2.0;10.0;10.0;10.0;90.33333333333333;928.5333333333333;10.0;1.6666666666666667;7
83075;2011-10-15;6.6;21.4;15.8;0;2011;10;15;-23.43;-46.46;735;88.0;94.0;92.0;928.2;927.9;928.2;7;8;3;2.0;0.0;2.0;10.0;10.0;10.0;91.33333333333333;928.1;10.0;1.3333333333333333;7
83075;2011-10-16;27.6;18.8;15.7;0;2011;10;16;-23.43;-46.46;735;94.0;95.0;95.0;928.2;928.3;927.9;5;8;5;1.0;0.0;1.0;10.0;10.0;10.0;94.66666666666667;928.1333333333333;10.0;0.6666666666666666;5
83075;2011-10-17;32.9;18.8;15.1;0;2011;10;17;-23.43;-46.46;735;92.0;90.0;86.0;928.4;930.4;930.7;5;3;5;1.0;3.0;1.0;10.0;10.0;10.0;89.33333333333333;929.8333333333334;10.0;1.6666666666666667;5
83075;2011-10-18;0;22.5;13.4;9.9;2011;10;18;-23.43;-46.46;735;87.0;69.0;48.0;931.3;933.8;933.8;5;5;5;3.0;3.0;3.0;10.0;6.0;9.0;68.0;932.9666666666666;8.333333333333334;3.0;5
83075;2011-10-19;0;23.4;11.9;7.9;2011;10;19;-23.43;-46.46;735;80.0;57.0;60.0;935.0;936.9;936.3;8;3;5;0.0;3.0;5.0;5.0;9.0;9.0;65.66666666666667;936.0666666666666;7.666666666666667;2.6666666666666665;3
83075;2011-10-20;0;20.2;14;3.3;2011;10;20;-23.43;-46.46;735;79.0;64.0;63.0;936.6;937.0;937.1;5;3;5;2.0;1.0;3.0;9.0;9.0;10.0;68.66666666666667;936.9;9.333333333333334;2.0;5
83075;2011-10-21;0;23.6;11.6;11.2;2011;10;21;-23.43;-46.46;735;82.0;61.0;53.0;937.4;937.6;937.5;3;3;5;3.0;1.0;3.0;9.0;1.0;1.0;65.33333333333333;937.5;3.6666666666666665;2.3333333333333335;3
83075;2011-10-22;0;25.7;11.5;6.4;2011;10;22;-23.43;-46.46;735;81.0;68.0;49.0;937.5;938.3;937.9;5;3;5;1.0;1.0;1.0;9.0;8.0;10.0;66.0;937.9;9.0;1.0;5
83075;2011-10-23;0;27.9;14.4;7.4;2011;10;23;-23.43;-46.46;735;73.0;75.0;43.0;937.4;937.4;937.1;7;3;8;1.0;1.0;0.0;9.0;0.0;9.0;63.666666666666664;937.3000000000001;6.0;0.6666666666666666;7
83075;2011-10-24;0;30.1;17;10.5;2011;10;24;-23.43;-46.46;735;72.0;64.0;46.0;937.2;937.9;934.0;8;5;8;0.0;1.0;0.0;8.0;1.0;5.0;60.666666666666664;936.3666666666667;4.666666666666667;0.3333333333333333;5
83075;2011-10-25;0;31.7;18.2;7.9;2011;10;25;-23.43;-46.46;735;71.0;56.0;47.0;933.2;933.6;930.2;8;5;7;0.0;3.0;2.0;1.0;1.0;9.0;58.0;932.3333333333334;3.6666666666666665;1.6666666666666667;5
83075;2011-10-26;7.1;28;18.6;6;2011;10;26;-23.43;-46.46;735;90.0;79.0;57.0;930.4;930.7;930.7;7;7;7;1.0;3.0;3.0;10.0;10.0;5.0;75.33333333333333;930.6;8.333333333333334;2.3333333333333335;7
83075;2011-10-27;0;31.9;19;11.3;2011;10;27;-23.43;-46.46;735;78.0;62.0;38.0;929.7;930.8;930.2;8;7;7;0.0;3.0;3.0;1.0;5.0;2.0;59.333333333333336;930.2333333333332;2.6666666666666665;2.0;7
83075;2011-10-28;0;32.4;21;10.7;2011;10;28;-23.43;-46.46;735;57.0;50.0;38.0;930.3;929.8;929.5;7;7;7;1.0;3.0;2.0;5.0;6.0;6.0;48.333333333333336;929.8666666666667;5.666666666666667;2.0;7
83075;2011-10-29;0;32.6;17.8;7;2011;10;29;-23.43;-46.46;735;70.0;70.0;37.0;929.7;930.0;929.1;8;7;8;0.0;1.0;0.0;0.0;0.0;10.0;59.0;929.6;3.3333333333333335;0.3333333333333333;7
83075;2011-10-30;9.6;26.6;14.3;1.2;2011;10;30;-23.43;-46.46;735;80.0;67.0;88.0;929.6;930.0;929.7;3;7;3;3.0;1.0;3.0;10.0;10.0;10.0;78.33333333333333;929.7666666666668;10.0;2.3333333333333335;3
83075;2011-10-31;18.4;18;12.5;0;2011;10;31;-23.43;-46.46;735;91.0;82.0;79.0;931.4;933.2;933.5;5;5;5;1.0;1.0;3.0;10.0;10.0;10.0;84.0;932.6999999999999;10.0;1.6666666666666667;5
83075;2011-11-01;101.4;30.3;19.4;4.4;2011;11;1;-23.43;-46.46;735;96.0;82.0;73.0;927.0;928.4;926.4;7;7;7;1.0;2.0;1.0;10.0;9.0;6.0;83.66666666666667;927.2666666666668;8.333333333333334;1.3333333333333333;7
83075;2011-11-02;0;32.4;21.5;1.4;2011;11;2;-23.43;-46.46;735;65.0;67.0;58.0;929.2;931.6;931.4;5;3;7;1.0;1.0;1.0;6.0;9.0;9.0;63.333333333333336;930.7333333333335;8.0;1.0;5
83075;2011-11-03;0;29.8;20.4;5.7;2011;11;3;-23.43;-46.46;735;86.0;80.0;68.0;931.3;932.0;930.5;3;3;3;2.0;1.0;3.1;8.0;8.0;8.0;78.0;931.2666666666668;8.0;2.033333333333333;3
83075;2011-11-04;26.6;28.5;14.9;7.8;2011;11;4;-23.43;-46.46;735;96.0;77.0;62.0;934.8;935.5;932.8;8;8;7;0.0;0.0;3.0;10.0;1.0;2.0;78.33333333333333;934.3666666666667;4.333333333333333;1.0;7
83075;2011-11-05;0;27.1;17.4;7;2011;11;5;-23.43;-46.46;735;88.0;86.0;67.0;935.2;935.9;935.3;3;7;7;1.0;1.0;1.0;8.0;5.0;9.0;80.33333333333333;935.4666666666666;7.333333333333333;1.0;3
83075;2011-11-06;0;18.2;8.9;6.1;2011;11;6;-23.43;-46.46;735;93.0;96.0;63.0;937.3;938.6;939.0;7;8;3;1.0;0.0;1.0;0.0;10.0;1.0;84.0;938.3000000000001;3.6666666666666665;0.6666666666666666;7
83075;2011-11-08;4.4;23.2;13.7;6.4;2011;11;8;-23.43;-46.46;735;92.0;82.0;65.0;936.9;937.1;936.5;7;3;3;2.0;2.0;2.0;10.0;6.0;5.0;79.66666666666667;936.8333333333334;7.0;2.0;7
83075;2011-11-09;0;23.5;15.2;0.8;2011;11;9;-23.43;-46.46;735;89.0;83.0;46.0;935.6;938.1;937.3;8;8;5;0.0;0.0;3.0;10.0;10.0;9.0;72.66666666666667;937.0;9.666666666666666;1.0;5
83075;2011-11-10;0.5;25.6;18.9;1;2011;11;10;-23.43;-46.46;735;75.0;85.0;73.0;929.1;930.8;930.5;8;5;5;0.0;1.0;3.0;9.0;10.0;10.0;77.66666666666667;930.1333333333333;9.666666666666666;1.3333333333333333;5
83075;2011-11-11;1.8;29.1;19.1;4.1;2011;11;11;-23.43;-46.46;735;80.0;72.0;65.0;932.4;933.5;933.4;5;5;5;1.0;2.0;4.0;9.0;8.0;10.0;72.33333333333333;933.1;9.0;2.3333333333333335;5
83075;2011-11-12;0.2;26.1;14.8;6;2011;11;12;-23.43;-46.46;735;86.0;77.0;58.0;927.6;928.2;928.0;8;3;8;0.0;1.0;0.0;10.0;10.0;5.0;73.66666666666667;927.9333333333334;8.333333333333334;0.3333333333333333;3
83075;2011-11-13;0;25.6;18.2;1.8;2011;11;13;-23.43;-46.46;735;80.0;70.0;79.0;934.8;934.7;932.3;5;8;5;3.0;0.0;3.0;9.0;9.0;10.0;76.33333333333333;933.9333333333334;9.333333333333334;2.0;5
83075;2011-11-14;25.8;22.6;17.8;0;2011;11;14;-23.43;-46.46;735;92.0;91.0;81.0;932.9;931.7;929.9;8;3;7;0.0;1.0;1.0;10.0;10.0;10.0;88.0;931.5;10.0;0.6666666666666666;3
83075;2011-11-15;31.3;20.4;17.3;0;2011;11;15;-23.43;-46.46;735;90.0;95.0;91.0;930.2;927.8;926.5;5;5;8;1.0;1.0;0.0;10.0;10.0;10.0;92.0;928.1666666666666;10.0;0.6666666666666666;5
83075;2011-11-16;26;19.4;14.5;0.2;2011;11;16;-23.43;-46.46;735;90.0;93.0;74.0;927.4;931.5;930.4;5;8;5;3.0;0.0;3.0;10.0;10.0;10.0;85.66666666666667;929.7666666666668;10.0;2.0;5
83075;2011-11-17;0.2;22.2;13.4;4.9;2011;11;17;-23.43;-46.46;735;82.0;70.0;58.0;930.5;932.1;931.8;5;5;5;1.0;1.0;3.0;10.0;10.0;6.0;70.0;931.4666666666666;8.666666666666666;1.6666666666666667;5
83075;2011-11-18;0;22.6;12.6;7.8;2011;11;18;-23.43;-46.46;735;78.0;61.0;61.0;932.9;933.8;933.8;8;5;5;0.0;3.0;4.0;0.0;2.0;9.0;66.66666666666667;933.5;3.6666666666666665;2.3333333333333335;5
83075;2011-11-19;0;21.2;14.1;0.9;2011;11;19;-23.43;-46.46;735;77.0;68.0;69.0;933.4;934.1;934.0;5;3;5;1.0;3.0;2.0;9.0;8.0;10.0;71.33333333333333;933.8333333333334;9.0;2.0;5
83075;2011-11-20;0;27.6;14.4;10.4;2011;11;20;-23.43;-46.46;735;82.0;66.0;54.0;933.9;935.3;932.5;5;3;5;1.0;1.0;3.0;10.0;1.0;8.0;67.33333333333333;933.9;6.333333333333333;1.6666666666666667;5
83075;2011-11-21;0;31.5;16.6;8.3;2011;11;21;-23.43;-46.46;735;78.0;68.0;42.0;932.9;932.8;930.3;5;3;7;1.0;1.0;3.0;9.0;1.0;10.0;62.666666666666664;932.0;6.666666666666667;1.6666666666666667;5
83075;2011-11-22;0;26.3;19.9;2;2011;11;22;-23.43;-46.46;735;68.0;66.0;89.0;930.0;929.2;928.4;5;7;7;1.0;3.0;1.0;2.0;9.0;10.0;74.33333333333333;929.1999999999999;7.0;1.6666666666666667;5
83075;2011-11-23;11.9;24.1;17.2;2.6;2011;11;23;-23.43;-46.46;735;93.0;74.0;66.0;927.9;929.7;929.4;8;5;5;0.0;3.0;4.0;8.0;9.0;9.0;77.66666666666667;929.0;8.666666666666666;2.3333333333333335;5
83075;2011-11-24;0;27.3;14.4;8.4;2011;11;24;-23.43;-46.46;735;82.0;60.0;54.0;929.6;931.1;930.6;5;8;3;1.0;0.0;1.0;8.0;0.0;6.0;65.33333333333333;930.4333333333334;4.666666666666667;0.6666666666666666;5
83075;2011-11-25;0;30.3;15.9;9.4;2011;11;25;-23.43;-46.46;735;72.0;67.0;52.0;930.9;931.2;931.0;8;5;5;0.0;3.0;3.0;0.0;0.0;5.0;63.666666666666664;931.0333333333333;1.6666666666666667;2.0;5
83075;2011-11-26;0;30.6;18.4;4.2;2011;11;26;-23.43;-46.46;735;90.0;68.0;77.0;931.4;931.6;930.9;4;8;5;1.0;0.0;1.0;0.0;10.0;10.0;78.33333333333333;931.3000000000001;6.666666666666667;0.6666666666666666;4
83075;2011-11-27;4.1;27;18.2;6.1;2011;11;27;-23.43;-46.46;735;85.0;71.0;62.0;931.3;931.2;931.0;8;3;5;0.0;1.0;4.0;10.0;8.0;4.0;72.66666666666667;931.1666666666666;7.333333333333333;1.6666666666666667;3
83075;2011-11-28;0;28.2;18.8;5.7;2011;11;28;-23.43;-46.46;735;82.0;73.0;57.0;930.9;932.0;931.4;8;8;5;0.0;0.0;3.0;5.0;9.0;8.0;70.66666666666667;931.4333333333334;7.333333333333333;1.0;5
83075;2011-11-29;0;27.7;16.6;4.9;2011;11;29;-23.43;-46.46;735;81.0;67.0;79.0;931.0;931.9;930.5;3;8;3;1.0;0.0;2.0;8.0;4.0;10.0;75.66666666666667;931.1333333333333;7.333333333333333;1.0;3
83075;2011-11-30;2.9;31.7;18.9;8.8;2011;11;30;-23.43;-46.46;735;84.0;59.0;52.0;930.6;930.3;927.7;8;7;7;0.0;3.0;5.0;8.0;4.0;9.0;65.0;929.5333333333334;7.0;2.6666666666666665;7
83075;2011-12-01;27;30;19.6;4.7;2011;12;1;-23.43;-46.46;735;93.0;80.0;66.0;926.2;927.8;925.5;5;7;7;2.0;4.0;3.0;10.0;9.0;9.0;79.66666666666667;926.5;9.333333333333334;3.0;5
83075;2011-12-02;0.4;33.8;19;6.9;2011;12;2;-23.43;-46.46;735;82.0;67.0;69.0;931.8;932.9;931.9;7;8;7;2.0;0.0;1.0;8.0;1.0;9.0;72.66666666666667;932.1999999999999;6.0;1.0;7
83075;2011-12-03;0;24.3;20.8;0;2011;12;3;-23.43;-46.46;735;83.0;91.0;87.0;930.2;930.8;929.1;5;5;5;1.0;1.0;1.0;9.0;10.0;10.0;87.0;930.0333333333333;9.666666666666666;1.0;5
83075;2011-12-04;0.2;30.6;18.3;6.2;2011;12;4;-23.43;-46.46;735;88.0;78.0;64.0;931.5;934.1;930.5;8;3;7;0.0;1.0;1.0;0.0;2.0;10.0;76.66666666666667;932.0333333333333;4.0;0.6666666666666666;3
83075;2011-12-05;0;25.2;17.3;4.4;2011;12;5;-23.43;-46.46;735;88.0;87.0;67.0;936.0;935.9;934.8;8;8;5;0.0;0.0;2.0;10.0;10.0;8.0;80.66666666666667;935.5666666666666;9.333333333333334;0.6666666666666666;5
83075;2011-12-06;0;21.1;9.8;6.1;2011;12;6;-23.43;-46.46;735;88.0;86.0;66.0;938.9;939.6;938.6;3;7;8;1.0;5.0;0.0;10.0;10.0;0.0;80.0;939.0333333333333;6.666666666666667;2.0;3
83075;2011-12-07;0;26.4;14.2;4.6;2011;12;7;-23.43;-46.46;735;90.0;81.0;56.0;936.8;937.5;936.3;8;8;5;0.0;0.0;1.0;0.0;10.0;9.0;75.66666666666667;936.8666666666667;6.333333333333333;0.3333333333333333;5
83075;2011-12-08;0;27.8;13.9;8.2;2011;12;8;-23.43;-46.46;735;88.0;83.0;53.0;937.4;937.5;934.6;3;3;7;1.0;3.0;2.0;10.0;1.0;0.0;74.66666666666667;936.5;3.6666666666666665;2.0;3
83075;2011-12-09;0;21.7;13.9;2.7;2011;12;9;-23.43;-46.46;735;81.0;77.0;60.0;939.6;940.5;938.6;5;1;8;1.0;1.0;0.0;8.0;10.0;6.0;72.66666666666667;939.5666666666666;8.0;0.6666666666666666;5
83075;2011-12-10;0;27.4;18.3;4.4;2011;12;10;-23.43;-46.46;735;84.0;77.0;67.0;931.2;931.6;931.2;3;5;5;3.0;2.0;3.0;10.0;8.0;9.0;76.0;931.3333333333334;9.0;2.6666666666666665;3
83075;2011-12-11;0;26.2;18.4;2.9;2011;12;11;-23.43;-46.46;735;85.0;70.0;71.0;933.9;934.7;934.8;5;5;5;3.0;1.0;3.0;10.0;9.0;9.0;75.33333333333333;934.4666666666666;9.333333333333334;2.3333333333333335;5
83075;2011-12-12;0;31.6;15.1;7.5;2011;12;12;-23.43;-46.46;735;79.0;82.0;35.0;928.3;930.2;929.6;5;7;8;1.0;3.0;0.0;0.0;4.0;4.0;65.33333333333333;929.3666666666667;2.6666666666666665;1.3333333333333333;5
83075;2011-12-13;0;32.8;17.5;8.1;2011;12;13;-23.43;-46.46;735;66.0;70.0;37.0;929.4;930.0;929.2;8;8;3;0.0;0.0;1.0;0.0;6.0;8.0;57.666666666666664;929.5333333333334;4.666666666666667;0.3333333333333333;3
83075;2011-12-14;4.2;31.2;18.8;5.3;2011;12;14;-23.43;-46.46;735;59.0;64.0;63.0;928.6;929.3;927.4;5;8;7;1.0;0.0;2.0;10.0;9.0;10.0;62.0;928.4333333333334;9.666666666666666;1.0;5
83075;2011-12-15;23;28.8;19.1;3.5;2011;12;15;-23.43;-46.46;735;77.0;80.0;58.0;927.5;928.0;927.3;8;7;7;0.0;3.0;3.0;4.0;10.0;8.0;71.66666666666667;927.6;7.333333333333333;2.0;7
83075;2011-12-16;3.4;30.5;19.5;10;2011;12;16;-23.43;-46.46;735;75.0;59.0;38.0;926.6;927.6;927.2;8;8;7;0.0;0.0;3.0;9.0;1.0;2.0;57.333333333333336;927.1333333333333;4.0;1.0;7
83075;2011-12-17;0;32;19.4;8.8;2011;12;17;-23.43;-46.46;735;60.0;51.0;50.0;926.6;929.2;928.9;8;7;8;0.0;1.0;0.0;6.0;8.0;4.0;53.666666666666664;928.2333333333335;6.0;0.3333333333333333;7
83075;2011-12-18;0;30.7;19.5;7.4;2011;12;18;-23.43;-46.46;735;56.0;58.0;56.0;929.4;929.2;928.1;8;7;8;0.0;2.0;0.0;0.0;1.0;8.0;56.666666666666664;928.9;3.0;0.6666666666666666;7
83075;2011-12-19;0.2;31.3;19.2;10;2011;12;19;-23.43;-46.46;735;80.0;58.0;31.0;928.8;929.7;928.9;8;7;7;0.0;1.0;3.0;6.0;1.0;4.0;56.333333333333336;929.1333333333333;3.6666666666666665;1.3333333333333333;7
83075;2011-12-20;0;33;19.2;9;2011;12;20;-23.43;-46.46;735;57.0;55.0;38.0;928.6;931.0;930.6;8;7;7;0.0;3.0;1.0;1.0;4.0;4.0;50.0;930.0666666666666;3.0;1.3333333333333333;7
83075;2011-12-24;0;32;20.8;6.3;2011;12;24;-23.43;-46.46;735;64.0;59.0;64.0;929.9;932.2;932.1;8;7;5;0.0;1.0;4.0;8.0;1.0;10.0;62.333333333333336;931.4;6.333333333333333;1.6666666666666667;7
83075;2011-12-25;2.4;27;19.5;2.9;2011;12;25;-23.43;-46.46;735;88.0;82.0;70.0;932.6;933.5;933.4;3;8;3;1.0;0.0;3.0;10.0;9.0;10.0;80.0;933.1666666666666;9.666666666666666;1.3333333333333333;3
83075;2011-12-26;1.9;21.5;18.1;0;2011;12;26;-23.43;-46.46;735;89.0;81.0;87.0;934.5;935.7;935.4;5;5;5;1.0;1.0;3.0;10.0;10.0;10.0;85.66666666666667;935.1999999999999;10.0;1.6666666666666667;5
83075;2011-12-27;8.6;25.6;17.8;3;2011;12;27;-23.43;-46.46;735;88.0;76.0;69.0;935.0;935.6;934.4;3;5;5;1.0;3.0;1.0;8.0;9.0;9.0;77.66666666666667;935.0;8.666666666666666;1.6666666666666667;3
83075;2011-12-28;0;26.8;18;3.5;2011;12;28;-23.43;-46.46;735;81.0;73.0;64.0;934.3;934.5;934.3;3;8;5;1.0;0.0;4.0;9.0;10.0;9.0;72.66666666666667;934.3666666666667;9.333333333333334;1.6666666666666667;3
83075;2011-12-29;0;22;17;0;2011;12;29;-23.43;-46.46;735;85.0;81.0;74.0;933.0;933.6;933.1;5;5;5;1.0;1.0;1.0;10.0;10.0;10.0;80.0;933.2333333333332;10.0;1.0;5
83075;2011-12-30;0;28.1;16.1;4.3;2011;12;30;-23.43;-46.46;735;81.0;77.0;77.0;932.5;933.3;931.5;3;8;5;1.0;0.0;1.0;10.0;10.0;6.0;78.33333333333333;932.4333333333334;8.666666666666666;0.6666666666666666;3
83075;2011-12-31;8.6;25;18.9;0;2011;12;31;-23.43;-46.46;735;84.0;94.0;84.0;931.4;931.1;928.9;5;8;8;1.0;0.0;0.0;10.0;10.0;10.0;87.33333333333333;930.4666666666667;10.0;0.3333333333333333;5
83075;2012-01-01;12.9;24.3;17.9;0;2012;1;1;-23.43;-46.46;735;95.0;90.0;95.0;929.0;927.2;927.0;8;8;3;0.0;0.0;1.0;10.0;10.0;10.0;93.33333333333333;927.7333333333332;10.0;0.3333333333333333;3
83075;2012-01-02;0;30.8;18.8;8;2012;1;2;-23.43;-46.46;735;80.0;68.0;51.0;931.2;931.9;931.4;3;8;7;1.0;0.0;1.0;8.0;1.0;6.0;66.33333333333333;931.5;5.0;0.6666666666666666;3
83075;2012-01-03;0;35;21.8;10.2;2012;1;3;-23.43;-46.46;735;60.0;56.0;40.0;933.1;932.8;931.4;8;8;7;0.0;0.0;2.0;2.0;0.0;2.0;52.0;932.4333333333334;1.3333333333333333;0.6666666666666666;7
83075;2012-01-04;0;27;17.7;4.4;2012;1;4;-23.43;-46.46;735;79.0;86.0;68.0;937.4;937.4;935.0;5;8;5;1.0;0.0;1.0;9.0;10.0;6.0;77.66666666666667;936.6;8.333333333333334;0.6666666666666666;5
83075;2012-01-05;29.9;17.8;11.8;6;2012;1;5;-23.43;-46.46;735;89.0;80.0;58.0;934.5;935.7;935.8;5;5;5;1.0;3.0;3.0;10.0;6.0;2.0;75.66666666666667;935.3333333333334;6.0;2.3333333333333335;5
83075;2012-01-06;0;22.9;16.8;0;2012;1;6;-23.43;-46.46;735;85.0;87.0;72.0;936.7;937.6;937.1;5;8;5;1.0;0.0;1.0;10.0;10.0;10.0;81.33333333333333;937.1333333333333;10.0;0.6666666666666666;5
83075;2012-01-07;0;25.8;13.1;8.4;2012;1;7;-23.43;-46.46;735;76.0;87.0;49.0;937.8;938.0;937.3;8;3;7;0.0;1.0;1.0;0.0;0.0;1.0;70.66666666666667;937.6999999999999;0.3333333333333333;0.6666666666666666;3
83075;2012-01-08;0.6;23.9;14;6.2;2012;1;8;-23.43;-46.46;735;89.0;82.0;53.0;942.8;942.6;941.1;3;3;5;2.0;3.0;1.0;9.0;9.0;6.0;74.66666666666667;942.1666666666666;8.0;2.0;3
83075;2012-01-09;0;29.4;11.8;6.6;2012;1;9;-23.43;-46.46;735;81.0;90.0;31.0;937.5;937.3;935.8;8;3;8;0.0;1.0;0.0;0.0;5.0;9.0;67.33333333333333;936.8666666666667;4.666666666666667;0.3333333333333333;3
83075;2012-01-10;0;32.4;13.5;9.7;2012;1;10;-23.43;-46.46;735;79.0;59.0;29.0;935.0;934.7;932.0;5;3;8;1.0;1.0;0.0;0.0;0.0;9.0;55.666666666666664;933.9;3.0;0.6666666666666666;5
83075;2012-01-11;6.4;25.9;19.1;2.2;2012;1;11;-23.43;-46.46;735;81.0;70.0;73.0;930.0;930.2;930.3;5;5;5;3.0;1.0;5.0;10.0;9.0;10.0;74.66666666666667;930.1666666666666;9.666666666666666;3.0;5
83075;2012-01-12;0;30.4;18.8;4.4;2012;1;12;-23.43;-46.46;735;81.0;75.0;63.0;933.7;933.5;932.6;5;4;8;1.0;1.0;0.0;10.0;10.0;9.0;73.0;933.2666666666668;9.666666666666666;0.6666666666666666;5
83075;2012-01-13;1.2;30.3;18.1;8.2;2012;1;13;-23.43;-46.46;735;87.0;71.0;50.0;933.3;933.3;932.0;8;8;7;0.0;0.0;3.0;9.0;9.0;8.0;69.33333333333333;932.8666666666667;8.666666666666666;1.0;7
83075;2012-01-14;0;27.1;21.3;0.4;2012;1;14;-23.43;-46.46;735;68.0;74.0;67.0;931.9;932.3;930.8;7;7;7;1.0;2.0;3.0;9.0;10.0;9.0;69.66666666666667;931.6666666666666;9.333333333333334;2.0;7
83075;2012-01-15;1.2;28.2;20.2;2.6;2012;1;15;-23.43;-46.46;735;78.0;80.0;77.0;930.8;931.4;931.0;7;7;7;2.0;3.0;1.0;10.0;10.0;9.0;78.33333333333333;931.0666666666666;9.666666666666666;2.0;7
83075;2012-01-16;19.9;26.7;18.8;1.1;2012;1;16;-23.43;-46.46;735;93.0;78.0;69.0;931.4;932.0;931.9;8;7;7;0.0;2.0;1.0;10.0;9.0;9.0;80.0;931.7666666666668;9.333333333333334;1.0;7
83075;2012-01-17;7.1;25.8;18.9;0.7;2012;1;17;-23.43;-46.46;735;92.0;89.0;79.0;932.4;932.8;932.8;8;8;5;0.0;0.0;4.0;10.0;10.0;10.0;86.66666666666667;932.6666666666666;10.0;1.3333333333333333;5
83075;2012-01-18;18.9;27;18.2;1.4;2012;1;18;-23.43;-46.46;735;93.0;81.0;65.0;932.0;933.2;932.3;8;3;7;0.0;1.0;1.0;10.0;9.0;9.0;79.66666666666667;932.5;9.333333333333334;0.6666666666666666;3
83075;2012-01-19;17.6;27.5;17.5;1.2;2012;1;19;-23.43;-46.46;735;86.0;82.0;65.0;932.1;932.7;932.2;3;8;8;1.0;0.0;0.0;10.0;10.0;9.0;77.66666666666667;932.3333333333334;9.666666666666666;0.3333333333333333;3
83075;2012-01-20;19.4;28.3;18.2;3.6;2012;1;20;-23.43;-46.46;735;89.0;74.0;64.0;931.6;932.5;932.1;3;7;7;1.0;2.0;3.0;10.0;9.0;9.0;75.66666666666667;932.0666666666666;9.333333333333334;2.0;3
83075;2012-01-22;5.3;29.4;17.8;2.1;2012;1;22;-23.43;-46.46;735;89.0;76.0;68.0;933.6;933.3;932.7;8;8;7;0.0;0.0;3.0;10.0;9.0;9.0;77.66666666666667;933.2000000000002;9.333333333333334;1.0;7
83075;2012-01-24;0.9;31;19.2;8;2012;1;24;-23.43;-46.46;735;83.0;64.0;57.0;932.4;932.9;931.8;7;7;7;1.0;1.0;3.0;9.0;5.0;8.0;68.0;932.3666666666667;7.333333333333333;1.6666666666666667;7
83075;2012-01-25;0;31.4;20.7;8.2;2012;1;25;-23.43;-46.46;735;75.0;60.0;52.0;931.5;932.1;931.0;7;7;7;1.0;3.0;3.0;10.0;8.0;8.0;62.333333333333336;931.5333333333333;8.666666666666666;2.3333333333333335;7
83075;2012-01-26;25.8;24.7;17.3;0;2012;1;26;-23.43;-46.46;735;73.0;89.0;86.0;930.8;932.4;932.8;8;5;5;0.0;1.0;2.0;8.0;10.0;10.0;82.66666666666667;932.0;9.333333333333334;1.0;5
83075;2012-01-27;16.8;18.5;15.6;0;2012;1;27;-23.43;-46.46;735;95.0;95.0;96.0;932.3;932.8;932.3;3;5;5;2.0;1.0;3.0;10.0;10.0;10.0;95.33333333333333;932.4666666666666;10.0;2.0;3
83075;2012-01-28;31.8;22.9;15.5;0.7;2012;1;28;-23.43;-46.46;735;92.0;86.0;78.0;932.5;932.6;932.6;5;5;3;1.0;1.0;1.0;10.0;10.0;10.0;85.33333333333333;932.5666666666666;10.0;1.0;5
83075;2012-01-29;0;26.5;15.3;10;2012;1;29;-23.43;-46.46;735;83.0;71.0;58.0;932.5;932.8;932.3;3;5;5;3.0;1.0;3.0;9.0;6.0;2.0;70.66666666666667;932.5333333333333;5.666666666666667;2.3333333333333335;3
83075;2012-01-30;0;27.6;14.4;8.2;2012;1;30;-23.43;-46.46;735;83.0;83.0;46.0;932.5;933.1;932.8;8;5;5;0.0;1.0;2.0;0.0;10.0;6.0;70.66666666666667;932.7999999999998;5.333333333333333;1.0;5
83075;2012-01-31;0;29.8;15.7;7.7;2012;1;31;-23.43;-46.46;735;74.0;72.0;69.0;931.3;932.2;931.6;3;8;5;1.0;0.0;3.0;0.0;2.0;2.0;71.66666666666667;931.6999999999999;1.3333333333333333;1.3333333333333333;3
83075;2012-02-01;36.8;25.9;16.5;4.3;2012;2;1;-23.43;-46.46;735;90.0;78.0;57.0;926.8;927.1;926.8;5;5;5;1.0;1.0;3.0;10.0;10.0;4.0;75.0;926.9;8.0;1.6666666666666667;5
83075;2012-02-03;0;33.4;20.8;8.3;2012;2;3;-23.43;-46.46;735;59.0;59.0;58.0;931.6;932.4;932.2;8;8;5;0.0;0.0;2.0;1.0;4.0;9.0;58.666666666666664;932.0666666666666;4.666666666666667;0.6666666666666666;5
83075;2012-02-04;0;27.8;17.7;6.3;2012;2;4;-23.43;-46.46;735;79.0;75.0;62.0;936.4;935.7;934.4;3;8;5;1.0;0.0;3.0;9.0;5.0;4.0;72.0;935.5;6.0;1.3333333333333333;3
83075;2012-02-05;0;20.8;10.7;4.8;2012;2;5;-23.43;-46.46;735;79.0;84.0;67.0;937.1;938.5;937.8;8;3;5;0.0;2.0;4.0;0.0;10.0;6.0;76.66666666666667;937.7999999999998;5.333333333333333;2.0;3
83075;2012-02-06;5.7;24.1;15.9;5.8;2012;2;6;-23.43;-46.46;735;89.0;87.0;66.0;937.3;937.1;935.9;5;8;7;1.0;0.0;1.0;10.0;10.0;5.0;80.66666666666667;936.7666666666668;8.333333333333334;0.6666666666666666;5
83075;2012-02-07;0;26.8;13.9;8.1;2012;2;7;-23.43;-46.46;735;78.0;86.0;50.0;937.7;937.7;937.2;8;3;7;0.0;1.0;1.0;0.0;0.0;0.0;71.33333333333333;937.5333333333334;0.0;0.6666666666666666;3
83075;2012-02-08;0;25.3;14.2;6.6;2012;2;8;-23.43;-46.46;735;81.0;92.0;53.0;940.7;940.8;939.1;5;3;8;1.0;1.0;0.0;6.0;10.0;6.0;75.33333333333333;940.1999999999999;7.333333333333333;0.6666666666666666;5
83075;2012-02-09;0;30.4;13.2;8.4;2012;2;9;-23.43;-46.46;735;64.0;61.0;24.0;936.3;937.9;935.5;8;8;7;0.0;0.0;1.0;0.0;2.0;1.0;49.666666666666664;936.5666666666666;1.0;0.3333333333333333;7
83075;2012-02-10;0;32.3;15.4;7.3;2012;2;10;-23.43;-46.46;735;74.0;63.0;38.0;933.9;933.8;933.6;5;7;8;3.0;1.0;0.0;1.0;10.0;9.0;58.333333333333336;933.7666666666665;6.666666666666667;1.3333333333333333;5
83075;2012-02-11;0;23.7;17;0.2;2012;2;11;-23.43;-46.46;735;80.0;78.0;77.0;930.9;932.0;931.9;4;8;5;3.0;0.0;3.0;10.0;10.0;10.0;78.33333333333333;931.6;10.0;2.0;4
83075;2012-02-12;3.1;32.5;19.5;8.7;2012;2;12;-23.43;-46.46;735;89.0;60.0;44.0;932.8;932.1;929.7;8;7;7;0.0;1.0;1.0;10.0;9.0;8.0;64.33333333333333;931.5333333333334;9.0;0.6666666666666666;7
83075;2012-02-13;14;26;19.4;0;2012;2;13;-23.43;-46.46;735;92.0;84.0;71.0;929.6;931.6;931.9;8;5;8;0.0;1.0;0.0;10.0;10.0;10.0;82.33333333333333;931.0333333333333;10.0;0.3333333333333333;5
83075;2012-02-15;5.1;31;19.4;9.3;2012;2;15;-23.43;-46.46;735;91.0;81.0;57.0;934.5;936.9;936.1;8;3;3;0.0;1.0;2.0;9.0;9.0;5.0;76.33333333333333;935.8333333333334;7.666666666666667;1.0;3
83075;2012-02-16;0;30.3;19.2;8.7;2012;2;16;-23.43;-46.46;735;82.0;80.0;52.0;935.8;937.2;935.8;5;7;5;1.0;1.0;3.0;5.0;9.0;5.0;71.33333333333333;936.2666666666668;6.333333333333333;1.6666666666666667;5
83075;2012-02-17;0;30.7;19.2;5.9;2012;2;17;-23.43;-46.46;735;78.0;74.0;51.0;935.8;936.3;935.3;0;7;5;1.0;1.0;1.0;5.0;6.0;6.0;67.66666666666667;935.7999999999998;5.666666666666667;1.0;0
83075;2012-02-18;41.7;31.6;19.5;9.2;2012;2;18;-23.43;-46.46;735;91.0;80.0;50.0;934.8;935.7;934.1;3;3;8;1.0;3.0;0.0;8.0;2.0;2.0;73.66666666666667;934.8666666666667;4.0;1.3333333333333333;3
83075;2012-02-19;0;32.1;19.6;7.1;2012;2;19;-23.43;-46.46;735;79.0;69.0;54.0;934.5;934.8;934.1;8;8;7;0.0;0.0;3.0;0.0;1.0;9.0;67.33333333333333;934.4666666666667;3.3333333333333335;1.0;7
83075;2012-02-21;0;27;20.8;2.8;2012;2;21;-23.43;-46.46;735;72.0;77.0;66.0;933.9;934.3;933.7;8;7;7;0.0;1.0;1.0;10.0;10.0;9.0;71.66666666666667;933.9666666666666;9.666666666666666;0.6666666666666666;7
83075;2012-02-22;1;30;20.3;9.1;2012;2;22;-23.43;-46.46;735;85.0;64.0;57.0;933.4;932.8;930.8;8;7;7;0.0;3.0;3.0;10.0;8.0;9.0;68.66666666666667;932.3333333333334;9.0;2.0;7
83075;2012-02-23;0;29.3;21;4.1;2012;2;23;-23.43;-46.46;735;76.0;72.0;68.0;930.8;931.6;930.2;8;7;8;0.0;2.0;0.0;9.0;9.0;10.0;72.0;930.8666666666668;9.333333333333334;0.6666666666666666;7
83075;2012-02-24;3.6;29.8;20.2;3.3;2012;2;24;-23.43;-46.46;735;91.0;83.0;65.0;930.2;931.8;931.4;8;3;3;0.0;2.0;3.0;10.0;10.0;9.0;79.66666666666667;931.1333333333333;9.666666666666666;1.6666666666666667;3
83075;2012-02-25;21.4;30;21;4.5;2012;2;25;-23.43;-46.46;735;86.0;83.0;84.0;930.8;930.9;929.8;5;3;8;1.0;1.0;0.0;10.0;9.0;9.0;84.33333333333333;930.5;9.333333333333334;0.6666666666666666;5
83075;2012-02-26;25.1;32.1;19.7;10.4;2012;2;26;-23.43;-46.46;735;90.0;69.0;55.0;929.7;930.1;929.8;5;7;7;1.0;1.0;1.0;10.0;4.0;9.0;71.33333333333333;929.8666666666668;7.666666666666667;1.0;5
83075;2012-02-27;3.9;30.8;21;3.4;2012;2;27;-23.43;-46.46;735;69.0;77.0;81.0;929.7;931.7;930.3;8;8;7;0.0;0.0;2.0;9.0;10.0;9.0;75.66666666666667;930.5666666666666;9.333333333333334;0.6666666666666666;7
83075;2012-02-28;13.8;33.5;20.6;10.5;2012;2;28;-23.43;-46.46;735;87.0;76.0;45.0;932.6;933.9;932.0;5;3;8;1.0;1.0;0.0;10.0;2.0;5.0;69.33333333333333;932.8333333333334;5.666666666666667;0.6666666666666666;5
83075;2012-02-29;0;34.7;21.4;10.6;2012;2;29;-23.43;-46.46;735;79.0;67.0;40.0;931.8;932.9;932.2;8;8;7;0.0;0.0;2.0;2.0;0.0;2.0;62.0;932.2999999999998;1.3333333333333333;0.6666666666666666;7
83075;2012-03-01;0;30.6;15.1;9.9;2012;3;1;-23.43;-46.46;735;76.0;67.0;42.0;927.1;928.3;928.0;5;8;7;1.0;0.0;2.0;1.0;1.0;5.0;61.666666666666664;927.8000000000001;2.3333333333333335;1.0;5
83075;2012-03-02;8.9;32.9;20.1;8.3;2012;3;2;-23.43;-46.46;735;85.0;60.0;42.0;932.3;933.6;933.8;8;1;7;0.0;1.0;2.0;0.0;1.0;4.0;62.333333333333336;933.2333333333332;1.6666666666666667;1.0;1
83075;2012-03-03;0;29.5;20.2;4.3;2012;3;3;-23.43;-46.46;735;74.0;81.0;70.0;932.4;934.6;934.6;5;8;5;1.0;0.0;3.0;9.0;9.0;8.0;75.0;933.8666666666667;8.666666666666666;1.3333333333333333;5
83075;2012-03-04;0;28.1;18.6;6;2012;3;4;-23.43;-46.46;735;89.0;79.0;60.0;934.8;935.4;933.8;5;8;3;1.0;0.0;1.0;9.0;9.0;4.0;76.0;934.6666666666666;7.333333333333333;0.6666666666666666;5
83075;2012-03-05;0;21.4;13.4;2.9;2012;3;5;-23.43;-46.46;735;86.0;96.0;68.0;938.2;940.6;940.5;5;5;5;2.0;1.0;1.0;9.0;9.0;5.0;83.33333333333333;939.7666666666668;7.666666666666667;1.3333333333333333;5
83075;2012-03-06;0;26.7;16.9;8.5;2012;3;6;-23.43;-46.46;735;82.0;74.0;53.0;935.5;934.6;932.1;8;7;7;0.0;1.0;3.0;0.0;5.0;9.0;69.66666666666667;934.0666666666666;4.666666666666667;1.3333333333333333;7
83075;2012-03-07;0;26.1;14.1;8.1;2012;3;7;-23.43;-46.46;735;77.0;85.0;48.0;937.7;938.3;937.1;8;8;7;0.0;0.0;1.0;0.0;0.0;1.0;70.0;937.6999999999999;0.3333333333333333;0.3333333333333333;7
83075;2012-03-08;0;26.3;14;8.8;2012;3;8;-23.43;-46.46;735;73.0;68.0;41.0;939.0;939.0;937.2;7;5;7;1.0;1.0;3.0;6.0;0.0;1.0;60.666666666666664;938.4;2.3333333333333335;1.6666666666666667;7
83075;2012-03-09;0;24.8;14.6;7.8;2012;3;9;-23.43;-46.46;735;61.0;54.0;57.0;936.7;937.9;939.7;8;5;5;0.0;1.0;8.0;4.0;1.0;9.0;57.333333333333336;938.1;4.666666666666667;3.0;5
83075;2012-03-10;0;34.8;19.2;8.7;2012;3;10;-23.43;-46.46;735;59.0;59.0;31.0;933.6;934.0;933.4;8;8;7;0.0;0.0;2.0;0.0;0.0;6.0;49.666666666666664;933.6666666666666;2.0;0.6666666666666666;7
83075;2012-03-11;0;23.5;17;0.3;2012;3;11;-23.43;-46.46;735;83.0;82.0;86.0;932.4;932.3;932.0;5;3;5;3.0;1.0;2.0;10.0;10.0;10.0;83.66666666666667;932.2333333333332;10.0;2.0;5
83075;2012-03-12;34.9;29.8;19;6.5;2012;3;12;-23.43;-46.46;735;92.0;71.0;63.0;932.1;932.5;932.1;8;5;4;0.0;1.0;4.0;10.0;10.0;2.0;75.33333333333333;932.2333333333332;7.333333333333333;1.6666666666666667;5
83075;2012-03-13;2.9;32;18.6;8.5;2012;3;13;-23.43;-46.46;735;83.0;65.0;49.0;933.4;933.6;931.8;8;1;7;0.0;2.0;3.0;9.0;1.0;6.0;65.66666666666667;932.9333333333334;5.333333333333333;1.6666666666666667;1
83075;2012-03-14;47.8;31.6;18.5;9.5;2012;3;14;-23.43;-46.46;735;90.0;69.0;52.0;931.1;931.6;931.0;5;8;7;1.0;0.0;1.0;10.0;0.0;4.0;70.33333333333333;931.2333333333332;4.666666666666667;0.6666666666666666;5
83075;2012-03-15;0;30.6;18.9;6;2012;3;15;-23.43;-46.46;735;73.0;68.0;80.0;934.5;932.0;931.7;5;7;5;1.0;2.0;2.0;0.0;8.0;10.0;73.66666666666667;932.7333333333332;6.0;1.6666666666666667;5
83075;2012-03-16;34.7;24.6;18.6;1.6;2012;3;16;-23.43;-46.46;735;93.0;86.0;78.0;932.7;933.9;933.4;5;8;3;2.0;0.0;4.0;10.0;10.0;10.0;85.66666666666667;933.3333333333334;10.0;2.0;5
83075;2012-03-17;0.2;25.1;17.7;1.3;2012;3;17;-23.43;-46.46;735;84.0;68.0;57.0;933.8;935.5;934.8;5;5;5;3.0;1.0;2.0;10.0;10.0;9.0;69.66666666666667;934.6999999999999;9.666666666666666;2.0;5
83075;2012-03-18;0;25.9;16;5.5;2012;3;18;-23.43;-46.46;735;78.0;83.0;56.0;935.6;935.7;934.4;5;5;3;1.0;1.0;1.0;9.0;9.0;6.0;72.33333333333333;935.2333333333335;8.0;1.0;5
83075;2012-03-19;0;27.7;15.6;9.3;2012;3;19;-23.43;-46.46;735;81.0;70.0;50.0;934.6;934.9;933.8;5;7;5;1.0;1.0;1.0;9.0;1.0;6.0;67.0;934.4333333333334;5.333333333333333;1.0;5
83075;2012-03-20;0;28.3;17.6;6.3;2012;3;20;-23.43;-46.46;735;79.0;85.0;51.0;933.6;934.8;933.0;5;7;3;1.0;1.0;1.0;6.0;8.0;5.0;71.66666666666667;933.8000000000001;6.333333333333333;1.0;5
83075;2012-03-21;0;30.9;17.8;8.6;2012;3;21;-23.43;-46.46;735;80.0;74.0;47.0;932.8;933.2;930.3;8;8;7;0.0;0.0;2.0;4.0;0.0;4.0;67.0;932.1;2.6666666666666665;0.6666666666666666;7
83075;2012-03-22;0;31.6;20.2;7.1;2012;3;22;-23.43;-46.46;735;76.0;59.0;51.0;930.0;930.3;928.6;3;7;7;1.0;1.0;4.0;2.0;1.0;9.0;62.0;929.6333333333333;4.0;2.0;3
83075;2012-03-23;32.1;27.4;18.4;2.6;2012;3;23;-23.43;-46.46;735;78.0;77.0;66.0;928.3;928.9;928.8;3;8;7;1.0;0.0;3.0;10.0;10.0;9.0;73.66666666666667;928.6666666666666;9.666666666666666;1.3333333333333333;3
83075;2012-03-24;0;23.9;20.3;6;2012;3;24;-23.43;-46.46;735;85.0;74.0;60.0;928.9;929.4;929.3;3;7;7;1.0;2.0;1.0;10.0;9.0;2.0;73.0;929.1999999999999;7.0;1.3333333333333333;3
83075;2012-03-25;9.9;29.5;18.4;6.9;2012;3;25;-23.43;-46.46;735;85.0;88.0;57.0;930.1;932.0;931.7;5;8;8;1.0;0.0;0.0;10.0;10.0;4.0;76.66666666666667;931.2666666666668;8.0;0.3333333333333333;5
83075;2012-03-26;0;31.4;19.5;7.1;2012;3;26;-23.43;-46.46;735;83.0;85.0;50.0;932.0;933.7;932.6;8;7;8;0.0;1.0;0.0;10.0;9.0;5.0;72.66666666666667;932.7666666666668;8.0;0.3333333333333333;7
83075;2012-03-27;0;30.8;20.7;5.3;2012;3;27;-23.43;-46.46;735;71.0;68.0;59.0;932.1;932.5;931.9;8;7;7;0.0;3.0;2.0;0.0;9.0;8.0;66.0;932.1666666666666;5.666666666666667;1.6666666666666667;7
83075;2012-03-28;4.9;23;14.7;0;2012;3;28;-23.43;-46.46;735;85.0;90.0;89.0;931.8;932.8;933.2;7;3;5;1.0;1.0;3.0;9.0;10.0;10.0;88.0;932.6;9.666666666666666;1.6666666666666667;7
83075;2012-03-29;0.1;25;14.5;6.4;2012;3;29;-23.43;-46.46;735;75.0;77.0;67.0;933.4;934.9;934.6;5;3;5;1.0;1.0;1.0;10.0;10.0;1.0;73.0;934.3000000000001;7.0;1.0;5
83075;2012-03-30;0;25.1;18.7;0.6;2012;3;30;-23.43;-46.46;735;87.0;82.0;71.0;935.1;936.9;936.0;5;3;5;2.0;1.0;2.0;10.0;10.0;10.0;80.0;936.0;10.0;1.6666666666666667;5
83075;2012-03-31;0;25.8;18.4;4.4;2012;3;31;-23.43;-46.46;735;86.0;77.0;67.0;936.4;937.7;936.9;5;5;5;1.0;1.0;3.0;10.0;9.0;9.0;76.66666666666667;937.0;9.333333333333334;1.6666666666666667;5
83075;2012-04-01;0;31.4;16.8;9;2012;4;1;-23.43;-46.46;735;70.0;78.0;38.0;929.1;930.1;929.5;5;3;7;2.0;1.0;3.0;0.0;0.0;6.0;62.0;929.5666666666666;2.0;2.0;5
83075;2012-04-03;0.7;29.4;19.4;6.9;2012;4;3;-23.43;-46.46;735;86.0;76.0;55.0;935.5;936.3;934.7;8;3;5;0.0;1.0;1.0;10.0;9.0;9.0;72.33333333333333;935.5;9.333333333333334;0.6666666666666666;3
83075;2012-04-04;1.6;30.6;17.8;8.1;2012;4;4;-23.43;-46.46;735;84.0;80.0;59.0;933.7;934.6;932.7;8;8;7;0.0;0.0;3.0;10.0;4.0;2.0;74.33333333333333;933.6666666666666;5.333333333333333;1.0;7
83075;2012-04-05;0;24.2;13.6;7.3;2012;4;5;-23.43;-46.46;735;88.0;82.0;59.0;939.9;940.5;939.0;8;5;8;0.0;1.0;0.0;9.0;9.0;2.0;76.33333333333333;939.8000000000001;6.666666666666667;0.3333333333333333;5
83075;2012-04-06;0;27.9;16.2;5.6;2012;4;6;-23.43;-46.46;735;78.0;72.0;49.0;931.7;932.3;930.8;8;8;7;0.0;0.0;3.0;5.0;10.0;9.0;66.33333333333333;931.6;8.0;1.0;7
83075;2012-04-07;0;25.9;14;8.1;2012;4;7;-23.43;-46.46;735;80.0;85.0;45.0;937.1;937.2;935.8;3;8;5;1.0;0.0;1.0;0.0;0.0;1.0;70.0;936.7000000000002;0.3333333333333333;0.6666666666666666;3
83075;2012-04-08;0;27;14.6;8.8;2012;4;8;-23.43;-46.46;735;67.0;68.0;43.0;937.3;937.9;936.8;5;8;7;1.0;0.0;1.0;4.0;1.0;4.0;59.333333333333336;937.3333333333334;3.0;0.6666666666666666;5
83075;2012-04-09;0;20.5;13.8;2.9;2012;4;9;-23.43;-46.46;735;79.0;81.0;63.0;941.4;941.3;941.1;5;5;5;4.0;1.0;1.0;10.0;9.0;9.0;74.33333333333333;941.2666666666665;9.333333333333334;2.0;5
83075;2012-04-10;0;32.7;19;6.7;2012;4;10;-23.43;-46.46;735;73.0;61.0;61.0;934.8;935.0;934.5;4;8;5;1.0;0.0;2.0;10.0;8.0;9.0;65.0;934.7666666666668;9.0;1.0;4
83075;2012-04-11;0;25.8;18.2;1.7;2012;4;11;-23.43;-46.46;735;83.0;81.0;65.0;932.3;932.2;930.8;4;5;5;1.0;1.0;2.0;10.0;10.0;9.0;76.33333333333333;931.7666666666668;9.666666666666666;1.3333333333333333;4
83075;2012-04-12;0;33.5;19.1;8.4;2012;4;12;-23.43;-46.46;735;80.0;72.0;60.0;932.7;933.2;932.6;7;7;5;1.0;1.0;3.0;9.0;1.0;5.0;70.66666666666667;932.8333333333334;5.0;1.6666666666666667;7
83075;2012-04-13;0.9;29.6;19.2;6.7;2012;4;13;-23.43;-46.46;735;89.0;70.0;57.0;934.0;934.5;933.0;8;8;7;0.0;0.0;1.0;9.0;4.0;9.0;72.0;933.8333333333334;7.333333333333333;0.3333333333333333;7
83075;2012-04-14;0;29.7;19.8;3.2;2012;4;14;-23.43;-46.46;735;84.0;89.0;56.0;933.9;933.5;931.2;8;8;7;0.0;0.0;3.0;10.0;10.0;6.0;76.33333333333333;932.8666666666668;8.666666666666666;1.0;7
83075;2012-04-15;0;29.8;20;7.1;2012;4;15;-23.43;-46.46;735;79.0;69.0;57.0;930.7;930.9;930.5;8;7;7;0.0;3.0;3.0;9.0;9.0;9.0;68.33333333333333;930.6999999999999;9.0;2.0;7
83075;2012-04-16;5.3;23.8;18.2;1.7;2012;4;16;-23.43;-46.46;735;87.0;80.0;74.0;931.6;934.3;934.4;3;8;5;2.0;0.0;5.0;10.0;10.0;9.0;80.33333333333333;933.4333333333334;9.666666666666666;2.3333333333333335;3
83075;2012-04-17;0;26.6;15.5;8.2;2012;4;17;-23.43;-46.46;735;83.0;77.0;53.0;934.7;936.2;935.8;5;7;3;1.0;1.0;1.0;4.0;2.0;2.0;71.0;935.5666666666666;2.6666666666666665;1.0;5
83075;2012-04-18;0;25.8;17.3;4.3;2012;4;18;-23.43;-46.46;735;78.0;79.0;60.0;935.7;937.2;936.1;5;3;5;1.0;1.0;3.0;7.0;10.0;5.0;72.33333333333333;936.3333333333334;7.333333333333333;1.6666666666666667;5
83075;2012-04-19;0;27.8;16.5;6.9;2012;4;19;-23.43;-46.46;735;85.0;80.0;51.0;937.0;936.3;933.7;5;8;3;1.0;0.0;1.0;10.0;10.0;4.0;72.0;935.6666666666666;8.0;0.6666666666666666;5
83075;2012-04-20;0;27;16.8;4.3;2012;4;20;-23.43;-46.46;735;84.0;90.0;61.0;933.6;934.0;932.6;5;8;7;1.0;0.0;1.0;1.0;9.0;10.0;78.33333333333333;933.4;6.666666666666667;0.6666666666666666;5
83075;2012-04-22;4.3;20.7;17;0;2012;4;22;-23.43;-46.46;735;85.0;89.0;84.0;932.9;934.4;933.9;8;5;5;0.0;1.0;2.0;9.0;0.0;10.0;86.0;933.7333333333332;6.333333333333333;1.0;5
83075;2012-04-23;1.5;24;16.1;5.9;2012;4;23;-23.43;-46.46;735;88.0;76.0;64.0;934.4;935.2;934.9;8;3;8;0.0;1.0;0.0;10.0;5.0;6.0;76.0;934.8333333333334;7.0;0.3333333333333333;3
83075;2012-04-24;0;25.1;15.6;6.5;2012;4;24;-23.43;-46.46;735;85.0;82.0;52.0;934.0;935.2;934.0;8;8;3;0.0;0.0;1.0;10.0;9.0;4.0;73.0;934.4;7.666666666666667;0.3333333333333333;3
83075;2012-04-25;0;28.4;17.2;7.8;2012;4;25;-23.43;-46.46;735;86.0;76.0;51.0;934.0;934.4;933.4;3;3;7;1.0;1.0;1.0;10.0;1.0;5.0;71.0;933.9333333333334;5.333333333333333;1.0;3
83075;2012-04-26;0;29.3;18.1;1.6;2012;4;26;-23.43;-46.46;735;90.0;69.0;73.0;933.1;931.2;927.8;3;8;7;1.0;0.0;3.0;10.0;10.0;9.0;77.33333333333333;930.7000000000002;9.666666666666666;1.3333333333333333;3
83075;2012-04-27;13.8;21.9;17.5;0;2012;4;27;-23.43;-46.46;735;93.0;81.0;89.0;928.0;930.3;930.1;8;3;5;0.0;1.0;1.0;10.0;10.0;10.0;87.66666666666667;929.4666666666667;10.0;0.6666666666666666;3
83075;2012-04-28;5;23.1;17;0.1;2012;4;28;-23.43;-46.46;735;90.0;84.0;73.0;930.7;933.3;932.7;5;5;3;1.0;1.0;1.0;10.0;10.0;10.0;82.33333333333333;932.2333333333332;10.0;1.0;5
83075;2012-04-29;7.5;22.8;16.4;0.3;2012;4;29;-23.43;-46.46;735;92.0;88.0;73.0;931.8;932.0;931.2;8;7;7;0.0;1.0;3.0;9.0;10.0;9.0;84.33333333333333;931.6666666666666;9.333333333333334;1.3333333333333333;7
83075;2012-04-30;24.2;20.3;13.7;0;2012;4;30;-23.43;-46.46;735;89.0;97.0;96.0;932.6;934.0;933.7;8;5;5;0.0;1.0;1.0;10.0;10.0;10.0;94.0;933.4333333333334;10.0;0.6666666666666666;5
83075;2012-05-01;0;30.2;17.1;7.7;2012;5;1;-23.43;-46.46;735;80.0;64.0;60.0;929.5;930.2;929.8;8;5;3;0.0;1.0;1.0;1.0;2.0;8.0;68.0;929.8333333333334;3.6666666666666665;0.6666666666666666;5
83075;2012-05-02;0;33.6;19.9;11.2;2012;5;2;-23.43;-46.46;735;69.0;52.0;38.0;934.2;934.1;933.5;8;7;7;0.0;1.0;1.0;5.0;2.0;8.0;53.0;933.9333333333334;5.0;0.6666666666666666;7
83075;2012-05-03;0;31.4;20;9.3;2012;5;3;-23.43;-46.46;735;79.0;69.0;48.0;935.1;935.3;934.2;3;3;5;1.0;1.0;2.0;9.0;0.0;4.0;65.33333333333333;934.8666666666668;4.333333333333333;1.3333333333333333;3
83075;2012-05-04;0;31.6;17.4;8;2012;5;4;-23.43;-46.46;735;85.0;80.0;42.0;932.8;933.4;930.2;5;3;7;1.0;1.0;3.0;10.0;6.0;5.0;69.0;932.1333333333332;7.0;1.6666666666666667;5
83075;2012-05-06;17.2;24.6;17;0;2012;5;6;-23.43;-46.46;735;61.0;93.0;93.0;930.8;932.8;932.8;7;8;8;1.0;0.0;0.0;9.0;10.0;10.0;82.33333333333333;932.1333333333332;9.666666666666666;0.3333333333333333;7
83075;2012-05-07;0;25.6;14;8.4;2012;5;7;-23.43;-46.46;735;64.0;69.0;46.0;935.6;936.2;935.4;5;5;7;1.0;1.0;2.0;1.0;0.0;1.0;59.666666666666664;935.7333333333335;0.6666666666666666;1.3333333333333333;5
83075;2012-05-08;0;22.1;15;1.4;2012;5;8;-23.43;-46.46;735;61.0;56.0;76.0;937.0;937.2;937.6;8;8;5;0.0;0.0;2.0;4.0;9.0;10.0;64.33333333333333;937.2666666666668;7.666666666666667;0.6666666666666666;5
83075;2012-05-09;0;29.1;14;8.5;2012;5;9;-23.43;-46.46;735;86.0;76.0;43.0;942.1;941.4;938.2;5;8;5;1.0;0.0;1.0;1.0;1.0;2.0;68.33333333333333;940.5666666666666;1.3333333333333333;0.6666666666666666;5
83075;2012-05-10;0;29.2;17.7;2;2012;5;10;-23.43;-46.46;735;82.0;74.0;49.0;934.3;934.3;934.0;5;5;5;1.0;1.0;3.0;10.0;5.0;10.0;68.33333333333333;934.1999999999999;8.333333333333334;1.6666666666666667;5
83075;2012-05-11;0;27;17.6;6;2012;5;11;-23.43;-46.46;735;87.0;76.0;55.0;930.7;931.0;931.1;4;3;5;3.0;1.0;3.0;10.0;10.0;5.0;72.66666666666667;930.9333333333334;8.333333333333334;2.3333333333333335;4
83075;2012-05-12;0;34.2;21.4;8.4;2012;5;12;-23.43;-46.46;735;67.0;63.0;65.0;932.7;933.1;930.5;3;8;5;1.0;0.0;3.0;4.0;0.0;10.0;65.0;932.1;4.666666666666667;1.3333333333333333;3
83075;2012-05-13;0;19.5;16;0;2012;5;13;-23.43;-46.46;735;85.0;85.0;84.0;931.2;932.6;932.7;7;5;5;1.0;3.0;3.0;5.0;10.0;10.0;84.66666666666667;932.1666666666666;8.333333333333334;2.3333333333333335;7
83075;2012-05-14;0.6;17.3;14.5;0;2012;5;14;-23.43;-46.46;735;88.0;93.0;90.0;935.0;935.6;935.3;8;5;5;0.0;1.0;2.0;10.0;10.0;10.0;90.33333333333333;935.2999999999998;10.0;1.0;5
83075;2012-05-15;12.7;19.1;13.7;0.4;2012;5;15;-23.43;-46.46;735;92.0;87.0;81.0;936.3;937.5;937.1;5;8;3;1.0;0.0;1.0;10.0;10.0;10.0;86.66666666666667;936.9666666666667;10.0;0.6666666666666666;5
83075;2012-05-16;1.2;20.1;13.2;6.3;2012;5;16;-23.43;-46.46;735;92.0;83.0;80.0;936.9;937.9;937.3;5;4;5;1.0;1.0;2.0;10.0;9.0;2.0;85.0;937.3666666666667;7.0;1.3333333333333333;5
83075;2012-05-17;0.7;21.4;13.6;7.9;2012;5;17;-23.43;-46.46;735;83.0;79.0;57.0;937.2;939.4;938.2;5;3;5;1.0;1.0;1.0;9.0;4.0;4.0;73.0;938.2666666666668;5.666666666666667;1.0;5
83075;2012-05-18;0.1;22.6;13.4;8.7;2012;5;18;-23.43;-46.46;735;84.0;73.0;58.0;937.9;939.0;938.6;5;8;5;1.0;0.0;3.0;2.0;1.0;2.0;71.66666666666667;938.5;1.6666666666666667;1.3333333333333333;5
83075;2012-05-19;0;22.3;13.1;6.7;2012;5;19;-23.43;-46.46;735;84.0;81.0;56.0;937.9;938.6;937.9;5;3;8;1.0;1.0;0.0;9.0;8.0;9.0;73.66666666666667;938.1333333333333;8.666666666666666;0.6666666666666666;5
83075;2012-05-20;0;22.8;13.7;5.3;2012;5;20;-23.43;-46.46;735;84.0;81.0;60.0;938.1;938.8;937.6;8;3;7;0.0;1.0;1.0;10.0;3.0;9.0;75.0;938.1666666666666;7.333333333333333;0.6666666666666666;3
83075;2012-05-21;0;22.2;14.4;5.3;2012;5;21;-23.43;-46.46;735;83.0;84.0;53.0;938.8;939.4;938.4;8;1;5;0.0;1.0;1.0;9.0;4.0;8.0;73.33333333333333;938.8666666666667;7.0;0.6666666666666666;1
83075;2012-05-22;0;23;13.8;4.8;2012;5;22;-23.43;-46.46;735;84.0;88.0;60.0;938.7;940.3;937.9;3;7;8;1.0;1.0;0.0;10.0;9.0;9.0;77.33333333333333;938.9666666666667;9.333333333333334;0.6666666666666666;3
83075;2012-05-23;0;24.3;13.3;6.6;2012;5;23;-23.43;-46.46;735;82.0;90.0;47.0;938.2;939.0;937.5;5;8;8;1.0;0.0;0.0;10.0;10.0;2.0;73.0;938.2333333333332;7.333333333333333;0.3333333333333333;5
83075;2012-05-24;0;24;13.6;5.5;2012;5;24;-23.43;-46.46;735;86.0;81.0;61.0;937.4;937.9;935.9;8;8;3;0.0;0.0;1.0;0.0;10.0;6.0;76.0;937.0666666666666;5.333333333333333;0.3333333333333333;3
83075;2012-05-25;19.4;23.6;15.8;5.6;2012;5;25;-23.43;-46.46;735;74.0;80.0;67.0;935.5;935.1;933.9;8;7;7;0.0;1.0;3.0;10.0;10.0;5.0;73.66666666666667;934.8333333333334;8.333333333333334;1.3333333333333333;7
83075;2012-05-26;0;23.8;15.5;8.6;2012;5;26;-23.43;-46.46;735;83.0;78.0;52.0;933.3;933.8;933.9;7;7;7;1.0;3.0;3.0;0.0;1.0;5.0;71.0;933.6666666666666;2.0;2.3333333333333335;7
83075;2012-05-27;0;25;12.4;7.7;2012;5;27;-23.43;-46.46;735;83.0;75.0;60.0;933.6;935.4;935.1;7;8;7;1.0;0.0;2.0;0.0;9.0;9.0;72.66666666666667;934.6999999999999;6.0;1.0;7
83075;2012-05-28;0;25.9;16.4;5.8;2012;5;28;-23.43;-46.46;735;82.0;74.0;57.0;934.7;936.4;936.4;8;7;7;0.0;2.0;3.0;5.0;9.0;9.0;71.0;935.8333333333334;7.666666666666667;1.6666666666666667;7
83075;2012-05-29;0;27.4;16.8;8.5;2012;5;29;-23.43;-46.46;735;79.0;68.0;56.0;936.4;936.9;935.8;7;8;7;1.0;0.0;1.0;0.0;0.0;1.0;67.66666666666667;936.3666666666667;0.3333333333333333;0.6666666666666666;7
83075;2012-05-30;0;28;17.2;8.6;2012;5;30;-23.43;-46.46;735;77.0;70.0;51.0;935.6;935.7;934.2;7;8;7;1.0;0.0;3.0;0.0;1.0;2.0;66.0;935.1666666666666;1.0;1.3333333333333333;7
83075;2012-05-31;0;22.8;17.1;0;2012;5;31;-23.43;-46.46;735;70.0;83.0;82.0;934.1;936.9;937.3;8;8;5;0.0;0.0;3.0;2.0;10.0;10.0;78.33333333333333;936.1;7.333333333333333;1.0;5
83075;2012-06-01;10.3;30.4;18.3;4.3;2012;6;1;-23.43;-46.46;735;88.0;76.0;88.0;929.7;929.9;929.7;3;3;5;1.0;1.0;2.0;10.0;9.0;10.0;84.0;929.7666666666668;9.666666666666666;1.3333333333333333;3
83075;2012-06-02;0;32.8;21.1;10;2012;6;2;-23.43;-46.46;735;69.0;61.0;40.0;933.5;934.2;933.5;3;8;7;1.0;0.0;2.0;4.0;6.0;5.0;56.666666666666664;933.7333333333332;5.0;1.0;3
83075;2012-06-03;0;31.6;19.4;9.7;2012;6;3;-23.43;-46.46;735;75.0;73.0;56.0;934.6;935.7;935.1;5;3;5;1.0;3.0;5.0;10.0;1.0;4.0;68.0;935.1333333333333;5.0;3.0;5
83075;2012-06-04;0;30.9;20.7;7.8;2012;6;4;-23.43;-46.46;735;60.0;67.0;64.0;930.7;930.6;930.1;7;7;5;1.0;1.0;2.0;9.0;2.0;8.0;63.666666666666664;930.4666666666667;6.333333333333333;1.3333333333333333;7
83075;2012-06-05;0;23.5;14.6;3.9;2012;6;5;-23.43;-46.46;735;83.0;90.0;60.0;937.6;939.3;938.0;5;3;3;1.0;1.0;1.0;8.0;10.0;5.0;77.66666666666667;938.3000000000001;7.666666666666667;1.0;5
83075;2012-06-06;38.4;20.5;15.7;0;2012;6;6;-23.43;-46.46;735;95.0;88.0;88.0;933.1;936.6;936.8;3;7;5;1.0;1.0;1.0;10.0;10.0;10.0;90.33333333333333;935.5;10.0;1.0;3
83075;2012-06-07;0;25.9;13.4;8.4;2012;6;7;-23.43;-46.46;735;73.0;79.0;44.0;935.7;935.7;934.2;5;8;7;1.0;0.0;3.0;0.0;0.0;2.0;65.33333333333333;935.2000000000002;0.6666666666666666;1.3333333333333333;5
83075;2012-06-08;0;21.3;13.5;7.7;2012;6;8;-23.43;-46.46;735;83.0;69.0;46.0;937.6;938.0;937.3;5;5;3;1.0;2.0;1.0;10.0;4.0;8.0;66.0;937.6333333333332;7.333333333333333;1.3333333333333333;5
83075;2012-06-09;0;30.3;16.5;7.4;2012;6;9;-23.43;-46.46;735;70.0;67.0;38.0;937.8;937.6;935.0;8;3;8;0.0;1.0;0.0;0.0;1.0;8.0;58.333333333333336;936.8000000000001;3.0;0.3333333333333333;3
83075;2012-06-10;11.7;29.7;18.4;3.6;2012;6;10;-23.43;-46.46;735;89.0;79.0;43.0;934.7;935.1;934.1;8;3;3;0.0;1.0;1.0;10.0;9.0;10.0;70.33333333333333;934.6333333333333;9.666666666666666;0.6666666666666666;3
83075;2012-06-11;0;28.8;17.4;8.6;2012;6;11;-23.43;-46.46;735;78.0;71.0;55.0;931.6;932.3;931.9;5;3;5;1.0;2.0;4.0;9.0;9.0;6.0;68.0;931.9333333333334;8.0;2.3333333333333335;5
83075;2012-06-12;0;35;22.6;8.7;2012;6;12;-23.43;-46.46;735;71.0;60.0;42.0;930.7;930.8;928.4;5;5;7;1.0;1.0;2.0;10.0;8.0;2.0;57.666666666666664;929.9666666666667;6.666666666666667;1.3333333333333333;5
83075;2012-06-13;0;23.2;14.4;2.8;2012;6;13;-23.43;-46.46;735;95.0;88.0;69.0;936.7;937.8;937.1;8;8;3;0.0;0.0;1.0;10.0;10.0;5.0;84.0;937.1999999999999;8.333333333333334;0.3333333333333333;3
83075;2012-06-14;0;25.1;16.7;5.1;2012;6;14;-23.43;-46.46;735;88.0;85.0;62.0;937.0;937.9;936.7;5;8;8;1.0;0.0;0.0;10.0;9.0;4.0;78.33333333333333;937.2000000000002;7.666666666666667;0.3333333333333333;5
83075;2012-06-15;0;24.4;16.4;7.8;2012;6;15;-23.43;-46.46;735;87.0;83.0;60.0;937.1;937.2;935.4;5;7;8;1.0;1.0;0.0;10.0;9.0;6.0;76.66666666666667;936.5666666666667;8.333333333333334;0.6666666666666666;5
83075;2012-06-16;0;25;14.3;7.3;2012;6;16;-23.43;-46.46;735;84.0;86.0;53.0;935.5;935.5;934.5;8;8;7;0.0;0.0;1.0;0.0;0.0;5.0;74.33333333333333;935.1666666666666;1.6666666666666667;0.3333333333333333;7
83075;2012-06-17;0;23.4;13.3;5.4;2012;6;17;-23.43;-46.46;735;79.0;86.0;51.0;934.5;935.4;934.9;8;5;5;0.0;1.0;1.0;0.0;10.0;9.0;72.0;934.9333333333334;6.333333333333333;0.6666666666666666;5
83075;2012-06-19;0;22.3;16;0;2012;6;19;-23.43;-46.46;735;64.0;72.0;70.0;933.0;932.5;931.8;7;7;7;1.0;3.0;1.0;9.0;10.0;10.0;68.66666666666667;932.4333333333334;9.666666666666666;1.6666666666666667;7
83075;2012-06-20;38.2;21;16.2;0;2012;6;20;-23.43;-46.46;735;93.0;89.0;75.0;931.8;932.2;930.7;8;7;7;0.0;3.0;3.0;10.0;10.0;10.0;85.66666666666667;931.5666666666666;10.0;2.0;7
83075;2012-06-21;12.1;19.7;14.5;0;2012;6;21;-23.43;-46.46;735;95.0;94.0;89.0;931.0;933.3;932.6;7;8;8;1.0;0.0;0.0;10.0;10.0;10.0;92.66666666666667;932.3000000000001;10.0;0.3333333333333333;7
83075;2012-06-22;19.3;21.9;15.4;1.4;2012;6;22;-23.43;-46.46;735;96.0;83.0;72.0;932.2;932.9;931.6;3;7;7;1.0;3.0;3.0;10.0;9.0;9.0;83.66666666666667;932.2333333333332;9.333333333333334;2.3333333333333335;3
83075;2012-06-23;0;20.5;12;6.1;2012;6;23;-23.43;-46.46;735;83.0;83.0;61.0;934.3;938.9;939.3;8;5;5;0.0;1.0;2.0;4.0;9.0;9.0;75.66666666666667;937.5;7.333333333333333;1.0;5
83075;2012-06-24;0;22.1;13.5;6.9;2012;6;24;-23.43;-46.46;735;85.0;85.0;60.0;940.7;941.0;941.1;4;3;3;2.0;3.0;2.0;9.0;9.0;2.0;76.66666666666667;940.9333333333334;6.666666666666667;2.3333333333333335;4
83075;2012-06-25;0;18.6;14.1;0;2012;6;25;-23.43;-46.46;735;87.0;96.0;91.0;940.2;940.1;940.5;3;8;4;1.0;0.0;1.0;2.0;10.0;10.0;91.33333333333333;940.2666666666668;7.333333333333333;0.6666666666666666;3
83075;2012-06-26;0;21.8;11.4;7.3;2012;6;26;-23.43;-46.46;735;90.0;84.0;58.0;940.7;940.9;940.7;5;5;5;2.0;1.0;1.0;2.0;2.0;9.0;77.33333333333333;940.7666666666668;4.333333333333333;1.3333333333333333;5
83075;2012-06-27;0;22.6;12.8;6;2012;6;27;-23.43;-46.46;735;89.0;87.0;61.0;941.5;941.5;941.5;5;5;5;1.0;1.0;1.0;2.0;10.0;4.0;79.0;941.5;5.333333333333333;1.0;5
83075;2012-06-28;0;23.1;12.3;5.2;2012;6;28;-23.43;-46.46;735;84.0;96.0;69.0;940.8;941.4;940.4;5;8;1;1.0;0.0;1.0;0.0;10.0;5.0;83.0;940.8666666666667;5.0;0.6666666666666666;5
83075;2012-06-29;0;25.3;12.3;7.2;2012;6;29;-23.43;-46.46;735;88.0;91.0;49.0;940.2;939.8;938.3;5;5;7;1.0;1.0;1.0;0.0;0.0;6.0;76.0;939.4333333333334;2.0;1.0;5
83075;2012-06-30;0;25.6;13.6;8.3;2012;6;30;-23.43;-46.46;735;70.0;87.0;49.0;937.9;938.2;937.8;5;8;8;1.0;0.0;0.0;9.0;0.0;5.0;68.66666666666667;937.9666666666666;4.666666666666667;0.3333333333333333;5
83075;2012-07-01;21.8;29.6;18.4;6.3;2012;7;1;-23.43;-46.46;735;85.0;67.0;88.0;930.1;930.3;930.2;8;8;5;0.0;0.0;2.0;9.0;6.0;10.0;80.0;930.2000000000002;8.333333333333334;0.6666666666666666;5
83075;2012-07-02;0;34.4;20.6;8.6;2012;7;2;-23.43;-46.46;735;55.0;51.0;57.0;933.2;933.4;930.8;8;8;5;0.0;0.0;3.0;0.0;3.0;4.0;54.333333333333336;932.4666666666666;2.3333333333333335;1.0;5
83075;2012-07-03;0;30;17.6;9.6;2012;7;3;-23.43;-46.46;735;77.0;67.0;43.0;935.0;936.9;935.9;5;8;5;1.0;0.0;3.0;8.0;6.0;8.0;62.333333333333336;935.9333333333334;7.333333333333333;1.3333333333333333;5
83075;2012-07-04;0;30.3;19;7.1;2012;7;4;-23.43;-46.46;735;72.0;76.0;55.0;930.8;931.4;931.0;5;5;5;1.0;1.0;3.0;10.0;2.0;6.0;67.66666666666667;931.0666666666666;6.0;1.6666666666666667;5
83075;2012-07-05;0;24.3;14.7;8.6;2012;7;5;-23.43;-46.46;735;85.0;67.0;55.0;938.6;940.5;940.0;3;3;3;1.0;1.0;2.0;8.0;1.0;6.0;69.0;939.6999999999999;5.0;1.3333333333333333;3
83075;2012-07-06;35;18.9;11.8;0;2012;7;6;-23.43;-46.46;735;96.0;95.0;90.0;936.2;937.3;937.4;8;8;5;0.0;0.0;3.0;10.0;10.0;10.0;93.66666666666667;936.9666666666667;10.0;1.0;5
83075;2012-07-07;0;23.3;16;2.9;2012;7;7;-23.43;-46.46;735;57.0;71.0;59.0;934.3;935.2;935.2;7;5;3;1.0;1.0;2.0;6.0;7.0;7.0;62.333333333333336;934.9;6.666666666666667;1.3333333333333333;7
83075;2012-07-08;0;22.4;11.9;6.4;2012;7;8;-23.43;-46.46;735;80.0;79.0;52.0;938.0;938.5;937.8;5;3;3;1.0;2.0;1.0;0.0;10.0;0.0;70.33333333333333;938.1;3.3333333333333335;1.3333333333333333;5
83075;2012-07-09;0;30.9;15.7;8.9;2012;7;9;-23.43;-46.46;735;72.0;74.0;35.0;935.7;937.0;935.6;5;8;5;1.0;0.0;1.0;0.0;0.0;2.0;60.333333333333336;936.1;0.6666666666666666;0.6666666666666666;5
83075;2012-07-10;0;31.7;18.3;10;2012;7;10;-23.43;-46.46;735;72.0;62.0;35.0;934.6;934.9;934.0;8;3;8;0.0;1.0;0.0;0.0;0.0;1.0;56.333333333333336;934.5;0.3333333333333333;0.3333333333333333;3
83075;2012-07-11;0;28.7;18.8;8.4;2012;7;11;-23.43;-46.46;735;75.0;68.0;65.0;932.9;932.7;932.8;3;5;5;2.0;1.0;4.0;9.0;6.0;10.0;69.33333333333333;932.7999999999998;8.333333333333334;2.3333333333333335;3
83075;2012-07-12;0;35.2;21.9;8.2;2012;7;12;-23.43;-46.46;735;77.0;55.0;43.0;928.7;929.5;929.1;3;7;7;1.0;1.0;1.0;2.0;1.0;8.0;58.333333333333336;929.1;3.6666666666666665;1.0;3
83075;2012-07-13;4.1;19.9;11.3;8.6;2012;7;13;-23.43;-46.46;735;78.0;72.0;43.0;929.0;932.6;932.9;7;7;7;2.0;1.0;3.0;9.0;0.0;0.0;64.33333333333333;931.5;3.0;2.0;7
83075;2012-07-14;0;21;8.1;8.6;2012;7;14;-23.43;-46.46;735;64.0;68.0;44.0;934.5;937.1;936.8;7;8;7;1.0;0.0;2.0;0.0;9.0;9.0;58.666666666666664;936.1333333333332;6.0;1.0;7
83075;2012-07-15;0;17.2;8.1;3.9;2012;7;15;-23.43;-46.46;735;74.0;88.0;69.0;938.0;939.8;939.6;5;8;3;1.0;0.0;4.0;0.0;1.0;9.0;77.0;939.1333333333333;3.3333333333333335;1.6666666666666667;5
83075;2012-07-16;2.9;14.5;9.8;0;2012;7;16;-23.43;-46.46;735;82.0;93.0;94.0;939.8;941.1;940.3;5;5;5;1.0;2.0;1.0;10.0;10.0;10.0;89.66666666666667;940.4;10.0;1.3333333333333333;5
83075;2012-07-17;13.7;20.1;11.9;1.8;2012;7;17;-23.43;-46.46;735;93.0;94.0;82.0;940.5;939.0;935.8;5;3;5;1.0;1.0;1.0;9.0;10.0;10.0;89.66666666666667;938.4333333333334;9.666666666666666;1.0;5
83075;2012-07-18;18.9;19.8;12.3;7.5;2012;7;18;-23.43;-46.46;735;96.0;78.0;56.0;936.0;936.5;936.2;8;7;7;0.0;3.0;3.0;10.0;8.0;4.0;76.66666666666667;936.2333333333332;7.333333333333333;2.0;7
83075;2012-07-19;0;19.9;8.5;8.6;2012;7;19;-23.43;-46.46;735;74.0;80.0;52.0;937.6;938.1;937.8;7;8;8;3.0;0.0;0.0;4.0;1.0;0.0;68.66666666666667;937.8333333333334;1.6666666666666667;1.0;7
83075;2012-07-20;0;22.3;10.1;6.3;2012;7;20;-23.43;-46.46;735;88.0;93.0;45.0;937.8;938.2;936.4;5;3;7;1.0;1.0;1.0;9.0;10.0;0.0;75.33333333333333;937.4666666666667;6.333333333333333;1.0;5
83075;2012-07-21;0;25.7;8.9;8.5;2012;7;21;-23.43;-46.46;735;75.0;74.0;30.0;935.3;934.9;934.7;7;8;7;1.0;0.0;3.0;0.0;0.0;1.0;59.666666666666664;934.9666666666666;0.3333333333333333;1.3333333333333333;7
83075;2012-07-22;0;28.1;11.9;8.4;2012;7;22;-23.43;-46.46;735;47.0;69.0;38.0;935.2;936.0;935.7;7;8;7;1.0;0.0;2.0;0.0;1.0;6.0;51.333333333333336;935.6333333333333;2.3333333333333335;1.0;7
83075;2012-07-23;0;28.1;15.2;8;2012;7;23;-23.43;-46.46;735;69.0;71.0;40.0;936.2;937.6;937.1;8;8;7;0.0;0.0;1.0;2.0;4.0;2.0;60.0;936.9666666666667;2.6666666666666665;0.3333333333333333;7
83075;2012-07-24;0;27.8;16.6;5.1;2012;7;24;-23.43;-46.46;735;73.0;78.0;50.0;937.1;937.3;936.3;8;3;7;0.0;1.0;1.0;0.0;8.0;6.0;67.0;936.9;4.666666666666667;0.6666666666666666;3
83075;2012-07-25;0;24.3;16.6;6.7;2012;7;25;-23.43;-46.46;735;67.0;65.0;68.0;936.5;936.0;935.6;8;5;5;0.0;1.0;3.0;4.0;2.0;6.0;66.66666666666667;936.0333333333333;4.0;1.3333333333333333;5
83075;2012-07-26;0;28.8;15.2;8.7;2012;7;26;-23.43;-46.46;735;84.0;81.0;36.0;936.3;936.5;935.8;4;3;7;1.0;1.0;3.0;10.0;2.0;1.0;67.0;936.1999999999999;4.333333333333333;1.6666666666666667;4
83075;2012-07-27;0;27.3;15.9;7.1;2012;7;27;-23.43;-46.46;735;64.0;66.0;73.0;936.1;936.5;936.5;8;8;5;0.0;0.0;3.0;0.0;1.0;9.0;67.66666666666667;936.3666666666667;3.3333333333333335;1.0;5
83075;2012-07-28;0;25.9;14.9;5.7;2012;7;28;-23.43;-46.46;735;84.0;86.0;58.0;936.7;937.2;936.2;5;5;5;1.0;1.0;2.0;10.0;10.0;8.0;76.0;936.7000000000002;9.333333333333334;1.3333333333333333;5
83075;2012-07-29;0;27.5;15;8.8;2012;7;29;-23.43;-46.46;735;71.0;68.0;36.0;936.2;936.0;936.6;8;5;5;0.0;1.0;3.0;4.0;1.0;4.0;58.333333333333336;936.2666666666668;3.0;1.3333333333333333;5
83075;2012-07-30;0;22.1;15.3;0;2012;7;30;-23.43;-46.46;735;58.0;83.0;78.0;935.7;938.8;939.9;5;5;5;1.0;2.0;2.0;0.0;10.0;9.0;73.0;938.1333333333333;6.333333333333333;1.6666666666666667;5
83075;2012-07-31;0.7;21.1;14.8;0.7;2012;7;31;-23.43;-46.46;735;85.0;95.0;74.0;942.0;942.6;942.8;5;3;3;3.0;1.0;2.0;10.0;10.0;10.0;84.66666666666667;942.4666666666666;10.0;2.0;5
83075;2012-08-01;17.5;27.7;18.7;6.4;2012;8;1;-23.43;-46.46;735;83.0;72.0;59.0;931.8;932.4;932.0;8;8;5;0.0;0.0;4.0;10.0;9.0;8.0;71.33333333333333;932.0666666666666;9.0;1.3333333333333333;5
83075;2012-08-02;0;34.3;21.6;6.7;2012;8;2;-23.43;-46.46;735;72.0;59.0;43.0;930.2;930.6;930.3;8;8;5;0.0;0.0;2.0;3.0;1.0;9.0;58.0;930.3666666666668;4.333333333333333;0.6666666666666666;5
83075;2012-08-03;0;30.6;17.1;9.5;2012;8;3;-23.43;-46.46;735;80.0;74.0;57.0;935.6;935.9;935.1;5;8;5;1.0;0.0;3.0;9.0;2.0;5.0;70.33333333333333;935.5333333333333;5.333333333333333;1.3333333333333333;5
83075;2012-08-04;0;30.4;20.4;6.5;2012;8;4;-23.43;-46.46;735;84.0;78.0;47.0;931.1;931.8;931.5;3;3;3;1.0;1.0;1.0;10.0;2.0;9.0;69.66666666666667;931.4666666666667;7.0;1.0;3
83075;2012-08-05;0;21.5;14.3;3.1;2012;8;5;-23.43;-46.46;735;84.0;83.0;70.0;939.8;940.8;939.7;5;8;5;1.0;0.0;3.0;1.0;10.0;6.0;79.0;940.1;5.666666666666667;1.3333333333333333;5
83075;2012-08-06;10.2;15.2;11.7;0;2012;8;6;-23.43;-46.46;735;88.0;95.0;91.0;937.5;938.6;937.9;5;8;5;1.0;0.0;2.0;10.0;10.0;10.0;91.33333333333333;938.0;10.0;1.0;5
83075;2012-08-07;28.1;18.9;12.1;0;2012;8;7;-23.43;-46.46;735;87.0;90.0;86.0;935.2;939.5;938.8;5;5;5;1.0;2.0;3.0;10.0;10.0;10.0;87.66666666666667;937.8333333333334;10.0;2.0;5
83075;2012-08-08;0;24.9;12.9;7.7;2012;8;8;-23.43;-46.46;735;84.0;83.0;40.0;938.5;940.1;939.8;8;5;5;0.0;1.0;1.0;1.0;9.0;1.0;69.0;939.4666666666666;3.6666666666666665;0.6666666666666666;5
83075;2012-08-09;0;31.9;18.1;9.3;2012;8;9;-23.43;-46.46;735;76.0;49.0;27.0;936.4;937.3;936.4;8;7;7;0.0;1.0;1.0;1.0;8.0;1.0;50.666666666666664;936.6999999999999;3.3333333333333335;0.6666666666666666;7
83075;2012-08-10;0;30.7;16.7;9.6;2012;8;10;-23.43;-46.46;735;81.0;69.0;56.0;934.8;935.2;934.7;8;8;4;0.0;0.0;5.0;0.0;0.0;1.0;68.66666666666667;934.9;0.3333333333333333;1.6666666666666667;4
83075;2012-08-11;0;28.7;19.1;1.2;2012;8;11;-23.43;-46.46;735;80.0;78.0;54.0;932.9;932.7;930.6;5;3;3;1.0;4.0;2.0;10.0;10.0;10.0;70.66666666666667;932.0666666666666;10.0;2.3333333333333335;5
83075;2012-08-12;0;31.8;22.7;3.4;2012;8;12;-23.43;-46.46;735;65.0;60.0;79.0;930.1;930.5;930.5;8;8;4;0.0;0.0;1.0;10.0;4.0;10.0;68.0;930.3666666666667;8.0;0.3333333333333333;4
83075;2012-08-13;0;27;14.2;8.1;2012;8;13;-23.43;-46.46;735;64.0;65.0;36.0;939.5;940.8;940.7;8;3;3;0.0;2.0;1.0;0.0;0.0;6.0;55.0;940.3333333333334;2.0;1.0;3
83075;2012-08-14;0;25.8;13.6;8;2012;8;14;-23.43;-46.46;735;80.0;73.0;48.0;942.2;942.0;940.0;5;1;3;1.0;1.0;3.0;2.0;1.0;8.0;67.0;941.4;3.6666666666666665;1.6666666666666667;5
83075;2012-08-15;0;27;16.1;8.7;2012;8;15;-23.43;-46.46;735;84.0;75.0;40.0;940.3;941.1;939.6;3;3;3;1.0;1.0;1.0;8.0;1.0;2.0;66.33333333333333;940.3333333333334;3.6666666666666665;1.0;3
83075;2012-08-16;0;24.4;16;3.4;2012;8;16;-23.43;-46.46;735;69.0;82.0;56.0;940.1;940.8;940.7;3;3;5;2.0;1.0;1.0;1.0;9.0;9.0;69.0;940.5333333333334;6.333333333333333;1.3333333333333333;3
83075;2012-08-17;0;25.6;15.2;6.8;2012;8;17;-23.43;-46.46;735;76.0;85.0;42.0;940.7;941.0;940.2;3;3;3;1.0;2.0;2.0;4.0;10.0;1.0;67.66666666666667;940.6333333333333;5.0;1.6666666666666667;3
83075;2012-08-18;0;25.6;14;8;2012;8;18;-23.43;-46.46;735;83.0;77.0;47.0;940.7;941.1;940.3;5;3;3;1.0;3.0;3.0;0.0;6.0;2.0;69.0;940.7000000000002;2.6666666666666665;2.3333333333333335;5
83075;2012-08-19;0;26;14.2;7.1;2012;8;19;-23.43;-46.46;735;67.0;86.0;39.0;940.4;941.1;940.9;3;3;5;1.0;3.0;1.0;0.0;9.0;1.0;64.0;940.8000000000001;3.3333333333333335;1.6666666666666667;3
83075;2012-08-20;0;26.8;13.6;8.3;2012;8;20;-23.43;-46.46;735;73.0;74.0;39.0;940.9;941.2;940.5;8;3;3;0.0;2.0;1.0;0.0;0.0;1.0;62.0;940.8666666666667;0.3333333333333333;1.0;3
83075;2012-08-21;0;27.8;13.9;8.4;2012;8;21;-23.43;-46.46;735;66.0;55.0;24.0;940.4;940.9;940.1;8;3;3;0.0;1.0;1.0;1.0;4.0;0.0;48.333333333333336;940.4666666666667;1.6666666666666667;0.6666666666666666;3
83075;2012-08-22;0;28.3;15.2;8.4;2012;8;22;-23.43;-46.46;735;50.0;73.0;32.0;940.6;940.7;940.0;3;8;3;1.0;0.0;1.0;0.0;0.0;2.0;51.666666666666664;940.4333333333334;0.6666666666666666;0.6666666666666666;3
83075;2012-08-23;0;25.5;13.3;8.4;2012;8;23;-23.43;-46.46;735;49.0;57.0;34.0;940.4;940.8;940.2;5;3;3;1.0;1.0;1.0;0.0;0.0;0.0;46.666666666666664;940.4666666666666;0.0;1.0;5
83075;2012-08-24;0;26.3;14;8.2;2012;8;24;-23.43;-46.46;735;81.0;78.0;42.0;940.4;940.6;939.6;3;3;5;1.0;1.0;1.0;0.0;1.0;4.0;67.0;940.1999999999999;1.6666666666666667;1.0;3
83075;2012-08-25;0;27.5;14.4;8.2;2012;8;25;-23.43;-46.46;735;69.0;75.0;35.0;939.7;940.0;938.3;8;8;5;0.0;0.0;1.0;2.0;0.0;4.0;59.666666666666664;939.3333333333334;2.0;0.3333333333333333;5
83075;2012-08-26;0;25.2;15.6;6.3;2012;8;26;-23.43;-46.46;735;58.0;77.0;41.0;938.6;939.7;939.5;3;5;5;1.0;2.0;2.0;2.0;8.0;0.0;58.666666666666664;939.2666666666668;3.3333333333333335;1.6666666666666667;3
83075;2012-08-27;0;26.1;14.6;5.7;2012;8;27;-23.43;-46.46;735;78.0;85.0;66.0;939.5;939.7;939.0;8;5;4;0.0;2.0;5.0;10.0;10.0;8.0;76.33333333333333;939.4;9.333333333333334;2.3333333333333335;5
83075;2012-08-28;0;24.4;14.6;5.2;2012;8;28;-23.43;-46.46;735;81.0;67.0;58.0;939.5;939.2;937.2;5;5;5;2.0;1.0;4.0;10.0;5.0;10.0;68.66666666666667;938.6333333333333;8.333333333333334;2.3333333333333335;5
83075;2012-08-29;0.1;22.8;13.8;6.2;2012;8;29;-23.43;-46.46;735;80.0;72.0;50.0;937.6;937.4;937.2;5;4;5;1.0;2.0;2.0;10.0;8.0;5.0;67.33333333333333;937.4;7.666666666666667;1.6666666666666667;5
83075;2012-08-30;0;20.8;14.1;6.7;2012;8;30;-23.43;-46.46;735;77.0;67.0;51.0;937.4;938.7;939.0;5;5;5;2.0;1.0;5.0;10.0;3.0;4.0;65.0;938.3666666666667;5.666666666666667;2.6666666666666665;5
83075;2012-08-31;0;26.5;13;8.2;2012;8;31;-23.43;-46.46;735;80.0;71.0;39.0;939.8;939.5;937.4;5;3;8;1.0;3.0;0.0;0.0;6.0;0.0;63.333333333333336;938.9;2.0;1.3333333333333333;5
83075;2012-09-01;0.5;27.6;19.2;3.8;2012;9;1;-23.43;-46.46;735;81.0;76.0;59.0;932.3;932.5;932.0;5;5;5;3.0;1.0;1.0;10.0;9.0;5.0;72.0;932.2666666666668;8.0;1.6666666666666667;5
83075;2012-09-02;1.8;34.3;22;4.3;2012;9;2;-23.43;-46.46;735;73.0;59.0;78.0;929.9;930.4;930.1;8;8;5;0.0;0.0;1.0;10.0;9.0;10.0;70.0;930.1333333333333;9.666666666666666;0.3333333333333333;5
83075;2012-09-03;0;32.1;17.8;9.5;2012;9;3;-23.43;-46.46;735;75.0;67.0;58.0;934.9;935.1;934.4;3;8;5;1.0;0.0;4.0;2.0;1.0;1.0;66.66666666666667;934.8000000000001;1.3333333333333333;1.6666666666666667;3
83075;2012-09-04;1.4;25.9;19;4.6;2012;9;4;-23.43;-46.46;735;66.0;74.0;67.0;931.8;933.7;933.7;5;5;3;3.0;1.0;3.0;10.0;9.0;9.0;69.0;933.0666666666666;9.333333333333334;2.3333333333333335;5
83075;2012-09-05;0;24.6;16;7.7;2012;9;5;-23.43;-46.46;735;85.0;80.0;58.0;939.4;939.1;936.4;5;3;5;1.0;3.0;1.0;10.0;5.0;6.0;74.33333333333333;938.3000000000001;7.0;1.6666666666666667;5
83075;2012-09-06;5.7;17.9;12.6;0;2012;9;6;-23.43;-46.46;735;92.0;87.0;77.0;938.0;939.3;939.0;8;5;5;0.0;2.0;1.0;10.0;10.0;9.0;85.33333333333333;938.7666666666668;9.666666666666666;1.0;5
83075;2012-09-07;0;20;11.6;6.4;2012;9;7;-23.43;-46.46;735;84.0;86.0;56.0;939.1;940.1;939.7;5;8;3;1.0;0.0;1.0;10.0;9.0;1.0;75.33333333333333;939.6333333333333;6.666666666666667;0.6666666666666666;5
83075;2012-09-08;0;25.3;12.9;6.6;2012;9;8;-23.43;-46.46;735;82.0;94.0;43.0;940.1;940.0;938.4;5;5;5;1.0;1.0;1.0;0.0;10.0;0.0;73.0;939.5;3.3333333333333335;1.0;5
83075;2012-09-09;0;33.2;18.3;8.9;2012;9;9;-23.43;-46.46;735;54.0;49.0;26.0;936.6;937.1;936.1;8;3;1;0.0;1.0;1.0;1.0;0.0;5.0;43.0;936.6;2.0;0.6666666666666666;3
83075;2012-09-10;0;32.8;17.1;10.3;2012;9;10;-23.43;-46.46;735;78.0;64.0;32.0;934.9;934.5;931.2;5;3;7;1.0;1.0;1.0;9.0;0.0;2.0;58.0;933.5333333333334;3.6666666666666665;1.0;5
83075;2012-09-11;4.7;22.7;19.2;0;2012;9;11;-23.43;-46.46;735;88.0;90.0;89.0;931.0;930.0;928.6;5;5;3;1.0;2.0;1.0;10.0;10.0;10.0;89.0;929.8666666666667;10.0;1.3333333333333333;5
83075;2012-09-12;20;26.4;20.1;0.3;2012;9;12;-23.43;-46.46;735;86.0;83.0;73.0;931.3;932.2;931.6;8;8;5;0.0;0.0;3.0;10.0;10.0;9.0;80.66666666666667;931.6999999999999;9.666666666666666;1.0;5
83075;2012-09-13;0;20.8;17.8;0;2012;9;13;-23.43;-46.46;735;85.0;84.0;76.0;934.0;934.3;934.8;5;5;5;1.0;2.0;2.0;5.0;10.0;10.0;81.66666666666667;934.3666666666667;8.333333333333334;1.6666666666666667;5
83075;2012-09-14;0;27;16.8;6.5;2012;9;14;-23.43;-46.46;735;82.0;72.0;56.0;936.7;937.0;936.6;5;3;5;1.0;3.0;2.0;9.0;10.0;1.0;70.0;936.7666666666668;6.666666666666667;2.0;5
83075;2012-09-15;0;30.8;17.6;7.5;2012;9;15;-23.43;-46.46;735;83.0;76.0;40.0;937.1;936.9;935.6;3;3;5;1.0;1.0;1.0;10.0;8.0;1.0;66.33333333333333;936.5333333333333;6.333333333333333;1.0;3
83075;2012-09-16;0;33.7;17.6;9.1;2012;9;16;-23.43;-46.46;735;79.0;70.0;28.0;935.8;935.9;933.2;8;8;5;0.0;0.0;1.0;0.0;0.0;1.0;59.0;934.9666666666666;0.3333333333333333;0.3333333333333333;5
83075;2012-09-17;0;34.6;18.4;9.4;2012;9;17;-23.43;-46.46;735;48.0;56.0;29.0;933.8;934.0;933.3;8;3;7;0.0;1.0;2.0;1.0;0.0;0.0;44.333333333333336;933.6999999999999;0.3333333333333333;1.0;3
83075;2012-09-18;0;35.2;21;9.4;2012;9;18;-23.43;-46.46;735;53.0;49.0;26.0;933.0;933.5;930.0;8;8;7;0.0;0.0;4.0;0.0;0.0;2.0;42.666666666666664;932.1666666666666;0.6666666666666666;1.3333333333333333;7
83075;2012-09-19;0;34.5;22.6;3.9;2012;9;19;-23.43;-46.46;735;47.0;30.0;25.0;930.0;930.2;927.4;8;7;7;0.0;3.0;3.0;0.0;9.0;10.0;34.0;929.1999999999999;6.333333333333333;2.0;7
83075;2012-09-20;0.7;24.9;18.9;1.8;2012;9;20;-23.43;-46.46;735;72.0;70.0;69.0;928.6;929.3;929.7;7;7;7;2.0;4.0;3.0;10.0;10.0;9.0;70.33333333333333;929.2000000000002;9.666666666666666;3.0;7
83075;2012-09-21;0;21.6;16.3;0.1;2012;9;21;-23.43;-46.46;735;80.0;70.0;82.0;929.8;929.6;930.0;3;1;7;1.0;1.0;3.0;10.0;10.0;10.0;77.33333333333333;929.8000000000001;10.0;1.6666666666666667;3
83075;2012-09-22;5.2;21.5;14.3;4.5;2012;9;22;-23.43;-46.46;735;84.0;69.0;56.0;930.8;936.3;936.4;8;5;5;0.0;3.0;1.0;10.0;9.0;8.0;69.66666666666667;934.5;9.0;1.3333333333333333;5
83075;2012-09-23;0;22.3;13.3;5.4;2012;9;23;-23.43;-46.46;735;80.0;66.0;61.0;937.2;938.4;937.5;3;3;5;1.0;1.0;5.0;1.0;9.0;9.0;69.0;937.6999999999999;6.333333333333333;2.3333333333333335;3
83075;2012-09-24;0;25.8;14.9;2.7;2012;9;24;-23.43;-46.46;735;82.0;79.0;63.0;937.8;937.0;934.2;3;8;8;2.0;0.0;0.0;10.0;9.0;10.0;74.66666666666667;936.3333333333334;9.666666666666666;0.6666666666666666;3
83075;2012-09-25;6.2;24.1;17.1;0;2012;9;25;-23.43;-46.46;735;86.0;63.0;66.0;934.4;934.0;934.0;8;7;7;0.0;1.0;2.0;9.0;10.0;10.0;71.66666666666667;934.1333333333333;9.666666666666666;1.0;7
83075;2012-09-26;7.1;18.7;9.2;0.6;2012;9;26;-23.43;-46.46;735;90.0;87.0;54.0;934.9;937.0;938.3;5;5;5;1.0;5.0;5.0;10.0;10.0;10.0;77.0;936.7333333333332;10.0;3.6666666666666665;5
83075;2012-09-27;0.7;16.8;9;4.4;2012;9;27;-23.43;-46.46;735;85.0;60.0;48.0;934.8;941.1;941.2;5;4;5;3.0;2.0;6.0;8.0;9.0;9.0;64.33333333333333;939.0333333333334;8.666666666666666;3.6666666666666665;5
83075;2012-09-28;0;20.4;10.2;10.1;2012;9;28;-23.43;-46.46;735;76.0;51.0;48.0;942.3;942.4;941.5;5;3;5;3.0;2.0;3.0;9.0;1.0;5.0;58.333333333333336;942.0666666666666;5.0;2.6666666666666665;5
83075;2012-09-29;0;23.7;9.3;9.9;2012;9;29;-23.43;-46.46;735;77.0;57.0;28.0;942.3;942.2;939.1;5;1;5;1.0;2.0;1.0;2.0;0.0;6.0;54.0;941.1999999999999;2.6666666666666665;1.3333333333333333;5
83075;2012-09-30;0;27.2;12.2;10;2012;9;30;-23.43;-46.46;735;77.0;68.0;33.0;940.1;939.3;935.0;5;3;3;2.0;1.0;1.0;9.0;4.0;0.0;59.333333333333336;938.1333333333333;4.333333333333333;1.3333333333333333;5
83075;2012-10-01;0.7;22.8;18.8;0;2012;10;1;-23.43;-46.46;735;78.0;86.0;91.0;932.3;932.8;932.8;8;8;3;0.0;0.0;1.0;10.0;10.0;10.0;85.0;932.6333333333332;10.0;0.3333333333333333;3
83075;2012-10-03;0;30;18.2;5.5;2012;10;3;-23.43;-46.46;735;80.0;71.0;80.0;934.3;934.6;934.2;3;3;5;1.0;2.0;1.0;0.0;2.0;10.0;77.0;934.3666666666668;4.0;1.3333333333333333;3
83075;2012-10-04;0;28.4;19.1;6.5;2012;10;4;-23.43;-46.46;735;90.0;73.0;57.0;933.8;935.2;934.5;3;5;8;1.0;1.0;0.0;9.0;9.0;9.0;73.33333333333333;934.5;9.0;0.6666666666666666;3
83075;2012-10-05;0;25.8;14.8;6.9;2012;10;5;-23.43;-46.46;735;88.0;80.0;55.0;935.5;935.8;933.2;8;8;7;0.0;0.0;2.0;0.0;2.0;9.0;74.33333333333333;934.8333333333334;3.6666666666666665;0.6666666666666666;7
83075;2012-10-07;0;23.5;11.4;6.7;2012;10;7;-23.43;-46.46;735;90.0;87.0;50.0;940.0;939.4;934.6;8;3;7;0.0;3.0;1.0;1.0;10.0;1.0;75.66666666666667;938.0;4.0;1.3333333333333333;3
83075;2012-10-08;0;26.4;13;8.9;2012;10;8;-23.43;-46.46;735;75.0;77.0;38.0;938.1;938.4;937.6;5;8;5;1.0;0.0;1.0;0.0;0.0;0.0;63.333333333333336;938.0333333333333;0.0;0.6666666666666666;5
83075;2012-10-09;0;33.1;18.5;8.8;2012;10;9;-23.43;-46.46;735;85.0;69.0;30.0;936.6;936.2;933.8;5;3;7;2.0;1.0;1.0;10.0;0.0;5.0;61.333333333333336;935.5333333333334;5.0;1.3333333333333333;5
83075;2012-10-10;0;33.4;19.2;10;2012;10;10;-23.43;-46.46;735;53.0;45.0;28.0;930.9;930.7;929.9;8;2;5;0.0;1.0;2.0;0.0;6.0;1.0;42.0;930.5;2.3333333333333335;1.0;2
83075;2012-10-11;8.9;28.9;19;4.7;2012;10;11;-23.43;-46.46;735;92.0;72.0;60.0;928.7;929.3;928.3;5;7;1;1.0;3.0;1.0;10.0;9.0;9.0;74.66666666666667;928.7666666666668;9.333333333333334;1.6666666666666667;5
83075;2012-10-12;0;33.9;19.4;9.7;2012;10;12;-23.43;-46.46;735;71.0;69.0;46.0;931.9;931.2;928.3;8;7;7;0.0;1.0;1.0;10.0;0.0;2.0;62.0;930.4666666666666;4.0;0.6666666666666666;7
83075;2012-10-13;0.6;18.5;15;0;2012;10;13;-23.43;-46.46;735;89.0;80.0;86.0;936.8;937.2;937.0;5;5;4;5.0;1.0;3.0;10.0;10.0;10.0;85.0;937.0;10.0;3.0;5
83075;2012-10-14;0.3;19.2;14.2;0.2;2012;10;14;-23.43;-46.46;735;89.0;85.0;73.0;937.0;937.4;937.1;4;5;5;2.0;1.0;5.0;10.0;10.0;9.0;82.33333333333333;937.1666666666666;9.666666666666666;2.6666666666666665;4
83075;2012-10-15;0;25.4;13.4;9.5;2012;10;15;-23.43;-46.46;735;82.0;63.0;51.0;937.0;937.2;934.2;5;4;5;2.0;1.0;3.0;6.0;6.0;1.0;65.33333333333333;936.1333333333333;4.333333333333333;2.0;5
83075;2012-10-16;0;28.9;13.6;5.7;2012;10;16;-23.43;-46.46;735;80.0;74.0;46.0;934.2;934.3;930.6;5;5;8;1.0;1.0;0.0;0.0;9.0;10.0;66.66666666666667;933.0333333333333;6.333333333333333;0.6666666666666666;5
83075;2012-10-17;11.4;28.6;17.4;6.4;2012;10;17;-23.43;-46.46;735;67.0;88.0;42.0;930.7;931.6;931.1;8;5;7;0.0;1.0;2.0;8.0;10.0;6.0;65.66666666666667;931.1333333333333;8.0;1.0;5
83075;2012-10-18;0;30.6;17.7;11;2012;10;18;-23.43;-46.46;735;74.0;61.0;42.0;931.1;937.1;931.4;8;7;4;0.0;2.0;4.0;0.0;2.0;2.0;59.0;933.1999999999999;1.3333333333333333;2.0;7
83075;2012-10-19;0;25.5;16.4;1.7;2012;10;19;-23.43;-46.46;735;84.0;77.0;72.0;933.6;933.6;933.6;5;3;5;2.0;1.0;5.0;6.0;10.0;10.0;77.66666666666667;933.6;8.666666666666666;2.6666666666666665;5
83075;2012-10-20;0;25.9;16.2;1.6;2012;10;20;-23.43;-46.46;735;85.0;58.0;67.0;933.7;933.9;933.6;3;3;5;1.0;1.0;3.0;2.0;10.0;10.0;70.0;933.7333333333332;7.333333333333333;1.6666666666666667;3
83075;2012-10-21;5.9;32.3;16.3;10;2012;10;21;-23.43;-46.46;735;86.0;66.0;41.0;933.5;932.8;929.5;8;8;7;0.0;0.0;3.0;8.0;9.0;9.0;64.33333333333333;931.9333333333334;8.666666666666666;1.0;7
83075;2012-10-22;2.6;33.9;18.8;10.5;2012;10;22;-23.43;-46.46;735;69.0;64.0;35.0;929.7;929.3;926.6;3;7;7;1.0;1.0;4.0;10.0;8.0;2.0;56.0;928.5333333333333;6.666666666666667;2.0;3
83075;2012-10-23;5.5;26.2;19.8;0.5;2012;10;23;-23.43;-46.46;735;68.0;93.0;74.0;926.4;928.3;928.3;8;5;8;0.0;1.0;0.0;0.0;10.0;10.0;78.33333333333333;927.6666666666666;6.666666666666667;0.3333333333333333;5
83075;2012-10-24;19.6;27.1;18.3;2.5;2012;10;24;-23.43;-46.46;735;94.0;63.0;65.0;929.2;930.8;930.9;1;5;7;1.0;1.0;1.0;10.0;10.0;9.0;74.0;930.3000000000001;9.666666666666666;1.0;1
83075;2012-10-25;0;30.8;17.4;5.2;2012;10;25;-23.43;-46.46;735;86.0;87.0;52.0;932.0;932.8;932.1;3;8;8;1.0;0.0;0.0;10.0;10.0;5.0;75.0;932.3000000000001;8.333333333333334;0.3333333333333333;3
83075;2012-10-26;0;28.3;18.8;2.5;2012;10;26;-23.43;-46.46;735;86.0;83.0;77.0;933.1;933.7;933.7;5;3;5;2.0;1.0;5.0;10.0;9.0;10.0;82.0;933.5;9.666666666666666;2.6666666666666665;5
83075;2012-10-27;0;33.6;19.6;6.1;2012;10;27;-23.43;-46.46;735;90.0;79.0;44.0;936.1;935.1;933.0;3;8;8;3.0;0.0;0.0;10.0;9.0;5.0;71.0;934.7333333333332;8.0;1.0;3
83075;2012-10-28;20.2;35;20.8;7.9;2012;10;28;-23.43;-46.46;735;87.0;57.0;47.0;932.6;932.7;931.7;8;8;5;0.0;0.0;6.0;10.0;10.0;10.0;63.666666666666664;932.3333333333334;10.0;2.0;5
83075;2012-10-29;19.8;34.2;19.1;9.5;2012;10;29;-23.43;-46.46;735;83.0;67.0;39.0;933.8;934.0;931.4;8;3;7;0.0;2.0;2.0;10.0;1.0;1.0;63.0;933.0666666666666;4.0;1.3333333333333333;3
83075;2012-10-30;0;37.3;21.3;10.4;2012;10;30;-23.43;-46.46;735;81.0;62.0;38.0;931.4;931.2;929.6;8;3;5;0.0;1.0;5.0;0.0;1.0;9.0;60.333333333333336;930.7333333333332;3.3333333333333335;2.0;3
83075;2012-10-31;0;36.8;21.6;10.7;2012;10;31;-23.43;-46.46;735;61.0;47.0;31.0;929.9;929.4;927.1;8;7;7;0.0;1.0;2.0;10.0;0.0;2.0;46.333333333333336;928.8000000000001;4.0;1.0;7
83075;2012-11-01;17.3;23.7;17.8;0;2012;11;1;-23.43;-46.46;735;90.0;92.0;73.0;932.8;933.6;933.4;5;8;3;1.0;0.0;1.0;10.0;10.0;10.0;85.0;933.2666666666668;10.0;0.6666666666666666;5
83075;2012-11-02;24.8;28.9;19.7;2.6;2012;11;2;-23.43;-46.46;735;90.0;78.0;87.0;929.1;929.8;929.3;8;8;5;0.0;0.0;3.0;10.0;9.0;10.0;85.0;929.4;9.666666666666666;1.0;5
83075;2012-11-04;0.1;28.6;19.4;5.2;2012;11;4;-23.43;-46.46;735;82.0;76.0;76.0;935.1;937.3;936.1;5;8;3;1.0;0.0;1.0;10.0;8.0;9.0;78.0;936.1666666666666;9.0;0.6666666666666666;5
83075;2012-11-05;0;26.8;15.3;8.3;2012;11;5;-23.43;-46.46;735;75.0;64.0;44.0;933.2;934.0;932.6;8;8;7;0.0;0.0;2.0;2.0;10.0;10.0;61.0;933.2666666666668;7.333333333333333;0.6666666666666666;7
83075;2012-11-06;0.1;19;14.7;0.8;2012;11;6;-23.43;-46.46;735;89.0;86.0;92.0;937.7;938.1;937.0;8;8;3;0.0;0.0;1.0;9.0;10.0;10.0;89.0;937.6;9.666666666666666;0.3333333333333333;3
83075;2012-11-07;0;24.8;11.8;5.2;2012;11;7;-23.43;-46.46;735;70.0;73.0;53.0;934.2;933.8;929.9;5;8;7;1.0;0.0;1.0;8.0;10.0;10.0;65.33333333333333;932.6333333333333;9.333333333333334;0.6666666666666666;5
83075;2012-11-09;0;31.5;18.6;5.1;2012;11;9;-23.43;-46.46;735;70.0;71.0;32.0;934.1;934.4;931.7;8;7;7;0.0;1.0;2.0;0.0;10.0;6.0;57.666666666666664;933.4;5.333333333333333;1.0;7
83075;2012-11-10;0;23.1;17;0;2012;11;10;-23.43;-46.46;735;71.0;73.0;79.0;930.3;931.4;931.7;8;4;7;0.0;2.0;1.0;1.0;10.0;10.0;74.33333333333333;931.1333333333332;7.0;1.0;4
83075;2012-11-11;0;32.6;19.2;7.3;2012;11;11;-23.43;-46.46;735;80.0;66.0;48.0;928.9;930.1;928.8;3;7;7;1.0;2.0;2.0;10.0;2.0;8.0;64.66666666666667;929.2666666666668;6.666666666666667;1.6666666666666667;3
83075;2012-11-12;0;32.9;22.7;3.7;2012;11;12;-23.43;-46.46;735;74.0;73.0;52.0;928.2;928.4;927.5;8;7;7;0.0;1.0;1.0;0.0;10.0;10.0;66.33333333333333;928.0333333333333;6.666666666666667;0.6666666666666666;7
83075;2012-11-13;6.6;21.4;15.1;0;2012;11;13;-23.43;-46.46;735;87.0;89.0;80.0;931.6;931.5;931.6;4;5;5;1.0;3.0;6.0;10.0;10.0;10.0;85.33333333333333;931.5666666666666;10.0;3.3333333333333335;4
83075;2012-11-14;0.4;18.9;14.8;0;2012;11;14;-23.43;-46.46;735;86.0;80.0;69.0;932.8;933.0;932.8;5;5;5;2.0;1.0;2.0;10.0;10.0;10.0;78.33333333333333;932.8666666666667;10.0;1.6666666666666667;5
83075;2012-11-15;0;23.2;14;3.9;2012;11;15;-23.43;-46.46;735;78.0;74.0;67.0;932.6;931.9;931.1;4;3;3;1.0;2.0;3.0;5.0;10.0;8.0;73.0;931.8666666666667;7.666666666666667;2.0;4
83075;2012-11-16;0;23.5;15;3.7;2012;11;16;-23.43;-46.46;735;83.0;82.0;57.0;931.1;932.1;932.7;4;8;5;3.0;0.0;4.0;8.0;10.0;6.0;74.0;931.9666666666667;8.0;2.3333333333333335;4
83075;2012-11-17;0;22.2;14.5;6.8;2012;11;17;-23.43;-46.46;735;79.0;64.0;52.0;933.4;935.1;935.8;4;5;5;1.0;2.0;5.0;6.0;9.0;6.0;65.0;934.7666666666668;7.0;2.6666666666666665;4
83075;2012-11-18;0;26.4;14.3;10.3;2012;11;18;-23.43;-46.46;735;79.0;64.0;55.0;936.0;936.6;935.7;5;5;4;1.0;1.0;4.0;1.0;6.0;2.0;66.0;936.1;3.0;2.0;5
83075;2012-11-19;0;30.8;16.7;9;2012;11;19;-23.43;-46.46;735;76.0;71.0;43.0;935.8;935.1;931.5;5;3;7;3.0;1.0;1.0;10.0;10.0;6.0;63.333333333333336;934.1333333333333;8.666666666666666;1.6666666666666667;5
83075;2012-11-20;7.8;29.9;18.2;7.4;2012;11;20;-23.43;-46.46;735;91.0;73.0;68.0;931.6;931.9;931.0;8;8;5;0.0;0.0;1.0;10.0;4.0;9.0;77.33333333333333;931.5;7.666666666666667;0.3333333333333333;5
83075;2012-11-21;3.8;29.2;17.2;10.7;2012;11;21;-23.43;-46.46;735;64.0;66.0;50.0;931.2;932.7;932.7;8;5;4;0.0;2.0;3.0;4.0;0.0;1.0;60.0;932.2000000000002;1.6666666666666667;1.6666666666666667;5
83075;2012-11-22;0;30;17.3;10.7;2012;11;22;-23.43;-46.46;735;74.0;59.0;51.0;933.8;934.3;932.8;3;5;4;1.0;1.0;4.0;10.0;5.0;0.0;61.333333333333336;933.6333333333332;5.0;2.0;3
83075;2012-11-23;0;34.6;15;9;2012;11;23;-23.43;-46.46;735;77.0;72.0;24.0;932.5;932.3;929.1;3;5;7;1.0;1.0;1.0;0.0;1.0;8.0;57.666666666666664;931.3000000000001;3.0;1.0;3
83075;2012-11-24;0;28.2;20.6;1.9;2012;11;24;-23.43;-46.46;735;50.0;55.0;66.0;928.9;929.3;929.2;8;8;5;0.0;0.0;1.0;10.0;10.0;10.0;57.0;929.1333333333332;10.0;0.3333333333333333;5
83075;2012-11-25;5.8;23.2;17.9;0;2012;11;25;-23.43;-46.46;735;86.0;84.0;89.0;929.4;932.0;931.9;5;8;5;1.0;0.0;3.0;10.0;10.0;10.0;86.33333333333333;931.1;10.0;1.3333333333333333;5
83075;2012-11-26;0;23.3;16.6;0.2;2012;11;26;-23.43;-46.46;735;90.0;73.0;76.0;933.2;934.2;934.0;5;4;5;4.0;2.0;6.0;10.0;10.0;10.0;79.66666666666667;933.8000000000001;10.0;4.0;5
83075;2012-11-27;4;28.9;17.2;3.6;2012;11;27;-23.43;-46.46;735;88.0;84.0;52.0;934.1;933.5;928.7;5;5;5;1.0;1.0;1.0;10.0;10.0;5.0;74.66666666666667;932.1;8.333333333333334;1.0;5
83075;2012-11-28;10.7;32;17.2;8.1;2012;11;28;-23.43;-46.46;735;86.0;72.0;65.0;928.9;928.4;928.2;5;3;5;1.0;1.0;3.0;10.0;1.0;8.0;74.33333333333333;928.5;6.333333333333333;1.6666666666666667;5
83075;2012-11-29;2.4;30.6;18.2;8.7;2012;11;29;-23.43;-46.46;735;87.0;76.0;54.0;928.8;930.3;930.4;3;3;5;1.0;1.0;3.0;4.0;5.0;4.0;72.33333333333333;929.8333333333334;4.333333333333333;1.6666666666666667;3
83075;2012-11-30;0;30.5;17.7;6.3;2012;11;30;-23.43;-46.46;735;73.0;64.0;60.0;932.8;933.5;933.3;5;5;5;2.0;3.0;5.0;8.0;10.0;10.0;65.66666666666667;933.1999999999999;9.333333333333334;3.3333333333333335;5
83075;2012-12-01;0.7;28.4;17.8;4.6;2012;12;1;-23.43;-46.46;735;87.0;68.0;64.0;933.4;933.4;933.1;8;3;7;0.0;3.0;1.0;8.0;9.0;10.0;73.0;933.3000000000001;9.0;1.3333333333333333;3
83075;2012-12-02;48.2;26.8;14.9;0;2012;12;2;-23.43;-46.46;735;87.0;86.0;79.0;930.1;929.9;929.4;8;8;5;0.0;0.0;1.0;10.0;10.0;10.0;84.0;929.8000000000001;10.0;0.3333333333333333;5
83075;2012-12-03;0.4;29.7;18.3;7.5;2012;12;3;-23.43;-46.46;735;86.0;73.0;54.0;934.1;934.6;933.3;8;3;8;0.0;1.0;0.0;8.0;1.0;8.0;71.0;934.0;5.666666666666667;0.3333333333333333;3
83075;2012-12-04;21.8;30;19.5;6.8;2012;12;4;-23.43;-46.46;735;92.0;78.0;59.0;935.8;936.3;934.3;8;8;7;0.0;0.0;1.0;10.0;2.0;8.0;76.33333333333333;935.4666666666666;6.666666666666667;0.3333333333333333;7
83075;2012-12-05;1.4;22.4;17.5;0;2012;12;5;-23.43;-46.46;735;72.0;82.0;71.0;932.8;932.0;931.1;8;7;7;0.0;1.0;4.0;1.0;10.0;10.0;75.0;931.9666666666667;7.0;1.6666666666666667;7
83075;2012-12-06;27;22.8;14.4;4.9;2012;12;6;-23.43;-46.46;735;96.0;98.0;72.0;936.5;937.6;936.5;3;8;8;1.0;0.0;0.0;10.0;10.0;4.0;88.66666666666667;936.8666666666667;8.0;0.3333333333333333;3
83075;2012-12-07;0.7;24.8;15.4;0.3;2012;12;7;-23.43;-46.46;735;89.0;92.0;90.0;929.8;929.5;928.4;7;8;7;1.0;0.0;2.0;9.0;10.0;10.0;90.33333333333333;929.2333333333332;9.666666666666666;1.0;7
83075;2012-12-08;0;26.5;13.5;8.9;2012;12;8;-23.43;-46.46;735;70.0;72.0;38.0;937.6;939.5;938.8;8;8;5;0.0;0.0;1.0;0.0;0.0;0.0;60.0;938.6333333333332;0.0;0.3333333333333333;5
83075;2012-12-09;0;31.2;16.3;7.7;2012;12;9;-23.43;-46.46;735;82.0;70.0;38.0;932.4;933.9;933.2;5;3;5;2.0;1.0;1.0;10.0;1.0;1.0;63.333333333333336;933.1666666666666;4.0;1.3333333333333333;5
83075;2012-12-10;13.6;21;14.8;0.3;2012;12;10;-23.43;-46.46;735;89.0;80.0;77.0;934.0;935.5;935.4;5;3;4;3.0;1.0;3.0;10.0;10.0;10.0;82.0;934.9666666666667;10.0;2.3333333333333335;5
83075;2012-12-11;22.1;25;19.9;0;2012;12;11;-23.43;-46.46;735;93.0;93.0;81.0;929.5;931.9;930.1;8;8;5;0.0;0.0;1.0;10.0;10.0;10.0;89.0;930.5;10.0;0.3333333333333333;5
83075;2012-12-12;0;32.4;23.1;9.5;2012;12;12;-23.43;-46.46;735;68.0;62.0;64.0;927.9;928.3;928.1;7;8;5;3.0;0.0;3.0;10.0;1.0;2.0;64.66666666666667;928.0999999999999;4.333333333333333;2.0;7
83075;2012-12-13;0;33;21.5;7.6;2012;12;13;-23.43;-46.46;735;79.0;56.0;48.0;929.1;928.6;927.9;8;5;5;0.0;1.0;1.0;10.0;8.0;8.0;61.0;928.5333333333333;8.666666666666666;0.6666666666666666;5
83075;2012-12-14;17.5;27.3;20.8;0.8;2012;12;14;-23.43;-46.46;735;90.0;86.0;88.0;929.0;929.0;928.9;4;3;3;2.0;1.0;1.0;10.0;10.0;10.0;88.0;928.9666666666667;10.0;1.3333333333333333;4
83075;2012-12-15;75.4;24.2;20.7;0;2012;12;15;-23.43;-46.46;735;94.0;79.0;83.0;929.2;929.6;929.2;8;7;7;0.0;2.0;1.0;10.0;10.0;10.0;85.33333333333333;929.3333333333334;10.0;1.0;7
83075;2012-12-16;47.4;27.9;20.1;0.4;2012;12;16;-23.43;-46.46;735;96.0;85.0;85.0;929.2;929.8;929.1;5;7;7;1.0;2.0;3.0;10.0;10.0;9.0;88.66666666666667;929.3666666666667;9.666666666666666;2.0;5
83075;2012-12-17;6.3;24.3;20;0;2012;12;17;-23.43;-46.46;735;81.0;85.0;76.0;929.1;929.7;929.5;8;7;7;0.0;3.0;2.0;9.0;10.0;10.0;80.66666666666667;929.4333333333334;9.666666666666666;1.6666666666666667;7
83075;2012-12-18;6.6;29.9;19.6;1.7;2012;12;18;-23.43;-46.46;735;86.0;78.0;58.0;930.0;930.1;930.0;8;8;7;0.0;0.0;1.0;10.0;10.0;9.0;74.0;930.0333333333333;9.666666666666666;0.3333333333333333;7
83075;2012-12-19;0.4;30.1;20.1;2.5;2012;12;19;-23.43;-46.46;735;83.0;81.0;70.0;929.8;930.8;929.9;5;8;5;1.0;0.0;3.0;10.0;10.0;9.0;78.0;930.1666666666666;9.666666666666666;1.3333333333333333;5
83075;2012-12-20;35.5;35;19.7;8.4;2012;12;20;-23.43;-46.46;735;92.0;69.0;41.0;931.4;930.8;929.9;5;5;7;1.0;1.0;1.0;10.0;5.0;9.0;67.33333333333333;930.6999999999999;8.0;1.0;5
83075;2012-12-21;27;33.3;20.6;5.4;2012;12;21;-23.43;-46.46;735;78.0;70.0;90.0;931.8;931.8;931.4;5;8;7;1.0;0.0;2.0;10.0;1.0;9.0;79.33333333333333;931.6666666666666;6.666666666666667;1.0;5
83075;2012-12-22;32.2;25.5;21.2;0.1;2012;12;22;-23.43;-46.46;735;89.0;76.0;87.0;931.7;932.2;932.9;8;8;5;0.0;0.0;3.0;10.0;10.0;10.0;84.0;932.2666666666668;10.0;1.0;5
83075;2012-12-23;9.2;25.5;20.7;0;2012;12;23;-23.43;-46.46;735;88.0;89.0;92.0;933.6;933.9;933.9;5;5;8;3.0;1.0;0.0;10.0;10.0;10.0;89.66666666666667;933.8000000000001;10.0;1.3333333333333333;5
83075;2012-12-24;16;33.6;20;8.3;2012;12;24;-23.43;-46.46;735;86.0;73.0;48.0;933.6;933.9;931.3;5;3;7;2.0;1.0;1.0;10.0;5.0;5.0;69.0;932.9333333333334;6.666666666666667;1.3333333333333333;5
83075;2012-12-25;33;34.2;19.6;10;2012;12;25;-23.43;-46.46;735;91.0;65.0;45.0;931.4;931.3;930.7;8;8;7;0.0;0.0;2.0;0.0;0.0;4.0;67.0;931.1333333333332;1.3333333333333333;0.6666666666666666;7
83075;2012-12-26;0;31.6;23.5;8.3;2012;12;26;-23.43;-46.46;735;71.0;62.0;53.0;930.6;931.4;931.5;5;5;7;1.0;1.0;1.0;0.0;1.0;10.0;62.0;931.1666666666666;3.6666666666666665;1.0;5
83075;2012-12-27;0;30.2;23.1;4.4;2012;12;27;-23.43;-46.46;735;70.0;67.0;74.0;931.9;931.7;931.5;7;8;5;1.0;0.0;3.0;10.0;4.0;10.0;70.33333333333333;931.6999999999999;8.0;1.3333333333333333;7
83075;2012-12-28;1.3;30.8;20.8;2.1;2012;12;28;-23.43;-46.46;735;87.0;64.0;54.0;931.6;932.4;931.5;5;8;7;1.0;0.0;2.0;10.0;10.0;10.0;68.33333333333333;931.8333333333334;10.0;1.0;5
83075;2012-12-29;0;30.4;20.7;1.7;2012;12;29;-23.43;-46.46;735;67.0;74.0;72.0;931.7;932.1;931.7;7;8;3;1.0;0.0;3.0;10.0;10.0;9.0;71.0;931.8333333333334;9.666666666666666;1.3333333333333333;7
83075;2012-12-30;30.1;28.8;19.8;1.3;2012;12;30;-23.43;-46.46;735;92.0;74.0;75.0;932.1;932.9;932.6;8;8;5;0.0;0.0;2.0;10.0;9.0;10.0;80.33333333333333;932.5333333333333;9.666666666666666;0.6666666666666666;5
83075;2012-12-31;27.5;31.4;19.4;5.6;2012;12;31;-23.43;-46.46;735;93.0;76.0;57.0;933.6;933.9;933.3;8;7;7;0.0;1.0;1.0;10.0;10.0;9.0;75.33333333333333;933.6;9.666666666666666;0.6666666666666666;7
83075;2013-01-01;0;32.3;21.8;4.8;2013;1;1;-23.43;-46.46;735;81.0;60.0;50.0;932.9;932.7;931.4;8;7;7;0.0;2.0;3.0;10.0;8.0;9.0;63.666666666666664;932.3333333333334;9.0;1.6666666666666667;7
83075;2013-01-02;0;28.6;20.9;3.1;2013;1;2;-23.43;-46.46;735;83.0;75.0;82.0;933.2;932.8;932.5;5;8;5;1.0;0.0;1.0;10.0;4.0;10.0;80.0;932.8333333333334;8.0;0.6666666666666666;5
83075;2013-01-03;0;27.2;19.1;3.7;2013;1;3;-23.43;-46.46;735;84.0;66.0;54.0;934.0;934.6;934.0;5;8;5;1.0;0.0;1.02888;9.0;8.75;8.75;68.0;934.1999999999999;8.833333333333334;0.6762933333333333;5
83075;2013-01-04;0;30.8;18;7;2013;1;4;-23.43;-46.46;735;86.0;86.0;51.0;936.9;937.0;935.3;5;3;7;1.02888;1.02888;1.02888;7.5;10.0;8.75;74.33333333333333;936.4;8.75;1.02888;5
83075;2013-01-05;0;25.5;17.5;5;2013;1;5;-23.43;-46.46;735;77.0;80.0;64.0;934.8;936.3;935.7;8;5;3;0.0;1.0;1.0;0.0;1.0;8.0;73.66666666666667;935.6;3.0;0.6666666666666666;5
83075;2013-01-06;0;25.8;14.6;6.1;2013;1;6;-23.43;-46.46;735;93.0;91.0;57.0;936.5;936.4;934.7;8;8;7;0.0;0.0;1.02888;1.0;10.0;3.75;80.33333333333333;935.8666666666668;4.916666666666667;0.34296;7
83075;2013-01-07;15.2;17.8;13.7;0;2013;1;7;-23.43;-46.46;735;94.0;90.0;95.0;934.4;935.5;935.5;8;5;5;0.0;2.0;1.0;10.0;10.0;10.0;93.0;935.1333333333333;10.0;1.0;5
83075;2013-01-08;0;27.8;10.4;8.8;2013;1;8;-23.43;-46.46;735;80.0;70.0;37.0;938.1;938.5;937.1;8;8;7;0.0;0.0;1.02888;0.0;0.0;0.0;62.333333333333336;937.9;0.0;0.34296;7
83075;2013-01-09;0;29.8;15;8.5;2013;1;9;-23.43;-46.46;735;52.0;57.0;29.0;935.8;936.0;932.7;8;3;8;0.0;1.0;0.0;10.0;0.0;0.0;46.0;934.8333333333334;3.3333333333333335;0.3333333333333333;3
83075;2013-01-10;4.1;26.8;17.3;5.4;2013;1;10;-23.43;-46.46;735;94.0;78.0;56.0;932.2;931.9;931.7;8;7;7;0.0;2.0;1.0;10.0;10.0;8.0;76.0;931.9333333333334;9.333333333333334;1.0;7
83075;2013-01-11;0;23.9;15.9;2.3;2013;1;11;-23.43;-46.46;735;84.0;72.0;63.0;935.9;936.5;935.6;5;3;3;1.0;1.0;1.0;10.0;9.0;9.0;73.0;936.0;9.333333333333334;1.0;5
83075;2013-01-12;0;23.8;20.1;0.2;2013;1;12;-23.43;-46.46;735;85.0;89.0;82.0;933.5;934.2;933.6;5;8;5;1.0;0.0;3.0;10.0;10.0;10.0;85.33333333333333;933.7666666666668;10.0;1.3333333333333333;5
83075;2013-01-13;20;24.1;17.5;0.7;2013;1;13;-23.43;-46.46;735;95.0;82.0;78.0;932.7;933.2;933.3;8;8;5;0.0;0.0;1.0;10.0;9.0;10.0;85.0;933.0666666666666;9.666666666666666;0.3333333333333333;5
83075;2013-01-14;8.2;26.2;17.5;0.1;2013;1;14;-23.43;-46.46;735;92.0;81.0;73.0;933.9;933.5;933.5;3;8;8;1.0;0.0;0.0;10.0;10.0;10.0;82.0;933.6333333333333;10.0;0.3333333333333333;3
83075;2013-01-15;6.9;25.6;18;0.8;2013;1;15;-23.43;-46.46;735;85.0;82.0;67.0;933.2;933.1;930.6;3;8;8;1.0;0.0;0.0;10.0;10.0;9.0;78.0;932.3000000000001;9.666666666666666;0.3333333333333333;3
83075;2013-01-16;1.8;27.1;19;3;2013;1;16;-23.43;-46.46;735;88.0;71.0;90.0;930.4;930.0;929.0;5;8;3;1.0;0.0;1.0;10.0;10.0;9.0;83.0;929.8000000000001;9.666666666666666;0.6666666666666666;5
83075;2013-01-17;9.5;27.5;18.6;5.4;2013;1;17;-23.43;-46.46;735;88.0;73.0;56.0;930.1;930.1;929.3;3;5;7;1.0;4.0;1.0;10.0;9.0;6.0;72.33333333333333;929.8333333333334;8.333333333333334;2.0;3
83075;2013-01-18;0;32.2;19.8;8.8;2013;1;18;-23.43;-46.46;735;79.0;73.0;38.0;929.7;930.2;928.8;5;8;7;1.0;0.0;1.0;5.0;4.0;4.0;63.333333333333336;929.5666666666666;4.333333333333333;0.6666666666666666;5
83075;2013-01-19;0;28.5;19.7;4.1;2013;1;19;-23.43;-46.46;735;80.0;73.0;86.0;928.8;929.7;929.3;3;5;5;1.0;1.0;1.0;5.0;9.0;10.0;79.66666666666667;929.2666666666668;8.0;1.0;3
83075;2013-01-20;4;25;18.5;5.9;2013;1;20;-23.43;-46.46;735;86.0;79.0;64.0;930.7;930.1;930.1;5;5;5;2.0;1.0;4.0;10.0;10.0;9.0;76.33333333333333;930.3000000000001;9.666666666666666;2.3333333333333335;5
83075;2013-01-21;0;21.3;17.4;0.1;2013;1;21;-23.43;-46.46;735;76.0;78.0;78.0;932.7;935.0;935.2;5;8;5;3.0;0.0;5.0;9.0;10.0;10.0;77.33333333333333;934.3000000000001;9.666666666666666;2.6666666666666665;5
83075;2013-01-22;3;25.7;16.2;4.8;2013;1;22;-23.43;-46.46;735;82.0;69.0;58.0;936.0;936.4;936.8;5;7;4;2.0;3.0;3.0;10.0;8.0;10.0;69.66666666666667;936.4;9.333333333333334;2.6666666666666665;5
83075;2013-01-23;0;28.6;18.6;6;2013;1;23;-23.43;-46.46;735;80.0;72.0;60.0;936.7;937.0;933.6;5;8;3;1.0;0.0;3.0;10.0;8.0;9.0;70.66666666666667;935.7666666666668;9.0;1.3333333333333333;5
83075;2013-01-24;16;31.6;19.2;9.2;2013;1;24;-23.43;-46.46;735;88.0;69.0;51.0;933.7;933.2;930.4;8;8;7;0.0;0.0;2.0;9.0;5.0;4.0;69.33333333333333;932.4333333333334;6.0;0.6666666666666666;7
83075;2013-01-25;3.7;31.8;20.8;5.9;2013;1;25;-23.43;-46.46;735;88.0;68.0;54.0;929.8;930.3;927.6;3;1;7;1.0;1.0;2.0;1.0;9.0;8.0;70.0;929.2333333333332;6.0;1.3333333333333333;3
83075;2013-01-26;5.6;24.6;19.8;0;2013;1;26;-23.43;-46.46;735;81.0;92.0;90.0;928.5;929.2;930.4;7;8;5;1.0;0.0;3.0;9.0;10.0;10.0;87.66666666666667;929.3666666666667;9.666666666666666;1.3333333333333333;7
83075;2013-01-27;0.8;22.7;18.8;0;2013;1;27;-23.43;-46.46;735;86.0;82.0;76.0;931.0;933.1;933.1;8;5;5;0.0;1.0;1.0;10.0;10.0;10.0;81.33333333333333;932.4;10.0;0.6666666666666666;5
83075;2013-01-28;0;23;17.9;0;2013;1;28;-23.43;-46.46;735;82.0;79.0;82.0;933.5;934.7;934.8;3;8;4;1.0;0.0;2.0;10.0;10.0;10.0;81.0;934.3333333333334;10.0;1.0;3
83075;2013-01-29;0.6;22.8;17.9;0;2013;1;29;-23.43;-46.46;735;83.0;88.0;78.0;935.1;935.2;935.2;8;5;5;0.0;1.0;3.0;10.0;10.0;10.0;83.0;935.1666666666666;10.0;1.3333333333333333;5
83075;2013-01-30;0;26.4;18.9;0.3;2013;1;30;-23.43;-46.46;735;84.0;78.0;76.0;935.2;935.2;934.6;3;8;4;1.0;0.0;4.0;10.0;10.0;10.0;79.33333333333333;935.0;10.0;1.6666666666666667;3
83075;2013-01-31;0;30.2;19.8;5.9;2013;1;31;-23.43;-46.46;735;83.0;80.0;56.0;934.2;934.4;932.2;5;3;7;1.0;1.0;1.0;10.0;9.0;8.0;73.0;933.6;9.0;1.0;5
83075;2013-02-01;0;27.4;18.2;1.1;2013;2;1;-23.43;-46.46;735;69.0;75.0;75.0;932.1;932.4;933.4;5;5;5;3.0;1.0;6.0;10.0;10.0;10.0;73.0;932.6333333333333;10.0;3.3333333333333335;5
83075;2013-02-03;0;27.4;19;5.1;2013;2;3;-23.43;-46.46;735;76.0;75.0;60.0;934.3;933.6;933.7;3;3;4;2.05776;1.02888;1.02888;2.5;8.75;8.75;70.33333333333333;933.8666666666668;6.666666666666667;1.37184;3
83075;2013-02-04;0;24.6;19.8;0.4;2013;2;4;-23.43;-46.46;735;82.0;81.0;80.0;936.0;935.2;935.5;5;4;7;1.02888;1.02888;1.02888;10.0;10.0;10.0;81.0;935.5666666666666;10.0;1.02888;5
83075;2013-02-05;0;27.8;17.5;6.7;2013;2;5;-23.43;-46.46;735;83.0;81.0;59.0;936.0;936.4;935.7;4;3;5;1.0;2.0;1.0;0.0;5.0;10.0;74.33333333333333;936.0333333333334;5.0;1.3333333333333333;4
83075;2013-02-07;17;17.4;13.3;0;2013;2;7;-23.43;-46.46;735;89.0;87.0;77.0;937.4;939.7;938.9;5;4;3;3.0;2.0;1.0;10.0;10.0;10.0;84.33333333333333;938.6666666666666;10.0;2.0;5
83075;2013-02-08;0;28;11.8;8.9;2013;2;8;-23.43;-46.46;735;68.0;70.0;37.0;937.1;937.8;934.8;8;8;7;0.0;0.0;2.05776;0.0;0.0;0.0;58.333333333333336;936.5666666666666;0.0;0.68592;7
83075;2013-02-09;0;31.2;14.9;7.5;2013;2;9;-23.43;-46.46;735;57.0;53.0;29.0;932.7;933.0;931.1;8;3;7;0.0;2.0;1.0;0.0;8.0;4.0;46.333333333333336;932.2666666666668;4.0;1.0;3
83075;2013-02-10;17.9;25;16.6;1.3;2013;2;10;-23.43;-46.46;735;88.0;91.0;73.0;932.2;933.8;932.7;5;3;5;2.0;1.0;2.0;10.0;10.0;10.0;84.0;932.9;10.0;1.6666666666666667;5
83075;2013-02-11;0;30;16.7;9.5;2013;2;11;-23.43;-46.46;735;81.0;64.0;41.0;936.1;936.4;934.2;3;7;5;1.0;1.0;1.0;10.0;1.0;6.0;62.0;935.5666666666666;5.666666666666667;1.0;3
83075;2013-02-12;0.5;31.8;20.2;6.8;2013;2;12;-23.43;-46.46;735;85.0;79.0;55.0;933.6;932.1;927.8;5;3;7;1.0;1.0;2.0;10.0;8.0;5.0;73.0;931.1666666666666;7.666666666666667;1.3333333333333333;5
83075;2013-02-13;1;31.8;21.2;5.8;2013;2;13;-23.43;-46.46;735;85.0;78.0;51.0;931.5;932.2;931.9;5;7;7;1.0;1.0;1.0;10.0;8.0;10.0;71.33333333333333;931.8666666666667;9.333333333333334;1.0;5
83075;2013-02-14;0.6;33.8;19.8;7.7;2013;2;14;-23.43;-46.46;735;81.0;68.0;42.0;932.5;933.4;931.8;3;8;3;1.0;0.0;1.0;9.0;6.0;8.0;63.666666666666664;932.5666666666666;7.666666666666667;0.6666666666666666;3
83075;2013-02-15;4.5;33.4;20.5;5.7;2013;2;15;-23.43;-46.46;735;88.0;74.0;53.0;932.4;933.0;931.5;8;8;5;0.0;0.0;1.0;6.0;10.0;10.0;71.66666666666667;932.3000000000001;8.666666666666666;0.3333333333333333;5
83075;2013-02-16;15.3;34;20.4;9.8;2013;2;16;-23.43;-46.46;735;92.0;67.0;43.0;932.5;932.4;930.2;7;8;8;1.0;0.0;0.0;10.0;9.0;5.0;67.33333333333333;931.7000000000002;8.0;0.3333333333333333;7
83075;2013-02-17;34.2;30.4;20.2;2.4;2013;2;17;-23.43;-46.46;735;69.0;75.0;47.0;931.2;932.0;931.2;4;8;7;2.0;0.0;1.0;10.0;10.0;10.0;63.666666666666664;931.4666666666667;10.0;1.0;4
83075;2013-02-18;0;34;20.7;7.1;2013;2;18;-23.43;-46.46;735;69.0;68.0;48.0;931.0;932.7;931.3;3;8;8;1.0;0.0;0.0;2.0;1.0;9.0;61.666666666666664;931.6666666666666;4.0;0.3333333333333333;3
83075;2013-02-19;22.2;31;20.5;6.7;2013;2;19;-23.43;-46.46;735;86.0;72.0;60.0;932.8;933.7;933.5;7;3;7;1.0;1.0;3.0;9.0;6.0;10.0;72.66666666666667;933.3333333333334;8.333333333333334;1.6666666666666667;7
83075;2013-02-20;2;32.8;18.7;10.8;2013;2;20;-23.43;-46.46;735;84.0;75.0;40.0;934.0;934.5;932.5;3;7;8;1.0;1.0;0.0;4.0;0.0;1.0;66.33333333333333;933.6666666666666;1.6666666666666667;0.6666666666666666;3
83075;2013-02-21;0;33.3;20.1;11.2;2013;2;21;-23.43;-46.46;735;64.0;58.0;37.0;933.0;933.4;931.5;5;7;7;1.0;1.0;2.0;1.0;0.0;4.0;53.0;932.6333333333333;1.6666666666666667;1.3333333333333333;5
83075;2013-02-22;0;31.8;18.9;6.9;2013;2;22;-23.43;-46.46;735;50.0;58.0;67.0;932.0;933.0;932.3;8;7;5;0.0;1.0;4.0;1.0;1.0;10.0;58.333333333333336;932.4333333333334;4.0;1.6666666666666667;7
83075;2013-02-23;36.4;25.8;18.8;2.5;2013;2;23;-23.43;-46.46;735;85.0;85.0;69.0;934.0;935.3;934.8;3;5;5;1.0;2.0;1.0;10.0;10.0;9.0;79.66666666666667;934.6999999999999;9.666666666666666;1.3333333333333333;3
83075;2013-02-24;0;32.6;20;8.5;2013;2;24;-23.43;-46.46;735;84.0;72.0;48.0;934.2;935.0;932.2;5;3;7;1.0;1.0;1.0;10.0;8.0;5.0;68.0;933.8000000000001;7.666666666666667;1.0;5
83075;2013-02-25;0;32.4;21.3;10.6;2013;2;25;-23.43;-46.46;735;83.0;64.0;47.0;932.2;932.4;931.1;3;8;7;1.0;0.0;1.0;10.0;1.0;1.0;64.66666666666667;931.9;4.0;0.6666666666666666;3
83075;2013-02-26;0;31.1;20.6;7.6;2013;2;26;-23.43;-46.46;735;61.0;59.0;78.0;931.1;931.6;931.5;7;7;5;1.0;1.0;1.0;8.0;1.0;9.0;66.0;931.4;6.0;1.0;7
83075;2013-02-27;27.3;27.4;19.7;5;2013;2;27;-23.43;-46.46;735;93.0;77.0;59.0;932.5;933.0;933.0;8;5;5;0.0;1.0;3.0;10.0;10.0;8.0;76.33333333333333;932.8333333333334;9.333333333333334;1.3333333333333333;5
83075;2013-02-28;0;27.3;19;3.8;2013;2;28;-23.43;-46.46;735;79.0;74.0;63.0;934.1;934.4;933.4;4;8;3;2.0;0.0;1.0;10.0;8.0;8.0;72.0;933.9666666666667;8.666666666666666;1.0;4
83075;2013-03-01;0.6;21.5;17.8;0;2013;3;1;-23.43;-46.46;735;81.0;83.0;79.0;934.6;935.9;936.5;5;4;5;1.0;2.0;4.0;10.0;10.0;10.0;81.0;935.6666666666666;10.0;2.3333333333333335;5
83075;2013-03-02;1.8;28;20.2;1.2;2013;3;2;-23.43;-46.46;735;80.0;75.0;63.0;932.4;932.4;930.8;8;7;5;0.0;2.0;2.0;1.0;10.0;10.0;72.66666666666667;931.8666666666667;7.0;1.3333333333333333;7
83075;2013-03-03;0;31.4;19.4;8;2013;3;3;-23.43;-46.46;735;76.0;73.0;49.0;935.7;935.3;933.0;8;3;7;0.0;1.02888;1.02888;8.75;1.25;3.75;66.0;934.6666666666666;4.583333333333333;0.68592;3
83075;2013-03-04;1.7;26.2;18.4;2.3;2013;3;4;-23.43;-46.46;735;87.0;79.0;70.0;935.4;935.3;933.8;8;5;8;0.0;1.02888;0.0;10.0;8.75;10.0;78.66666666666667;934.8333333333334;9.583333333333334;0.34296;5
83075;2013-03-05;0;29.3;17;8;2013;3;5;-23.43;-46.46;735;85.0;82.0;43.0;936.0;935.5;933.6;8;3;7;0.0;1.0;2.0;2.0;1.0;1.0;70.0;935.0333333333333;1.3333333333333333;1.0;3
83075;2013-03-07;0;21.2;13.7;6.5;2013;3;7;-23.43;-46.46;735;87.0;84.0;67.0;939.0;940.0;939.5;5;1;5;1.0;2.0;1.0;10.0;10.0;1.0;79.33333333333333;939.5;7.0;1.3333333333333333;5
83075;2013-03-08;0;29.3;13.3;8.9;2013;3;8;-23.43;-46.46;735;64.0;65.0;39.0;935.6;936.1;934.5;8;8;3;0.0;0.0;1.02888;0.0;0.0;1.25;56.0;935.4;0.4166666666666667;0.34296;3
83075;2013-03-09;0;24.3;16.3;0.6;2013;3;9;-23.43;-46.46;735;55.0;64.0;77.0;930.9;932.3;932.8;8;7;7;0.0;1.0;1.0;8.0;9.0;10.0;65.33333333333333;932.0;9.0;0.6666666666666666;7
83075;2013-03-10;0;21.6;17.3;0.3;2013;3;10;-23.43;-46.46;735;88.0;87.0;91.0;933.6;935.0;934.4;5;5;5;1.0;1.0;2.0;10.0;10.0;10.0;88.66666666666667;934.3333333333334;10.0;1.3333333333333333;5
83075;2013-03-11;0;32.4;16.3;10.2;2013;3;11;-23.43;-46.46;735;80.0;73.0;37.0;934.3;934.2;930.2;4;8;8;1.0;0.0;0.0;1.0;2.0;1.0;63.333333333333336;932.9;1.3333333333333333;0.3333333333333333;4
83075;2013-03-12;6.8;32.7;21.8;9.5;2013;3;12;-23.43;-46.46;735;83.0;69.0;38.0;928.6;929.6;928.6;7;7;7;1.0;1.0;2.0;9.0;6.0;9.0;63.333333333333336;928.9333333333334;8.0;1.3333333333333333;7
83075;2013-03-13;2.7;27.8;21.4;4.8;2013;3;13;-23.43;-46.46;735;66.0;71.0;66.0;928.7;929.3;929.3;7;7;7;2.05776;3.08664;2.05776;10.0;10.0;8.75;67.66666666666667;929.1;9.583333333333334;2.40072;7
83075;2013-03-14;3;23.5;19.2;0;2013;3;14;-23.43;-46.46;735;82.0;83.0;77.0;930.2;933.5;933.2;5;8;5;1.02888;0.0;3.08664;8.75;10.0;10.0;80.66666666666667;932.3000000000001;9.583333333333334;1.37184;5
83075;2013-03-15;0.2;29.4;18.9;6.2;2013;3;15;-23.43;-46.46;735;86.0;69.0;51.0;934.1;935.2;934.0;5;3;3;2.05776;2.05776;3.08664;10.0;10.0;5.0;68.66666666666667;934.4333333333334;8.333333333333334;2.40072;5
83075;2013-03-16;0;26.8;20.7;0;2013;3;16;-23.43;-46.46;735;82.0;81.0;70.0;934.2;934.1;933.6;5;8;3;1.02888;0.0;1.02888;10.0;10.0;10.0;77.66666666666667;933.9666666666667;10.0;0.68592;5
83075;2013-03-17;19.3;24.8;20.4;0;2013;3;17;-23.43;-46.46;735;95.0;82.0;95.0;933.9;934.8;934.9;8;5;5;0.0;1.02888;3.08664;10.0;10.0;10.0;90.66666666666667;934.5333333333333;10.0;1.37184;5
83075;2013-03-18;33.9;19.2;15.2;0;2013;3;18;-23.43;-46.46;735;89.0;91.0;84.0;936.7;936.8;937.2;4;5;7;5.1444;1.02888;2.05776;10.0;10.0;10.0;88.0;936.9;10.0;2.74368;4
83075;2013-03-19;1.3;20.2;15.6;0;2013;3;19;-23.43;-46.46;735;88.0;89.0;79.0;937.1;936.8;936.5;5;5;3;1.02888;2.05776;3.08664;10.0;10.0;10.0;85.33333333333333;936.8000000000001;10.0;2.05776;5
83075;2013-03-20;1.4;23.2;15.6;0;2013;3;20;-23.43;-46.46;735;89.0;82.0;66.0;936.2;935.2;933.8;3;7;5;1.02888;2.05776;2.05776;10.0;10.0;10.0;79.0;935.0666666666666;10.0;1.7148;3
83075;2013-03-21;10.6;24.4;17.4;0;2013;3;21;-23.43;-46.46;735;80.0;84.0;69.0;933.5;932.7;932.5;3;5;7;1.02888;1.02888;1.02888;8.75;10.0;10.0;77.66666666666667;932.9;9.583333333333334;1.02888;3
83075;2013-03-22;0.6;28.1;18.8;3.5;2013;3;22;-23.43;-46.46;735;85.0;73.0;63.0;932.3;932.8;933.0;8;8;7;0.0;0.0;1.02888;5.0;10.0;7.5;73.66666666666667;932.6999999999999;7.5;0.34296;7
83075;2013-03-23;0;25.4;19.4;1.9;2013;3;23;-23.43;-46.46;735;84.0;84.0;85.0;934.3;934.4;934.1;5;5;4;1.02888;1.02888;4.11552;10.0;10.0;10.0;84.33333333333333;934.2666666666665;10.0;2.05776;5
83075;2013-03-24;0;26.1;17.5;2.6;2013;3;24;-23.43;-46.46;735;79.0;77.0;71.0;934.7;934.5;930.6;5;8;5;1.02888;0.0;3.08664;10.0;10.0;8.75;75.66666666666667;933.2666666666668;9.583333333333334;1.37184;5
83075;2013-03-25;19.9;26.3;19;4.5;2013;3;25;-23.43;-46.46;735;93.0;82.0;64.0;930.8;932.1;932.1;5;5;5;1.02888;1.02888;3.08664;10.0;10.0;7.5;79.66666666666667;931.6666666666666;9.166666666666666;1.7148;5
83075;2013-03-26;0;25;19.3;0;2013;3;26;-23.43;-46.46;735;82.0;86.0;71.0;933.6;933.4;933.4;3;8;7;1.02888;0.0;3.08664;10.0;10.0;10.0;79.66666666666667;933.4666666666667;10.0;1.37184;3
83075;2013-03-27;3.2;25.8;17.8;4;2013;3;27;-23.43;-46.46;735;91.0;83.0;64.0;933.4;932.8;932.2;8;8;5;0.0;0.0;1.02888;10.0;10.0;6.25;79.33333333333333;932.7999999999998;8.75;0.34296;5
83075;2013-03-28;0;24.9;16;9.5;2013;3;28;-23.43;-46.46;735;82.0;70.0;48.0;932.4;934.5;934.6;5;3;4;2.05776;1.02888;3.08664;10.0;7.5;7.5;66.66666666666667;933.8333333333334;8.333333333333334;2.05776;5
83075;2013-03-29;0.6;24.2;16.8;3.8;2013;3;29;-23.43;-46.46;735;72.0;82.0;85.0;935.1;936.7;936.9;3;3;5;1.02888;2.05776;2.05776;10.0;10.0;10.0;79.66666666666667;936.2333333333335;10.0;1.7148;3
83075;2013-03-30;0;26.4;17;7.2;2013;3;30;-23.43;-46.46;735;82.0;76.0;54.0;936.9;937.9;937.3;5;5;8;1.02888;2.05776;0.0;10.0;6.25;3.75;70.66666666666667;937.3666666666667;6.666666666666667;1.02888;5
83075;2013-03-31;0;27.8;18;6.1;2013;3;31;-23.43;-46.46;735;79.0;83.0;56.0;937.6;938.1;936.4;5;4;5;1.02888;1.02888;2.05776;10.0;8.75;8.75;72.66666666666667;937.3666666666667;9.166666666666666;1.37184;5
83075;2013-04-01;1.6;27;18.6;2.1;2013;4;1;-23.43;-46.46;735;86.0;80.0;70.0;937.0;937.2;936.4;3;5;5;1.0;1.0;3.0;10.0;10.0;9.0;78.66666666666667;936.8666666666667;9.666666666666666;1.6666666666666667;3
83075;2013-04-02;41.2;26.4;18.4;5.3;2013;4;2;-23.43;-46.46;735;85.0;87.0;67.0;930.4;930.4;930.1;8;8;5;0.0;0.0;5.0;9.0;10.0;9.0;79.66666666666667;930.3000000000001;9.333333333333334;1.6666666666666667;5
83075;2013-04-03;0;33.2;20.3;10;2013;4;3;-23.43;-46.46;735;83.0;67.0;39.0;933.7;933.7;932.5;8;8;7;0.0;0.0;1.02888;0.0;0.0;5.0;63.0;933.3000000000001;1.6666666666666667;0.34296;7
83075;2013-04-04;1.8;28.8;19.5;6.6;2013;4;4;-23.43;-46.46;735;92.0;71.0;58.0;934.0;933.8;931.7;8;7;7;0.0;1.02888;3.08664;10.0;10.0;10.0;73.66666666666667;933.1666666666666;10.0;1.37184;7
83075;2013-04-05;0;29.4;18;8.8;2013;4;5;-23.43;-46.46;735;69.0;64.0;45.0;933.8;934.2;932.9;8;8;7;0.0;0.0;1.0;1.0;0.0;4.0;59.333333333333336;933.6333333333333;1.6666666666666667;0.3333333333333333;7
83075;2013-04-06;0;21.2;10.1;7;2013;4;6;-23.43;-46.46;735;83.0;90.0;59.0;937.1;938.4;938.0;5;5;4;1.02888;1.02888;1.02888;1.25;2.5;3.75;77.33333333333333;937.8333333333334;2.5;1.02888;5
83075;2013-04-07;0;21.7;13.4;4.8;2013;4;7;-23.43;-46.46;735;88.0;92.0;55.0;939.9;941.9;940.6;7;3;1;1.0;1.0;1.0;0.0;10.0;0.0;78.33333333333333;940.8000000000001;3.3333333333333335;1.0;7
83075;2013-04-08;0;28.7;13.5;8.8;2013;4;8;-23.43;-46.46;735;58.0;46.0;36.0;934.7;935.2;934.1;8;7;7;0.0;3.08664;3.08664;0.0;5.0;2.5;46.666666666666664;934.6666666666666;2.5;2.05776;7
83075;2013-04-09;3.2;17.4;13.8;0;2013;4;9;-23.43;-46.46;735;86.0;84.0;81.0;934.6;937.8;938.6;8;4;5;0.0;2.0;3.0;10.0;10.0;10.0;83.66666666666667;937.0;10.0;1.6666666666666667;4
83075;2013-04-10;24.4;23.3;17.4;0.6;2013;4;10;-23.43;-46.46;735;89.0;85.0;66.0;934.5;932.7;931.5;3;7;7;1.0;2.0;3.0;8.0;10.0;9.0;80.0;932.9;9.0;2.0;3
83075;2013-04-11;0;25.9;17.6;0;2013;4;11;-23.43;-46.46;735;55.0;67.0;88.0;930.3;930.3;930.5;3;5;5;1.0;1.0;1.0;10.0;10.0;10.0;70.0;930.3666666666667;10.0;1.0;3
83075;2013-04-12;0;35.2;19.9;9.3;2013;4;12;-23.43;-46.46;735;80.0;73.0;35.0;929.6;930.8;929.2;5;4;7;1.0;1.0;1.0;10.0;5.0;4.0;62.666666666666664;929.8666666666668;6.333333333333333;1.0;5
83075;2013-04-13;27.5;25;20.8;0;2013;4;13;-23.43;-46.46;735;78.0;91.0;89.0;931.6;930.4;929.4;8;7;7;0.0;2.05776;1.02888;7.5;10.0;10.0;86.0;930.4666666666667;9.166666666666666;1.02888;7
83075;2013-04-14;21.5;20.2;16.2;0;2013;4;14;-23.43;-46.46;735;92.0;83.0;80.0;930.5;934.2;934.0;5;3;4;2.05776;3.08664;3.08664;10.0;10.0;10.0;85.0;932.9;10.0;2.74368;5
83075;2013-04-15;0;25.2;14.6;7.7;2013;4;15;-23.43;-46.46;735;88.0;79.0;47.0;934.6;935.0;934.1;5;8;5;3.08664;0.0;1.02888;10.0;10.0;2.5;71.33333333333333;934.5666666666666;7.5;1.37184;5
83075;2013-04-16;0;25.5;14;8.4;2013;4;16;-23.43;-46.46;735;73.0;73.0;44.0;933.6;933.2;931.8;8;7;7;0.0;3.08664;2.05776;0.0;1.25;1.25;63.333333333333336;932.8666666666668;0.8333333333333334;1.7148;7
83075;2013-04-17;0;22.9;14.6;6.7;2013;4;17;-23.43;-46.46;735;77.0;71.0;56.0;932.6;932.7;933.9;5;3;5;1.02888;2.05776;1.02888;3.75;1.25;5.0;68.0;933.0666666666667;3.3333333333333335;1.37184;5
83075;2013-04-18;0;24.6;13.4;7.8;2013;4;18;-23.43;-46.46;735;80.0;77.0;51.0;934.7;935.4;934.0;5;3;4;2.05776;2.05776;1.02888;8.75;7.5;3.75;69.33333333333333;934.6999999999999;6.666666666666667;1.7148;5
83075;2013-04-19;0;24.1;15;5.2;2013;4;19;-23.43;-46.46;735;80.0;79.0;62.0;935.1;935.4;935.4;5;3;4;1.02888;1.02888;3.08664;8.75;7.5;10.0;73.66666666666667;935.3000000000001;8.75;1.7148;5
83075;2013-04-20;0;24.2;14.5;8.2;2013;4;20;-23.43;-46.46;735;85.0;63.0;56.0;936.0;934.7;936.8;8;3;4;0.0;1.02888;3.08664;6.25;1.25;7.5;68.0;935.8333333333334;5.0;1.37184;3
83075;2013-04-21;0;23.6;13.7;7.3;2013;4;21;-23.43;-46.46;735;86.0;78.0;60.0;937.3;938.1;937.6;3;5;5;1.02888;2.05776;1.02888;2.5;2.5;7.5;74.66666666666667;937.6666666666666;4.166666666666667;1.37184;3
83075;2013-04-22;0;23.2;14.8;7.1;2013;4;22;-23.43;-46.46;735;85.0;75.0;57.0;938.7;939.8;939.3;8;8;5;0.0;0.0;3.08664;7.5;6.25;7.5;72.33333333333333;939.2666666666668;7.083333333333333;1.02888;5
83075;2013-04-23;0;24.2;14.2;7.2;2013;4;23;-23.43;-46.46;735;78.0;70.0;59.0;940.3;940.8;939.5;5;3;5;1.02888;1.02888;3.08664;10.0;8.75;10.0;69.0;940.1999999999999;9.583333333333334;1.7148;5
83075;2013-04-24;0;23.9;15.2;5.9;2013;4;24;-23.43;-46.46;735;83.0;77.0;90.0;939.5;939.9;938.1;5;5;8;1.02888;2.05776;0.0;8.75;8.75;8.75;83.33333333333333;939.1666666666666;8.75;1.02888;5
83075;2013-04-25;0;24.3;13.8;6.3;2013;4;25;-23.43;-46.46;735;76.0;84.0;50.0;938.7;939.0;937.9;8;4;5;0.0;2.05776;1.02888;10.0;7.5;7.5;70.0;938.5333333333333;8.333333333333334;1.02888;4
83075;2013-04-26;0;26.6;13.7;6.7;2013;4;26;-23.43;-46.46;735;75.0;88.0;43.0;938.2;938.2;935.9;5;8;3;1.02888;0.0;1.02888;10.0;10.0;3.75;68.66666666666667;937.4333333333334;7.916666666666667;0.68592;5
83075;2013-04-27;0;25.8;14.2;7.8;2013;4;27;-23.43;-46.46;735;65.0;75.0;53.0;936.4;936.6;935.2;5;8;5;1.02888;0.0;3.08664;10.0;1.25;10.0;64.33333333333333;936.0666666666666;7.083333333333333;1.37184;5
83075;2013-04-29;0;25.6;15.8;2.8;2013;4;29;-23.43;-46.46;735;80.0;82.0;58.0;935.6;935.5;934.5;5;3;7;1.02888;1.02888;1.02888;8.75;10.0;7.5;73.33333333333333;935.1999999999999;8.75;1.02888;5
83075;2013-04-30;0;29.1;15.8;8.4;2013;4;30;-23.43;-46.46;735;81.0;71.0;51.0;934.7;935.1;934.6;8;8;7;0.0;0.0;1.02888;0.0;0.0;3.75;67.66666666666667;934.8000000000001;1.25;0.34296;7
83075;2013-05-01;0;33.4;20.4;8.7;2013;5;1;-23.43;-46.46;735;85.0;70.0;44.0;936.1;936.4;933.8;5;8;8;1.0;0.0;0.0;9.0;4.0;5.0;66.33333333333333;935.4333333333334;6.0;0.3333333333333333;5
83075;2013-05-02;1.4;24.8;17;1;2013;5;2;-23.43;-46.46;735;82.0;82.0;68.0;931.3;933.6;932.9;5;8;5;1.0;0.0;1.0;10.0;10.0;9.0;77.33333333333333;932.6;9.666666666666666;0.6666666666666666;5
83075;2013-05-03;0;32.6;21.4;6.8;2013;5;3;-23.43;-46.46;735;67.0;63.0;48.0;932.6;932.2;930.6;8;1;7;0.0;1.02888;2.05776;1.25;7.5;10.0;59.333333333333336;931.8000000000001;6.25;1.02888;1
83075;2013-05-04;12.6;25;20.8;0.1;2013;5;4;-23.43;-46.46;735;75.0;88.0;78.0;931.3;930.6;930.0;8;7;7;0.0;3.08664;3.08664;10.0;10.0;10.0;80.33333333333333;930.6333333333333;10.0;2.05776;7
83075;2013-05-05;0;27.4;19.8;3.3;2013;5;5;-23.43;-46.46;735;71.0;78.0;55.0;932.6;933.8;932.1;8;5;7;0.0;1.0;1.0;1.0;9.0;10.0;68.0;932.8333333333334;6.666666666666667;0.6666666666666666;5
83075;2013-05-06;0;23.4;12.3;7.4;2013;5;6;-23.43;-46.46;735;88.0;87.0;57.0;938.0;938.3;936.8;8;7;3;0.0;1.02888;1.02888;0.0;8.75;0.0;77.33333333333333;937.6999999999999;2.9166666666666665;0.68592;7
83075;2013-05-07;0;25;13.2;7.4;2013;5;7;-23.43;-46.46;735;83.0;85.0;52.0;940.7;941.8;939.6;8;5;3;0.0;1.0;1.0;0.0;6.0;0.0;73.33333333333333;940.6999999999999;2.0;0.6666666666666666;5
83075;2013-05-08;0;23.5;15.4;4.7;2013;5;8;-23.43;-46.46;735;57.0;86.0;59.0;934.9;938.3;937.0;8;1;3;0.0;1.02888;1.02888;0.0;10.0;0.0;67.33333333333333;936.7333333333332;3.3333333333333335;0.68592;1
83075;2013-05-09;0;20.6;13.4;1.6;2013;5;9;-23.43;-46.46;735;84.0;86.0;68.0;940.8;941.5;939.7;5;3;5;2.0;1.0;3.0;10.0;10.0;9.0;79.33333333333333;940.6666666666666;9.666666666666666;2.0;5
83075;2013-05-10;0;20.6;14.4;0.2;2013;5;10;-23.43;-46.46;735;83.0;87.0;69.0;931.4;933.9;933.5;7;3;3;1.0;1.0;2.0;10.0;10.0;10.0;79.66666666666667;932.9333333333334;10.0;1.3333333333333333;7
83075;2013-05-11;23.5;18.4;14.2;0;2013;5;11;-23.43;-46.46;735;88.0;79.0;81.0;930.9;932.9;933.6;5;5;3;1.0;2.0;3.0;10.0;10.0;10.0;82.66666666666667;932.4666666666667;10.0;2.0;5
83075;2013-05-12;0;34.6;18.7;6.3;2013;5;12;-23.43;-46.46;735;74.0;51.0;45.0;928.9;928.9;927.2;8;7;7;0.0;3.0;3.0;10.0;8.0;10.0;56.666666666666664;928.3333333333334;9.333333333333334;2.0;7
83075;2013-05-13;0;26.2;13.8;8.4;2013;5;13;-23.43;-46.46;735;78.0;75.0;43.0;936.0;936.7;935.9;8;3;7;0.0;1.0;1.0;0.0;2.0;2.0;65.33333333333333;936.1999999999999;1.3333333333333333;0.6666666666666666;3
83075;2013-05-14;0;28.1;15;6.1;2013;5;14;-23.43;-46.46;735;71.0;70.0;46.0;936.2;936.5;935.5;8;3;7;0.0;1.0;2.0;0.0;6.0;9.0;62.333333333333336;936.0666666666666;5.0;1.0;3
83075;2013-05-15;0;29.4;17.2;8.3;2013;5;15;-23.43;-46.46;735;74.0;74.0;47.0;935.3;935.6;934.3;8;8;7;0.0;0.0;2.0;8.0;0.0;9.0;65.0;935.0666666666666;5.666666666666667;0.6666666666666666;7
83075;2013-05-16;0;27.8;18.4;2.6;2013;5;16;-23.43;-46.46;735;71.0;66.0;54.0;934.5;935.3;935.0;8;8;7;0.0;0.0;2.0;4.0;10.0;10.0;63.666666666666664;934.9333333333334;8.0;0.6666666666666666;7
83075;2013-05-17;0;21;15.1;0;2013;5;17;-23.43;-46.46;735;83.0;82.0;78.0;935.8;939.5;939.2;5;5;5;3.0;3.0;4.0;10.0;10.0;10.0;81.0;938.1666666666666;10.0;3.3333333333333335;5
83075;2013-05-18;0;21;15.5;0.3;2013;5;18;-23.43;-46.46;735;85.0;86.0;72.0;939.8;940.3;939.1;5;3;8;1.0;1.0;0.0;10.0;10.0;10.0;81.0;939.7333333333332;10.0;0.6666666666666666;5
83075;2013-05-19;0;21.4;16.6;1.4;2013;5;19;-23.43;-46.46;735;87.0;87.0;73.0;939.8;939.9;938.0;3;8;5;1.0;0.0;1.0;9.0;10.0;10.0;82.33333333333333;939.2333333333332;9.666666666666666;0.6666666666666666;3
83075;2013-05-20;0;27.6;16.2;7;2013;5;20;-23.43;-46.46;735;84.0;84.0;55.0;937.9;937.2;933.6;7;5;7;1.0;1.0;2.0;10.0;5.0;9.0;74.33333333333333;936.2333333333332;8.0;1.3333333333333333;7
83075;2013-05-21;2.6;24.8;18.4;2.7;2013;5;21;-23.43;-46.46;735;80.0;79.0;60.0;933.3;933.7;933.3;8;4;5;0.0;2.0;1.0;10.0;10.0;10.0;73.0;933.4333333333334;10.0;1.0;4
83075;2013-05-22;0;22.8;16.8;1.8;2013;5;22;-23.43;-46.46;735;82.0;78.0;64.0;933.2;934.4;933.2;5;5;3;1.0;1.0;2.0;9.0;10.0;10.0;74.66666666666667;933.6;9.666666666666666;1.3333333333333333;5
83075;2013-05-23;13.6;20;15.6;0.4;2013;5;23;-23.43;-46.46;735;93.0;87.0;79.0;933.2;934.2;933.7;5;4;5;1.0;1.0;2.0;10.0;10.0;10.0;86.33333333333333;933.7000000000002;10.0;1.3333333333333333;5
83075;2013-05-24;0;19;14.8;0.1;2013;5;24;-23.43;-46.46;735;88.0;91.0;79.0;934.8;935.6;935.1;5;3;5;2.0;1.0;2.0;10.0;10.0;10.0;86.0;935.1666666666666;10.0;1.6666666666666667;5
83075;2013-05-25;0;22.1;12.9;7.9;2013;5;25;-23.43;-46.46;735;84.0;83.0;50.0;936.2;937.2;936.0;5;5;5;3.0;1.0;1.0;10.0;4.0;6.0;72.33333333333333;936.4666666666667;6.666666666666667;1.6666666666666667;5
83075;2013-05-26;0;22;13.8;8.2;2013;5;26;-23.43;-46.46;735;82.0;77.0;53.0;937.1;937.7;936.6;5;3;5;1.0;2.0;3.0;9.0;8.0;0.0;70.66666666666667;937.1333333333333;5.666666666666667;2.0;5
83075;2013-05-27;0;18.5;13.4;0;2013;5;27;-23.43;-46.46;735;87.0;87.0;80.0;936.2;935.4;934.6;8;3;7;0.0;3.0;2.0;1.0;10.0;10.0;84.66666666666667;935.4;7.0;1.6666666666666667;3
83075;2013-05-28;1.5;17.6;12.3;0;2013;5;28;-23.43;-46.46;735;86.0;91.0;88.0;934.2;932.4;931.1;8;8;7;0.0;0.0;1.0;0.0;10.0;10.0;88.33333333333333;932.5666666666666;6.666666666666667;0.3333333333333333;7
83075;2013-05-29;9.6;20.4;14.4;0;2013;5;29;-23.43;-46.46;735;92.0;78.0;74.0;930.9;931.0;930.5;1;5;7;1.0;1.0;2.0;10.0;10.0;10.0;81.33333333333333;930.8000000000001;10.0;1.3333333333333333;1
83075;2013-05-30;11.2;20.8;15.5;0;2013;5;30;-23.43;-46.46;735;82.0;84.0;77.0;930.6;931.4;932.4;7;7;7;1.0;2.0;1.0;10.0;10.0;10.0;81.0;931.4666666666667;10.0;1.3333333333333333;7
83075;2013-05-31;0;21.9;14.5;3.5;2013;5;31;-23.43;-46.46;735;89.0;93.0;63.0;934.1;937.0;936.3;5;5;8;1.0;1.0;0.0;10.0;10.0;4.0;81.66666666666667;935.7999999999998;8.0;0.6666666666666666;5
83075;2013-06-01;0;33.2;21.1;3.2;2013;6;1;-23.43;-46.46;735;83.0;65.0;53.0;933.8;933.6;931.0;5;7;7;1.0;1.0;2.0;10.0;9.0;10.0;67.0;932.8000000000001;9.666666666666666;1.3333333333333333;5
83075;2013-06-02;0;26.8;18.2;2.1;2013;6;2;-23.43;-46.46;735;81.0;77.0;75.0;934.0;934.2;933.4;5;5;4;1.0;1.0;5.0;10.0;10.0;10.0;77.66666666666667;933.8666666666667;10.0;2.3333333333333335;5
83075;2013-06-03;1.7;32.6;20.4;8.9;2013;6;3;-23.43;-46.46;735;85.0;67.0;50.0;932.5;932.1;930.8;3;7;7;2.05776;2.05776;2.05776;10.0;1.25;5.0;67.33333333333333;931.7999999999998;5.416666666666667;2.05776;3
83075;2013-06-04;1.5;28.4;19.3;6.5;2013;6;4;-23.43;-46.46;735;85.0;77.0;55.0;929.6;931.5;931.0;7;7;7;2.05776;1.02888;2.05776;8.75;8.75;8.75;72.33333333333333;930.6999999999999;8.75;1.7148;7
83075;2013-06-05;7.1;21.4;12.6;6.6;2013;6;5;-23.43;-46.46;735;92.0;75.0;56.0;932.3;934.4;934.3;8;4;5;0.0;1.0;2.0;8.0;8.0;5.0;74.33333333333333;933.6666666666666;7.0;1.0;4
83075;2013-06-06;0;25.6;12.6;8.2;2013;6;6;-23.43;-46.46;735;84.0;86.0;51.0;936.8;937.4;936.3;8;8;7;0.0;0.0;2.05776;0.0;1.25;2.5;73.66666666666667;936.8333333333334;1.25;0.68592;7
83075;2013-06-07;0;26.1;12.4;7;2013;6;7;-23.43;-46.46;735;81.0;95.0;44.0;939.1;939.1;936.9;8;8;7;0.0;0.0;1.0;0.0;10.0;0.0;73.33333333333333;938.3666666666667;3.3333333333333335;0.3333333333333333;7
83075;2013-06-08;0;25;13.4;5.8;2013;6;8;-23.43;-46.46;735;89.0;93.0;70.0;937.3;938.4;938.3;4;1;5;1.02888;1.02888;4.11552;0.0;10.0;10.0;84.0;938.0;6.666666666666667;2.05776;4
83075;2013-06-09;0;24.3;14.2;7.9;2013;6;9;-23.43;-46.46;735;85.0;77.0;49.0;940.4;941.3;938.8;5;3;5;1.0;3.0;2.0;10.0;9.0;5.0;70.33333333333333;940.1666666666666;8.0;2.0;5
83075;2013-06-10;0;21;11.2;9.3;2013;6;10;-23.43;-46.46;735;84.0;69.0;47.0;935.0;938.7;936.6;5;8;5;3.0;0.0;3.0;10.0;6.0;4.0;66.66666666666667;936.7666666666668;6.666666666666667;2.0;5
83075;2013-06-11;0.4;17;14.4;0;2013;6;11;-23.43;-46.46;735;88.0;87.0;89.0;935.9;937.4;937.6;5;5;5;1.0;1.0;2.0;10.0;10.0;10.0;88.0;936.9666666666667;10.0;1.3333333333333333;5
83075;2013-06-12;18.3;26.4;18.4;5;2013;6;12;-23.43;-46.46;735;89.0;68.0;61.0;930.4;931.2;930.4;8;3;5;0.0;3.0;3.0;10.0;10.0;10.0;72.66666666666667;930.6666666666666;10.0;2.0;3
83075;2013-06-13;4.8;24.6;15.8;4.2;2013;6;13;-23.43;-46.46;735;90.0;91.0;72.0;937.7;937.8;937.1;8;7;3;0.0;1.02888;3.08664;10.0;10.0;3.75;84.33333333333333;937.5333333333333;7.916666666666667;1.37184;7
83075;2013-06-14;0;24.2;15.2;6.7;2013;6;14;-23.43;-46.46;735;86.0;87.0;47.0;936.1;936.7;934.9;8;7;5;0.0;2.05776;1.02888;10.0;10.0;1.25;73.33333333333333;935.9000000000001;7.083333333333333;1.02888;7
83075;2013-06-15;0;19.2;14.1;0.5;2013;6;15;-23.43;-46.46;735;85.0;80.0;73.0;934.8;936.1;935.8;8;5;5;0.0;1.02888;3.08664;0.0;8.75;10.0;79.33333333333333;935.5666666666666;6.25;1.37184;5
83075;2013-06-16;0.6;22.2;14.8;0.8;2013;6;16;-23.43;-46.46;735;87.0;89.0;73.0;935.9;935.9;934.0;8;3;8;0.0;2.05776;0.0;10.0;10.0;10.0;83.0;935.2666666666668;10.0;0.68592;3
83075;2013-06-17;13.6;20.6;15.8;1.1;2013;6;17;-23.43;-46.46;735;86.0;88.0;72.0;933.5;933.7;933.5;3;7;5;1.02888;3.08664;1.02888;10.0;8.75;10.0;82.0;933.5666666666666;9.583333333333334;1.7148;3
83075;2013-06-18;0;22;13.5;5.4;2013;6;18;-23.43;-46.46;735;87.0;92.0;57.0;934.4;937.4;934.5;8;5;5;0.0;1.02888;2.05776;7.5;10.0;0.0;78.66666666666667;935.4333333333334;5.833333333333333;1.02888;5
83075;2013-06-19;0;26.4;13.2;6.4;2013;6;19;-23.43;-46.46;735;87.0;88.0;48.0;935.9;936.1;934.1;8;3;7;0.0;2.05776;1.02888;0.0;8.75;8.75;74.33333333333333;935.3666666666667;5.833333333333333;1.02888;3
83075;2013-06-20;0;22.4;14.4;0.3;2013;6;20;-23.43;-46.46;735;83.0;89.0;70.0;934.5;935.5;934.3;8;8;5;0.0;0.0;1.02888;10.0;10.0;10.0;80.66666666666667;934.7666666666668;10.0;0.34296;5
83075;2013-06-21;0;25.1;15.9;0;2013;6;21;-23.43;-46.46;735;88.0;88.0;58.0;934.6;933.4;929.9;5;8;7;1.02888;0.0;2.05776;10.0;10.0;10.0;78.0;932.6333333333333;10.0;1.02888;5
83075;2013-06-22;0;23.6;17.6;6.4;2013;6;22;-23.43;-46.46;735;62.0;76.0;36.0;929.6;931.4;931.9;1;7;5;1.02888;1.02888;1.02888;10.0;10.0;8.75;58.0;930.9666666666667;9.583333333333334;1.02888;1
83075;2013-06-23;0;18.6;13.6;0.1;2013;6;23;-23.43;-46.46;735;70.0;83.0;68.0;935.1;937.8;937.4;8;5;5;0.0;1.02888;1.02888;3.75;10.0;10.0;73.66666666666667;936.7666666666668;7.916666666666667;0.68592;5
83075;2013-06-24;0;18.4;14.4;0;2013;6;24;-23.43;-46.46;735;86.0;86.0;95.0;938.7;938.6;938.4;5;3;3;1.02888;2.05776;3.08664;10.0;10.0;10.0;89.0;938.5666666666667;10.0;2.05776;5
83075;2013-06-25;28.1;17.6;15.5;0;2013;6;25;-23.43;-46.46;735;96.0;95.0;96.0;938.2;937.5;936.7;3;4;8;1.02888;1.02888;0.0;10.0;10.0;10.0;95.66666666666667;937.4666666666667;10.0;0.68592;3
83075;2013-06-26;38.1;19.7;16.2;0;2013;6;26;-23.43;-46.46;735;94.0;97.0;89.0;936.3;936.3;935.7;5;5;8;1.02888;1.02888;0.0;10.0;10.0;10.0;93.33333333333333;936.1;10.0;0.68592;5
83075;2013-06-27;4.5;22.2;16.1;0.7;2013;6;27;-23.43;-46.46;735;89.0;88.0;71.0;935.7;936.2;935.9;1;8;8;3.08664;0.0;0.0;10.0;10.0;10.0;82.66666666666667;935.9333333333334;10.0;1.02888;1
83075;2013-06-28;0;24.6;16.6;4.4;2013;6;28;-23.43;-46.46;735;89.0;94.0;61.0;936.2;936.2;933.9;8;5;3;0.0;1.02888;1.02888;10.0;10.0;2.5;81.33333333333333;935.4333333333334;7.5;0.68592;5
83075;2013-06-29;0;28;15.6;7.7;2013;6;29;-23.43;-46.46;735;88.0;86.0;51.0;933.9;934.1;931.0;8;8;7;0.0;0.0;3.08664;0.0;2.5;3.75;75.0;933.0;2.0833333333333335;1.02888;7
83075;2013-06-30;21.6;21.5;17.7;0;2013;6;30;-23.43;-46.46;735;85.0;92.0;92.0;932.0;934.2;934.0;5;5;5;1.02888;1.02888;1.02888;10.0;10.0;10.0;89.66666666666667;933.4;10.0;1.02888;5
83075;2013-07-01;0.6;33.3;20.1;10.1;2013;7;1;-23.43;-46.46;735;85.0;60.0;42.0;931.8;931.3;930.8;3;7;5;3.0;2.0;1.0;9.0;2.0;10.0;62.333333333333336;931.2999999999998;7.0;2.0;3
83075;2013-07-02;1;21.8;17.9;0;2013;7;2;-23.43;-46.46;735;91.0;85.0;87.0;934.5;934.7;934.1;5;8;7;1.0;0.0;1.0;10.0;10.0;9.0;87.66666666666667;934.4333333333334;9.666666666666666;0.6666666666666666;5
83075;2013-07-03;8.5;29.8;20.2;5.4;2013;7;3;-23.43;-46.46;735;83.0;76.0;82.0;932.7;934.7;934.7;4;8;4;1.02888;0.0;1.02888;10.0;1.25;8.75;80.33333333333333;934.0333333333334;6.666666666666667;0.68592;4
83075;2013-07-04;0;26.1;18.9;2.2;2013;7;4;-23.43;-46.46;735;86.0;83.0;78.0;932.6;933.3;933.4;8;5;8;0.0;1.02888;0.0;10.0;10.0;10.0;82.33333333333333;933.1;10.0;0.34296;5
83075;2013-07-05;0;23.3;10.6;7.6;2013;7;5;-23.43;-46.46;735;79.0;87.0;38.0;935.0;935.7;934.4;8;8;7;0.0;0.0;2.0;0.0;1.0;0.0;68.0;935.0333333333333;0.3333333333333333;0.6666666666666666;7
83075;2013-07-06;0;25.8;13.8;8.2;2013;7;6;-23.43;-46.46;735;72.0;86.0;46.0;936.7;938.0;937.3;8;8;5;0.0;0.0;1.02888;1.25;0.0;1.25;68.0;937.3333333333334;0.8333333333333334;0.34296;5
83075;2013-07-07;0;26.2;12.3;8.4;2013;7;7;-23.43;-46.46;735;78.0;86.0;45.0;936.9;937.4;936.0;8;8;7;0.0;0.0;1.0;0.0;0.0;1.0;69.66666666666667;936.7666666666668;0.3333333333333333;0.3333333333333333;7
83075;2013-07-08;0;24.8;12.9;8.9;2013;7;8;-23.43;-46.46;735;79.0;79.0;52.0;938.4;938.0;934.4;8;5;3;0.0;1.02888;2.05776;10.0;5.0;2.5;70.0;936.9333333333334;5.833333333333333;1.02888;5
83075;2013-07-09;0;25.6;14.7;7.6;2013;7;9;-23.43;-46.46;735;79.0;77.0;44.0;938.7;939.2;936.6;3;4;8;1.0;1.0;0.0;10.0;2.0;5.0;66.66666666666667;938.1666666666666;5.666666666666667;0.6666666666666666;3
83075;2013-07-10;0;18;12.9;1;2013;7;10;-23.43;-46.46;735;73.0;71.0;77.0;938.1;940.1;940.5;5;5;5;3.0;1.0;5.0;9.0;10.0;10.0;73.66666666666667;939.5666666666666;9.666666666666666;3.0;5
83075;2013-07-11;15.6;22.3;14.6;0.4;2013;7;11;-23.43;-46.46;735;93.0;94.0;79.0;938.1;938.0;936.7;5;5;5;1.0;1.0;2.0;10.0;10.0;10.0;88.66666666666667;937.6;10.0;1.3333333333333333;5
83075;2013-07-12;0;29.9;19.2;6;2013;7;12;-23.43;-46.46;735;80.0;73.0;67.0;930.8;931.8;931.0;5;3;5;1.0;1.0;3.0;9.0;10.0;10.0;73.33333333333333;931.1999999999999;9.666666666666666;1.6666666666666667;5
83075;2013-07-13;0;25;13.2;7.8;2013;7;13;-23.43;-46.46;735;75.0;80.0;52.0;938.3;938.6;937.1;8;4;7;0.0;1.0;1.0;4.0;1.0;8.0;69.0;938.0;4.333333333333333;0.6666666666666666;4
83075;2013-07-14;0;26.2;13.7;7.8;2013;7;14;-23.43;-46.46;735;82.0;81.0;56.0;937.0;937.3;935.8;8;8;7;0.0;0.0;1.0;0.0;0.0;8.0;73.0;936.6999999999999;2.6666666666666665;0.3333333333333333;7
83075;2013-07-15;0;24.8;14.5;6.1;2013;7;15;-23.43;-46.46;735;76.0;71.0;77.0;935.5;935.6;934.9;8;8;5;0.0;0.0;3.0;5.0;2.0;8.0;74.66666666666667;935.3333333333334;5.0;1.0;5
83075;2013-07-16;0;22.6;13.5;5.1;2013;7;16;-23.43;-46.46;735;85.0;83.0;53.0;935.9;937.0;936.1;5;4;7;2.0;1.0;2.0;10.0;9.0;1.0;73.66666666666667;936.3333333333334;6.666666666666667;1.6666666666666667;5
83075;2013-07-17;0;24.8;11.3;7.2;2013;7;17;-23.43;-46.46;735;90.0;91.0;40.0;936.4;937.1;935.2;8;3;7;0.0;1.0;3.0;0.0;10.0;0.0;73.66666666666667;936.2333333333332;3.3333333333333335;1.3333333333333333;3
83075;2013-07-18;0;27.2;11.9;8.8;2013;7;18;-23.43;-46.46;735;72.0;73.0;37.0;935.3;935.2;932.1;8;8;5;0.0;0.0;1.0;0.0;0.0;1.0;60.666666666666664;934.1999999999999;0.3333333333333333;0.3333333333333333;5
83075;2013-07-19;0;22.8;15.2;3.9;2013;7;19;-23.43;-46.46;735;69.0;75.0;85.0;932.8;933.6;933.4;8;8;3;0.0;0.0;4.0;0.0;1.0;10.0;76.33333333333333;933.2666666666668;3.6666666666666665;1.3333333333333333;3
83075;2013-07-20;3.7;27.8;14.2;6.9;2013;7;20;-23.43;-46.46;735;89.0;88.0;55.0;934.0;933.0;928.7;3;8;7;1.0;0.0;1.0;10.0;9.0;8.0;77.33333333333333;931.9;9.0;0.6666666666666666;3
83075;2013-07-21;20.1;27;16.4;5.9;2013;7;21;-23.43;-46.46;735;71.0;74.0;61.0;928.5;930.6;930.0;5;5;7;2.0;1.0;1.0;5.0;5.0;10.0;68.66666666666667;929.6999999999999;6.666666666666667;1.3333333333333333;5
83075;2013-07-22;5.1;23.3;14.2;0.5;2013;7;22;-23.43;-46.46;735;91.0;87.0;82.0;930.2;932.5;932.2;8;5;5;0.0;1.0;2.0;10.0;9.0;10.0;86.66666666666667;931.6333333333333;9.666666666666666;1.0;5
83075;2013-07-23;10.3;15.8;7.2;0;2013;7;23;-23.43;-46.46;735;92.0;91.0;89.0;934.2;936.3;936.1;5;8;5;1.0;0.0;1.0;10.0;10.0;10.0;90.66666666666667;935.5333333333333;10.0;0.6666666666666666;5
83075;2013-07-24;2.8;9.8;5.5;0;2013;7;24;-23.43;-46.46;735;90.0;77.0;81.0;938.4;940.0;939.9;3;5;5;3.0;3.0;2.0;10.0;10.0;10.0;82.66666666666667;939.4333333333334;10.0;2.6666666666666665;3
83075;2013-07-25;18.4;12.2;7.2;0.2;2013;7;25;-23.43;-46.46;735;89.0;93.0;81.0;939.9;940.3;940.2;4;5;5;3.0;1.0;2.0;10.0;10.0;10.0;87.66666666666667;940.1333333333332;10.0;2.0;4
83075;2013-07-26;1.2;14.2;8.4;0;2013;7;26;-23.43;-46.46;735;91.0;94.0;82.0;942.0;942.9;943.1;5;5;5;2.0;1.0;3.0;10.0;10.0;10.0;89.0;942.6666666666666;10.0;2.0;5
83075;2013-07-27;0.6;18.6;10.6;5.4;2013;7;27;-23.43;-46.46;735;90.0;83.0;56.0;943.2;942.2;939.4;4;3;5;2.0;1.0;1.0;10.0;10.0;2.0;76.33333333333333;941.6;7.333333333333333;1.3333333333333333;4
83075;2013-07-28;0;21.6;8.4;7.2;2013;7;28;-23.43;-46.46;735;83.0;90.0;49.0;939.8;940.3;938.0;3;5;8;1.0;1.0;0.0;10.0;10.0;0.0;74.0;939.3666666666667;6.666666666666667;0.6666666666666666;3
83075;2013-07-29;0;21.9;8.7;8.8;2013;7;29;-23.43;-46.46;735;86.0;72.0;36.0;938.6;940.6;939.7;8;8;3;0.0;0.0;1.0;0.0;0.0;1.0;64.66666666666667;939.6333333333333;0.3333333333333333;0.3333333333333333;3
83075;2013-07-30;0;23.9;8.2;7.3;2013;7;30;-23.43;-46.46;735;81.0;93.0;35.0;940.2;940.9;939.3;5;8;5;1.0;0.0;1.0;0.0;10.0;1.0;69.66666666666667;940.1333333333332;3.6666666666666665;0.6666666666666666;5
83075;2013-07-31;0;26;9.8;6.8;2013;7;31;-23.43;-46.46;735;74.0;94.0;37.0;939.8;940.2;937.7;8;8;7;0.0;0.0;1.0;0.0;10.0;0.0;68.33333333333333;939.2333333333332;3.3333333333333335;0.3333333333333333;7
83075;2013-08-01;0;33.7;21.6;7.9;2013;8;1;-23.43;-46.46;735;96.0;60.0;45.0;930.6;930.6;930.0;8;7;7;0.0;1.0;2.0;2.0;4.0;9.0;67.0;930.4;5.0;1.0;7
83075;2013-08-03;2.2;32;21.5;4.5;2013;8;3;-23.43;-46.46;735;81.0;83.0;66.0;935.4;936.0;933.3;5;3;5;1.02888;1.02888;2.05776;10.0;10.0;10.0;76.66666666666667;934.9;10.0;1.37184;5
83075;2013-08-04;11.4;25.7;19.8;1.7;2013;8;4;-23.43;-46.46;735;86.0;82.0;65.0;933.2;934.1;934.0;5;5;5;1.02888;1.02888;3.08664;10.0;10.0;10.0;77.66666666666667;933.7666666666668;10.0;1.7148;5
83075;2013-08-05;0;19.8;12.7;6.7;2013;8;5;-23.43;-46.46;735;60.0;66.0;49.0;935.0;938.0;938.0;7;4;3;1.0;4.0;1.0;0.0;8.0;1.0;58.333333333333336;937.0;3.0;2.0;7
83075;2013-08-06;0;23.4;16;7.4;2013;8;6;-23.43;-46.46;735;84.0;88.0;53.0;938.3;940.9;939.1;8;3;8;0.0;1.02888;0.0;10.0;7.5;5.0;75.0;939.4333333333333;7.5;0.34296;3
83075;2013-08-07;0;20;14.6;1.3;2013;8;7;-23.43;-46.46;735;76.0;92.0;78.0;936.6;939.5;939.5;8;8;5;0.0;0.0;3.0;0.0;10.0;10.0;82.0;938.5333333333333;6.666666666666667;1.0;5
83075;2013-08-08;0;28.2;14.5;8.6;2013;8;8;-23.43;-46.46;735;73.0;60.0;38.0;934.7;934.5;932.9;8;8;7;0.0;0.0;1.02888;0.0;1.25;8.75;57.0;934.0333333333333;3.3333333333333335;0.34296;7
83075;2013-08-09;0;27.5;13;8.1;2013;8;9;-23.43;-46.46;735;81.0;84.0;34.0;937.8;939.3;937.7;5;4;4;1.0;1.0;1.0;0.0;9.0;0.0;66.33333333333333;938.2666666666668;3.0;1.0;5
83075;2013-08-10;0;20.2;12.4;1.1;2013;8;10;-23.43;-46.46;735;79.0;75.0;68.0;941.2;941.6;940.5;5;3;5;2.0;2.0;2.0;9.0;10.0;10.0;74.0;941.1;9.666666666666666;2.0;5
83075;2013-08-11;0;26.4;15.7;7.1;2013;8;11;-23.43;-46.46;735;86.0;77.0;52.0;937.0;935.8;933.4;3;5;5;1.0;1.0;2.0;10.0;10.0;2.0;71.66666666666667;935.4;7.333333333333333;1.3333333333333333;3
83075;2013-08-12;0;30.6;19.9;7.3;2013;8;12;-23.43;-46.46;735;82.0;70.0;62.0;931.7;931.9;931.6;8;3;4;0.0;1.0;5.0;10.0;4.0;6.0;71.33333333333333;931.7333333333332;6.666666666666667;2.0;3
83075;2013-08-13;0;26.4;10;4.3;2013;8;13;-23.43;-46.46;735;63.0;79.0;52.0;933.1;934.7;933.6;8;4;3;0.0;2.05776;1.02888;0.0;7.5;3.75;64.66666666666667;933.8000000000001;3.75;1.02888;4
83075;2013-08-14;3.4;21.8;13.6;0;2013;8;14;-23.43;-46.46;735;75.0;93.0;85.0;933.2;935.4;935.7;8;5;5;0.0;2.05776;3.08664;8.75;10.0;10.0;84.33333333333333;934.7666666666668;9.583333333333334;1.7148;5
83075;2013-08-15;0.7;14.2;8.2;1.7;2013;8;15;-23.43;-46.46;735;86.0;84.0;70.0;938.9;940.2;939.7;5;4;5;3.08664;4.11552;6.17328;10.0;10.0;10.0;80.0;939.6;10.0;4.458480000000001;5
83075;2013-08-16;1.9;21;8.7;7.7;2013;8;16;-23.43;-46.46;735;94.0;85.0;45.0;940.0;940.2;938.2;5;3;3;1.02888;2.05776;1.02888;10.0;3.75;0.0;74.66666666666667;939.4666666666667;4.583333333333333;1.37184;5
83075;2013-08-17;0;17.6;10.4;0;2013;8;17;-23.43;-46.46;735;77.0;86.0;77.0;938.6;939.1;938.7;4;8;5;3.08664;0.0;1.02888;10.0;10.0;10.0;80.0;938.8000000000001;10.0;1.37184;4
83075;2013-08-18;0;17.5;12.8;0.6;2013;8;18;-23.43;-46.46;735;87.0;84.0;77.0;940.5;940.7;940.6;5;5;5;1.02888;1.02888;3.08664;10.0;10.0;10.0;82.66666666666667;940.6;10.0;1.7148;5
83075;2013-08-19;0;24.4;12.6;7.9;2013;8;19;-23.43;-46.46;735;77.0;79.0;53.0;940.7;941.6;939.5;5;3;5;1.02888;3.08664;1.02888;8.75;10.0;5.0;69.66666666666667;940.6;7.916666666666667;1.7148;5
83075;2013-08-20;0;24.4;13;7.9;2013;8;20;-23.43;-46.46;735;82.0;77.0;41.0;938.8;941.0;938.5;5;4;5;1.02888;2.05776;1.02888;1.25;3.75;1.25;66.66666666666667;939.4333333333334;2.0833333333333335;1.37184;5
83075;2013-08-21;0;26.8;12.2;7.7;2013;8;21;-23.43;-46.46;735;85.0;85.0;36.0;939.5;939.5;936.3;8;8;7;0.0;0.0;2.05776;1.25;1.25;6.25;68.66666666666667;938.4333333333334;2.9166666666666665;0.68592;7
83075;2013-08-22;0;27.2;14.2;5.6;2013;8;22;-23.43;-46.46;735;62.0;69.0;40.0;936.4;936.2;933.8;8;8;7;0.0;0.0;2.05776;8.75;0.0;8.75;57.0;935.4666666666666;5.833333333333333;0.68592;7
83075;2013-08-23;0;30;15.2;8.3;2013;8;23;-23.43;-46.46;735;61.0;63.0;33.0;933.9;934.6;933.9;8;4;8;0.0;1.02888;0.0;3.75;0.0;5.0;52.333333333333336;934.1333333333333;2.9166666666666665;0.34296;4
83075;2013-08-24;0;28.8;16.2;7.3;2013;8;24;-23.43;-46.46;735;87.0;82.0;18.0;935.7;936.6;935.7;5;1;8;1.02888;1.02888;0.0;10.0;8.75;6.25;62.333333333333336;936.0;8.333333333333334;0.68592;5
83075;2013-08-26;0;27.8;14.8;6.1;2013;8;26;-23.43;-46.46;735;62.0;76.0;39.0;933.6;933.4;931.8;8;8;7;0.0;0.0;3.08664;0.0;3.75;5.0;59.0;932.9333333333334;2.9166666666666665;1.02888;7
83075;2013-08-27;2.2;19.4;13.2;0.2;2013;8;27;-23.43;-46.46;735;73.0;85.0;63.0;932.5;935.0;935.2;5;7;7;1.02888;3.08664;3.08664;7.5;10.0;8.75;73.66666666666667;934.2333333333332;8.75;2.40072;5
83075;2013-08-28;0;16.8;10.2;6.2;2013;8;28;-23.43;-46.46;735;78.0;76.0;53.0;937.1;941.4;940.9;7;4;3;1.02888;3.08664;2.05776;7.5;10.0;6.25;69.0;939.8000000000001;7.916666666666667;2.05776;7
83075;2013-08-29;0;23.7;10.4;7.9;2013;8;29;-23.43;-46.46;735;80.0;69.0;36.0;941.3;941.9;938.9;5;3;5;1.02888;3.08664;1.02888;10.0;1.25;2.5;61.666666666666664;940.6999999999999;4.583333333333333;1.7148;5
83075;2013-08-30;0;26.3;11.4;7.3;2013;8;30;-23.43;-46.46;735;85.0;81.0;33.0;939.6;941.4;938.1;3;5;8;1.02888;1.02888;0.0;10.0;8.75;1.25;66.33333333333333;939.6999999999999;6.666666666666667;0.68592;3
83075;2013-08-31;0;27.8;12.3;7.1;2013;8;31;-23.43;-46.46;735;56.0;61.0;36.0;937.9;938.0;935.8;8;3;1;0.0;1.02888;1.02888;0.0;5.0;10.0;51.0;937.2333333333332;5.0;0.68592;3
83075;2013-09-01;16.4;28.4;21.2;1;2013;9;1;-23.43;-46.46;735;92.0;77.0;76.0;931.4;931.2;931.6;1;7;5;1.0;1.0;3.0;10.0;10.0;10.0;81.66666666666667;931.4;10.0;1.6666666666666667;1
83075;2013-09-02;7.9;27.5;17.6;0.5;2013;9;2;-23.43;-46.46;735;91.0;83.0;69.0;934.7;934.7;934.4;3;8;7;1.0;0.0;1.0;10.0;10.0;10.0;81.0;934.6;10.0;0.6666666666666666;3
83075;2013-09-03;0.2;33.2;20.9;9;2013;9;3;-23.43;-46.46;735;87.0;74.0;48.0;934.0;934.0;931.0;8;3;7;0.0;1.02888;1.02888;10.0;7.5;8.75;69.66666666666667;933.0;8.75;0.68592;3
83075;2013-09-04;0.2;25.6;18.4;3.3;2013;9;4;-23.43;-46.46;735;80.0;77.0;63.0;934.3;934.7;934.4;5;3;4;1.02888;1.02888;3.08664;10.0;10.0;8.75;73.33333333333333;934.4666666666667;9.583333333333334;1.7148;5
83075;2013-09-05;0;23.7;10.3;6.2;2013;9;5;-23.43;-46.46;735;76.0;90.0;32.0;938.1;939.1;938.0;8;7;5;0.0;1.0;1.0;0.0;10.0;0.0;66.0;938.4;3.3333333333333335;0.6666666666666666;7
83075;2013-09-06;0;24;15.8;7;2013;9;6;-23.43;-46.46;735;83.0;85.0;51.0;940.0;940.4;938.6;5;1;8;2.05776;1.02888;0.0;10.0;10.0;3.75;73.0;939.6666666666666;7.916666666666667;1.02888;5
83075;2013-09-07;0.5;18.8;14.3;0.7;2013;9;7;-23.43;-46.46;735;97.0;93.0;77.0;940.8;941.7;941.5;5;5;3;2.0;1.0;2.0;10.0;9.0;9.0;89.0;941.3333333333334;9.333333333333334;1.6666666666666667;5
83075;2013-09-08;0;28.6;16.1;8.2;2013;9;8;-23.43;-46.46;735;63.0;68.0;42.0;933.2;934.3;933.5;8;8;7;0.0;0.0;1.02888;3.75;8.75;3.75;57.666666666666664;933.6666666666666;5.416666666666667;0.34296;7
83075;2013-09-09;0;28.8;14.5;9.3;2013;9;9;-23.43;-46.46;735;56.0;64.0;40.0;938.3;939.4;938.7;8;8;5;0.0;0.0;3.0;0.0;0.0;1.0;53.333333333333336;938.7999999999998;0.3333333333333333;1.0;5
83075;2013-09-10;0;25;11.6;10.4;2013;9;10;-23.43;-46.46;735;79.0;66.0;41.0;940.2;940.3;938.3;5;3;3;1.0;3.0;1.0;10.0;1.0;2.0;62.0;939.6;4.333333333333333;1.6666666666666667;5
83075;2013-09-11;0;31.4;16.9;9.4;2013;9;11;-23.43;-46.46;735;76.0;71.0;36.0;932.8;933.0;930.3;5;8;7;1.0;0.0;2.0;10.0;0.0;4.0;61.0;932.0333333333333;4.666666666666667;1.0;5
83075;2013-09-12;0;34.7;20.1;9.9;2013;9;12;-23.43;-46.46;735;80.0;71.0;47.0;932.2;931.9;929.5;3;5;7;1.0;1.0;3.0;8.0;4.0;5.0;66.0;931.1999999999999;5.666666666666667;1.6666666666666667;3
83075;2013-09-13;0;29.4;16;9.3;2013;9;13;-23.43;-46.46;735;48.0;51.0;29.0;934.3;936.9;935.3;8;4;5;0.0;1.0;1.0;0.0;0.0;2.0;42.666666666666664;935.5;0.6666666666666666;0.6666666666666666;4
83075;2013-09-14;0;30.8;16.3;9.5;2013;9;14;-23.43;-46.46;735;50.0;53.0;28.0;936.0;936.5;935.1;8;8;7;0.0;0.0;1.0;0.0;0.0;2.0;43.666666666666664;935.8666666666667;0.6666666666666666;0.3333333333333333;7
83075;2013-09-16;0;29.2;18.8;3.3;2013;9;16;-23.43;-46.46;735;54.0;45.0;60.0;933.5;932.7;930.8;8;1;5;0.0;1.0;3.0;2.0;1.0;10.0;53.0;932.3333333333334;4.333333333333333;1.3333333333333333;1
83075;2013-09-17;5.1;21.1;17.2;0;2013;9;17;-23.43;-46.46;735;67.0;82.0;78.0;930.5;930.8;930.9;3;7;5;1.0;1.0;1.0;10.0;10.0;10.0;75.66666666666667;930.7333333333332;10.0;1.0;3
83075;2013-09-18;4.1;20;13.4;0;2013;9;18;-23.43;-46.46;735;83.0;87.0;82.0;931.9;938.2;937.6;1;5;5;1.0;2.0;1.0;10.0;10.0;10.0;84.0;935.9;10.0;1.3333333333333333;1
83075;2013-09-19;6.4;21.4;14.6;0;2013;9;19;-23.43;-46.46;735;89.0;93.0;80.0;938.4;939.9;939.0;5;4;3;1.0;2.0;1.0;10.0;10.0;10.0;87.33333333333333;939.1;10.0;1.3333333333333333;5
83075;2013-09-20;0.5;29.8;16.2;6.1;2013;9;20;-23.43;-46.46;735;93.0;84.0;53.0;938.7;937.2;932.7;5;8;8;1.0;0.0;0.0;10.0;10.0;9.0;76.66666666666667;936.2000000000002;9.666666666666666;0.3333333333333333;5
83075;2013-09-21;0;34;17.8;8.8;2013;9;21;-23.43;-46.46;735;86.0;55.0;35.0;933.1;931.9;929.3;8;3;7;0.0;1.0;3.0;8.0;4.0;1.0;58.666666666666664;931.4333333333334;4.333333333333333;1.3333333333333333;3
83075;2013-09-22;0.9;25;17.7;0.1;2013;9;22;-23.43;-46.46;735;73.0;88.0;86.0;929.8;931.3;930.5;3;3;8;4.0;1.0;0.0;4.0;10.0;10.0;82.33333333333333;930.5333333333333;8.0;1.6666666666666667;3
83075;2013-09-23;27.2;26.1;15.9;2.2;2013;9;23;-23.43;-46.46;735;88.0;89.0;73.0;932.6;934.2;933.7;5;8;5;1.0;0.0;3.0;10.0;9.0;10.0;83.33333333333333;933.5;9.666666666666666;1.3333333333333333;5
83075;2013-09-24;6.5;21;16.2;0;2013;9;24;-23.43;-46.46;735;86.0;86.0;74.0;933.7;934.0;933.1;8;8;7;0.0;0.0;2.0;10.0;10.0;10.0;82.0;933.6;10.0;0.6666666666666666;7
83075;2013-09-25;0.2;17.4;11;5.5;2013;9;25;-23.43;-46.46;735;86.0;63.0;71.0;933.4;936.7;936.8;7;5;5;3.0;4.0;3.0;10.0;5.0;10.0;73.33333333333333;935.6333333333332;8.333333333333334;3.3333333333333335;7
83075;2013-09-26;2.1;18.2;11;8.2;2013;9;26;-23.43;-46.46;735;90.0;60.0;49.0;936.7;937.7;937.7;5;5;5;2.0;4.0;6.0;10.0;6.0;2.0;66.33333333333333;937.3666666666668;6.0;4.0;5
83075;2013-09-27;0;22.2;8.8;9.5;2013;9;27;-23.43;-46.46;735;68.0;61.0;56.0;937.5;938.4;936.5;5;3;5;4.0;1.0;6.0;1.0;0.0;5.0;61.666666666666664;937.4666666666667;2.0;3.6666666666666665;5
83075;2013-09-28;0;27.5;12.5;7.1;2013;9;28;-23.43;-46.46;735;76.0;73.0;48.0;936.5;936.5;932.1;3;3;5;2.0;2.0;1.0;10.0;9.0;1.0;65.66666666666667;935.0333333333333;6.666666666666667;1.6666666666666667;3
83075;2013-09-29;4;23;14.2;0;2013;9;29;-23.43;-46.46;735;86.0;91.0;80.0;935.3;935.3;934.8;3;8;5;1.0;0.0;2.0;10.0;10.0;10.0;85.66666666666667;935.1333333333332;10.0;1.0;3
83075;2013-09-30;0;21.2;15.4;0;2013;9;30;-23.43;-46.46;735;90.0;86.0;89.0;934.7;934.6;932.6;8;3;5;0.0;1.0;1.0;10.0;10.0;10.0;88.33333333333333;933.9666666666667;10.0;0.6666666666666666;3
83075;2013-10-01;8.2;23.5;17.9;0;2013;10;1;-23.43;-46.46;735;84.0;93.0;89.0;931.9;931.7;931.7;5;8;3;1.0;0.0;3.0;10.0;10.0;10.0;88.66666666666667;931.7666666666668;10.0;1.3333333333333333;5
83075;2013-10-02;3.4;27.8;19.3;0.7;2013;10;2;-23.43;-46.46;735;86.0;88.0;90.0;934.9;934.8;934.2;8;3;3;0.0;1.0;1.0;10.0;10.0;10.0;88.0;934.6333333333332;10.0;0.6666666666666666;3
83075;2013-10-03;70.1;30.1;19.9;8.5;2013;10;3;-23.43;-46.46;735;94.0;71.0;65.0;932.4;932.3;929.0;1;7;7;1.02888;3.08664;4.11552;10.0;8.75;7.5;76.66666666666667;931.2333333333332;8.75;2.74368;1
83075;2013-10-04;0;23.2;17.3;0.1;2013;10;4;-23.43;-46.46;735;80.0;76.0;69.0;935.0;935.5;934.6;5;3;3;1.02888;3.08664;2.05776;10.0;10.0;10.0;75.0;935.0333333333333;10.0;2.05776;5
83075;2013-10-05;0;23;11.6;5.2;2013;10;5;-23.43;-46.46;735;80.0;91.0;47.0;938.7;939.7;938.5;8;5;3;0.0;2.0;1.0;0.0;10.0;0.0;72.66666666666667;938.9666666666667;3.3333333333333335;1.0;5
83075;2013-10-06;0;25.4;14.4;5.8;2013;10;6;-23.43;-46.46;735;87.0;91.0;45.0;938.4;938.8;937.3;8;3;7;0.0;2.05776;2.05776;0.0;10.0;7.5;74.33333333333333;938.1666666666666;5.833333333333333;1.37184;3
83075;2013-10-07;0;21.8;14.2;6.3;2013;10;7;-23.43;-46.46;735;86.0;79.0;62.0;942.0;942.1;940.7;3;3;3;1.0;2.0;1.0;10.0;8.0;10.0;75.66666666666667;941.6;9.333333333333334;1.3333333333333333;3
83075;2013-10-08;0;28.3;15.3;8.6;2013;10;8;-23.43;-46.46;735;60.0;68.0;37.0;933.7;934.0;932.3;1;8;7;1.02888;0.0;2.05776;0.0;0.0;7.5;55.0;933.3333333333334;2.5;1.02888;1
83075;2013-10-09;0;29.4;14.8;9.3;2013;10;9;-23.43;-46.46;735;64.0;63.0;39.0;939.4;939.7;938.3;3;5;5;1.0;2.0;2.0;1.0;0.0;0.0;55.333333333333336;939.1333333333332;0.3333333333333333;1.6666666666666667;3
83075;2013-10-10;0;26.3;14.6;9.9;2013;10;10;-23.43;-46.46;735;80.0;65.0;38.0;938.8;939.0;936.0;3;5;7;1.0;2.0;1.0;6.0;1.0;2.0;61.0;937.9333333333334;3.0;1.3333333333333333;3
83075;2013-10-11;0;32.2;17;9.9;2013;10;11;-23.43;-46.46;735;72.0;75.0;37.0;931.0;931.3;929.8;8;3;8;0.0;2.0;0.0;0.0;0.0;4.0;61.333333333333336;930.6999999999999;1.3333333333333333;0.6666666666666666;3
83075;2013-10-12;5.2;27.8;21.1;0.2;2013;10;12;-23.43;-46.46;735;62.0;83.0;68.0;929.8;930.3;929.3;7;7;7;1.0;2.0;1.0;10.0;10.0;10.0;71.0;929.7999999999998;10.0;1.3333333333333333;7
83075;2013-10-13;0;29.6;15.7;6.3;2013;10;13;-23.43;-46.46;735;65.0;60.0;44.0;936.3;936.0;933.6;8;7;8;0.0;1.0;0.0;9.0;10.0;10.0;56.333333333333336;935.3000000000001;9.666666666666666;0.3333333333333333;7
83075;2013-10-14;0;31.1;19.4;6;2013;10;14;-23.43;-46.46;735;68.0;56.0;42.0;933.5;934.2;932.6;8;8;7;0.0;0.0;1.0;10.0;10.0;8.0;55.333333333333336;933.4333333333334;9.333333333333334;0.3333333333333333;7
83075;2013-10-15;8.8;26.2;17.6;2.6;2013;10;15;-23.43;-46.46;735;67.0;83.0;73.0;932.9;935.2;934.4;4;3;5;1.0;2.0;5.0;10.0;10.0;10.0;74.33333333333333;934.1666666666666;10.0;2.6666666666666665;4
83075;2013-10-16;4.3;19.9;17.4;0;2013;10;16;-23.43;-46.46;735;90.0;92.0;92.0;935.3;935.6;933.8;5;5;5;1.0;1.0;3.0;10.0;10.0;10.0;91.33333333333333;934.9;10.0;1.6666666666666667;5
83075;2013-10-17;28.5;22.4;16.4;0.2;2013;10;17;-23.43;-46.46;735;95.0;82.0;72.0;934.0;933.6;930.7;8;5;5;0.0;1.0;3.0;10.0;10.0;10.0;83.0;932.7666666666668;10.0;1.3333333333333333;5
83075;2013-10-18;0;26.2;16.5;7.5;2013;10;18;-23.43;-46.46;735;91.0;67.0;69.0;931.0;930.0;928.6;5;7;7;1.0;1.0;1.0;10.0;6.0;5.0;75.66666666666667;929.8666666666667;7.0;1.0;5
83075;2013-10-19;15.6;27.9;14.4;9.6;2013;10;19;-23.43;-46.46;735;78.0;76.0;60.0;929.1;930.1;929.1;8;8;5;0.0;0.0;2.0;2.0;2.0;5.0;71.33333333333333;929.4333333333334;3.0;0.6666666666666666;5
83075;2013-10-20;0;31.2;15.6;9.2;2013;10;20;-23.43;-46.46;735;84.0;86.0;32.0;930.4;931.9;930.6;8;3;7;0.0;2.0;1.0;2.0;10.0;1.0;67.33333333333333;930.9666666666667;4.333333333333333;1.0;3
83075;2013-10-21;0;34.1;17.8;10.5;2013;10;21;-23.43;-46.46;735;57.0;60.0;38.0;930.7;931.7;929.9;5;3;7;1.0;1.0;3.0;0.0;2.0;10.0;51.666666666666664;930.7666666666668;4.0;1.6666666666666667;5
83075;2013-10-22;3.4;27.9;18.5;4.2;2013;10;22;-23.43;-46.46;735;64.0;69.0;80.0;930.3;932.8;932.4;8;8;5;0.0;0.0;5.0;9.0;10.0;10.0;71.0;931.8333333333334;9.666666666666666;1.6666666666666667;5
83075;2013-10-23;0;30.7;18.3;4.9;2013;10;23;-23.43;-46.46;735;80.0;73.0;75.0;933.3;934.9;933.4;3;3;5;1.0;1.0;2.0;10.0;9.0;9.0;76.0;933.8666666666667;9.333333333333334;1.3333333333333333;3
83075;2013-10-24;0.6;34.2;20.4;7.9;2013;10;24;-23.43;-46.46;735;74.0;54.0;37.0;933.8;934.5;933.6;1;7;7;1.0;1.0;1.0;6.0;10.0;10.0;55.0;933.9666666666667;8.666666666666666;1.0;1
83075;2013-10-25;0;23.8;19.3;0.3;2013;10;25;-23.43;-46.46;735;79.0;85.0;69.0;934.6;938.2;937.7;5;5;5;3.0;4.0;2.0;10.0;10.0;10.0;77.66666666666667;936.8333333333334;10.0;3.0;5
83075;2013-10-26;0;32.8;18.7;9;2013;10;26;-23.43;-46.46;735;84.0;72.0;40.0;937.4;936.7;930.9;5;3;7;1.0;2.0;2.0;10.0;6.0;4.0;65.33333333333333;935.0;6.666666666666667;1.6666666666666667;5
83075;2013-10-27;0.3;29.7;17.1;2.3;2013;10;27;-23.43;-46.46;735;63.0;57.0;75.0;930.5;930.6;930.8;8;7;5;0.0;2.0;3.0;9.0;9.0;10.0;65.0;930.6333333333332;9.333333333333334;1.6666666666666667;7
83075;2013-10-28;2.3;21.1;14.7;6.1;2013;10;28;-23.43;-46.46;735;79.0;54.0;59.0;932.8;934.6;934.6;5;3;3;1.0;1.0;3.0;9.0;10.0;9.0;64.0;934.0;9.333333333333334;1.6666666666666667;5
83075;2013-10-29;0;18.7;13.3;0;2013;10;29;-23.43;-46.46;735;77.0;72.0;73.0;935.2;935.4;935.1;5;3;5;3.0;1.0;1.0;4.0;10.0;10.0;74.0;935.2333333333332;8.0;1.6666666666666667;5
83075;2013-10-30;0;24.2;14.5;3.8;2013;10;30;-23.43;-46.46;735;82.0;81.0;58.0;934.7;934.9;933.6;3;8;4;1.0;0.0;4.0;9.0;10.0;10.0;73.66666666666667;934.4;9.666666666666666;1.6666666666666667;3
83075;2013-10-31;0;22.4;15.6;0;2013;10;31;-23.43;-46.46;735;79.0;80.0;73.0;933.8;935.2;935.2;5;5;5;1.0;1.0;2.0;9.0;10.0;10.0;77.33333333333333;934.7333333333332;9.666666666666666;1.3333333333333333;5
83075;2013-11-01;10.5;21.6;16.8;0.3;2013;11;1;-23.43;-46.46;735;83.0;69.0;74.0;932.5;932.0;932.0;5;5;5;6.0;4.0;4.0;9.0;10.0;10.0;75.33333333333333;932.1666666666666;9.666666666666666;4.666666666666667;5
83075;2013-11-02;20.1;31.8;18.6;5.8;2013;11;2;-23.43;-46.46;735;94.0;84.0;52.0;934.4;934.1;931.3;8;8;3;0.0;0.0;1.0;10.0;9.0;9.0;76.66666666666667;933.2666666666668;9.333333333333334;0.3333333333333333;3
83075;2013-11-03;6.6;29;20.2;3.8;2013;11;3;-23.43;-46.46;735;84.0;76.0;70.0;929.1;935.0;929.2;7;7;5;3.08664;2.05776;2.05776;10.0;6.25;10.0;76.66666666666667;931.1;8.75;2.40072;7
83075;2013-11-04;0;27.6;18.6;5.2;2013;11;4;-23.43;-46.46;735;80.0;77.0;61.0;934.8;935.5;934.1;3;3;8;1.02888;3.08664;0.0;10.0;8.75;5.0;72.66666666666667;934.8000000000001;7.916666666666667;1.37184;3
83075;2013-11-05;0;24.4;12.9;5.5;2013;11;5;-23.43;-46.46;735;87.0;89.0;55.0;938.6;938.7;937.7;8;3;8;0.0;1.0;0.0;0.0;10.0;0.0;77.0;938.3333333333334;3.3333333333333335;0.3333333333333333;3
83075;2013-11-06;0;23.6;15.5;0.2;2013;11;6;-23.43;-46.46;735;80.0;82.0;63.0;937.6;938.5;937.3;8;8;5;0.0;0.0;1.02888;3.75;10.0;10.0;75.0;937.7999999999998;7.916666666666667;0.34296;5
83075;2013-11-07;0;19.4;13.1;5;2013;11;7;-23.43;-46.46;735;84.0;82.0;66.0;940.6;940.8;939.1;8;1;3;0.0;1.0;1.0;10.0;10.0;0.0;77.33333333333333;940.1666666666666;6.666666666666667;0.6666666666666666;1
83075;2013-11-08;0;23.2;10.7;4.2;2013;11;8;-23.43;-46.46;735;57.0;69.0;48.0;932.2;934.3;933.8;7;7;5;1.02888;2.05776;3.08664;0.0;8.75;8.75;58.0;933.4333333333334;5.833333333333333;2.05776;7
83075;2013-11-09;0;28.9;14.9;8;2013;11;9;-23.43;-46.46;735;67.0;80.0;38.0;938.6;939.2;936.5;8;8;5;0.0;0.0;1.0;0.0;9.0;2.0;61.666666666666664;938.1;3.6666666666666665;0.3333333333333333;5
83075;2013-11-10;0;25.6;14.4;4.5;2013;11;10;-23.43;-46.46;735;73.0;70.0;41.0;937.2;938.3;936.4;5;5;5;1.0;3.0;3.0;0.0;5.0;10.0;61.333333333333336;937.3000000000001;5.0;2.3333333333333335;5
83075;2013-11-11;0;36;18.5;11.2;2013;11;11;-23.43;-46.46;735;64.0;66.0;34.0;929.9;930.1;927.3;8;1;7;0.0;1.0;1.0;0.0;0.0;4.0;54.666666666666664;929.1;1.3333333333333333;0.6666666666666666;1
83075;2013-11-12;2.6;24.6;18.9;0.1;2013;11;12;-23.43;-46.46;735;89.0;89.0;76.0;929.7;930.3;930.1;5;4;4;2.0;3.0;4.0;10.0;10.0;10.0;84.66666666666667;930.0333333333333;10.0;3.0;5
83075;2013-11-13;0;26;17.6;10.3;2013;11;13;-23.43;-46.46;735;72.0;54.0;37.0;930.3;936.8;936.6;5;3;3;1.0;3.0;4.0;8.0;4.0;2.0;54.333333333333336;934.5666666666666;4.666666666666667;2.6666666666666665;5
83075;2013-11-14;0;27.1;14.4;11.1;2013;11;14;-23.43;-46.46;735;66.0;49.0;49.0;936.7;937.2;935.8;5;5;5;2.0;1.0;3.0;0.0;0.0;1.0;54.666666666666664;936.5666666666666;0.3333333333333333;2.0;5
83075;2013-11-15;0;33.5;15.2;11;2013;11;15;-23.43;-46.46;735;75.0;67.0;31.0;937.4;936.0;931.9;5;3;5;2.0;1.0;1.0;2.0;0.0;4.0;57.666666666666664;935.1;2.0;1.3333333333333333;5
83075;2013-11-16;0;32.8;20.6;8.3;2013;11;16;-23.43;-46.46;735;63.0;49.0;35.0;932.3;932.4;930.5;8;7;5;0.0;1.0;1.0;4.0;10.0;10.0;49.0;931.7333333333332;8.0;0.6666666666666666;7
83075;2013-11-17;7.1;22.8;16.9;0;2013;11;17;-23.43;-46.46;735;73.0;92.0;79.0;931.6;933.7;933.6;3;5;5;2.0;2.0;3.0;10.0;10.0;10.0;81.33333333333333;932.9666666666667;10.0;2.3333333333333335;3
83075;2013-11-18;0.5;26.8;16.9;4.1;2013;11;18;-23.43;-46.46;735;85.0;75.0;57.0;933.8;934.4;932.7;5;3;8;1.0;1.0;0.0;10.0;9.0;9.0;72.33333333333333;933.6333333333332;9.333333333333334;0.6666666666666666;5
83075;2013-11-19;0;31.9;17.9;5.3;2013;11;19;-23.43;-46.46;735;85.0;67.0;67.0;932.7;933.9;933.1;8;8;3;0.0;0.0;1.0;10.0;0.0;9.0;73.0;933.2333333333332;6.333333333333333;0.3333333333333333;3
83075;2013-11-20;0.2;34.4;19.2;10.3;2013;11;20;-23.43;-46.46;735;79.0;49.0;38.0;933.0;933.5;932.4;8;8;7;0.0;0.0;1.0;0.0;10.0;9.0;55.333333333333336;932.9666666666667;6.333333333333333;0.3333333333333333;7
83075;2013-11-21;6.4;34.2;21.1;7.3;2013;11;21;-23.43;-46.46;735;65.0;58.0;57.0;933.1;932.8;929.9;8;8;3;0.0;0.0;3.0;8.0;4.0;10.0;60.0;931.9333333333334;7.333333333333333;1.0;3
83075;2013-11-22;0.6;22.5;18.3;0;2013;11;22;-23.43;-46.46;735;87.0;82.0;83.0;930.6;930.9;930.0;4;5;5;2.0;1.0;1.0;10.0;10.0;10.0;84.0;930.5;10.0;1.3333333333333333;4
83075;2013-11-23;4.3;22.4;18.2;0;2013;11;23;-23.43;-46.46;735;90.0;82.0;88.0;930.2;930.9;931.0;5;8;3;2.0;0.0;2.0;10.0;10.0;10.0;86.66666666666667;930.6999999999999;10.0;1.3333333333333333;5
83075;2013-11-24;12.3;23.2;18;0;2013;11;24;-23.43;-46.46;735;91.0;84.0;86.0;931.9;933.1;932.7;5;3;5;1.0;1.0;1.0;9.0;10.0;10.0;87.0;932.5666666666666;9.666666666666666;1.0;5
83075;2013-11-25;16.5;21.4;18;0;2013;11;25;-23.43;-46.46;735;94.0;86.0;87.0;933.4;934.3;933.9;3;5;3;1.0;1.0;1.0;10.0;10.0;10.0;89.0;933.8666666666667;10.0;1.0;3
83075;2013-11-26;6.8;22.7;17.8;0.1;2013;11;26;-23.43;-46.46;735;90.0;81.0;84.0;933.5;932.6;930.4;3;3;5;1.0;2.0;2.0;10.0;10.0;10.0;85.0;932.1666666666666;10.0;1.6666666666666667;3
83075;2013-11-28;1.1;32.7;18.7;8.2;2013;11;28;-23.43;-46.46;735;88.0;65.0;43.0;927.3;927.7;927.6;3;7;8;1.0;1.0;0.0;10.0;1.0;9.0;65.33333333333333;927.5333333333333;6.666666666666667;0.6666666666666666;3
83075;2013-11-29;0;33.5;20.4;7.3;2013;11;29;-23.43;-46.46;735;64.0;75.0;45.0;928.1;930.9;929.2;8;8;7;0.0;0.0;1.0;9.0;9.0;2.0;61.333333333333336;929.4;6.666666666666667;0.3333333333333333;7
83075;2013-11-30;0;25.3;20;0.7;2013;11;30;-23.43;-46.46;735;88.0;79.0;72.0;931.9;932.9;932.7;5;5;5;2.0;1.0;3.0;10.0;10.0;9.0;79.66666666666667;932.5;9.666666666666666;2.0;5
83075;2013-12-01;0.4;19.6;16.1;0.1;2013;12;1;-23.43;-46.46;735;76.0;82.0;92.0;931.9;931.9;931.9;5;8;8;2.0;0.0;0.0;10.0;10.0;10.0;83.33333333333333;931.9;10.0;0.6666666666666666;5
83075;2013-12-02;0;33;19.5;9.4;2013;12;2;-23.43;-46.46;735;71.0;65.0;43.0;931.5;931.9;930.7;3;8;7;1.0;0.0;1.0;9.0;10.0;8.0;59.666666666666664;931.3666666666668;9.0;0.6666666666666666;3
83075;2013-12-03;2.2;31.8;20.6;7.5;2013;12;3;-23.43;-46.46;735;87.0;76.0;50.0;929.6;929.7;928.5;8;5;7;0.0;1.02888;2.05776;10.0;5.0;5.0;71.0;929.2666666666668;6.666666666666667;1.02888;5
83075;2013-12-04;0;29;18.7;5.6;2013;12;4;-23.43;-46.46;735;77.0;74.0;59.0;934.2;933.7;931.4;5;8;7;1.02888;0.0;2.05776;3.75;8.75;6.25;70.0;933.1;6.25;1.02888;5
83075;2013-12-06;1.1;25.9;16.4;5.6;2013;12;6;-23.43;-46.46;735;87.0;91.0;63.0;937.7;938.3;937.6;3;8;7;1.02888;0.0;2.05776;10.0;10.0;6.25;80.33333333333333;937.8666666666667;8.75;1.02888;3
83075;2013-12-07;0;24;11.6;8.6;2013;12;7;-23.43;-46.46;735;84.0;82.0;44.0;939.0;940.0;938.2;8;8;7;0.0;0.0;1.0;2.0;10.0;4.0;70.0;939.0666666666666;5.333333333333333;0.3333333333333333;7
83075;2013-12-08;0;26.8;7.6;7.4;2013;12;8;-23.43;-46.46;735;79.0;90.0;35.0;934.6;934.9;932.8;5;3;7;1.02888;3.08664;2.05776;7.5;10.0;0.0;68.0;934.1;5.833333333333333;2.05776;5
83075;2013-12-09;0;30;15.6;9.5;2013;12;9;-23.43;-46.46;735;79.0;62.0;30.0;936.4;936.9;934.2;8;5;8;0.0;1.0;0.0;0.0;0.0;1.0;57.0;935.8333333333334;0.3333333333333333;0.3333333333333333;5
83075;2013-12-10;0;24.9;15;1.1;2013;12;10;-23.43;-46.46;735;69.0;65.0;48.0;937.6;937.2;936.2;5;3;3;1.0;1.0;1.0;8.0;10.0;10.0;60.666666666666664;937.0;9.333333333333334;1.0;5
83075;2013-12-11;0;31.4;24.2;7.2;2013;12;11;-23.43;-46.46;735;57.0;51.0;59.0;927.4;928.8;928.4;8;7;7;0.0;3.0;3.0;9.0;6.0;10.0;55.666666666666664;928.1999999999999;8.333333333333334;2.0;7
83075;2013-12-12;0;23.6;17.4;1.4;2013;12;12;-23.43;-46.46;735;83.0;76.0;71.0;930.5;931.3;931.1;4;3;5;2.0;2.0;4.0;10.0;9.0;9.0;76.66666666666667;930.9666666666667;9.333333333333334;2.6666666666666665;4
83075;2013-12-13;0;26;17.3;4.4;2013;12;13;-23.43;-46.46;735;89.0;72.0;61.0;931.6;931.7;929.9;5;3;5;2.0;1.0;2.0;10.0;9.0;6.0;74.0;931.0666666666667;8.333333333333334;1.6666666666666667;5
83075;2013-12-14;0;29.8;17.8;7.3;2013;12;14;-23.43;-46.46;735;80.0;73.0;62.0;930.4;931.6;931.2;5;5;5;1.0;1.0;2.0;10.0;5.0;8.0;71.66666666666667;931.0666666666666;7.666666666666667;1.3333333333333333;5
83075;2013-12-15;0;31.1;18.1;9.4;2013;12;15;-23.43;-46.46;735;79.0;73.0;49.0;931.2;931.2;929.3;5;3;5;1.0;1.0;3.0;8.0;5.0;2.0;67.0;930.5666666666666;5.0;1.6666666666666667;5
83075;2013-12-16;0;26.9;18.1;5.2;2013;12;16;-23.43;-46.46;735;76.0;68.0;59.0;930.4;930.2;929.1;3;5;4;1.0;2.0;3.0;0.0;8.0;6.0;67.66666666666667;929.9;4.666666666666667;2.0;3
83075;2013-12-17;0;26.6;16.4;9.1;2013;12;17;-23.43;-46.46;735;75.0;61.0;49.0;929.2;930.3;928.4;5;5;5;1.0;2.0;3.0;2.0;5.0;4.0;61.666666666666664;929.3000000000001;3.6666666666666665;2.0;5
83075;2013-12-18;0;28.8;18;7.6;2013;12;18;-23.43;-46.46;735;75.0;65.0;65.0;929.1;929.2;928.8;5;5;5;3.0;1.0;3.0;10.0;5.0;10.0;68.33333333333333;929.0333333333334;8.333333333333334;2.3333333333333335;5
83075;2013-12-19;0;26.8;18.1;3.5;2013;12;19;-23.43;-46.46;735;77.0;78.0;57.0;929.0;929.4;928.7;5;4;5;2.0;2.0;2.0;4.0;10.0;6.0;70.66666666666667;929.0333333333334;6.666666666666667;2.0;5
83075;2013-12-20;0;26.7;18.8;6.1;2013;12;20;-23.43;-46.46;735;77.0;72.0;58.0;928.7;928.8;928.0;5;3;4;1.0;1.0;4.0;10.0;8.0;6.0;69.0;928.5;8.0;2.0;5
83075;2013-12-21;0;25.9;18.7;4;2013;12;21;-23.43;-46.46;735;79.0;75.0;61.0;928.0;928.7;928.3;4;3;5;2.0;1.0;3.0;10.0;9.0;5.0;71.66666666666667;928.3333333333334;8.0;2.0;4
83075;2013-12-22;0;28.5;18.6;6;2013;12;22;-23.43;-46.46;735;80.0;65.0;58.0;928.1;928.8;928.4;5;3;5;2.0;1.0;1.0;9.0;2.0;9.0;67.66666666666667;928.4333333333334;6.666666666666667;1.3333333333333333;5
83075;2013-12-23;0;27.5;19.5;3.1;2013;12;23;-23.43;-46.46;735;89.0;61.0;64.0;928.6;928.7;928.2;5;5;5;2.0;3.0;3.0;10.0;9.0;9.0;71.33333333333333;928.5;9.333333333333334;2.6666666666666665;5
83075;2013-12-24;0;28.7;19.6;2.1;2013;12;24;-23.43;-46.46;735;82.0;71.0;67.0;928.7;929.2;928.5;5;8;5;1.0;0.0;1.0;9.0;10.0;10.0;73.33333333333333;928.8000000000001;9.666666666666666;0.6666666666666666;5
83075;2013-12-25;0;30.6;20.7;4.4;2013;12;25;-23.43;-46.46;735;82.0;71.0;61.0;928.3;929.5;929.3;5;1;3;1.0;1.0;1.0;10.0;9.0;9.0;71.33333333333333;929.0333333333333;9.333333333333334;1.0;5
83075;2013-12-27;0;35.1;20.1;9.9;2013;12;27;-23.43;-46.46;735;64.0;66.0;40.0;930.7;931.4;930.3;8;8;4;0.0;0.0;1.0;1.0;9.0;9.0;56.666666666666664;930.7999999999998;6.333333333333333;0.3333333333333333;4
83075;2013-12-28;0;33.8;21.5;7.5;2013;12;28;-23.43;-46.46;735;43.0;65.0;49.0;931.0;931.0;929.1;8;7;8;0.0;1.0;0.0;0.0;2.0;9.0;52.333333333333336;930.3666666666667;3.6666666666666665;0.3333333333333333;7
83075;2013-12-29;34.1;31.4;20.8;3.4;2013;12;29;-23.43;-46.46;735;89.0;76.0;54.0;930.1;930.8;929.4;8;1;5;0.0;1.0;1.0;10.0;9.0;8.0;73.0;930.1;9.0;0.6666666666666666;1
83075;2013-12-30;3.8;31;21.3;5.3;2013;12;30;-23.43;-46.46;735;85.0;72.0;63.0;930.2;930.9;928.8;8;7;7;0.0;4.0;1.0;6.0;10.0;4.0;73.33333333333333;929.9666666666666;6.666666666666667;1.6666666666666667;7
83075;2013-12-31;0;31.4;22.9;5.8;2013;12;31;-23.43;-46.46;735;72.0;71.0;52.0;929.5;930.5;929.3;7;7;7;1.0;2.0;3.0;9.0;8.0;1.0;65.0;929.7666666666668;6.0;2.0;7
83075;2014-01-01;0;32.3;23.5;6.1;2014;1;1;-23.43;-46.46;735;69.0;69.0;54.0;930.1;930.8;929.1;8;8;7;0.0;0.0;1.0;5.0;9.0;6.0;64.0;930.0;6.666666666666667;0.3333333333333333;7
83075;2014-01-02;0;36.3;21.3;10.8;2014;1;2;-23.43;-46.46;735;44.0;75.0;23.0;933.9;934.4;932.4;8;3;8;0.0;2.0;0.0;0.0;0.0;1.0;47.333333333333336;933.5666666666666;0.3333333333333333;0.6666666666666666;3
83075;2014-01-03;26.5;29.3;18.7;6;2014;1;3;-23.43;-46.46;735;75.0;77.0;55.0;930.2;930.5;929.7;8;7;7;0.0;1.0;2.0;10.0;10.0;10.0;69.0;930.1333333333333;10.0;1.0;7
83075;2014-01-04;15.8;30;19.7;5.3;2014;1;4;-23.43;-46.46;735;90.0;74.0;78.0;934.5;935.1;934.7;8;1;5;0.0;1.0;3.0;10.0;9.0;10.0;80.66666666666667;934.7666666666668;9.666666666666666;1.3333333333333333;1
83075;2014-01-05;0;23.6;16.1;0;2014;1;5;-23.43;-46.46;735;57.0;64.0;53.0;932.1;932.2;931.1;8;7;7;0.0;1.0;2.0;10.0;10.0;10.0;58.0;931.8000000000001;10.0;1.0;7
83075;2014-01-06;0;20.3;13.9;1.1;2014;1;6;-23.43;-46.46;735;83.0;85.0;73.0;933.3;932.1;930.9;8;3;7;0.0;1.0;3.0;5.0;10.0;10.0;80.33333333333333;932.1;8.333333333333334;1.3333333333333333;3
83075;2014-01-08;0;26.5;11.6;8.9;2014;1;8;-23.43;-46.46;735;78.0;74.0;39.0;937.5;938.1;935.5;8;8;7;0.0;0.0;1.0;0.0;0.0;0.0;63.666666666666664;937.0333333333333;0.0;0.3333333333333333;7
83075;2014-01-09;10;27;15.4;5.2;2014;1;9;-23.43;-46.46;735;90.0;72.0;50.0;934.3;932.6;931.5;8;7;7;0.0;1.0;1.0;10.0;10.0;1.0;70.66666666666667;932.8000000000001;7.0;0.6666666666666666;7
83075;2014-01-10;0.2;30.5;19.2;4.4;2014;1;10;-23.43;-46.46;735;71.0;78.0;46.0;933.1;934.7;932.9;3;7;7;1.0;1.0;3.0;4.0;10.0;10.0;65.0;933.5666666666667;8.0;1.6666666666666667;3
83075;2014-01-11;5.5;33.4;20.5;6.5;2014;1;11;-23.43;-46.46;735;78.0;64.0;40.0;932.3;933.6;931.9;8;8;7;0.0;0.0;1.0;10.0;8.0;5.0;60.666666666666664;932.6;7.666666666666667;0.3333333333333333;7
83075;2014-01-13;0;32.2;19.9;4.4;2014;1;13;-23.43;-46.46;735;78.0;78.0;87.0;934.5;935.7;935.8;5;8;7;1.0;0.0;3.0;4.0;9.0;10.0;81.0;935.3333333333334;7.666666666666667;1.3333333333333333;5
83075;2014-01-14;19.2;33.1;18.9;8.3;2014;1;14;-23.43;-46.46;735;83.0;68.0;45.0;936.0;935.0;933.8;8;8;1;0.0;0.0;1.0;10.0;9.0;6.0;65.33333333333333;934.9333333333334;8.333333333333334;0.3333333333333333;1
83075;2014-01-15;0;33.1;18.8;8.6;2014;1;15;-23.43;-46.46;735;83.0;61.0;46.0;934.1;934.5;931.7;5;8;7;1.0;0.0;1.0;10.0;8.0;9.0;63.333333333333336;933.4333333333334;9.0;0.6666666666666666;5
83075;2014-01-16;1.9;29.7;19.9;3.7;2014;1;16;-23.43;-46.46;735;72.0;64.0;83.0;933.9;934.0;933.0;7;7;8;2.0;1.0;0.0;10.0;5.0;10.0;73.0;933.6333333333333;8.333333333333334;1.0;7
83075;2014-01-17;1;29.4;18.4;4.5;2014;1;17;-23.43;-46.46;735;73.0;75.0;91.0;933.2;933.7;933.0;8;8;5;0.0;0.0;1.0;9.0;5.0;10.0;79.66666666666667;933.3000000000001;8.0;0.3333333333333333;5
83075;2014-01-18;37.2;28.8;18.3;7.6;2014;1;18;-23.43;-46.46;735;86.0;74.0;58.0;934.0;934.8;933.6;8;5;5;0.0;1.0;5.0;6.0;10.0;5.0;72.66666666666667;934.1333333333333;7.0;2.0;5
83075;2014-01-19;0;29.6;18.1;8.7;2014;1;19;-23.43;-46.46;735;79.0;65.0;58.0;933.6;933.6;932.1;3;8;5;1.0;0.0;2.3;4.0;1.0;8.0;67.33333333333333;933.1;4.333333333333333;1.0999999999999999;3
83075;2014-01-20;0;32.5;18.6;8.4;2014;1;20;-23.43;-46.46;735;77.0;78.0;48.0;932.5;933.0;930.2;3;8;5;1.4;0.0;1.0;4.0;0.0;9.0;67.66666666666667;931.9;4.333333333333333;0.7999999999999999;3
83075;2014-01-21;0;34;20.6;9.2;2014;1;21;-23.43;-46.46;735;75.0;59.0;39.0;931.4;932.8;931.2;5;7;7;1.0;1.0;2.0;10.0;0.0;9.0;57.666666666666664;931.7999999999998;6.333333333333333;1.3333333333333333;5
83075;2014-01-22;0.4;33.8;21.7;7.7;2014;1;22;-23.43;-46.46;735;75.0;61.0;44.0;931.9;933.4;932.1;8;7;7;0.0;1.0;1.0;9.0;1.0;8.0;60.0;932.4666666666667;6.0;0.6666666666666666;7
83075;2014-01-23;7.4;32.3;21.7;8.1;2014;1;23;-23.43;-46.46;735;87.0;64.0;51.0;933.1;933.8;931.7;8;5;1;0.0;1.0;1.0;10.0;1.0;8.0;67.33333333333333;932.8666666666668;6.333333333333333;0.6666666666666666;5
83075;2014-01-24;0.5;33.1;20.6;6.5;2014;1;24;-23.43;-46.46;735;80.0;63.0;45.0;932.7;932.7;930.9;5;5;7;1.0;2.0;2.0;1.0;10.0;10.0;62.666666666666664;932.1;7.0;1.6666666666666667;5
83075;2014-01-25;27;34.3;19.5;10.5;2014;1;25;-23.43;-46.46;735;87.0;71.0;42.0;931.4;931.6;930.9;8;8;1;0.0;0.0;1.0;0.0;0.0;4.0;66.66666666666667;931.3000000000001;1.3333333333333333;0.3333333333333333;1
83075;2014-01-26;0;32.7;21.6;10.9;2014;1;26;-23.43;-46.46;735;70.0;67.0;55.0;931.2;933.5;932.7;5;3;3;1.0;1.0;5.0;10.0;2.0;10.0;64.0;932.4666666666667;7.333333333333333;2.3333333333333335;5
83075;2014-01-27;0;34.3;21.8;11;2014;1;27;-23.43;-46.46;735;70.0;69.0;39.0;933.0;935.1;934.8;5;3;4;2.0;1.0;1.0;8.0;2.0;4.0;59.333333333333336;934.2999999999998;4.666666666666667;1.3333333333333333;5
83075;2014-01-28;0;34.5;21.6;10.7;2014;1;28;-23.43;-46.46;735;78.0;63.0;35.0;934.6;935.8;934.7;5;8;8;2.0;0.0;0.0;9.0;1.0;5.0;58.666666666666664;935.0333333333334;5.0;0.6666666666666666;5
83075;2014-01-29;0;35.1;21.7;11.2;2014;1;29;-23.43;-46.46;735;71.0;52.0;20.0;934.9;935.7;934.1;8;8;1;0.0;0.0;1.0;1.0;0.0;1.0;47.666666666666664;934.9;0.6666666666666666;0.3333333333333333;1
83075;2014-01-30;0;34.3;21.1;10.1;2014;1;30;-23.43;-46.46;735;52.0;48.0;33.0;934.4;935.1;933.7;5;4;3;1.0;1.0;1.0;0.0;2.0;5.0;44.333333333333336;934.4;2.3333333333333335;1.0;5
83075;2014-01-31;0;35.6;21.5;11.1;2014;1;31;-23.43;-46.46;735;45.0;50.0;31.0;933.9;934.7;933.6;8;8;5;0.0;0.0;1.0;0.0;0.0;2.0;42.0;934.0666666666666;0.6666666666666666;0.3333333333333333;5
83075;2014-02-01;3.1;33.9;21.4;7.5;2014;2;1;-23.43;-46.46;735;79.0;69.0;47.0;930.6;930.3;928.5;1;8;7;1.0;0.0;1.0;10.0;8.0;5.0;65.0;929.8000000000001;7.666666666666667;0.6666666666666666;1
83075;2014-02-02;0;35.4;23.8;9.1;2014;2;2;-23.43;-46.46;735;65.0;51.0;33.0;932.4;933.3;931.8;5;5;3;1.0;2.0;1.0;0.0;0.0;6.0;49.666666666666664;932.5;2.0;1.3333333333333333;5
83075;2014-02-03;9.8;28.3;19.4;4;2014;2;3;-23.43;-46.46;735;91.0;77.0;70.0;930.5;931.3;931.3;7;8;3;1.0;0.0;3.0;10.0;2.0;10.0;79.33333333333333;931.0333333333333;7.333333333333333;1.3333333333333333;7
83075;2014-02-04;0.7;27.8;19.9;3.5;2014;2;4;-23.43;-46.46;735;84.0;79.0;65.0;934.9;935.2;933.8;5;3;5;1.0;1.0;5.0;10.0;10.0;10.0;76.0;934.6333333333332;10.0;2.3333333333333335;5
83075;2014-02-05;0;26;15.5;5.1;2014;2;5;-23.43;-46.46;735;65.0;68.0;51.0;932.0;936.2;935.5;8;8;7;0.0;0.0;3.0;8.0;10.0;9.0;61.333333333333336;934.5666666666666;9.0;1.0;7
83075;2014-02-06;0;18.8;13.7;3.2;2014;2;6;-23.43;-46.46;735;80.0;81.0;77.0;931.3;931.3;931.1;7;5;5;1.0;1.0;3.0;10.0;9.0;10.0;79.33333333333333;931.2333333333332;9.666666666666666;1.6666666666666667;7
83075;2014-02-08;0;27.4;14.1;8.6;2014;2;8;-23.43;-46.46;735;69.0;76.0;37.0;935.9;936.3;934.6;8;8;7;0.0;0.0;3.0;5.0;0.0;5.0;60.666666666666664;935.5999999999999;3.3333333333333335;1.0;7
83075;2014-02-09;0;29.4;15.9;8.2;2014;2;9;-23.43;-46.46;735;77.0;68.0;49.0;931.4;933.3;931.1;8;8;3;0.0;0.0;1.0;0.0;4.0;10.0;64.66666666666667;931.9333333333333;4.666666666666667;0.3333333333333333;3
83075;2014-02-10;0.2;20.1;14.5;1.4;2014;2;10;-23.43;-46.46;735;71.0;91.0;75.0;936.5;939.8;940.0;5;5;4;4.0;2.0;7.0;10.0;10.0;9.0;79.0;938.7666666666668;9.666666666666666;4.333333333333333;5
83075;2014-02-11;28.6;29.8;19.6;6.4;2014;2;11;-23.43;-46.46;735;88.0;74.0;66.0;934.2;934.9;932.3;5;5;5;1.0;1.0;3.0;10.0;8.0;0.0;76.0;933.7999999999998;6.0;1.6666666666666667;5
83075;2014-02-13;0;35;23.8;6.9;2014;2;13;-23.43;-46.46;735;57.0;58.0;41.0;929.7;930.5;927.9;8;3;7;0.0;1.0;1.0;0.0;6.0;9.0;52.0;929.3666666666667;5.0;0.6666666666666666;3
83075;2014-02-14;2.1;33.2;19.7;5.3;2014;2;14;-23.43;-46.46;735;71.0;69.0;50.0;930.0;931.5;929.9;5;8;5;1.0;0.0;3.0;10.0;10.0;10.0;63.333333333333336;930.4666666666667;10.0;1.3333333333333333;5
83075;2014-02-15;57.9;23;19.6;0;2014;2;15;-23.43;-46.46;735;83.0;80.0;89.0;933.0;934.0;933.5;5;4;5;3.0;1.0;2.0;10.0;10.0;10.0;84.0;933.5;10.0;2.0;5
83075;2014-02-16;43;23.6;19.6;0;2014;2;16;-23.43;-46.46;735;91.0;88.0;85.0;934.2;934.5;933.3;5;3;7;1.0;1.0;1.0;10.0;10.0;10.0;88.0;934.0;10.0;1.0;5
83075;2014-02-17;12.5;26.8;19.2;4.5;2014;2;17;-23.43;-46.46;735;92.0;78.0;68.0;933.6;934.1;933.3;5;5;5;2.0;1.0;6.0;10.0;9.0;9.0;79.33333333333333;933.6666666666666;9.333333333333334;3.0;5
83075;2014-02-18;0;26.1;18.8;6.2;2014;2;18;-23.43;-46.46;735;77.0;64.0;63.0;933.6;934.4;934.0;5;5;5;1.0;2.0;1.0;9.0;6.0;9.0;68.0;934.0;8.0;1.3333333333333333;5
83075;2014-02-19;0;28.4;16.8;10.3;2014;2;19;-23.43;-46.46;735;84.0;64.0;56.0;934.3;934.8;933.2;3;3;5;1.0;2.0;5.0;4.0;2.0;6.0;68.0;934.1;4.0;2.6666666666666665;3
83075;2014-02-20;0;31.6;18.3;9;2014;2;20;-23.43;-46.46;735;79.0;67.0;44.0;933.5;933.9;932.0;5;8;1;1.0;0.0;1.0;10.0;0.0;6.0;63.333333333333336;933.1333333333333;5.333333333333333;0.6666666666666666;5
83075;2014-02-21;0;33;19.5;7.5;2014;2;21;-23.43;-46.46;735;74.0;72.0;40.0;932.4;933.7;932.2;5;4;8;1.0;1.0;0.0;8.0;10.0;9.0;62.0;932.7666666666668;9.0;0.6666666666666666;5
83075;2014-02-22;0;31.8;21.7;6;2014;2;22;-23.43;-46.46;735;65.0;68.0;40.0;932.6;933.8;932.3;8;8;1;0.0;0.0;1.0;10.0;9.0;8.0;57.666666666666664;932.9;9.0;0.3333333333333333;1
83075;2014-02-23;0.6;32.6;21.2;8.5;2014;2;23;-23.43;-46.46;735;79.0;61.0;45.0;932.3;933.7;932.2;3;8;7;1.0;0.0;3.0;10.0;9.0;9.0;61.666666666666664;932.7333333333332;9.333333333333334;1.3333333333333333;3
83075;2014-02-24;0;29.7;22.5;0.7;2014;2;24;-23.43;-46.46;735;66.0;74.0;62.0;932.9;934.0;933.4;8;8;7;0.0;0.0;1.0;10.0;10.0;10.0;67.33333333333333;933.4333333333334;10.0;0.3333333333333333;7
83075;2014-02-25;10.4;30.7;19.8;4.2;2014;2;25;-23.43;-46.46;735;67.0;80.0;80.0;934.6;934.7;934.6;8;7;3;0.0;1.0;1.0;10.0;8.0;10.0;75.66666666666667;934.6333333333333;9.333333333333334;0.6666666666666666;7
83075;2014-02-26;5.8;33.5;18.3;10.1;2014;2;26;-23.43;-46.46;735;84.0;66.0;45.0;934.3;934.5;931.9;8;3;8;0.0;1.0;0.0;10.0;0.0;8.0;65.0;933.5666666666666;6.0;0.3333333333333333;3
83075;2014-02-27;0.9;34.4;22.5;9.4;2014;2;27;-23.43;-46.46;735;74.0;60.0;39.0;931.4;931.1;928.0;5;8;7;1.0;0.0;1.0;2.0;1.0;5.0;57.666666666666664;930.1666666666666;2.6666666666666665;0.6666666666666666;5
83075;2014-02-28;2.1;27.7;19.6;2.7;2014;2;28;-23.43;-46.46;735;76.0;76.0;61.0;930.2;930.2;929.5;8;4;7;0.0;1.0;1.0;10.0;10.0;9.0;71.0;929.9666666666667;9.666666666666666;0.6666666666666666;4
83075;2014-03-01;0;36.4;23.8;10.2;2014;3;1;-23.43;-46.46;735;61.0;57.0;36.0;929.0;930.4;929.0;8;7;7;0.0;1.0;1.0;9.0;2.0;5.0;51.333333333333336;929.4666666666667;5.333333333333333;0.6666666666666666;7
83075;2014-03-02;0;35.3;23.8;9.1;2014;3;2;-23.43;-46.46;735;60.0;51.0;34.0;931.9;932.5;930.6;5;5;5;1.0;1.0;2.0;2.0;2.0;5.0;48.333333333333336;931.6666666666666;3.0;1.3333333333333333;5
83075;2014-03-03;0;28.8;19.1;5;2014;3;3;-23.43;-46.46;735;83.0;77.0;57.0;932.2;934.2;933.8;3;8;5;1.0;0.0;2.0;10.0;10.0;10.0;72.33333333333333;933.4;10.0;1.0;3
83075;2014-03-04;0;27.1;19.6;4.1;2014;3;4;-23.43;-46.46;735;81.0;83.0;64.0;934.0;934.4;933.4;5;4;5;2.0;1.0;5.0;10.0;10.0;6.0;76.0;933.9333333333334;8.666666666666666;2.6666666666666665;5
83075;2014-03-05;0;25.5;16.7;7.2;2014;3;5;-23.43;-46.46;735;83.0;90.0;55.0;936.5;939.1;937.2;1;3;8;1.0;2.0;0.0;5.0;10.0;10.0;76.0;937.6;8.333333333333334;1.0;1
83075;2014-03-06;0;19.5;9.6;8;2014;3;6;-23.43;-46.46;735;82.0;82.0;45.0;932.5;933.6;932.9;4;4;5;3.0;1.0;1.0;10.0;1.0;0.0;69.66666666666667;933.0;3.6666666666666665;1.6666666666666667;4
83075;2014-03-07;0;28.6;14.3;7.3;2014;3;7;-23.43;-46.46;735;70.0;76.0;40.0;936.7;938.7;937.8;8;4;7;0.0;1.0;2.0;10.0;10.0;0.0;62.0;937.7333333333332;6.666666666666667;1.0;4
83075;2014-03-08;0;28.9;13.9;8.8;2014;3;8;-23.43;-46.46;735;71.0;69.0;40.0;935.4;935.4;932.7;8;8;7;0.0;0.0;3.0;0.0;0.0;10.0;60.0;934.5;3.3333333333333335;1.0;7
83075;2014-03-09;21.2;29.3;15.1;5;2014;3;9;-23.43;-46.46;735;77.0;64.0;74.0;930.2;932.5;932.1;8;7;4;0.0;1.0;5.0;10.0;10.0;10.0;71.66666666666667;931.6;10.0;2.0;7
83075;2014-03-10;0.8;20.8;11.9;5.1;2014;3;10;-23.43;-46.46;735;75.0;79.0;55.0;943.2;944.3;942.3;5;5;4;7.0;2.0;4.0;8.0;10.0;9.0;69.66666666666667;943.2666666666668;9.0;4.333333333333333;5
83075;2014-03-11;0;30.5;19.5;3;2014;3;11;-23.43;-46.46;735;78.0;71.0;81.0;933.4;932.7;930.0;5;5;5;2.0;1.0;1.0;9.0;10.0;10.0;76.66666666666667;932.0333333333333;9.666666666666666;1.3333333333333333;5
83075;2014-03-13;2.4;30.2;19.8;3.4;2014;3;13;-23.43;-46.46;735;89.0;81.0;55.0;936.4;936.8;935.2;5;1;8;1.0;1.0;0.0;10.0;6.0;10.0;75.0;936.1333333333332;8.666666666666666;0.6666666666666666;5
83075;2014-03-14;0;32.2;20.3;6.4;2014;3;14;-23.43;-46.46;735;94.0;78.0;46.0;935.8;935.3;932.2;5;5;3;1.0;1.0;1.0;10.0;4.0;5.0;72.66666666666667;934.4333333333334;6.333333333333333;1.0;5
83075;2014-03-15;0;32.9;21.4;9.6;2014;3;15;-23.43;-46.46;735;85.0;63.0;42.0;933.3;933.9;932.6;8;8;7;0.0;0.0;1.0;10.0;0.0;4.0;63.333333333333336;933.2666666666665;4.666666666666667;0.3333333333333333;7
83075;2014-03-16;19.1;32.6;21.2;7.1;2014;3;16;-23.43;-46.46;735;81.0;64.0;43.0;932.9;933.0;931.8;3;8;8;1.0;0.0;0.0;9.0;0.0;6.0;62.666666666666664;932.5666666666666;5.0;0.3333333333333333;3
83075;2014-03-17;3.9;32.6;20.8;9.7;2014;3;17;-23.43;-46.46;735;86.0;56.0;42.0;932.1;933.1;931.6;8;8;7;0.0;0.0;1.0;0.0;0.0;4.0;61.333333333333336;932.2666666666668;1.3333333333333333;0.3333333333333333;7
83075;2014-03-18;0.4;31.8;21.6;5.4;2014;3;18;-23.43;-46.46;735;74.0;68.0;55.0;933.3;933.7;932.3;5;7;5;1.0;1.0;3.0;10.0;6.0;10.0;65.66666666666667;933.1;8.666666666666666;1.6666666666666667;5
83075;2014-03-19;0;31.9;21.4;8.4;2014;3;19;-23.43;-46.46;735;82.0;77.0;47.0;933.3;933.5;930.6;3;1;7;1.0;1.0;3.0;10.0;10.0;9.0;68.66666666666667;932.4666666666667;9.666666666666666;1.6666666666666667;3
83075;2014-03-20;0;32.1;21.5;5.6;2014;3;20;-23.43;-46.46;735;67.0;55.0;52.0;930.7;930.6;929.8;8;7;1;0.0;2.0;3.0;5.0;1.0;10.0;58.0;930.3666666666668;5.333333333333333;1.6666666666666667;7
83075;2014-03-21;4.2;30.2;20.7;3;2014;3;21;-23.43;-46.46;735;86.0;75.0;60.0;929.9;930.8;930.3;8;7;7;0.0;2.0;1.0;10.0;9.0;10.0;73.66666666666667;930.3333333333334;9.666666666666666;1.0;7
83075;2014-03-22;3.9;28.6;20.2;1.1;2014;3;22;-23.43;-46.46;735;86.0;85.0;72.0;931.9;933.7;932.7;7;7;5;1.0;1.0;5.0;10.0;10.0;10.0;81.0;932.7666666666668;10.0;2.3333333333333335;7
83075;2014-03-23;3.6;21.8;17.5;0;2014;3;23;-23.43;-46.46;735;83.0;81.0;75.0;934.5;936.7;936.1;3;5;3;3.0;3.0;1.0;10.0;10.0;10.0;79.66666666666667;935.7666666666668;10.0;2.3333333333333335;3
83075;2014-03-24;0;23.7;17.3;0;2014;3;24;-23.43;-46.46;735;83.0;79.0;65.0;936.8;937.5;936.4;5;5;3;1.0;1.0;2.0;10.0;10.0;10.0;75.66666666666667;936.9;10.0;1.3333333333333333;5
83075;2014-03-25;0;25.6;16.1;5.2;2014;3;25;-23.43;-46.46;735;75.0;66.0;67.0;937.1;937.9;937.0;3;4;5;1.0;1.0;3.0;10.0;1.0;10.0;69.33333333333333;937.3333333333334;7.0;1.6666666666666667;3
83075;2014-03-26;0;25.4;17.5;3.6;2014;3;26;-23.43;-46.46;735;81.0;65.0;66.0;938.0;938.7;937.9;5;5;3;2.0;2.0;5.0;10.0;9.0;8.0;70.66666666666667;938.1999999999999;9.0;3.0;5
83075;2014-03-27;0;28.2;18.2;7.6;2014;3;27;-23.43;-46.46;735;81.0;74.0;59.0;937.6;937.8;935.5;5;5;5;1.0;1.0;1.0;10.0;5.0;9.0;71.33333333333333;936.9666666666667;8.0;1.0;5
83075;2014-03-28;0;29.7;18.5;8.1;2014;3;28;-23.43;-46.46;735;78.0;75.0;45.0;935.8;936.1;933.0;5;3;5;1.0;1.0;2.0;8.0;6.0;5.0;66.0;934.9666666666667;6.333333333333333;1.3333333333333333;5
83075;2014-03-29;0;29.2;19.2;5.4;2014;3;29;-23.43;-46.46;735;75.0;81.0;54.0;933.7;934.4;933.0;5;4;5;2.0;3.0;1.0;10.0;10.0;10.0;70.0;933.6999999999999;10.0;2.0;5
83075;2014-03-30;0;30.7;19.6;5.4;2014;3;30;-23.43;-46.46;735;81.0;78.0;57.0;933.3;933.7;932.9;5;4;7;1.0;2.0;1.0;10.0;10.0;10.0;72.0;933.3000000000001;10.0;1.3333333333333333;5
83075;2014-03-31;4.4;30.2;19.7;2.9;2014;3;31;-23.43;-46.46;735;91.0;79.0;53.0;934.0;934.7;933.1;3;8;7;1.0;0.0;1.0;10.0;10.0;5.0;74.33333333333333;933.9333333333334;8.333333333333334;0.6666666666666666;3
83075;2014-04-01;0;31.3;20.8;6.7;2014;4;1;-23.43;-46.46;735;73.0;60.0;65.0;930.7;933.2;933.5;5;8;3;1.0;0.0;3.0;10.0;1.0;10.0;66.0;932.4666666666667;7.0;1.3333333333333333;5
83075;2014-04-02;0;34.6;24.2;6.3;2014;4;2;-23.43;-46.46;735;66.0;48.0;35.0;931.6;933.0;931.8;8;1;5;0.0;1.0;1.0;8.0;8.0;9.0;49.666666666666664;932.1333333333332;8.333333333333334;0.6666666666666666;1
83075;2014-04-03;0;29;19.8;2.8;2014;4;3;-23.43;-46.46;735;78.0;77.0;59.0;933.7;934.6;933.2;8;5;8;0.0;1.0;0.0;10.0;10.0;10.0;71.33333333333333;933.8333333333334;10.0;0.3333333333333333;5
83075;2014-04-04;0;26.5;19.9;4.2;2014;4;4;-23.43;-46.46;735;91.0;80.0;69.0;934.8;936.2;936.0;5;3;5;1.0;2.0;4.0;10.0;10.0;8.0;80.0;935.6666666666666;9.333333333333334;2.3333333333333335;5
83075;2014-04-05;0;27;14.3;7.9;2014;4;5;-23.43;-46.46;735;85.0;86.0;50.0;937.8;937.7;935.2;5;5;8;1.0;1.0;0.0;1.0;5.0;1.0;73.66666666666667;936.9;2.3333333333333335;0.6666666666666666;5
83075;2014-04-06;0;23.5;9.7;7.1;2014;4;6;-23.43;-46.46;735;86.0;83.0;39.0;933.7;934.4;932.4;8;3;1;0.0;3.0;2.0;0.0;10.0;0.0;69.33333333333333;933.5;3.3333333333333335;1.6666666666666667;3
83075;2014-04-08;0;29.8;14.4;8.8;2014;4;8;-23.43;-46.46;735;61.0;57.0;28.0;933.2;934.7;934.1;8;8;7;0.0;0.0;3.0;0.0;0.0;0.0;48.666666666666664;934.0;0.0;1.0;7
83075;2014-04-09;0.3;20;13.9;5.3;2014;4;9;-23.43;-46.46;735;74.0;82.0;73.0;936.8;940.2;939.2;4;5;4;3.0;4.0;5.0;10.0;9.0;8.0;76.33333333333333;938.7333333333332;9.0;4.0;4
83075;2014-04-10;0;19.3;11.5;6.1;2014;4;10;-23.43;-46.46;735;77.0;75.0;49.0;943.5;942.9;940.2;7;3;5;2.0;3.0;3.0;10.0;10.0;2.0;67.0;942.2000000000002;7.333333333333333;2.6666666666666665;7
83075;2014-04-11;35.9;26.9;20.1;0;2014;4;11;-23.43;-46.46;735;91.0;87.0;67.0;930.0;931.0;929.3;5;5;8;2.0;1.0;0.0;10.0;10.0;10.0;81.66666666666667;930.1;10.0;1.0;5
83075;2014-04-13;89.2;26.8;19.7;1.8;2014;4;13;-23.43;-46.46;735;88.0;88.0;64.0;932.9;934.0;933.4;5;7;4;6.0;1.0;2.0;10.0;10.0;10.0;80.0;933.4333333333334;10.0;3.0;5
83075;2014-04-14;0;21.6;17.4;0;2014;4;14;-23.43;-46.46;735;82.0;88.0;82.0;934.1;935.5;935.5;5;4;4;4.0;3.0;4.0;10.0;10.0;10.0;84.0;935.0333333333333;10.0;3.6666666666666665;5
83075;2014-04-15;0;19.7;16.4;0;2014;4;15;-23.43;-46.46;735;84.0;87.0;83.0;937.1;937.2;934.8;4;3;5;4.0;3.0;2.0;10.0;10.0;10.0;84.66666666666667;936.3666666666668;10.0;3.0;4
83075;2014-04-16;24.2;23.8;16.7;0.9;2014;4;16;-23.43;-46.46;735;95.0;82.0;73.0;935.1;935.6;934.2;8;3;5;0.0;2.0;1.0;10.0;10.0;10.0;83.33333333333333;934.9666666666667;10.0;1.0;3
83075;2014-04-17;0;26.8;18.7;5;2014;4;17;-23.43;-46.46;735;86.0;80.0;67.0;934.8;935.2;934.0;5;5;3;1.0;1.0;3.0;10.0;5.0;10.0;77.66666666666667;934.6666666666666;8.333333333333334;1.6666666666666667;5
83075;2014-04-18;0;29.4;18.8;8.3;2014;4;18;-23.43;-46.46;735;77.0;77.0;44.0;934.3;934.2;931.8;5;8;5;2.0;0.0;1.0;10.0;5.0;4.0;66.0;933.4333333333334;6.333333333333333;1.0;5
83075;2014-04-19;0;31.1;17.3;6.2;2014;4;19;-23.43;-46.46;735;85.0;93.0;39.0;932.6;934.9;932.3;8;8;5;0.0;0.0;1.0;10.0;10.0;8.0;72.33333333333333;933.2666666666668;9.333333333333334;0.3333333333333333;5
83075;2014-04-20;0;26.1;18.5;3.2;2014;4;20;-23.43;-46.46;735;81.0;87.0;61.0;933.7;934.5;933.8;8;8;5;0.0;0.0;3.0;10.0;10.0;10.0;76.33333333333333;934.0;10.0;1.0;5
83075;2014-04-21;0;26.5;18.7;6.9;2014;4;21;-23.43;-46.46;735;82.0;81.0;55.0;934.4;935.2;934.3;5;8;5;1.0;0.0;1.0;10.0;8.0;8.0;72.66666666666667;934.6333333333332;8.666666666666666;0.6666666666666666;5
83075;2014-04-22;0;23.3;17.9;0.1;2014;4;22;-23.43;-46.46;735;82.0;80.0;63.0;934.6;934.4;932.8;5;3;3;1.0;2.0;1.0;10.0;10.0;10.0;75.0;933.9333333333334;10.0;1.3333333333333333;5
83075;2014-04-23;0;24.4;18.1;0;2014;4;23;-23.43;-46.46;735;76.0;80.0;61.0;933.3;934.4;934.0;5;8;5;1.0;0.0;1.0;10.0;9.0;10.0;72.33333333333333;933.9;9.666666666666666;0.6666666666666666;5
83075;2014-04-24;0;20.7;17.8;0.9;2014;4;24;-23.43;-46.46;735;80.0;85.0;79.0;935.5;935.7;934.7;5;5;4;2.0;3.0;2.0;10.0;10.0;10.0;81.33333333333333;935.3000000000001;10.0;2.3333333333333335;5
83075;2014-04-25;0.7;22.6;16.3;5.3;2014;4;25;-23.43;-46.46;735;83.0;75.0;58.0;935.6;935.5;933.9;5;3;5;2.0;2.0;3.0;10.0;8.0;9.0;72.0;935.0;9.0;2.3333333333333335;5
83075;2014-04-26;0;20.4;15;3.1;2014;4;26;-23.43;-46.46;735;90.0;71.0;59.0;934.5;935.9;935.3;5;5;5;2.0;2.0;3.0;10.0;5.0;10.0;73.33333333333333;935.2333333333332;8.333333333333334;2.3333333333333335;5
83075;2014-04-27;0;20.6;14.3;6.1;2014;4;27;-23.43;-46.46;735;72.0;71.0;55.0;935.8;937.7;937.2;5;8;5;2.0;0.0;3.0;9.0;1.0;8.0;66.0;936.9;6.0;1.6666666666666667;5
83075;2014-04-28;0;20.2;13.2;4.1;2014;4;28;-23.43;-46.46;735;77.0;75.0;61.0;937.7;940.2;939.9;5;3;3;2.0;2.0;2.0;9.0;9.0;9.0;71.0;939.2666666666668;9.0;2.0;5
83075;2014-04-29;0;22.5;11.8;8.8;2014;4;29;-23.43;-46.46;735;77.0;67.0;47.0;941.2;940.0;936.4;3;4;5;1.0;2.0;1.0;9.0;0.0;1.0;63.666666666666664;939.1999999999999;3.3333333333333335;1.3333333333333333;3
83075;2014-04-30;0;24.8;12;7.6;2014;4;30;-23.43;-46.46;735;68.0;71.0;42.0;936.4;936.6;932.0;3;5;8;1.0;1.0;0.0;0.0;10.0;10.0;60.333333333333336;935.0;6.666666666666667;0.6666666666666666;3
83075;2014-05-01;7.4;30.6;20.8;3;2014;5;1;-23.43;-46.46;735;84.0;79.0;84.0;935.5;935.8;934.6;5;5;5;2.0;1.0;3.0;10.0;10.0;10.0;82.33333333333333;935.3000000000001;10.0;2.0;5
83075;2014-05-02;17.8;35.6;23;11.2;2014;5;2;-23.43;-46.46;735;60.0;58.0;39.0;932.6;934.0;932.0;3;1;3;1.0;1.0;1.0;5.0;1.0;5.0;52.333333333333336;932.8666666666667;3.6666666666666665;1.0;3
83075;2014-05-03;3.5;25.2;20.4;0;2014;5;3;-23.43;-46.46;735;81.0;89.0;88.0;933.7;934.0;933.8;5;4;7;2.0;1.0;1.0;10.0;10.0;10.0;86.0;933.8333333333334;10.0;1.3333333333333333;5
83075;2014-05-04;0;28;16.4;9.1;2014;5;4;-23.43;-46.46;735;81.0;74.0;46.0;937.8;938.5;935.9;7;1;3;3.0;1.0;1.0;1.0;1.0;0.0;67.0;937.4;0.6666666666666666;1.6666666666666667;7
83075;2014-05-05;0;27.3;16;8.1;2014;5;5;-23.43;-46.46;735;76.0;74.0;49.0;935.7;936.3;935.5;8;8;7;0.0;0.0;1.0;0.0;2.0;10.0;66.33333333333333;935.8333333333334;4.0;0.3333333333333333;7
83075;2014-05-06;0;25.6;11.7;5.8;2014;5;6;-23.43;-46.46;735;70.0;80.0;54.0;932.4;932.6;930.3;8;3;8;0.0;1.0;0.0;0.0;9.0;10.0;68.0;931.7666666666668;6.333333333333333;0.3333333333333333;3
83075;2014-05-08;0.3;24;11.1;6.1;2014;5;8;-23.43;-46.46;735;51.0;79.0;45.0;935.4;942.8;941.6;7;4;4;2.0;6.0;3.0;0.0;10.0;0.0;58.333333333333336;939.9333333333333;3.3333333333333335;3.6666666666666665;7
83075;2014-05-09;0;22.8;12.9;8;2014;5;9;-23.43;-46.46;735;84.0;71.0;47.0;940.4;941.4;937.9;5;3;5;2.0;5.0;1.0;10.0;8.0;1.0;67.33333333333333;939.9;6.333333333333333;2.6666666666666665;5
83075;2014-05-10;0;22;10.6;10.5;2014;5;10;-23.43;-46.46;735;70.0;57.0;48.0;941.7;942.2;940.1;7;5;8;1.0;3.0;0.0;0.0;10.0;10.0;58.333333333333336;941.3333333333334;6.666666666666667;1.3333333333333333;7
83075;2014-05-11;15.1;22.1;18.3;0;2014;5;11;-23.43;-46.46;735;89.0;93.0;78.0;931.1;932.7;933.5;8;5;5;0.0;1.0;1.0;10.0;10.0;10.0;86.66666666666667;932.4333333333334;10.0;0.6666666666666666;5
83075;2014-05-13;0;25.4;13.8;7.1;2014;5;13;-23.43;-46.46;735;74.0;74.0;44.0;936.2;936.4;934.5;8;4;6;0.0;1.0;1.0;0.0;10.0;4.0;64.0;935.6999999999999;4.666666666666667;0.6666666666666666;4
83075;2014-05-14;0;25.2;14.6;6.1;2014;5;14;-23.43;-46.46;735;69.0;80.0;46.0;935.4;936.0;934.7;8;5;4;0.0;1.0;1.0;10.0;10.0;10.0;65.0;935.3666666666668;10.0;0.6666666666666666;5
83075;2014-05-15;0;25.7;14.3;6.7;2014;5;15;-23.43;-46.46;735;80.0;87.0;47.0;936.7;937.4;934.2;3;5;7;1.0;1.0;1.0;10.0;10.0;10.0;71.33333333333333;936.1;10.0;1.0;3
83075;2014-05-16;0;25.8;16.5;6.6;2014;5;16;-23.43;-46.46;735;78.0;77.0;48.0;934.4;934.6;933.4;8;3;7;0.0;1.0;1.0;10.0;10.0;10.0;67.66666666666667;934.1333333333333;10.0;0.6666666666666666;3
83075;2014-05-17;0.6;22.9;16.8;3.7;2014;5;17;-23.43;-46.46;735;78.0;78.0;64.0;934.3;936.2;935.2;4;8;5;2.0;0.0;1.0;10.0;10.0;10.0;73.33333333333333;935.2333333333332;10.0;1.0;4
83075;2014-05-19;4.4;22.9;14.1;3.9;2014;5;19;-23.43;-46.46;735;89.0;85.0;61.0;934.8;936.0;935.1;8;2;5;0.0;1.0;1.0;10.0;10.0;10.0;78.33333333333333;935.3000000000001;10.0;0.6666666666666666;2
83075;2014-05-20;0;24.2;15.2;5.7;2014;5;20;-23.43;-46.46;735;87.0;89.0;48.0;936.0;936.4;934.8;5;3;8;1.0;2.0;0.0;10.0;10.0;8.0;74.66666666666667;935.7333333333332;9.333333333333334;1.0;5
83075;2014-05-21;0;25.5;14.2;4.2;2014;5;21;-23.43;-46.46;735;79.0;93.0;58.0;934.9;935.1;930.1;8;4;8;0.0;2.0;0.0;10.0;10.0;10.0;76.66666666666667;933.3666666666667;10.0;0.6666666666666666;4
83075;2014-05-22;0;25.5;15.7;4.3;2014;5;22;-23.43;-46.46;735;80.0;50.0;58.0;930.8;931.2;930.9;8;7;7;0.0;3.0;2.0;10.0;10.0;10.0;62.666666666666664;930.9666666666667;10.0;1.6666666666666667;7
83075;2014-05-23;11.1;22.1;16.6;0;2014;5;23;-23.43;-46.46;735;88.0;91.0;79.0;931.3;934.6;934.0;7;5;8;2.0;1.0;0.0;10.0;10.0;10.0;86.0;933.3000000000001;10.0;1.0;7
83075;2014-05-24;10.8;17.4;14.6;0;2014;5;24;-23.43;-46.46;735;93.0;90.0;88.0;934.8;936.2;935.9;5;4;5;1.0;2.0;3.0;10.0;10.0;10.0;90.33333333333333;935.6333333333333;10.0;2.0;5
83075;2014-05-25;0.5;17.3;14.2;0;2014;5;25;-23.43;-46.46;735;89.0;90.0;91.0;936.0;936.2;935.7;5;3;5;2.0;1.0;2.0;10.0;10.0;10.0;90.0;935.9666666666667;10.0;1.6666666666666667;5
83075;2014-05-26;10.5;21.6;15.1;1.3;2014;5;26;-23.43;-46.46;735;95.0;86.0;70.0;935.8;933.4;932.6;5;7;7;3.0;3.0;3.0;10.0;10.0;10.0;83.66666666666667;933.9333333333333;10.0;3.0;5
83075;2014-05-27;0;18.5;11.8;3.1;2014;5;27;-23.43;-46.46;735;76.0;74.0;72.0;934.6;935.7;935.3;7;7;5;1.0;2.0;2.0;10.0;5.0;10.0;74.0;935.2000000000002;8.333333333333334;1.6666666666666667;7
83075;2014-05-28;0.5;17.4;13.2;1;2014;5;28;-23.43;-46.46;735;89.0;86.0;77.0;935.4;937.4;936.8;5;5;5;3.0;2.0;3.0;10.0;10.0;10.0;84.0;936.5333333333333;10.0;2.6666666666666665;5
83075;2014-05-29;0;17.7;11.9;3.4;2014;5;29;-23.43;-46.46;735;85.0;80.0;71.0;937.0;937.7;936.8;8;5;4;0.0;1.0;3.0;10.0;10.0;9.0;78.66666666666667;937.1666666666666;9.666666666666666;1.3333333333333333;5
83075;2014-05-30;0;21.5;11.5;7;2014;5;30;-23.43;-46.46;735;79.0;81.0;51.0;937.5;938.6;937.0;5;1;3;1.0;1.0;1.0;10.0;8.0;2.0;70.33333333333333;937.6999999999999;6.666666666666667;1.0;5
83075;2014-05-31;0;24.4;12.7;6.7;2014;5;31;-23.43;-46.46;735;87.0;86.0;44.0;937.0;937.0;932.9;8;3;7;0.0;1.0;1.0;10.0;10.0;9.0;72.33333333333333;935.6333333333333;9.666666666666666;0.6666666666666666;3
83075;2014-06-02;0;35.5;23.5;11.2;2014;6;2;-23.43;-46.46;735;66.0;57.0;31.0;932.7;933.4;932.1;5;3;5;1.0;1.0;1.0;0.0;0.0;2.0;51.333333333333336;932.7333333333332;0.6666666666666666;1.0;5
83075;2014-06-03;5.7;30.2;19.4;6.7;2014;6;3;-23.43;-46.46;735;93.0;75.0;60.0;933.8;933.4;930.9;7;7;7;1.0;1.0;1.0;5.0;4.0;9.0;76.0;932.6999999999999;6.0;1.0;7
83075;2014-06-05;0;27.3;17.9;6;2014;6;5;-23.43;-46.46;735;74.0;72.0;49.0;935.4;936.5;934.5;8;4;7;0.0;1.0;1.0;10.0;10.0;10.0;65.0;935.4666666666667;10.0;0.6666666666666666;4
83075;2014-06-06;0;20.9;15.3;0;2014;6;6;-23.43;-46.46;735;74.0;81.0;85.0;930.0;932.4;931.7;8;4;8;0.0;1.0;0.0;0.0;10.0;10.0;80.0;931.3666666666668;6.666666666666667;0.3333333333333333;4
83075;2014-06-07;0;26.4;14.6;8.1;2014;6;7;-23.43;-46.46;735;62.0;72.0;38.0;937.8;938.7;938.1;8;8;7;0.0;0.0;1.0;0.0;0.0;10.0;57.333333333333336;938.1999999999999;3.3333333333333335;0.3333333333333333;7
83075;2014-06-08;0;23.3;9.5;8.9;2014;6;8;-23.43;-46.46;735;78.0;69.0;36.0;942.5;942.3;938.6;3;3;3;3.0;3.0;3.0;0.0;0.0;0.0;61.0;941.1333333333333;0.0;3.0;3
83075;2014-06-09;0;26.8;11.1;8.7;2014;6;9;-23.43;-46.46;735;83.0;74.0;37.0;939.3;939.5;935.4;5;3;7;1.0;3.0;1.0;1.0;0.0;6.0;64.66666666666667;938.0666666666666;2.3333333333333335;1.6666666666666667;5
83075;2014-06-10;0;25.6;10.7;9.7;2014;6;10;-23.43;-46.46;735;81.0;67.0;37.0;940.8;940.5;936.5;3;5;5;2.0;3.0;1.0;5.0;4.0;10.0;61.666666666666664;939.2666666666668;6.333333333333333;2.0;3
83075;2014-06-11;23;28;17.8;4.1;2014;6;11;-23.43;-46.46;735;86.0;79.0;66.0;935.5;937.8;934.5;5;8;5;2.0;0.0;1.0;10.0;10.0;1.0;77.0;935.9333333333334;7.0;1.0;5
83075;2014-06-13;0;26.6;14.7;7.7;2014;6;13;-23.43;-46.46;735;80.0;87.0;52.0;939.1;940.5;938.1;8;7;7;0.0;1.0;1.0;0.0;5.0;1.0;73.0;939.2333333333332;2.0;0.6666666666666666;7
83075;2014-06-14;0;25.6;15.3;4.2;2014;6;14;-23.43;-46.46;735;77.0;92.0;57.0;937.9;940.2;938.2;8;3;8;0.0;1.0;0.0;0.0;10.0;9.0;75.33333333333333;938.7666666666668;6.333333333333333;0.3333333333333333;3
83075;2014-06-15;0;21.1;16;0;2014;6;15;-23.43;-46.46;735;84.0;84.0;80.0;938.4;940.3;939.6;8;5;5;0.0;1.0;1.0;10.0;10.0;10.0;82.66666666666667;939.4333333333333;10.0;0.6666666666666666;5
83075;2014-06-16;0;26.1;17;7.7;2014;6;16;-23.43;-46.46;735;86.0;78.0;55.0;939.7;940.6;937.9;5;3;8;1.0;1.0;0.0;10.0;10.0;6.0;73.0;939.4000000000001;8.666666666666666;0.6666666666666666;5
83075;2014-06-18;0;20.4;15.3;5.4;2014;6;18;-23.43;-46.46;735;86.0;88.0;78.0;940.1;939.6;938.4;8;3;5;0.0;1.0;3.0;10.0;10.0;10.0;84.0;939.3666666666667;10.0;1.3333333333333333;3
83075;2014-06-19;0;17;12.9;0;2014;6;19;-23.43;-46.46;735;86.0;86.0;76.0;940.3;942.4;941.6;5;4;5;1.0;5.0;3.0;10.0;10.0;10.0;82.66666666666667;941.4333333333333;10.0;3.0;5
83075;2014-06-20;0;16.5;12.7;0;2014;6;20;-23.43;-46.46;735;83.0;86.0;81.0;941.5;940.8;939.0;5;8;5;3.0;0.0;1.0;10.0;10.0;10.0;83.33333333333333;940.4333333333334;10.0;1.3333333333333333;5
83075;2014-06-21;0;19.4;13.8;0;2014;6;21;-23.43;-46.46;735;86.0;87.0;72.0;939.0;939.8;939.1;8;3;4;0.0;2.0;3.0;10.0;10.0;10.0;81.66666666666667;939.3000000000001;10.0;1.6666666666666667;3
83075;2014-06-22;0;22.3;14.5;5.5;2014;6;22;-23.43;-46.46;735;86.0;81.0;65.0;939.6;939.9;938.4;8;3;8;0.0;3.0;0.0;10.0;10.0;5.0;77.33333333333333;939.3000000000001;8.333333333333334;1.0;3
83075;2014-06-23;0;24.4;13.8;5;2014;6;23;-23.43;-46.46;735;89.0;88.0;52.0;939.3;939.8;938.7;8;3;8;0.0;2.0;0.0;10.0;10.0;5.0;76.33333333333333;939.2666666666668;8.333333333333334;0.6666666666666666;3
83075;2014-06-24;0;25.5;13;8.1;2014;6;24;-23.43;-46.46;735;84.0;82.0;45.0;938.9;939.4;936.7;8;1;8;0.0;2.0;0.0;0.0;0.0;5.0;70.33333333333333;938.3333333333334;1.6666666666666667;0.6666666666666666;1
83075;2014-06-25;0;26.2;14.2;7.9;2014;6;25;-23.43;-46.46;735;79.0;78.0;43.0;936.7;936.7;934.1;8;5;7;0.0;1.0;1.0;0.0;10.0;5.0;66.66666666666667;935.8333333333334;5.0;0.6666666666666666;5
83075;2014-07-01;0;33.6;19.6;9.7;2014;7;1;-23.43;-46.46;735;77.0;71.0;31.0;935.8;934.9;932.9;5;3;8;1.0;3.0;0.0;10.0;9.0;6.0;59.666666666666664;934.5333333333333;8.333333333333334;1.3333333333333333;5
83075;2014-07-02;0;36;23.3;10.9;2014;7;2;-23.43;-46.46;735;60.0;45.0;29.0;932.7;934.0;931.6;8;1;3;0.0;2.0;1.0;0.0;0.0;1.0;44.666666666666664;932.7666666666668;0.3333333333333333;1.0;1
83075;2014-07-03;6.6;29.9;18.1;5.8;2014;7;3;-23.43;-46.46;735;91.0;80.0;58.0;932.2;932.7;929.6;5;8;5;1.0;0.0;3.0;10.0;10.0;10.0;76.33333333333333;931.5;10.0;1.3333333333333333;5
83075;2014-07-04;0;31.8;18;7.6;2014;7;4;-23.43;-46.46;735;79.0;67.0;34.0;934.9;934.9;932.2;5;8;7;1.0;0.0;1.0;4.0;4.0;10.0;60.0;934.0;6.0;0.6666666666666666;5
83075;2014-07-05;0;27.7;18.4;3.3;2014;7;5;-23.43;-46.46;735;75.0;80.0;42.0;935.6;937.0;936.3;8;5;7;0.0;1.0;1.0;10.0;9.0;8.0;65.66666666666667;936.2999999999998;9.0;0.6666666666666666;5
83075;2014-07-06;4.2;28.2;17;5.8;2014;7;6;-23.43;-46.46;735;93.0;86.0;44.0;931.3;931.7;931.2;8;3;8;0.0;1.0;0.0;10.0;10.0;10.0;74.33333333333333;931.4;10.0;0.3333333333333333;3
83075;2014-07-07;0;23;15.5;0.2;2014;7;7;-23.43;-46.46;735;65.0;73.0;61.0;938.4;939.6;939.2;8;3;8;0.0;3.0;0.0;0.0;10.0;10.0;66.33333333333333;939.0666666666666;6.666666666666667;1.0;3
83075;2014-07-08;0;27.1;10;8.9;2014;7;8;-23.43;-46.46;735;72.0;66.0;26.0;939.8;941.2;938.3;8;8;5;0.0;0.0;1.0;0.0;0.0;0.0;54.666666666666664;939.7666666666668;0.0;0.3333333333333333;5
83075;2014-07-09;0;28.4;13.4;8.4;2014;7;9;-23.43;-46.46;735;73.0;65.0;36.0;936.1;938.1;936.2;8;8;5;0.0;0.0;1.0;0.0;0.0;10.0;58.0;936.8000000000001;3.3333333333333335;0.3333333333333333;5
83075;2014-07-10;0;26.1;13.5;3.7;2014;7;10;-23.43;-46.46;735;73.0;74.0;44.0;938.2;938.4;934.7;5;4;8;1.0;1.0;0.0;2.0;10.0;10.0;63.666666666666664;937.1;7.333333333333333;0.6666666666666666;5
83075;2014-07-11;0;31.5;18.4;3.7;2014;7;11;-23.43;-46.46;735;86.0;77.0;46.0;935.2;934.0;930.5;5;7;7;1.0;1.0;1.0;10.0;10.0;8.0;69.66666666666667;933.2333333333332;9.333333333333334;1.0;5
83075;2014-07-13;0;21.5;13.1;7.6;2014;7;13;-23.43;-46.46;735;88.0;83.0;53.0;941.8;943.5;941.1;8;3;3;0.0;1.0;1.0;10.0;10.0;1.0;74.66666666666667;942.1333333333333;7.0;0.6666666666666666;3
83075;2014-07-14;0;20.7;12.3;5.3;2014;7;14;-23.43;-46.46;735;87.0;84.0;56.0;942.0;942.4;939.9;8;3;3;0.0;3.0;1.0;1.0;10.0;1.0;75.66666666666667;941.4333333333334;4.0;1.3333333333333333;3
83075;2014-07-15;0;21.9;12.7;6.9;2014;7;15;-23.43;-46.46;735;84.0;85.0;49.0;940.4;941.1;939.3;5;7;8;1.0;2.0;0.0;5.0;10.0;1.0;72.66666666666667;940.2666666666668;5.333333333333333;1.0;5
83075;2014-07-16;0;23.2;11.9;8;2014;7;16;-23.43;-46.46;735;87.0;89.0;56.0;939.7;940.5;937.8;8;3;8;0.0;1.0;0.0;0.0;10.0;10.0;77.33333333333333;939.3333333333334;6.666666666666667;0.3333333333333333;3
83075;2014-07-17;0;26.6;13;8.4;2014;7;17;-23.43;-46.46;735;80.0;69.0;44.0;939.3;940.3;936.9;8;3;7;0.0;1.0;3.0;10.0;10.0;10.0;64.33333333333333;938.8333333333334;10.0;1.3333333333333333;3
83075;2014-07-18;0;23.1;15.6;3.3;2014;7;18;-23.43;-46.46;735;69.0;68.0;56.0;937.1;937.7;935.4;8;7;7;0.0;3.0;5.0;10.0;10.0;10.0;64.33333333333333;936.7333333333335;10.0;2.6666666666666665;7
83075;2014-07-19;0;19.5;12.2;6.2;2014;7;19;-23.43;-46.46;735;76.0;72.0;46.0;937.1;940.0;937.9;8;5;5;0.0;3.0;1.0;10.0;10.0;0.0;64.66666666666667;938.3333333333334;6.666666666666667;1.3333333333333333;5
83075;2014-07-20;0;20.3;11.7;8.8;2014;7;20;-23.43;-46.46;735;83.0;70.0;51.0;939.7;940.1;938.7;5;8;5;1.0;0.0;1.0;10.0;0.0;0.0;68.0;939.5;3.3333333333333335;0.6666666666666666;5
83075;2014-07-21;0;20.8;10.5;5.6;2014;7;21;-23.43;-46.46;735;82.0;85.0;58.0;939.8;940.5;939.9;8;5;5;0.0;3.0;1.0;0.0;10.0;0.0;75.0;940.0666666666666;3.3333333333333335;1.3333333333333333;5
83075;2014-07-22;0;24.7;11.7;6.6;2014;7;22;-23.43;-46.46;735;89.0;90.0;55.0;939.4;940.2;939.3;8;1;5;0.0;2.0;1.0;10.0;10.0;0.0;78.0;939.6333333333332;6.666666666666667;1.0;1
83075;2014-07-23;0;26.7;12.9;8.8;2014;7;23;-23.43;-46.46;735;79.0;72.0;36.0;938.1;938.2;934.2;8;7;7;0.0;1.0;1.0;4.0;0.0;0.0;62.333333333333336;936.8333333333334;1.3333333333333333;0.6666666666666666;7
83075;2014-07-24;0;24.1;15.3;0.1;2014;7;24;-23.43;-46.46;735;58.0;57.0;55.0;934.0;933.6;932.4;8;8;7;0.0;0.0;3.0;10.0;10.0;10.0;56.666666666666664;933.3333333333334;10.0;1.0;7
83075;2014-07-25;8.8;18;13.2;0;2014;7;25;-23.43;-46.46;735;82.0;85.0;67.0;932.5;936.0;935.4;0;7;7;3.0;5.0;1.0;10.0;10.0;10.0;78.0;934.6333333333333;10.0;3.0;0
83075;2014-07-26;0;16;12.5;0;2014;7;26;-23.43;-46.46;735;88.0;86.0;87.0;937.3;938.3;937.4;5;5;5;1.0;1.0;1.0;10.0;10.0;10.0;87.0;937.6666666666666;10.0;1.0;5
83075;2014-07-27;1.7;16;12.9;0;2014;7;27;-23.43;-46.46;735;88.0;93.0;91.0;938.8;941.2;941.1;5;8;5;1.0;0.0;1.0;10.0;10.0;10.0;90.66666666666667;940.3666666666667;10.0;0.6666666666666666;5
83075;2014-07-28;1.1;17.5;12.9;0.1;2014;7;28;-23.43;-46.46;735;89.0;86.0;78.0;942.7;944.5;943.5;5;5;5;1.0;3.0;1.0;10.0;10.0;10.0;84.33333333333333;943.5666666666666;10.0;1.6666666666666667;5
83075;2014-07-29;0;19.3;13.1;0.5;2014;7;29;-23.43;-46.46;735;86.0;79.0;62.0;944.3;944.9;943.2;3;3;3;3.0;3.0;1.0;10.0;10.0;10.0;75.66666666666667;944.1333333333332;10.0;2.3333333333333335;3
83075;2014-07-30;0;22.3;12.3;6.9;2014;7;30;-23.43;-46.46;735;79.0;82.0;55.0;943.4;943.5;940.2;8;3;5;0.0;2.0;1.0;0.0;10.0;0.0;72.0;942.3666666666668;3.3333333333333335;1.0;3
83075;2014-07-31;0;23.8;11.3;6.1;2014;7;31;-23.43;-46.46;735;82.0;91.0;50.0;939.9;940.2;937.3;8;5;8;0.0;1.0;0.0;0.0;10.0;0.0;74.33333333333333;939.1333333333332;3.3333333333333335;0.3333333333333333;5
83075;2014-08-01;0;33.2;20.7;9.6;2014;8;1;-23.43;-46.46;735;72.0;48.0;38.0;932.4;933.1;931.9;8;4;1;0.0;1.0;1.0;0.0;4.0;6.0;52.666666666666664;932.4666666666667;3.3333333333333335;0.6666666666666666;4
83075;2014-08-02;0;36.5;24.7;8.8;2014;8;2;-23.43;-46.46;735;52.0;46.0;30.0;933.2;933.8;931.3;8;8;7;0.0;0.0;1.0;0.0;0.0;5.0;42.666666666666664;932.7666666666668;1.6666666666666667;0.3333333333333333;7
83075;2014-08-03;62.6;26.4;17.9;4.6;2014;8;3;-23.43;-46.46;735;92.0;85.0;63.0;932.5;932.7;930.3;5;8;8;2.0;0.0;0.0;10.0;10.0;5.0;80.0;931.8333333333334;8.333333333333334;0.6666666666666666;5
83075;2014-08-04;0;30.4;17.2;6.7;2014;8;4;-23.43;-46.46;735;84.0;83.0;42.0;933.3;933.5;931.6;8;5;8;0.0;1.0;0.0;10.0;10.0;4.0;69.66666666666667;932.8000000000001;8.0;0.3333333333333333;5
83075;2014-08-05;0;27.5;16.1;8.5;2014;8;5;-23.43;-46.46;735;69.0;70.0;45.0;936.5;936.3;933.5;8;8;7;0.0;0.0;2.0;4.0;0.0;8.0;61.333333333333336;935.4333333333334;4.0;0.6666666666666666;7
83075;2014-08-06;0;28.3;16.1;7.1;2014;8;6;-23.43;-46.46;735;73.0;70.0;39.0;931.2;931.9;931.1;8;8;7;0.0;0.0;3.0;2.0;10.0;10.0;60.666666666666664;931.4;7.333333333333333;1.0;7
83075;2014-08-07;10;18.8;15.1;0.3;2014;8;7;-23.43;-46.46;735;85.0;96.0;81.0;940.9;941.7;941.1;8;8;5;0.0;0.0;1.0;10.0;10.0;10.0;87.33333333333333;941.2333333333332;10.0;0.3333333333333333;5
83075;2014-08-08;0;19.5;13.8;0;2014;8;8;-23.43;-46.46;735;59.0;83.0;82.0;938.9;940.7;940.3;8;5;4;0.0;1.0;2.0;0.0;10.0;10.0;74.66666666666667;939.9666666666666;6.666666666666667;1.0;5
83075;2014-08-09;0;28.1;17.1;8.7;2014;8;9;-23.43;-46.46;735;58.0;57.0;37.0;937.3;938.8;935.5;5;3;5;1.0;2.0;2.0;10.0;10.0;0.0;50.666666666666664;937.1999999999999;6.666666666666667;1.6666666666666667;5
83075;2014-08-10;0;28.8;14.7;9.9;2014;8;10;-23.43;-46.46;735;76.0;57.0;33.0;936.2;936.2;933.7;8;5;8;0.0;2.0;0.0;10.0;10.0;10.0;55.333333333333336;935.3666666666668;10.0;0.6666666666666666;5
83075;2014-08-11;11.8;27.1;18.4;0.4;2014;8;11;-23.43;-46.46;735;69.0;73.0;57.0;931.6;930.9;929.6;8;7;5;0.0;1.0;1.0;10.0;10.0;10.0;66.33333333333333;930.6999999999999;10.0;0.6666666666666666;7
83075;2014-08-13;0;22.2;10.5;0;2014;8;13;-23.43;-46.46;735;62.0;84.0;90.0;934.2;936.1;937.7;8;5;5;0.0;2.0;3.0;5.0;10.0;10.0;78.66666666666667;936.0;8.333333333333334;1.6666666666666667;5
83075;2014-08-14;13.3;13.8;9;0;2014;8;14;-23.43;-46.46;735;90.0;90.0;85.0;942.0;943.3;941.9;4;4;5;5.0;3.0;2.0;10.0;10.0;10.0;88.33333333333333;942.4;10.0;3.3333333333333335;4
83075;2014-08-15;0;20.3;10.7;2.4;2014;8;15;-23.43;-46.46;735;86.0;83.0;66.0;942.3;943.2;942.4;5;5;3;3.0;1.0;2.0;10.0;10.0;10.0;78.33333333333333;942.6333333333333;10.0;2.0;5
83075;2014-08-16;0;22;13.7;2.1;2014;8;16;-23.43;-46.46;735;86.0;86.0;66.0;943.1;943.1;941.4;3;5;4;1.0;2.0;1.0;10.0;10.0;10.0;79.33333333333333;942.5333333333333;10.0;1.3333333333333333;3
83075;2014-08-17;12.1;24.4;14.3;1.7;2014;8;17;-23.43;-46.46;735;94.0;94.0;61.0;942.6;941.2;938.0;3;5;5;1.0;1.0;1.0;10.0;10.0;10.0;83.0;940.6;10.0;1.0;3
83075;2014-08-18;0;24.5;14.9;2;2014;8;18;-23.43;-46.46;735;91.0;85.0;62.0;939.0;939.1;936.5;3;8;5;1.0;0.0;3.0;10.0;10.0;10.0;79.33333333333333;938.1999999999999;10.0;1.3333333333333333;3
83075;2014-08-19;0;22;12.9;5.4;2014;8;19;-23.43;-46.46;735;79.0;76.0;57.0;938.6;939.3;938.3;5;5;4;3.0;2.0;3.0;10.0;10.0;8.0;70.66666666666667;938.7333333333332;9.333333333333334;2.6666666666666665;5
83075;2014-08-20;0;24.2;13.3;7.7;2014;8;20;-23.43;-46.46;735;81.0;78.0;42.0;939.4;940.1;938.1;3;5;5;1.0;2.0;1.0;10.0;6.0;0.0;67.0;939.1999999999999;5.333333333333333;1.3333333333333333;3
83075;2014-08-21;0;28.2;14;7.5;2014;8;21;-23.43;-46.46;735;82.0;84.0;36.0;940.2;940.2;936.3;5;4;7;1.0;3.0;3.0;10.0;10.0;0.0;67.33333333333333;938.9;6.666666666666667;2.3333333333333335;5
83075;2014-08-23;0;28.8;14.5;8.6;2014;8;23;-23.43;-46.46;735;59.0;61.0;33.0;936.1;937.8;934.9;8;8;3;0.0;0.0;1.0;0.0;0.0;1.0;51.0;936.2666666666668;0.3333333333333333;0.3333333333333333;3
83075;2014-08-24;0;30.8;14.5;8.6;2014;8;24;-23.43;-46.46;735;58.0;58.0;23.0;934.9;935.0;932.5;8;8;7;0.0;0.0;2.0;0.0;0.0;4.0;46.333333333333336;934.1333333333333;1.3333333333333333;0.6666666666666666;7
83075;2014-08-25;0;31.3;15.1;8.5;2014;8;25;-23.43;-46.46;735;48.0;46.0;27.0;932.8;934.0;930.8;8;8;7;0.0;0.0;1.0;10.0;0.0;0.0;40.333333333333336;932.5333333333333;3.3333333333333335;0.3333333333333333;7
83075;2014-08-26;0;24.7;18.1;4.1;2014;8;26;-23.43;-46.46;735;52.0;70.0;77.0;931.7;932.8;931.8;8;5;5;0.0;2.0;1.0;5.0;2.0;5.0;66.33333333333333;932.1;4.0;1.0;5
83075;2014-08-27;4.2;24.3;13.3;8.4;2014;8;27;-23.43;-46.46;735;82.0;67.0;52.0;931.9;934.9;933.8;8;4;4;0.0;1.0;2.0;10.0;6.0;10.0;67.0;933.5333333333333;8.666666666666666;1.0;4
83075;2014-08-28;0;21;11.5;4.9;2014;8;28;-23.43;-46.46;735;80.0;75.0;62.0;935.1;936.4;934.7;5;5;5;1.0;3.0;3.0;10.0;10.0;10.0;72.33333333333333;935.4;10.0;2.3333333333333335;5
83075;2014-08-29;0;19.1;12.3;1.8;2014;8;29;-23.43;-46.46;735;89.0;78.0;63.0;937.2;938.3;936.9;5;5;3;1.0;2.0;2.0;10.0;10.0;9.0;76.66666666666667;937.4666666666667;9.666666666666666;1.6666666666666667;5
83075;2014-08-30;0;25.1;13.5;7;2014;8;30;-23.43;-46.46;735;82.0;78.0;45.0;938.2;938.3;935.4;5;5;5;1.0;1.0;1.0;10.0;10.0;0.0;68.33333333333333;937.3000000000001;6.666666666666667;1.0;5
83075;2014-08-31;0;31.7;13.9;6.2;2014;8;31;-23.43;-46.46;735;85.0;76.0;77.0;936.7;934.6;933.1;5;3;5;3.0;1.0;0.9;10.0;10.0;10.0;79.33333333333333;934.8000000000001;10.0;1.6333333333333335;5
83075;2014-09-01;0;33.5;21.5;7;2014;9;1;-23.43;-46.46;735;55.0;58.0;38.0;931.6;932.7;931.4;8;8;4;0.0;0.0;4.0;10.0;2.0;10.0;50.333333333333336;931.9000000000001;7.333333333333333;1.3333333333333333;4
83075;2014-09-02;1.4;36.2;23;9.5;2014;9;2;-23.43;-46.46;735;59.0;49.0;29.0;931.5;933.1;931.6;3;7;3;1.0;1.0;1.0;10.0;0.0;4.0;45.666666666666664;932.0666666666666;4.666666666666667;1.0;3
83075;2014-09-03;5.8;30.5;18.1;9.6;2014;9;3;-23.43;-46.46;735;82.0;80.0;50.0;931.3;932.3;931.1;5;8;7;1.0;0.0;1.0;10.0;1.0;5.0;70.66666666666667;931.5666666666666;5.333333333333333;0.6666666666666666;5
83075;2014-09-04;0;30.3;18.8;3.8;2014;9;4;-23.43;-46.46;735;75.0;75.0;54.0;932.1;932.8;929.1;8;8;7;0.0;0.0;1.0;0.0;5.0;10.0;68.0;931.3333333333334;5.0;0.3333333333333333;7
83075;2014-09-05;0;22.8;16.5;0.4;2014;9;5;-23.43;-46.46;735;65.0;79.0;67.0;933.4;933.5;932.2;8;5;3;0.0;3.0;3.0;0.0;10.0;10.0;70.33333333333333;933.0333333333334;6.666666666666667;2.0;5
83075;2014-09-06;0;23.5;17.7;5.5;2014;9;6;-23.43;-46.46;735;60.0;68.0;72.0;931.8;937.3;938.2;8;5;5;0.0;1.0;4.0;10.0;6.0;10.0;66.66666666666667;935.7666666666668;8.666666666666666;1.6666666666666667;5
83075;2014-09-07;3;20;13.8;1.5;2014;9;7;-23.43;-46.46;735;89.0;86.0;72.0;941.5;941.3;938.8;8;5;5;0.0;1.0;3.0;10.0;10.0;10.0;82.33333333333333;940.5333333333333;10.0;1.3333333333333333;5
83075;2014-09-08;0;21.3;15.3;0.8;2014;9;8;-23.43;-46.46;735;91.0;83.0;72.0;941.2;940.9;938.0;5;3;5;1.0;1.0;2.0;10.0;10.0;10.0;82.0;940.0333333333333;10.0;1.3333333333333333;5
83075;2014-09-09;0;30.9;15.7;9.3;2014;9;9;-23.43;-46.46;735;70.0;65.0;31.0;937.4;937.8;933.5;3;3;3;1.0;1.0;1.0;0.0;0.0;0.0;55.333333333333336;936.2333333333332;0.0;1.0;3
83075;2014-09-10;0;32.4;15.1;10.3;2014;9;10;-23.43;-46.46;735;67.0;53.0;27.0;934.8;934.2;931.1;5;3;5;1.0;3.0;1.0;2.0;0.0;1.0;49.0;933.3666666666667;1.0;1.6666666666666667;5
83075;2014-09-11;0.2;25.7;18.7;5.7;2014;9;11;-23.43;-46.46;735;87.0;67.0;62.0;931.4;932.7;931.6;4;5;4;5.0;1.0;3.0;10.0;8.0;10.0;72.0;931.9;9.333333333333334;3.0;4
83075;2014-09-13;0;29.1;14.4;9.3;2014;9;13;-23.43;-46.46;735;76.0;73.0;27.0;937.3;938.6;935.2;4;3;3;3.0;2.0;1.0;9.0;6.0;0.0;58.666666666666664;937.0333333333334;5.0;2.0;4
83075;2014-09-14;0;30.9;15;9.4;2014;9;14;-23.43;-46.46;735;80.0;63.0;36.0;936.9;936.6;933.0;5;8;5;2.0;0.0;1.0;10.0;0.0;0.0;59.666666666666664;935.5;3.3333333333333335;1.0;5
83075;2014-09-16;0;25.9;16.6;7.8;2014;9;16;-23.43;-46.46;735;51.0;65.0;61.0;931.8;934.1;933.7;8;3;4;0.0;1.0;5.0;10.0;10.0;10.0;59.0;933.2000000000002;10.0;2.0;3
83075;2014-09-17;0;23;15.1;3.4;2014;9;17;-23.43;-46.46;735;78.0;81.0;64.0;935.9;937.1;935.9;5;4;4;3.0;2.0;3.0;10.0;10.0;10.0;74.33333333333333;936.3000000000001;10.0;2.6666666666666665;5
83075;2014-09-18;0;27.3;15.6;5.4;2014;9;18;-23.43;-46.46;735;81.0;78.0;51.0;936.6;936.6;932.7;3;5;5;1.0;1.0;1.0;10.0;10.0;10.0;70.0;935.3000000000001;10.0;1.0;3
83075;2014-09-19;1;23.2;17.2;0.1;2014;9;19;-23.43;-46.46;735;82.0;87.0;77.0;933.6;933.2;932.1;8;5;5;0.0;1.0;2.0;10.0;10.0;10.0;82.0;932.9666666666667;10.0;1.0;5
83075;2014-09-20;1.9;23.8;18.7;0.1;2014;9;20;-23.43;-46.46;735;85.0;76.0;81.0;932.2;932.5;932.5;7;8;7;1.0;0.0;1.0;10.0;9.0;10.0;80.66666666666667;932.4;9.666666666666666;0.6666666666666666;7
83075;2014-09-21;2.6;21.4;16.1;2.8;2014;9;21;-23.43;-46.46;735;84.0;92.0;79.0;932.5;932.7;932.3;7;5;5;3.0;2.0;4.0;10.0;10.0;10.0;85.0;932.5;10.0;3.0;7
83075;2014-09-22;0.1;22.1;13.1;8.8;2014;9;22;-23.43;-46.46;735;79.0;62.0;45.0;934.7;939.0;937.1;5;3;5;2.0;5.0;3.0;8.0;6.0;5.0;62.0;936.9333333333334;6.333333333333333;3.3333333333333335;5
83075;2014-09-23;0;29;12;9.9;2014;9;23;-23.43;-46.46;735;80.0;67.0;34.0;937.5;936.9;933.6;5;5;5;1.0;2.0;3.0;8.0;0.0;4.0;60.333333333333336;936.0;4.0;2.0;5
83075;2014-09-24;0;32.9;15.7;7.1;2014;9;24;-23.43;-46.46;735;71.0;54.0;61.0;934.7;933.9;933.3;5;4;5;1.0;2.0;6.0;1.0;10.0;10.0;62.0;933.9666666666666;7.0;3.0;5
83075;2014-09-25;0;27.9;17.5;1.8;2014;9;25;-23.43;-46.46;735;81.0;64.0;52.0;936.1;935.5;931.9;8;1;7;0.0;1.0;1.0;10.0;10.0;10.0;65.66666666666667;934.5;10.0;0.6666666666666666;1
83075;2014-09-26;0;28.2;18.1;0.1;2014;9;26;-23.43;-46.46;735;82.0;65.0;90.0;933.0;932.4;932.0;8;7;5;0.0;1.0;2.0;10.0;10.0;10.0;79.0;932.4666666666667;10.0;1.0;7
83075;2014-09-27;26.9;21.3;17.1;0;2014;9;27;-23.43;-46.46;735;91.0;85.0;80.0;934.4;936.3;935.6;8;3;5;0.0;1.0;1.0;10.0;10.0;10.0;85.33333333333333;935.4333333333333;10.0;0.6666666666666666;3
83075;2014-09-28;0;25.7;17.3;1.3;2014;9;28;-23.43;-46.46;735;88.0;82.0;63.0;937.5;937.2;934.3;5;5;5;2.0;1.0;1.0;10.0;10.0;10.0;77.66666666666667;936.3333333333334;10.0;1.3333333333333333;5
83075;2014-09-29;0.1;31.9;17.9;0.9;2014;9;29;-23.43;-46.46;735;86.0;80.0;88.0;935.4;933.4;932.9;8;5;5;0.0;1.0;1.0;10.0;10.0;10.0;84.66666666666667;933.9;10.0;0.6666666666666666;5
83075;2014-09-30;2.7;30.9;18.8;5.4;2014;9;30;-23.43;-46.46;735;92.0;66.0;52.0;933.4;934.0;931.8;8;7;7;0.0;1.0;1.0;5.0;10.0;10.0;70.0;933.0666666666666;8.333333333333334;0.6666666666666666;7
83075;2014-10-01;3;34.1;20.8;7.9;2014;10;1;-23.43;-46.46;735;74.0;66.0;33.0;932.7;933.5;931.3;8;8;7;0.0;0.0;1.0;9.0;2.0;10.0;57.666666666666664;932.5;7.0;0.3333333333333333;7
83075;2014-10-02;0;35.6;23.1;10.3;2014;10;2;-23.43;-46.46;735;64.0;47.0;44.0;932.1;933.6;932.0;3;3;5;1.0;1.0;5.0;8.0;0.0;4.0;51.666666666666664;932.5666666666666;4.0;2.3333333333333335;3
83075;2014-10-03;0;32.8;18.9;10;2014;10;3;-23.43;-46.46;735;85.0;73.0;42.0;932.4;933.8;931.3;8;8;7;0.0;0.0;3.0;10.0;0.0;5.0;66.66666666666667;932.5;5.0;1.0;7
83075;2014-10-04;0;28.8;20.8;1.4;2014;10;4;-23.43;-46.46;735;68.0;74.0;66.0;931.6;933.1;933.0;8;5;5;0.0;1.0;3.0;8.0;10.0;10.0;69.33333333333333;932.5666666666666;9.333333333333334;1.3333333333333333;5
83075;2014-10-05;0.1;19.8;14.5;5.5;2014;10;5;-23.43;-46.46;735;84.0;69.0;63.0;933.6;935.4;935.0;4;5;5;3.0;3.0;3.0;10.0;5.0;10.0;72.0;934.6666666666666;8.333333333333334;3.0;4
83075;2014-10-06;0.2;18.9;15.9;0;2014;10;6;-23.43;-46.46;735;87.0;86.0;79.0;940.7;942.2;941.5;4;5;5;1.0;2.0;3.0;10.0;10.0;10.0;84.0;941.4666666666667;10.0;2.0;4
83075;2014-10-07;3.8;18.6;14.1;0;2014;10;7;-23.43;-46.46;735;91.0;91.0;90.0;938.9;938.4;937.4;5;4;4;1.0;1.0;2.0;10.0;10.0;10.0;90.66666666666667;938.2333333333332;10.0;1.3333333333333333;5
83075;2014-10-08;0;25.6;14.2;6.8;2014;10;8;-23.43;-46.46;735;86.0;73.0;44.0;938.5;938.3;935.5;3;4;7;2.0;1.0;1.0;10.0;10.0;10.0;67.66666666666667;937.4333333333334;10.0;1.3333333333333333;3
83075;2014-10-09;0;32.1;17.9;9.4;2014;10;9;-23.43;-46.46;735;45.0;45.0;24.0;934.2;935.3;932.0;8;3;7;0.0;1.0;3.0;0.0;0.0;0.0;38.0;933.8333333333334;0.0;1.3333333333333333;3
83075;2014-10-10;0;34.6;17.9;10.4;2014;10;10;-23.43;-46.46;735;51.0;52.0;24.0;933.1;934.4;931.5;8;7;7;0.0;1.0;1.0;0.0;0.0;10.0;42.333333333333336;933.0;3.3333333333333335;0.6666666666666666;7
83075;2014-10-11;0;27.6;16.9;10.5;2014;10;11;-23.43;-46.46;735;79.0;65.0;48.0;932.4;932.6;931.6;3;7;4;1.0;1.0;3.0;6.0;5.0;1.0;64.0;932.1999999999999;4.0;1.6666666666666667;3
83075;2014-10-13;0;36.7;21.3;9.1;2014;10;13;-23.43;-46.46;735;50.0;43.0;23.0;934.2;935.2;931.7;8;3;7;0.0;1.0;3.0;10.0;0.0;10.0;38.666666666666664;933.7000000000002;6.666666666666667;1.3333333333333333;3
83075;2014-10-14;0;30.4;19.3;4.5;2014;10;14;-23.43;-46.46;735;56.0;69.0;52.0;933.0;934.9;932.9;5;5;3;1.0;1.0;1.0;10.0;10.0;10.0;59.0;933.6;10.0;1.0;5
83075;2014-10-15;0;28.8;19.3;6.3;2014;10;15;-23.43;-46.46;735;65.0;72.0;64.0;934.5;936.9;935.6;5;1;5;1.0;1.0;3.0;5.0;10.0;10.0;67.0;935.6666666666666;8.333333333333334;1.6666666666666667;5
83075;2014-10-16;0;34.3;18.2;6.9;2014;10;16;-23.43;-46.46;735;79.0;72.0;41.0;936.9;937.0;931.7;5;3;5;2.0;3.0;1.0;10.0;10.0;10.0;64.0;935.2000000000002;10.0;2.0;5
83075;2014-10-17;0;37.5;19;7.4;2014;10;17;-23.43;-46.46;735;69.0;66.0;48.0;933.8;933.7;930.8;8;8;5;0.0;0.0;6.0;0.0;0.0;10.0;61.0;932.7666666666668;3.3333333333333335;2.0;5
83075;2014-10-18;0;30.8;18.7;8.7;2014;10;18;-23.43;-46.46;735;83.0;64.0;50.0;936.0;932.7;931.3;5;8;8;3.0;0.0;0.0;10.0;10.0;10.0;65.66666666666667;933.3333333333334;10.0;1.0;5
83075;2014-10-19;0;36.8;19.1;9.8;2014;10;19;-23.43;-46.46;735;60.0;41.0;28.0;931.4;931.6;928.5;8;5;7;0.0;1.0;2.0;10.0;10.0;1.0;43.0;930.5;7.0;1.0;5
83075;2014-10-20;9.5;23.9;17.6;0.6;2014;10;20;-23.43;-46.46;735;86.0;70.0;76.0;935.4;934.1;933.9;5;5;5;3.0;3.0;3.0;10.0;10.0;10.0;77.33333333333333;934.4666666666667;10.0;3.0;5
83075;2014-10-21;0.8;20.7;15;1.2;2014;10;21;-23.43;-46.46;735;87.0;83.0;68.0;935.3;938.1;937.1;4;5;5;4.0;3.0;3.0;10.0;10.0;10.0;79.33333333333333;936.8333333333334;10.0;3.3333333333333335;4
83075;2014-10-22;0;21.8;15;0;2014;10;22;-23.43;-46.46;735;72.0;77.0;66.0;937.9;938.8;937.1;5;4;4;5.0;1.0;3.0;10.0;10.0;10.0;71.66666666666667;937.9333333333333;10.0;3.0;5
83075;2014-10-23;0;28.8;15.8;8.2;2014;10;23;-23.43;-46.46;735;79.0;75.0;51.0;939.0;938.3;934.7;5;3;5;2.0;2.0;2.0;9.0;10.0;0.0;68.33333333333333;937.3333333333334;6.333333333333333;2.0;5
83075;2014-10-24;0;31.7;16.3;6.5;2014;10;24;-23.43;-46.46;735;82.0;76.0;52.0;934.9;934.8;931.3;5;5;5;1.0;1.0;2.0;10.0;6.0;10.0;70.0;933.6666666666666;8.666666666666666;1.3333333333333333;5
83075;2014-10-25;0;27.3;18.1;0;2014;10;25;-23.43;-46.46;735;84.0;79.0;52.0;932.7;933.3;931.7;5;8;7;1.0;0.0;3.0;10.0;10.0;10.0;71.66666666666667;932.5666666666666;10.0;1.3333333333333333;5
83075;2014-10-26;0;25.7;17.9;2;2014;10;26;-23.43;-46.46;735;85.0;70.0;88.0;932.8;932.5;932.1;8;7;5;0.0;1.0;1.0;10.0;10.0;10.0;81.0;932.4666666666667;10.0;0.6666666666666666;7
83075;2014-10-27;12.8;26.5;16.9;11.2;2014;10;27;-23.43;-46.46;735;88.0;62.0;47.0;933.9;934.7;933.8;8;3;5;0.0;2.0;5.0;10.0;4.0;1.0;65.66666666666667;934.1333333333332;5.0;2.3333333333333335;3
83075;2014-10-28;0;27.9;14;11;2014;10;28;-23.43;-46.46;735;78.0;60.0;45.0;935.0;935.5;932.0;5;3;5;1.0;2.0;3.0;6.0;4.0;2.0;61.0;934.1666666666666;4.0;2.0;5
83075;2014-10-29;0;32.6;14.7;10.9;2014;10;29;-23.43;-46.46;735;77.0;58.0;28.0;932.3;932.4;928.6;5;3;5;3.0;1.0;2.0;10.0;0.0;1.0;54.333333333333336;931.0999999999999;3.6666666666666665;2.0;5
83075;2014-10-30;0;34.3;18.5;8.7;2014;10;30;-23.43;-46.46;735;63.0;50.0;34.0;928.8;929.7;926.9;8;8;7;0.0;0.0;1.0;0.0;0.0;10.0;49.0;928.4666666666667;3.3333333333333335;0.3333333333333333;7
83075;2014-10-31;0;34.2;22.6;8.7;2014;10;31;-23.43;-46.46;735;49.0;56.0;38.0;929.9;932.2;930.1;8;7;7;0.0;1.0;1.0;10.0;10.0;10.0;47.666666666666664;930.7333333333332;10.0;0.6666666666666666;7
83075;2014-11-01;25.2;33.9;20.1;6.7;2014;11;1;-23.43;-46.46;735;78.0;58.0;70.0;931.5;932.9;932.5;8;7;5;0.0;2.0;1.0;10.0;2.0;10.0;68.66666666666667;932.3000000000001;7.333333333333333;1.0;7
83075;2014-11-02;0;34.2;21.9;7.4;2014;11;2;-23.43;-46.46;735;61.0;54.0;45.0;933.0;934.1;931.6;8;7;5;0.0;1.0;2.0;0.0;0.0;9.0;53.333333333333336;932.9;3.0;1.0;7
83075;2014-11-03;0;31.6;20.1;6.3;2014;11;3;-23.43;-46.46;735;70.0;63.0;90.0;932.8;932.9;932.5;8;7;7;0.0;1.0;1.0;9.0;8.0;10.0;74.33333333333333;932.7333333333332;9.0;0.6666666666666666;7
83075;2014-11-04;0;29.8;18.4;7.5;2014;11;4;-23.43;-46.46;735;79.0;78.0;55.0;934.5;935.4;931.8;5;5;5;2.0;1.0;1.0;10.0;8.0;6.0;70.66666666666667;933.9;8.0;1.3333333333333333;5
83075;2014-11-05;0.6;20.5;13.4;4.4;2014;11;5;-23.43;-46.46;735;83.0;81.0;66.0;936.8;939.1;938.6;4;5;7;4.0;1.0;1.0;6.0;8.0;6.0;76.66666666666667;938.1666666666666;6.666666666666667;2.0;4
83075;2014-11-06;0;22.5;15.2;3;2014;11;6;-23.43;-46.46;735;83.0;85.0;67.0;941.9;942.4;938.9;4;8;8;1.0;0.0;0.0;10.0;10.0;5.0;78.33333333333333;941.0666666666666;8.333333333333334;0.3333333333333333;4
83075;2014-11-07;7.1;18.6;13.7;0.3;2014;11;7;-23.43;-46.46;735;92.0;88.0;69.0;938.7;939.6;939.0;5;5;5;1.0;2.0;1.0;10.0;10.0;10.0;83.0;939.1;10.0;1.3333333333333333;5
83075;2014-11-08;0;27.6;14.1;8.7;2014;11;8;-23.43;-46.46;735;72.0;64.0;32.0;936.1;937.1;935.1;1;3;7;1.0;2.0;3.0;4.0;0.0;0.0;56.0;936.1;1.3333333333333333;2.0;1
83075;2014-11-09;0;32.8;17.9;8.2;2014;11;9;-23.43;-46.46;735;49.0;49.0;27.0;933.2;935.7;933.3;8;8;5;0.0;0.0;3.0;0.0;0.0;10.0;41.666666666666664;934.0666666666666;3.3333333333333335;1.0;5
83075;2014-11-10;0;34.4;19.9;10.1;2014;11;10;-23.43;-46.46;735;44.0;44.0;23.0;933.7;935.6;933.0;8;8;5;0.0;0.0;3.0;10.0;0.0;10.0;37.0;934.1;6.666666666666667;1.0;5
83075;2014-11-11;0;28.5;14.9;9.7;2014;11;11;-23.43;-46.46;735;73.0;62.0;52.0;932.3;932.0;929.1;3;5;5;1.0;1.0;1.0;6.0;1.0;10.0;62.333333333333336;931.1333333333333;5.666666666666667;1.0;3
83075;2014-11-13;0;30.8;19.1;7;2014;11;13;-23.43;-46.46;735;79.0;67.0;81.0;926.9;927.7;927.2;8;7;4;0.0;1.0;6.0;8.0;10.0;10.0;75.66666666666667;927.2666666666668;9.333333333333334;2.3333333333333335;7
83075;2014-11-14;2.7;20.6;14.9;0;2014;11;14;-23.43;-46.46;735;87.0;76.0;80.0;929.3;931.4;931.0;5;4;3;3.0;3.0;5.0;10.0;10.0;10.0;81.0;930.5666666666666;10.0;3.6666666666666665;5
83075;2014-11-15;0.7;23.3;14.4;6.7;2014;11;15;-23.43;-46.46;735;95.0;68.0;64.0;933.2;934.2;933.6;3;4;5;1.0;2.0;6.0;10.0;5.0;8.0;75.66666666666667;933.6666666666666;7.666666666666667;3.0;3
83075;2014-11-16;0;25.4;15.8;8.3;2014;11;16;-23.43;-46.46;735;78.0;62.0;52.0;935.1;935.4;934.3;4;3;5;2.0;1.0;4.0;10.0;5.0;4.0;64.0;934.9333333333334;6.333333333333333;2.3333333333333335;4
83075;2014-11-17;0;24.4;13.3;9.2;2014;11;17;-23.43;-46.46;735;71.0;70.0;51.0;935.5;935.8;934.3;5;5;4;3.0;1.0;5.0;1.0;10.0;10.0;64.0;935.1999999999999;7.0;3.0;5
83075;2014-11-18;0;28.6;14;9.3;2014;11;18;-23.43;-46.46;735;74.0;62.0;43.0;934.6;934.8;931.8;5;1;4;2.0;1.0;3.0;1.0;0.0;4.0;59.666666666666664;933.7333333333332;1.6666666666666667;2.0;5
83075;2014-11-19;0;31.3;14.7;9.9;2014;11;19;-23.43;-46.46;735;80.0;62.0;36.0;933.2;934.2;931.4;4;4;8;1.0;2.0;0.0;10.0;0.0;5.0;59.333333333333336;932.9333333333334;5.0;1.0;4
83075;2014-11-20;0;28.5;18.2;1;2014;11;20;-23.43;-46.46;735;62.0;67.0;58.0;931.9;933.4;932.5;8;8;5;0.0;0.0;3.0;10.0;10.0;10.0;62.333333333333336;932.6;10.0;1.0;5
83075;2014-11-21;0;32.5;18.7;5.2;2014;11;21;-23.43;-46.46;735;78.0;57.0;67.0;933.3;933.6;931.3;8;8;4;0.0;0.0;1.0;10.0;10.0;10.0;67.33333333333333;932.7333333333332;10.0;0.3333333333333333;4
83075;2014-11-22;3.1;28.5;21.5;0;2014;11;22;-23.43;-46.46;735;72.0;71.0;61.0;931.7;931.7;931.0;5;1;5;1.0;1.0;1.0;10.0;10.0;10.0;68.0;931.4666666666667;10.0;1.0;5
83075;2014-11-23;0;26.8;20.2;0.2;2014;11;23;-23.43;-46.46;735;75.0;72.0;69.0;931.5;932.5;931.6;8;8;4;0.0;0.0;3.0;10.0;10.0;10.0;72.0;931.8666666666667;10.0;1.0;4
83075;2014-11-24;0.7;29.2;18.7;1.9;2014;11;24;-23.43;-46.46;735;87.0;74.0;72.0;933.3;934.3;931.8;5;4;5;1.0;1.0;3.0;10.0;10.0;10.0;77.66666666666667;933.1333333333332;10.0;1.6666666666666667;5
83075;2014-11-25;0;31.6;20.3;5.8;2014;11;25;-23.43;-46.46;735;84.0;74.0;50.0;932.7;931.7;927.1;5;8;7;1.0;0.0;3.0;10.0;10.0;6.0;69.33333333333333;930.5;8.666666666666666;1.3333333333333333;5
83075;2014-11-26;22;28.2;20.1;1.7;2014;11;26;-23.43;-46.46;735;89.0;80.0;76.0;929.1;928.4;927.1;8;7;1;0.0;1.0;1.0;10.0;10.0;9.0;81.66666666666667;928.1999999999999;9.666666666666666;0.6666666666666666;7
83075;2014-11-27;9.5;25.3;19.5;2.1;2014;11;27;-23.43;-46.46;735;93.0;75.0;71.0;928.8;931.8;930.5;5;5;4;1.0;2.0;5.0;10.0;10.0;10.0;79.66666666666667;930.3666666666667;10.0;2.6666666666666665;5
83075;2014-11-28;0;26.9;18;5.5;2014;11;28;-23.43;-46.46;735;85.0;63.0;55.0;932.2;933.6;933.3;5;5;4;3.0;4.0;5.0;10.0;8.0;10.0;67.66666666666667;933.0333333333334;9.333333333333334;4.0;5
83075;2014-11-29;0;25.6;17.7;1.7;2014;11;29;-23.43;-46.46;735;76.0;72.0;64.0;934.6;935.8;934.4;5;5;8;1.0;1.0;0.0;10.0;10.0;10.0;70.66666666666667;934.9333333333334;10.0;0.6666666666666666;5
83075;2014-11-30;0;27.1;17.4;3.1;2014;11;30;-23.43;-46.46;735;82.0;77.0;62.0;934.9;934.7;933.3;5;3;8;1.0;1.0;0.0;8.0;10.0;10.0;73.66666666666667;934.2999999999998;9.333333333333334;0.6666666666666666;5
83075;2014-12-01;0;31.5;19.3;4.6;2014;12;1;-23.43;-46.46;735;74.0;78.0;50.0;933.7;935.1;934.4;8;8;5;0.0;0.0;1.0;10.0;10.0;4.0;67.33333333333333;934.4000000000001;8.0;0.3333333333333333;5
83075;2014-12-02;2.5;34.2;21.8;7.8;2014;12;2;-23.43;-46.46;735;75.0;50.0;36.0;932.0;932.8;930.4;8;8;7;0.0;0.0;1.0;1.0;10.0;8.0;53.666666666666664;931.7333333333332;6.333333333333333;0.3333333333333333;7
83075;2014-12-03;32.8;28.4;20.2;0.6;2014;12;3;-23.43;-46.46;735;88.0;81.0;77.0;933.7;935.4;934.6;8;5;5;0.0;1.0;2.0;10.0;10.0;10.0;82.0;934.5666666666666;10.0;1.0;5
83075;2014-12-04;1;31;20;7.6;2014;12;4;-23.43;-46.46;735;87.0;73.0;53.0;932.9;933.0;932.1;8;8;7;0.0;0.0;1.0;10.0;10.0;6.0;71.0;932.6666666666666;8.666666666666666;0.3333333333333333;7
83075;2014-12-05;0;23.7;12.4;8.8;2014;12;5;-23.43;-46.46;735;82.0;76.0;53.0;938.9;938.7;935.8;4;3;7;2.0;4.0;2.0;10.0;1.0;6.0;70.33333333333333;937.7999999999998;5.666666666666667;2.6666666666666665;4
83075;2014-12-06;0;24.9;15.3;7.3;2014;12;6;-23.43;-46.46;735;87.0;83.0;56.0;939.3;939.9;938.7;3;3;8;1.0;1.0;0.0;10.0;10.0;1.0;75.33333333333333;939.2999999999998;7.0;0.6666666666666666;3
83075;2014-12-07;0;20;13.5;2.5;2014;12;7;-23.43;-46.46;735;86.0;85.0;65.0;939.5;941.2;940.4;5;3;4;2.0;1.0;1.0;10.0;10.0;6.0;78.66666666666667;940.3666666666667;8.666666666666666;1.3333333333333333;5
83075;2014-12-09;0;29.8;16.5;9;2014;12;9;-23.43;-46.46;735;80.0;74.0;55.0;935.3;936.9;934.9;4;5;4;3.0;1.0;7.0;10.0;10.0;4.0;69.66666666666667;935.6999999999999;8.0;3.6666666666666665;4
83075;2014-12-10;0;35.7;18.3;10;2014;12;10;-23.43;-46.46;735;78.0;48.0;22.0;935.8;936.1;932.1;5;7;5;3.0;1.0;1.0;10.0;1.0;10.0;49.333333333333336;934.6666666666666;7.0;1.6666666666666667;5
83075;2014-12-11;0;26.8;16.6;0.3;2014;12;11;-23.43;-46.46;735;79.0;76.0;64.0;929.9;929.3;926.6;5;3;8;1.0;1.0;0.0;4.0;10.0;10.0;73.0;928.5999999999999;8.0;0.6666666666666666;5
